Temperature,Humidity,Rainfall,Wind_Speed,Armyworms,Stalk_Borers,Aphids
22.49080237694725,60.550245015668416,36.49991554949852,12.762891367443478,0,0,1
34.01428612819832,58.31016529272718,9.225599779935578,9.185849070683862,0,0,0
29.6398788362281,49.6884651876573,17.331984718494308,19.289970497278816,0,0,0
26.973169683940732,73.39966685558184,33.164031842890914,4.379569019684764,0,0,1
18.12037280884873,66.21432882797458,24.104467226223996,11.757128319978813,0,0,0
18.119890406724053,87.6135545778202,36.92855193174469,14.004200299804452,0,0,0
16.161672243363988,41.766026926513206,48.060395061142984,16.511289786907632,0,0,0
32.3235229154987,75.41273601553195,5.827334385759874,8.139420608560142,0,0,0
27.022300234864176,81.96218831813586,35.478385819903046,13.73843815314963,0,0,1
29.16145155592091,81.77176130535689,11.517207781605727,6.0640294276856554,1,0,1
15.411689885916049,88.73406819025388,20.72383637037846,8.709521847236406,0,0,0
34.39819704323989,80.09685585562218,1.6431362897569912,17.912542624067985,0,0,0
31.648852816008436,91.0295533906233,6.795369114634947,18.998152186619087,0,0,0
19.246782213565524,58.29611299014903,15.988864452444984,14.376346938545295,0,0,0
18.636499344142013,67.67651792133486,17.099290264399247,7.487037815523701,0,0,0
18.668090197068675,40.774381480558986,44.97926082310479,16.40115579949328,0,0,0
21.084844859190753,40.38266730168102,37.09064546332576,0.5173416345084036,0,0,0
25.495128632644757,53.20696412483359,48.60914840935205,2.054918210788421,0,0,0
23.638900372842315,45.54439584264969,29.953575516762026,13.227474727507222,0,0,0
20.824582803960837,54.31162523646645,12.085686604565899,5.824971505401148,0,0,0
27.237057894447588,49.73738119906186,16.382751496082143,19.027724368009554,0,0,0
17.789877213040835,41.568601366125655,15.991796164598354,8.721212241846095,0,0,0
20.842892970704362,90.01172805233271,16.32471638316258,8.58729640778354,0,0,1
22.327236865873836,40.452272226389034,33.648208655590786,13.561590203818625,0,0,0
24.12139968434072,80.4845179385397,26.54039640452081,15.351371246123794,0,0,1
30.703519227860273,48.36813378057341,19.271208904332216,9.51117476250273,0,0,0
18.993475643167194,90.172629209978,7.45448843643583,4.280018034234483,0,0,0
25.284688768272233,89.10377667744372,1.1069581471072953,15.466172854512433,0,0,0
26.848291377240848,75.96456305030915,10.94173387938463,6.407025497472551,1,0,1
15.929008254399955,76.97287823903329,5.373570198434063,3.502215385877152,0,0,0
27.150897038028766,40.29365280833287,39.27225154261197,12.632803798500266,0,0,0
18.41048247374583,94.16793613624812,5.624897890694269,1.809073339807008,0,0,0
16.30103185970559,88.28079319666979,36.21141186534181,19.427053501721097,0,0,0
33.977710745066666,89.23084241515505,19.28293448880413,12.647945288242738,1,0,0
34.31264066149119,76.25844953779796,3.6689194871887985,19.717910418435117,0,0,0
31.16794696232922,58.963281075999504,40.63650247157929,6.777868469572721,0,0,0
21.092275383467413,89.15067569997645,28.981528511830668,19.424103223807958,0,0,1
16.95344228012768,56.03343104831558,11.788075643178653,2.9112449545724717,0,0,0
28.684660530243136,70.94913488382116,44.7340587166334,0.813895446940569,0,0,1
23.803049874792027,45.48520347891353,2.2629156935275727,0.6596812090920512,0,0,0
17.440764696895577,90.70755965730126,10.090980409888145,9.297407411984542,0,0,0
24.903538202225405,47.74237517741673,37.60234639029305,1.6600839495718955,0,0,0
15.687770422304368,52.3693243151724,35.46889651549446,10.243357683352034,0,0,0
33.186408041575646,70.69737869705182,14.463584686223902,6.5500100701780095,1,0,0
20.17559963200034,82.02511501171398,3.101243767639156,6.712579849482312,0,0,0
28.25044568707964,74.06432182649644,42.90390361124719,12.712179930903396,0,0,1
21.23422152178822,52.76736520400859,15.684881903495128,3.2619601230324036,0,0,0
25.401360423556216,40.05186733901197,9.785670746413262,15.33106740679462,0,0,0
25.934205586865595,81.64328191690916,25.803091118048854,11.640618395572695,1,0,1
18.69708911051054,94.18640292511014,45.51135996412236,18.29889257695022,0,0,0
34.39169255529117,84.54522161683497,2.1773288921687675,7.296813075350467,0,0,0
30.50265646722229,65.31136399861384,38.290204401544386,19.65429984134251,0,0,0
33.78997883128378,89.70719937695085,28.623661396935447,11.516552934280464,1,0,0
32.89654700855297,62.541622021509255,21.272455827590846,19.468039123750675,0,0,0
26.957999576221702,68.87137463339072,37.204022205253004,0.5412130809423066,0,0,1
33.437484700462335,66.24213720676258,48.29122122208162,14.559526448247759,0,0,0
16.76985004103839,64.61931299660387,11.460310558134552,16.332430485854726,0,0,0
18.919657248382904,82.63549231116482,7.182368253605981,1.0634657335297515,0,0,0
15.90454577821076,68.97228989982206,45.64408726113485,11.579393280324915,0,0,0
21.506606615265287,57.41944171138688,33.44765387286518,16.03884587178897,0,0,0
22.77354579378964,54.19869922121631,21.899301078098297,11.220774504461454,0,0,0
20.426980635477918,42.07610243320884,28.662978513214156,1.2762718081093327,0,0,0
31.57475018303859,72.07573390356754,37.2806952588122,13.868944817966229,0,0,0
22.135066533871786,52.64787784705688,38.65159493528586,1.2119382934661727,0,0,0
20.618690193747614,48.14736571090107,45.99470904094823,16.34937790032877,0,0,0
25.853921663164968,75.96064801052228,21.342139444781132,0.8606836661338879,1,0,1
17.818484499495252,77.46650918018518,14.67054550096975,2.747947620207416,0,0,0
31.043939615080795,81.36851907417163,31.983213339492096,5.50215181046537,0,0,0
16.491012873595416,67.69672929862253,20.78639496397652,12.667295845216,0,0,0
34.73773873201034,89.17300328621377,29.729922697448895,19.52718199262612,1,0,0
30.444895385933147,91.49885143690253,20.99928992279751,2.3564570523986883,1,0,0
18.974313630683447,84.40540168858692,7.649789333908724,2.8541533842783684,0,0,0
15.110442342472048,74.95764151045029,23.47133758294792,7.377407934019606,0,0,0
31.309228569096682,56.70465244751537,34.54589109705164,16.724382755106404,0,0,0
29.137146876952343,94.06197068911217,39.964190383382494,9.344619055016283,0,0,1
29.580143360819747,55.07748919555661,24.666313839827342,6.432212005116433,0,0,0
30.425406933718914,51.14613070947371,8.261894510520046,11.224076644177226,0,0,0
16.480893034681806,64.31847625826205,20.73438548247158,5.210463948915001,0,0,0
22.169314570885454,43.12623138918136,39.31469644208491,8.023198144950419,0,0,0
17.317381190502594,93.81719555694849,20.642963530853642,6.6521029846408375,0,0,0
32.26206851751187,72.36384560290337,34.82653968021111,16.082820448292917,0,0,0
27.46596253655116,70.63236504152964,25.360684083904488,18.485114528760015,1,0,1
21.617960497052984,76.0687953944846,12.061156255469834,15.191443843138238,0,0,1
16.27116700572047,67.33630062774637,39.80752540115372,8.78167152059967,0,0,0
21.219646434313244,41.76349344019979,4.210672703534351,10.086699549933275,0,0,0
21.503666440534943,73.67712088622181,26.24451413775753,2.5014738785887136,0,0,1
29.59212356676128,79.38956323260368,10.444551712170247,14.937294222690756,1,0,1
27.751149427104263,62.92119833432292,3.353281427068783,11.929513587900882,0,0,0
32.744254851526534,81.65125646391562,25.146696854162442,18.048799922748728,1,0,0
24.444298503238986,52.48507146361313,24.97810779674618,4.012222871503064,0,0,0
17.391884918766035,52.17021250864012,35.34504508378604,15.194522438652243,0,0,0
29.2648957444599,48.87793432281657,37.237534652595244,13.693433234383793,0,0,0
30.21570097233795,60.4597117884039,36.38957443464484,5.316910676195043,0,0,0
26.225543951389923,86.5856619463996,20.47793664583775,13.347572790816502,1,0,1
30.41934359909122,85.53516341819854,31.584489361328128,18.487467611532992,0,0,0
24.875911927287817,61.055331437992706,28.847262132198015,18.368719753342376,0,0,1
25.45465658763988,72.401530478913,21.07808780584598,14.392531490322826,1,0,1
23.550820367170992,79.64489740612035,29.86063470929966,0.9614622506812021,0,0,1
15.508382534881903,53.26637260454126,47.36239383531313,17.44528674640323,0,0,0
17.157828539866088,49.24775972421109,9.644687184068868,13.155572140090799,0,0,0
15.628583713734685,93.4652796266771,45.28860478927631,6.208685063654689,0,0,0
27.72820822527561,73.96565222652902,2.672775699159918,3.745007234113986,0,0,0
21.287119621526536,93.97786470085151,15.419460645083033,2.324077259946342,0,0,1
25.171413823294056,58.5765792922726,14.407262430576411,1.0047379851552196,0,0,0
33.15132947852186,78.66674349857723,31.318255394045284,15.08206495901513,0,0,0
19.9858445829775,52.243200009768074,6.561247588864516,4.716859978865506,0,0,0
23.207658460712594,54.36600942006521,44.11738059198769,0.4850587208651014,0,0,0
30.111022770860973,68.15461666982932,41.427570423252064,7.945413036839786,0,0,0
19.57596330983245,57.57899690294391,32.603290984263886,9.652141611846778,0,0,0
16.53959819657586,49.219186011232146,22.920691589609888,3.384604618002538,0,0,0
20.79502905827536,54.45843860941293,46.64780210710392,0.8809667232509955,0,0,0
18.22442574508009,41.96616169562255,41.5373277360278,3.7825096619613774,0,0,0
33.59395304685146,78.74329918126176,24.965757404062245,13.582055236731488,1,0,0
31.16240759128834,67.06641613972239,35.09366772271556,1.644873545024128,0,0,0
27.66807513020847,45.18336865224891,28.34649760898423,11.100740611139877,0,0,0
32.429211803754356,49.44316962206702,29.397111919413227,2.9282397581633335,0,0,0
31.07344153798229,45.63939959619542,16.548803471873562,3.9137834716083875,0,0,0
18.731401177720716,73.69260445517321,23.104230231244838,7.861557665333974,0,0,0
32.85117996979956,45.18156999868716,3.9060715394872103,2.016506721074627,0,1,0
25.786844838313016,81.4855283169369,17.867434583229624,3.464070055644257,1,0,1
31.14880310328125,41.12810056262151,34.7914257681076,6.979048229027082,0,0,0
32.92182599846986,53.71566833977407,47.66080152530932,6.593380109967337,0,0,0
21.360069499437277,88.9866671740549,48.153205638151015,14.985429713514637,0,0,1
17.201038490553536,79.51922249672353,27.786143456244584,1.4956461025284873,0,0,0
19.558703250838832,44.013258310912825,30.331112590479105,17.20901471332687,0,0,0
23.542155772525128,85.16193574668489,9.286059275048375,16.324643414789097,0,0,1
31.36029531844986,67.11693168471126,34.765405404676535,15.319832793838767,0,0,0
32.21461166512687,86.57306649428561,3.532939633719312,6.18744724926265,0,0,0
15.139042610623815,73.04068759477164,14.234284289972226,16.45763571081575,0,0,0
25.214946051551316,77.50081676180723,33.41816736427211,3.656041605785616,0,0,1
23.348220062975578,94.64258582176394,15.515506577174465,2.4881841171005648,0,0,1
19.442156209414605,52.778455025821,2.492343705722716,0.8991266697897471,0,0,0
17.397307346673657,74.31700661187637,41.59352046754819,18.786207260111517,0,0,0
21.75230342807256,65.3176764531569,15.516500356728152,6.160217954105473,0,0,1
33.858194078250385,42.16985741074803,3.1552612429339213,18.35235760355812,0,1,0
21.464058640415104,40.79588528265758,3.739408225143259,5.452271230386594,0,0,0
25.37581243486732,46.557571779982226,12.587939939437682,18.15131918672699,0,0,0
29.060379177903556,75.70004572962014,8.900797361076313,18.078581056921767,0,0,1
22.27259204758588,71.19396983523657,38.71500588900754,18.473520900214258,0,0,1
34.435641654419214,70.438625864005,16.084202333351723,9.923068785683874,1,0,0
34.24894589884222,41.752121939054305,40.23478925199163,17.31892573597784,0,0,0
20.035645916507285,65.81166479980038,8.69229989115764,19.015317923346405,0,0,1
24.94497011784771,90.85425498133907,24.64395897720419,6.49233883794359,0,0,1
21.017566196335395,61.86755281208556,34.40185667765644,8.3774881136511,0,0,1
20.696809887549353,74.3707358383651,32.59954269329274,14.38480374671488,0,0,1
15.737738947090655,82.8900271592729,30.056470496513437,6.007196434466017,0,0,0
27.191286679597937,83.11589035280382,46.24108009655849,15.07618617825318,0,0,1
25.05358046457723,68.56040453173992,11.426257385337218,1.4778429042706787,0,0,1
16.029575024999787,87.18735699712849,24.68596022310527,10.469967685770845,0,0,0
20.57292928473223,61.52579513500608,44.199627503620434,2.446269681674904,0,0,1
33.165317719333075,88.8781268131639,3.894688279757852,5.8664695287335284,0,0,0
19.79123781333945,53.212494151754996,2.7944134126537623,5.17250784972944,0,0,0
17.897897441824462,55.41190238448141,11.66511437791457,16.778641471253323,0,0,0
24.78905520555126,42.92163433094506,31.651060976900926,3.8703451081239493,0,0,0
34.71300908221201,83.75700100982556,12.993981322490345,16.16895840318238,1,0,0
19.84110543023001,62.93803799279881,9.511994190439948,15.87920691815844,0,0,0
28.442710948117572,52.60141376512695,22.940115767914605,9.977661111144599,0,0,0
30.23239230657435,52.748465268911886,30.679903438470575,4.676865111922592,0,0,0
19.752750879847994,89.57699676760782,12.42788535083702,4.537926799124454,0,0,0
29.56432697223719,85.86541302535703,15.034559336187103,9.298492942316956,1,0,1
22.355662654385064,70.44419869464508,30.677965240575695,0.1761801478703262,0,0,1
27.64611661187159,73.88609402286465,47.286921099472636,10.627015092227323,0,0,1
27.670594215217896,66.087906380266,33.73708637190441,19.05559051534111,0,0,1
25.71549368149517,61.541659858334484,39.145207179227995,3.0941376372519303,0,0,1
16.805795401088165,90.35122846700824,18.34050473777344,11.466912429512067,0,0,0
31.70604991178476,46.908698693616614,13.612717969223304,19.235573772889136,0,0,0
21.415601299434716,63.01457343439254,22.713387160131127,17.210442789832005,0,0,1
18.730370207997083,58.95090493933314,40.35664143558368,17.007602327626806,0,0,0
15.815502831095278,67.39828961381316,22.814982089527792,16.43699860792378,0,0,0
26.817858863764837,65.16975309998463,42.33627043949305,6.180472121123712,0,0,1
28.55128723684565,68.53892424080948,49.43859903475635,17.812336625336243,0,0,1
15.331756578557123,47.69554374748468,3.601333286516817,18.82680702466342,0,0,0
25.24186116598562,68.22278258323024,2.2705078041851845,9.915848465980787,0,0,0
19.529915503958758,53.3330347637966,7.479485145668091,7.091420945189175,0,0,0
27.903455808188998,50.13822419435052,19.21848378671731,8.284580312117122,0,0,0
18.487328580099827,43.56588203324052,6.5521104572716204,6.6841288366253115,0,0,0
28.81875476204932,81.94589073158775,43.5332238809378,4.2483688404908015,0,0,1
22.734706926010748,63.50930564711079,1.15731255135319,12.368969405057788,0,0,0
33.73459977473469,74.46540258214671,15.789635816791126,11.251937724906458,1,0,0
17.750418882919867,80.01763388176089,9.234731474710268,9.251701420785512,0,0,0
21.82132702100517,77.36241659224544,46.57696650787662,1.9169077336966356,0,0,1
17.269470424811782,65.87753954993252,33.4740502445014,15.937859294119995,0,0,0
33.49387236557126,61.334419092345144,45.60151282256872,3.498671255015784,0,0,0
32.54678706761962,60.67779503023651,48.61643551551967,2.291240867920963,0,0,0
20.15883255430311,75.2026838311531,24.85491218386846,12.461427909658948,0,0,1
28.19968092068358,67.21368952180303,11.715955402401313,7.972887224754464,0,0,1
31.344444004024318,86.70227363936809,9.686439309829463,1.1961695070465894,0,0,0
26.10401623198925,88.10860913796917,11.145943084292027,7.111367099221164,1,0,1
25.59301156712013,49.38082079035851,35.42966538110014,15.435607045699255,0,0,0
19.837045818009035,47.49285083501491,2.0222864061500365,12.304984104341951,0,0,0
16.862055356117985,74.67205093197998,2.5680536516357435,7.255720459739936,0,0,0
32.944315159066534,56.56741614342537,30.4071471191575,3.8360958326917616,0,0,0
33.00836114326661,41.021389532080434,32.10285733687033,12.635912416095465,0,0,0
27.66202914546536,88.87534681496254,33.263146216123005,17.751106018927103,0,0,1
21.780595820974014,52.479542198409455,18.594025229429562,12.925454360318277,0,0,0
21.984191492253217,91.1104358427195,40.297244435707654,16.258077093004484,0,0,1
29.519113577404788,79.45889479830396,26.68122938633088,10.43055677108742,1,0,1
32.94220519905154,81.94594194513164,5.273281500470972,14.359422134820576,0,0,0
32.741728485302346,51.08038226862382,39.85496535336726,17.924535475567048,0,0,0
30.597510917152476,52.880693408924714,47.653389313522915,15.463579565173102,0,0,0
27.840632923085757,68.66972646032362,3.001815650117934,18.197079067962914,0,0,0
16.682799299900978,49.46549189574242,19.567566935028996,8.622792042321198,0,0,0
18.232574281892276,56.79874309756677,24.375802241737382,18.084405102541133,0,0,0
32.97108377054158,57.68043628712925,7.323538003915847,12.431344689634152,0,0,0
27.1285811931918,48.779646328902025,43.385447389143856,17.400975321633872,0,0,0
15.183941032332593,51.28505583673384,14.2074822445022,0.787530608756708,0,0,0
17.02943085732064,83.37035131045411,39.150426996908,13.157047638270722,0,0,0
28.270035382161115,49.19577200009976,33.5497241014158,16.959501577557972,0,0,0
15.101231676924375,41.56515655141574,29.902291123351173,3.484040672863995,0,0,0
18.216161028349973,74.61452184459162,9.60714243482772,13.235738669298463,0,0,0
25.974675787331723,93.67907156658475,11.035176027545285,16.499094284332628,1,0,1
28.837903953853864,58.216759804271675,2.367420237328466,5.758987392652742,0,0,0
28.03922519005201,46.52606367579388,12.035621489113318,8.10492655812784,0,0,0
19.485386189211198,71.3713028952142,17.272180473025706,11.390354369984388,0,0,0
29.24358442695072,89.84948161026054,41.65726519312127,10.383353777691243,0,0,1
19.744981749936002,83.12339789056634,18.319633335740264,0.7837878607427129,0,0,0
21.507993963185356,74.23837276269938,37.731089138280325,1.9734419617082688,0,0,1
29.92982810236048,57.328107313417966,21.972114064774377,2.0093315860872263,0,0,0
27.992657980944294,69.8034095301921,39.24341559969442,5.2453581099835,0,0,1
31.98446820988356,45.01846627173404,48.81358002185199,4.917282256048985,0,0,0
28.15225784600687,77.34199833543684,11.992077902879005,14.844447675735992,1,0,1
26.36617206670943,79.8802810393708,43.11708059819381,11.45488772032289,0,0,1
16.87349535656185,93.07673926004554,31.091204315288735,15.279521692904822,0,0,0
22.35431606118867,54.32185473097894,40.86471307943274,1.3979211482174025,0,0,0
20.30404735363451,41.015103047366246,32.57929511339026,9.704284749432013,0,0,0
19.87979286758167,70.00846554349329,21.197475363707508,6.475511585305389,0,0,0
34.46021109504891,78.87347774182479,11.403746972089518,16.998786215114926,1,0,0
22.861954493335208,83.47241117356434,3.501761266558251,14.155783138198066,0,0,0
32.84093110354227,50.65564131636458,26.77591822303585,17.385169416535927,0,0,0
27.622772519945258,54.396407797036304,49.51630472634328,0.9285424481212012,0,0,0
30.896226070832967,68.1925008897013,36.90209025071031,14.416469791332009,0,0,0
25.052741862103844,58.1830445483501,16.36727706995083,10.80016704319156,0,0,0
26.53807769252718,87.32813176230948,41.36024000433676,16.500000580311315,0,0,1
24.850353876377277,66.05680845562961,38.44920000882033,10.14321181851642,0,0,1
18.90485975596089,83.97682542561017,14.08178966767284,10.804181558038179,0,0,0
29.44904230523011,71.93408682652945,0.7153744897117342,1.0353476188413024,0,0,0
20.615447248817116,82.51995778894116,5.90813192669748,13.370457300719334,0,0,1
15.486319328629076,58.29701425916781,43.86530951560288,5.462797512101001,0,0,0
27.909445918143355,85.72791420616711,41.82815176524359,0.3938784435764098,0,0,1
18.542213588140978,55.10147735530619,14.760450043918121,1.328743250120601,0,0,0
33.80917168705828,70.03543444018099,14.25977131422102,19.145712179320512,1,0,0
34.07857154005175,51.770391224563085,39.64324935512356,6.921545791596939,0,0,0
33.29728780440897,66.15395868944063,46.8868734947711,17.36151257242318,0,0,0
22.403174005108887,57.499636522978676,38.956862839879996,19.193544681385116,0,0,0
15.309132330577349,54.66868868504678,30.278933851538074,18.865343776746457,0,0,0
33.566371251754504,93.18417599154206,12.133567516590226,17.634504813988404,1,0,0
23.563682966346285,48.80407580177018,26.287395704763032,17.896878249226017,0,0,0
34.33309638087339,83.30292106015673,11.675592929663232,5.78016088681903,1,0,0
34.272399541785056,94.12907277157683,40.40057100483868,3.0293978052071657,0,0,0
32.060189109347206,41.09458160570428,19.348053975886863,12.785251241758473,0,0,0
20.888977841391714,78.44650777231521,41.68486084970131,9.762111837376477,0,0,1
22.701954572038506,53.910149305595795,19.080460899136263,1.9749343739034209,0,0,0
32.02273343033714,42.22683033805674,41.207470259994565,13.550826320448216,0,0,0
21.338440103125553,62.15892684261469,16.665890758262098,11.257200149695468,0,0,1
18.38985493372185,91.43697955939813,22.006635230883493,17.261348016208782,0,0,0
26.136025249167005,40.64708019018487,30.774420967132876,12.183675913767972,0,0,0
33.723095483215616,72.333713056138,3.514380701495934,11.478923594435074,0,0,0
28.92059593349946,67.57680632274284,47.41035309077322,8.815034466652559,0,0,1
26.4012234017873,88.03612904040762,28.68028930619016,9.255741397777406,1,0,1
16.943529875415372,44.62009429863441,25.391000734540114,19.087624539582322,0,0,0
27.300144533983396,77.48393164376577,41.969698555995606,2.7689201880047865,0,0,1
34.801077002085265,77.40603341383024,43.28813649484138,8.924376371643742,0,0,0
17.801680304730482,76.79940092742558,26.1130202264508,13.116544678536856,0,0,0
25.366593047274733,91.82839722142702,46.36311628968187,8.660212911807992,0,0,1
32.54746143855911,85.26981409537842,3.2368883038240313,5.664312540815155,0,0,0
29.815372355084087,42.30849994339283,5.661289612560877,5.747147415257096,0,1,0
28.94031481990536,65.90955678874822,29.839411500722008,4.673120925154315,0,0,1
29.049681679742186,61.88741809107334,17.703293089679185,6.8780640116617935,0,0,1
22.189823024395103,57.05809715999411,23.211258309459943,17.43349551167134,0,0,0
20.871836885289866,64.82351988347534,16.403960894858326,10.104491006459904,0,0,1
31.187223109570272,61.130680170928756,20.23626557224678,4.804774561556369,0,0,0
31.202267893583617,63.77836449332659,41.132317357314975,7.6905343405306485,0,0,0
32.341446371602075,93.85940260847534,29.673809992715235,2.1166082415713605,1,0,0
33.26481105112943,44.87481361122694,49.86722746417491,18.08071479477476,0,0,0
25.226847977218757,90.72269784113014,39.343959891048144,8.16395664182864,0,0,1
25.030325893743992,66.41301924090646,13.683312705091332,19.607824091861513,0,0,1
30.965903579335503,74.30582350247477,13.217255886334812,6.950775465250385,1,0,0
27.999278615555305,85.66006316397316,16.794913505850356,16.72712094454242,1,0,1
29.03933754515407,59.82546660320905,42.16297403238713,5.1277062658290635,0,0,0
30.91585338872202,63.673204944838176,1.36438253252828,1.5230578675520445,0,0,0
32.800106836351326,62.52351641532927,11.509063943562886,0.634667233476014,0,0,0
21.759903137030715,60.61020623946679,45.24592101721335,12.123368532895672,0,0,1
22.51165905279888,90.90411269057923,31.994821804162598,6.231473433471788,0,0,1
16.87963879681738,85.59114401561567,11.34235477505282,8.870397609516568,0,0,0
26.56560281992348,45.99499944246369,10.957248411629017,16.372940712015907,0,0,0
15.718845475934842,45.94678438624028,43.13090508797153,4.962161713896043,0,0,0
24.311960362649202,63.53282331691452,44.687875413852325,6.173049534698265,0,0,1
25.85289269415153,45.4261557203045,12.806554548105764,16.906723701173345,0,0,0
20.730825042565687,74.05012023991158,21.025517903826614,9.855245466870082,0,0,1
26.816665211380215,47.90303839939536,41.72978693141586,16.55330334104975,0,0,0
15.610004998780989,68.73052951817405,38.55037193049427,7.4895200693263275,0,0,0
15.746963774984287,40.39709708520448,40.695805328304225,7.9673996165421705,0,0,0
31.452011213193167,57.41279916269557,25.91990953939844,3.342767235565125,0,0,0
22.20381282822526,77.24548980199606,45.577452415258655,18.326917071899327,0,0,1
17.541210253037697,66.62214171253166,16.297577197721765,17.93567388025219,0,0,0
25.444865201096086,93.80482172994434,7.833606717375901,19.68434029129547,0,0,1
30.399871061972217,88.0757087836416,35.436616628243236,8.048942543394231,0,0,0
19.316420549936865,59.74889284737331,26.967720800344818,16.372298835172842,0,0,0
27.457809516380003,42.50175978097511,42.72928844047405,8.299074633442372,0,0,0
16.70694929987536,86.50944650632604,4.057962456235748,9.085975778419455,0,0,0
16.033634423372153,90.11788706730692,42.18462017190334,16.59998787189649,0,0,0
25.62709263136296,85.13450663804701,14.66473266044111,3.5473354177279948,1,0,1
25.81270243220213,47.037246750587066,32.74278335840915,4.406218689235047,0,0,0
27.748598029964132,94.88533239267582,2.0064394539127894,6.2945648079163,0,0,0
29.52182667445323,54.22213218540256,30.479064815180035,15.763580650001149,0,0,0
34.517041589250695,79.83127020446035,35.8635844593668,7.453030987361656,0,0,0
25.326006966023904,89.94191819846469,18.437510725281015,7.163364165615231,1,0,1
21.45912945882492,52.96279128818902,10.770535263107012,19.976326905104834,0,0,0
30.90372389537407,89.95422050723863,26.88153383017725,7.676122861989589,1,0,0
20.416645025241486,57.02148685571768,41.65954022178233,4.95541072631174,0,0,0
23.779428414112722,93.70272723112308,16.17736791483254,12.464273564018866,0,0,1
16.56912762684532,55.469301120926104,12.623464876063977,16.037599039100016,0,0,0
15.50701486830915,92.43897036168093,13.946765431884383,1.3921566744631853,0,0,0
34.2529682935585,42.94495579909712,47.45660764583322,12.377844622769501,0,0,0
31.719602410244118,79.00996064183971,17.963845788227985,0.7147091176044951,1,0,0
28.91948412187396,69.2661123610352,0.18021199441435876,10.526647019590358,0,0,0
23.179058888285397,66.28323924175018,39.084060397980984,5.139831275156183,0,0,1
18.465886401416917,52.2921872840712,34.96373976676951,6.132833953463715,0,0,0
18.12874085342172,78.80776843770705,6.428413230148444,9.341919279647652,0,0,0
20.004857963291904,50.49452202954689,49.24521245674563,18.542149214911742,0,0,0
25.984533294122407,70.40629877916226,30.40311426525556,14.213346131757529,0,0,1
29.291918454001248,53.928494967213794,25.038974547030072,18.736911925689927,0,0,0
28.203947534354626,92.55917588797459,19.11096338114455,13.199420091173552,1,0,1
20.598677938918858,41.574715660960905,44.9336377781819,0.14215494175719323,0,0,0
34.097305613263885,50.98505540611801,12.198174070928165,5.311703946953552,0,0,0
29.75793833391537,53.327083351309625,14.288445010995094,18.11545155440748,0,0,0
26.087081050228015,62.7737304172299,6.120540334328345,12.868910419354895,0,0,1
27.234414924687044,52.800163302852944,37.955954779213,19.632944731405498,0,0,0
23.3920012485558,67.0241999647832,29.777464020292665,3.1192803843659123,0,0,1
19.95461979002315,87.98560377921964,30.453308462724916,5.934956662130388,0,0,0
22.119453573025233,79.16348817750439,10.923521550973181,7.247353190340727,0,0,1
30.15692220928738,71.89790892943111,32.558419456354194,6.531156363346211,0,0,0
15.287869772595117,44.89517478904738,38.272922362343195,5.039830602997613,0,0,0
17.321452810138325,78.16956596141016,17.894426536284463,8.869314315135558,0,0,0
15.920052840435055,49.152785637101694,40.06735719808561,12.845962467387423,0,0,0
15.814576046379402,83.25020622789339,17.439529426601048,6.225138457733921,0,0,0
32.10921168022014,53.75312171805842,37.906923075464384,1.5939984662851137,0,0,0
29.073157187600472,62.937680057649544,1.6865053728859491,14.170650537863267,0,0,0
24.483476581746505,59.27586112748604,27.558230073682633,9.180331115625373,0,0,0
16.95668321302003,87.23476530711713,48.47632803199433,11.129646121801265,0,0,0
24.832317502336647,46.95994522923745,49.06223003411954,9.108013143278303,0,0,0
24.469435415611315,71.11046853116338,14.08762891708703,17.807150069098206,0,0,1
18.464037398200304,47.813388519368424,22.069954554017773,11.1748999433276,0,0,0
23.67703298475946,78.76377098727026,3.1488953993316526,18.465536797034993,0,0,0
22.97009468794747,89.77929702869646,43.667065380229985,10.211506831120005,0,0,1
27.31700196104433,63.90342096269894,28.42860765701071,5.851763244805637,0,0,1
27.701873017352874,66.84507431457368,19.25503394702585,7.108851743523932,0,0,1
15.90608019544089,91.00825600655193,5.638527924457653,10.44258587169571,0,0,0
22.492252292529425,68.65452637571464,47.33836427484446,10.599788756100173,0,0,1
27.517198314284727,66.81791409272586,26.510952391049685,13.746754030978977,0,0,1
25.062725171601755,71.80810064873673,14.146396454145194,4.489897443732616,1,0,1
32.12979682376644,77.90763549996235,17.510756506575476,13.176857999310034,1,0,0
28.173872632378902,45.87858562978673,13.534859046107384,15.571760167615045,0,0,0
18.258688541628594,85.16107902578338,30.09049044284903,13.531839789339802,0,0,0
16.411374948008596,63.95277650992926,46.498178789025495,9.636562196351816,0,0,0
27.84838556412631,43.97916804436171,42.83469016632822,19.83361302233668,0,0,0
15.530226210832437,83.24004680590173,23.019043771298875,8.096263182584325,0,0,0
26.715511625469265,60.73224844274496,41.32496811505039,2.1318122915965843,0,0,1
33.80460482849915,45.52021223022797,21.155274063816492,16.43008430814686,0,0,0
26.50948355751758,74.85784717487877,12.6153570379319,4.244024377608364,1,0,1
22.763398524130437,88.40722443885029,49.170755763321395,14.265711458048841,0,0,1
27.865764368847064,88.82644301776925,15.194378398541092,3.579525654302518,1,0,1
24.165057809830333,92.67149111449353,16.18621154934542,0.33754781715878757,0,0,1
25.9123357863187,87.72380028716785,49.48464338932611,3.1959720757805132,0,0,1
33.8292961755305,40.117750564001135,6.696374658282744,7.539773931516438,0,1,0
22.722052756015486,60.91326415273646,38.02669940048475,2.1323649425959657,0,0,1
34.22381127647829,85.01984189480267,46.79063792413633,3.9535816847136407,0,0,0
33.107012839121275,60.143915329916084,25.58974971377093,15.29252555368786,0,0,0
18.915822695785927,73.08516785088383,0.12608808514100178,15.397672159542616,0,0,0
16.38722601750331,73.34743210559927,18.752947205655314,16.349764543819532,0,0,0
17.01556002754853,60.07639172213527,5.578449619241354,16.82310473095185,0,0,0
15.364436513030995,89.74606600047082,20.809383046684786,8.408717892275108,0,0,0
16.88885921511857,67.67755899623647,39.50133808211424,17.35099321387057,0,0,0
28.660135468327137,65.56313132656254,21.935577444190024,10.518737500280862,0,0,1
16.42377296920458,94.86325601140427,21.596256067296128,9.411942338720163,0,0,0
21.379512605875227,67.14252002399391,27.83947384594233,14.370726579915516,0,0,1
31.89750621938909,49.81190385607196,29.08452923738401,4.2763682271981445,0,0,0
15.465438714716518,68.21881825748909,42.81481543994857,15.789947536549441,0,0,0
31.289369651778717,84.77092045359615,15.417771961447574,8.589316531324066,1,0,0
20.637095495468,82.72731797940548,41.0835632184008,2.5459082800752086,0,0,1
17.363296552433127,83.37199708096591,28.29668743460236,2.3862382703393514,0,0,0
28.934743307283014,78.94130811988515,15.026477485857349,3.2981348769340024,1,0,1
27.578856935597678,53.98198059866785,14.756302200303855,17.81145468487565,0,0,0
32.549440270541055,87.41462472121273,18.056875855286226,19.81875644518095,1,0,0
29.701420876077716,89.13939059569458,31.134662130998773,7.139475984025669,0,0,1
31.06961860769697,50.6783983140202,11.540586567997458,5.842877044105952,0,0,0
20.64069145142613,47.17506001032667,46.01667808361337,4.375419451886746,0,0,0
18.548790875594456,93.65827327240116,28.745629208895018,16.47632954334491,0,0,0
30.012295032817168,87.75781800077024,46.00078884980034,4.184149648377522,0,0,0
31.13669478534528,89.12798809654707,2.320217928957735,18.481802598605395,0,0,0
34.81010284001347,88.75070115434173,17.13056852307367,13.347007579425654,1,0,0
23.25235353822853,69.79277532185506,1.1403830343811538,17.942555833383892,0,0,0
22.440361715855666,75.55209551661898,13.612590754898491,11.080197087882926,0,0,1
30.528259214839935,69.9949568673503,43.10032361342941,13.813597243649935,0,0,0
21.816070805060356,42.8163492054681,1.8304857921100426,12.389162013154154,0,0,0
33.61514651207129,81.0026696944025,21.807354995787243,16.623909126475937,1,0,0
32.16825503686024,67.79326183347342,5.8783535236613895,16.71721622371762,0,0,0
23.579880547500366,75.62399911346265,20.842032963018386,11.795859996902502,0,0,1
30.017421355829946,67.64518927365444,41.94257921321886,12.650152986595447,0,0,0
30.090857481693646,67.04962272773508,31.153551670125957,18.4375184099566,0,0,0
17.062477376718654,49.44840102127718,36.83781726657116,18.59732967929939,0,0,0
33.05105813359133,55.32925433276319,17.455205772479047,13.284995677903632,0,0,0
25.105047448957144,48.73689805691757,47.21988475050708,0.15508556346327085,0,0,0
31.529149322154833,50.761646259393835,35.46310468897501,2.08822429507882,0,0,0
21.400992020612236,93.51375592311678,21.089940964226546,17.158850635488324,0,0,1
32.91046456992401,48.421239517470916,21.323240011352745,1.6942823274160301,0,0,0
22.784033574683264,54.809873336786424,45.93420889716488,4.270383617101327,0,0,0
15.216753029605968,72.48243117562217,28.82023467176959,4.610933604433036,0,0,0
33.10763952838528,73.5598216930153,35.31896049515208,12.004695395598098,0,0,0
16.82573353572267,48.4685771359106,20.85176122565854,11.532655957675285,0,0,0
21.3862727518083,83.65445841818668,11.184638238235706,5.788350468408005,0,0,1
34.0012393410161,83.18615773520537,36.17796459972093,4.152227311368857,0,0,0
34.012142938751126,53.05247373121401,30.39118860706939,15.290640597149515,0,0,0
26.46875776246572,55.876646647150324,25.067144021238967,18.709123112119524,0,0,0
27.636744243395984,91.58933260027234,31.201046999723193,1.056113598328774,0,0,1
23.968910439566393,85.4119295288713,10.414279303211682,2.6636092540972567,0,0,1
20.86421543396129,78.37883681843881,39.69693532659782,12.84327977411415,0,0,1
21.57329090739832,44.52282718308303,47.40814025101529,16.088829033428514,0,0,0
28.450369121540767,63.004524449641664,44.55515720838514,15.823773375527992,0,0,1
30.0474905887536,70.76160296422549,16.071787265350856,14.393663061653786,1,0,0
30.83158087451697,50.30762083910773,20.300288664103793,17.74855908996184,0,0,0
30.792362855891078,64.65246201595235,40.42011498987806,4.346977591416257,0,0,0
16.824122060973806,73.05642326187794,29.75585654123019,2.145818929838943,0,0,0
24.88840609405163,58.00571740634696,27.39572218383246,12.307259401827366,0,0,0
16.151175200332887,82.9519650422768,46.332098376672256,16.44551783046865,0,0,0
25.990577646474712,86.2247269901343,26.80124804885254,11.640871569611464,1,0,1
23.83061002746754,57.7985208188739,25.746933979365494,19.259949749178126,0,0,0
32.754083655166,86.12614349708514,2.1009295633179823,15.911289227835788,0,0,0
22.018300251041573,45.69671113566582,3.4708479295068817,14.015836018185217,0,0,0
17.341340328552118,86.0751004242461,0.37101539403250894,1.2051458174346719,0,0,0
17.859833641056717,48.40127374171891,45.662211289181684,2.154844774633642,0,0,0
30.230212634349446,44.56099338803493,20.419333000885032,15.696752651823886,0,0,0
27.364361266325222,75.29764724425561,23.428068806670627,3.964758511540587,1,0,1
17.022453522455805,65.95655511654118,42.2693473796231,0.5767035215798111,0,0,0
16.682136122299948,89.9339830227058,30.462315518788895,18.2152137149393,0,0,0
29.0193826291824,59.97540578499671,30.475079819529054,17.816107474024683,0,0,0
16.45526012728387,55.79337448906958,14.826721467740622,4.3696765446298365,0,0,0
31.437201185807126,67.54041983793091,41.695418696225964,15.604125161459093,0,0,0
29.124844543129925,65.07704021727638,8.29149880197469,0.9595932242331018,0,0,1
16.626975612837995,58.943542541945355,2.657479608647395,5.7011600764652615,0,0,0
16.69675428170384,78.15577142840807,9.580167875926616,12.473338165132496,0,0,0
34.73279157002351,81.77590086526496,13.386860938728235,15.26357992316771,1,0,0
22.485415915122406,86.9141182966575,14.115552892710337,0.20798377576379146,0,0,1
22.412842941337818,93.50711325906886,33.52567993093838,6.524172265474881,0,0,1
31.25599134515005,54.666090567287746,10.891229366432176,4.28691120127348,0,0,0
33.94497154767717,79.38514153694788,33.83291522474923,19.975608114974474,0,0,0
34.720021276457416,61.68420295226599,4.556608661689987,13.4196446477047,0,0,0
30.067563705178834,77.23950845731095,7.3601230548954515,8.113429057594876,0,0,0
22.525191710618316,66.17899296920712,25.44107242454975,1.5130520396137004,0,0,1
16.670014333973377,94.65752065223623,46.09479012883213,11.973405150139275,0,0,0
30.542938318548735,80.08961746849124,42.9783794405557,12.834029418721284,0,0,0
26.1680849947161,92.38702152388785,48.43767212214016,16.3281185500627,0,0,1
23.484440184939526,85.9233252214652,32.523953263908545,5.7715370583872705,0,0,1
33.12708770189472,89.65955561398542,33.7907433208046,19.628561609601928,0,0,0
17.223949646123028,84.79305584680712,31.251149946574603,8.78931478627899,0,0,0
24.852502085817182,65.25375217067513,31.140946142909865,5.918875093189873,0,0,1
15.227072895348382,53.84836493407864,7.356017253379232,6.968986680029157,0,0,0
24.373212839882527,60.36760964977872,27.186947808196432,10.391721059342476,0,0,1
16.126065513636746,41.11299279519727,19.303396672586288,18.734031290142546,0,0,0
17.376358325361437,68.8196242105567,22.126860788864672,14.70317595838801,0,0,0
17.350524935542097,67.77817901487248,26.180028652961866,11.542192989275646,0,0,0
27.984206042321272,68.88877556567685,6.41980859011258,3.256207759597236,0,0,1
29.920897585308467,93.57171737346351,17.974386692605993,2.9870662178174334,1,0,1
26.667375301943192,90.12997019001617,3.1724780438301794,10.04393827627128,0,0,0
34.24345096949084,48.89420280815594,48.98340652111995,14.574174092032983,0,0,0
22.49741159047408,60.288538685573904,5.926401441006307,15.020243455102202,0,0,1
20.714241725637216,63.31758987047941,12.926236927247725,4.5182876775251675,0,0,1
32.3719825637892,59.82931048184062,44.56464633516986,2.0019902569450654,0,0,0
19.47191677038905,83.91727799821521,24.13550231195709,7.689219785075789,0,0,0
34.264450788812226,68.82207184271728,6.781860076031515,18.363450864881486,0,0,0
15.243089493796326,71.46548993343939,19.211526901967446,10.907345053387644,0,0,0
34.397576534152776,86.91574574433591,5.793399709569291,6.401995336635487,0,0,0
15.863198239011522,84.32604843784472,10.01079985422509,6.472753366782433,0,0,0
32.82286227396142,47.27163375511648,2.6014923474922513,2.641740904443699,0,1,0
25.554022181725998,79.26530212459988,21.911374727454998,9.46447472212316,1,0,1
34.85929592238601,63.948987089611954,40.331806086262986,15.827253570296769,0,0,0
16.475931294707976,56.20568966843753,29.298458934994777,19.371173830546827,0,0,0
26.077085688026415,42.75103514962025,30.317265274230586,10.031899999159508,0,0,0
34.38605071238198,66.7987258189998,10.029201504162016,3.3442983168537688,0,0,0
25.461956883402976,59.54901743984922,17.194692162618324,13.65900799605729,0,0,0
27.58797276270525,53.83321718220205,42.2621051920416,15.135826854905908,0,0,0
28.914973779692343,78.20694512783267,4.392809216325727,1.433994988462044,0,0,0
24.090821295355465,82.32169630235728,42.896532683426685,17.002782592624577,0,0,1
27.55116160168127,53.463423546618365,24.18450131323928,16.58644779991715,0,0,0
26.686286238462003,42.7196090173641,41.857371566255864,9.450821080782358,0,0,0
33.02316020981978,86.68139853108792,15.900320969720017,11.208450372317367,1,0,0
15.908927606829158,40.547785766236686,16.94214757915104,14.268161274218382,0,0,0
20.619263791844606,91.54118716568095,37.58024341615714,13.534962501257187,0,0,1
34.008229681531176,74.51909306904882,39.24980866961101,0.33071956386418133,0,0,0
32.80527567781833,57.701564936072614,11.482233899507339,2.4487060769697155,0,0,0
24.11313505571426,53.55628502672049,48.64356624109528,3.251811115624914,0,0,0
27.402651956030734,40.49531153454614,4.224505212241447,15.113517781441976,0,0,0
20.54762365962265,52.950927935598244,3.4251481551065446,8.801671257847602,0,0,0
18.762423194475225,47.57505658344276,29.775210764305136,10.910052527736502,0,0,0
24.273968098799642,73.66914213977302,36.137038388581075,15.453748737909683,0,0,1
22.067044560521055,49.160007372659074,48.044306461248695,6.819645381281816,0,0,0
26.67312223701744,69.07464106451405,20.247289039943077,14.977804546375461,0,0,1
16.554692739299696,72.4564032289459,1.2645704494816556,8.845985492591193,0,0,0
34.487896153323334,56.392293409080295,30.14481697232035,7.543603755484131,0,0,0
34.72421488959206,41.92857219602953,14.484801029938593,6.660745281094802,0,0,0
28.963234280394904,42.048963433780784,21.64735605977011,19.298896309847656,0,0,0
25.72192732688241,41.44910327066547,24.423474112496763,15.439468214179577,0,0,0
21.190552325726557,80.65185669251005,3.2256305369016913,0.4039188154705875,0,0,0
31.275900394138972,57.4905337647864,24.29908922820514,19.148309730364033,0,0,0
28.694623451077586,83.7965102282215,21.315983340215737,15.508792594533467,1,0,1
18.252338786897827,63.7453053113567,35.62721326432966,2.9834942890851113,0,0,0
33.21854368987685,64.91489554564801,32.28329556061723,1.5267625082263425,0,0,0
31.45074485846338,68.20854313802656,9.260785907528051,6.163881873189068,0,0,0
33.99599826583848,79.21673010063071,10.306945910519849,12.483630586921235,1,0,0
29.5143901677672,55.04265762063389,12.550308938718663,12.330933782989348,0,0,0
27.268303918715798,46.687304224343976,8.947522014858865,5.517002502984409,0,0,0
23.364860725812377,70.58315343553038,32.86065998342336,8.913499573148355,0,0,1
33.65456966708027,57.983769278350664,49.72150896001353,4.23780311427471,0,0,0
32.32127779000817,64.33702225174206,32.60541702579683,1.0115737033347494,0,0,0
15.904373402123788,75.58206895855179,30.33407730956456,10.339409348537574,0,0,0
15.52733948994504,67.17691576276988,20.496396667553622,6.939822685040761,0,0,0
22.52926733756099,74.11533494054636,15.629012942988036,10.8576486459586,0,0,1
31.211066615636657,69.93100011624954,45.55368784532396,18.930146449409033,0,0,0
34.74552258629889,80.68880045648545,48.45009370710765,2.867406233906422,0,0,0
18.008337822070565,78.82651397413909,24.83880877938639,0.03924036621910654,0,0,0
26.8826143070427,69.38044404947405,14.510024775327873,1.5375642656425037,0,0,1
22.61781713262043,77.33966614728388,38.506110383488384,9.25416592203258,0,0,1
34.398287956292066,88.0457781249937,6.622839543343923,14.13864059604647,0,0,0
31.842378462714173,63.77492082834927,38.27941188218408,11.615272066343781,0,0,0
31.766574094222758,62.70196900118365,40.94741871556693,9.897892147474941,0,0,0
24.373863195899403,82.0335091468809,6.245197231358368,7.0792626218482475,0,0,1
23.296390046753302,72.04046103730967,48.84307343982819,6.1994834306300195,0,0,1
20.468141438614126,43.90537291224237,49.27561451942392,7.525723502099602,0,0,0
16.127509933018544,89.06616086300947,46.83597396636756,12.232699080181426,0,0,0
32.29444752510106,41.693070623070206,24.801740470313216,3.355079117310724,0,0,0
31.258020182601552,81.16179959153587,12.303707113841423,15.427241661092514,1,0,0
34.99435346572261,81.73367784873722,29.10046404409565,11.505064801862206,1,0,0
34.93273674147811,92.42110969050617,20.996691923571788,5.383127552228553,1,0,0
26.10863411205255,42.97739246212764,10.297432235859855,10.023059256225675,0,0,0
30.37974830361021,72.827127343147,21.18382048089238,19.255573753703327,1,0,0
33.895314597648564,63.53123138448791,33.19449178387953,0.40983058290388064,0,0,0
31.99294781354823,58.18481251727481,3.545665539299553,3.9904528180245835,0,0,0
19.94696203486395,44.96752081644902,16.670900072300824,8.96760479806556,0,0,0
24.01088270620187,70.945976581922,0.8897445006412597,12.768794435596561,0,0,0
17.5831883030299,66.34723991210375,37.47477527308378,4.244565325709704,0,0,0
34.08102054517445,45.75049519830633,32.03456338083504,18.628078967523926,0,0,0
27.123492689017603,73.68692289033959,3.1336067350982932,12.851440248492842,0,0,0
19.572856110069253,80.58742161391162,48.23687798009839,17.54863897912861,0,0,0
28.434013688117133,82.20030655795065,1.1310778563550339,6.586358605006371,0,0,0
27.362564809157917,89.79552535443351,29.49803232380443,16.57907868613259,1,0,1
22.163254360656808,62.52089080388275,38.81837308995279,7.564384337988925,0,0,1
17.27115184399258,92.41900227421753,39.39481565223615,5.055035449224099,0,0,0
28.431463911855992,87.59861727954774,1.7142567796601893,18.23310678327586,0,0,0
25.406154018075867,56.307586406316645,45.32075663202196,1.844369513577091,0,0,0
30.446367834712788,48.76056705422022,45.92258359635611,18.857775921128084,0,0,0
25.403270022239866,63.94641678704074,28.069518657718636,9.17030411735211,0,0,1
32.043630006370805,62.10442893757816,24.104159944357306,19.852509469717234,0,0,0
26.03813677548971,71.66456179321624,2.2433731531299905,10.791893074700576,0,0,0
26.218759430707728,72.08624277802613,28.097707125493432,15.149763441646062,1,0,1
32.533072053166904,81.24928414089864,20.468954088511538,0.14142032676007998,1,0,0
23.06965732424794,68.04394715130856,38.6403203704328,9.933336399203302,0,0,1
17.680304569012815,45.7652452517421,20.19417834430439,14.749069432362305,0,0,0
15.57565352626678,87.20602345542083,34.17904166623549,15.656540399168982,0,0,0
30.10274511347238,57.03705207518529,5.07040731187654,3.160971652031961,0,0,0
27.406191027069294,93.42136031686256,6.647613538298347,8.379419007655573,0,0,1
29.08159536198447,46.482305977387355,6.985509532457917,8.381439162386775,0,1,0
19.259283230178212,92.70381447278768,2.2762749899871757,2.0728161699811176,0,0,0
17.727429511735394,45.005649378538436,27.06644296349019,8.860910153829334,0,0,0
15.290893313357639,52.70698758708827,39.698386302181795,16.141859173920107,0,0,0
22.011751176131938,42.56189681475979,30.520560184683305,6.00361475237974,0,0,0
26.79835373709266,78.78122306514473,28.747744277642813,8.651490437877662,1,0,1
22.844880901994646,86.76643051144855,34.03119642013682,19.219173701242852,0,0,1
23.749498440474582,63.87390949987892,16.98226615360074,0.6341615178312443,0,0,1
33.08317388987497,91.06871412733364,18.097703582411445,11.830435357907113,1,0,0
21.965109340466007,72.46644894655797,15.713504911046128,14.868721835552583,0,0,1
25.279789783196215,74.65039244955878,35.60544664267878,15.217648680623569,0,0,1
30.67306025482286,86.49805609354235,8.082016783538714,14.318760497680888,0,0,0
22.930855646425403,56.32401127785114,0.651264015646219,14.529028869368727,0,0,0
27.441734004557468,59.48461467301942,29.80982233612462,1.1802533134609972,0,0,0
32.2472741749349,89.82735555570544,47.11906823671027,10.682732382726655,0,0,0
33.990412473152844,89.55299228213201,30.470395849815233,15.659381433145121,0,0,0
17.941469618580758,93.7065526910479,39.14608264704476,1.881300980746592,0,0,0
33.53175250322989,89.60110740429191,33.63953547330151,0.24099844773735724,0,0,0
24.842325861590766,47.00546198183485,24.871832676150813,16.29123663199316,0,0,0
20.164887765979167,85.3048357375343,35.9196200891923,14.245887751329784,0,0,1
24.182715124765224,62.541116296027674,41.20520619276109,8.244128338288853,0,0,1
34.60065150570954,94.49407457702658,11.236582208584899,18.80792865148344,1,0,0
24.85236187985739,65.97545303808405,16.806524024157277,15.331961893029424,0,0,1
21.575032205750162,70.46098453762212,11.186286625164193,19.357218832131547,0,0,1
27.668017086334515,69.13762033912391,22.60864777952205,18.586305190949346,0,0,1
19.802912375563864,57.69553664220528,44.253227545833376,9.625872059586143,0,0,0
16.51726656217328,44.1262148891105,17.260355041766616,15.09417957287132,0,0,0
17.577594438212984,89.26081767210552,18.72334445652767,13.38382777615278,0,0,0
17.56091677915545,84.14716968894578,43.01836173359659,16.22890420184983,0,0,0
18.038053870245886,47.67397293078181,25.76871653723376,15.75376804501984,0,0,0
17.776543452988204,82.722254924254,26.77244998237172,3.064639400664535,0,0,0
27.817494896064293,74.42156663278355,43.040060166610644,4.674710636170927,0,0,1
18.637601687982897,62.50290833546923,24.526336851273662,5.3146315435513465,0,0,0
21.913345666477262,53.97116320025595,34.077876731469765,16.369971184340212,0,0,0
32.935768198120236,87.28508309262278,4.282233293703036,16.214834078583777,0,0,0
24.479232805257446,78.51035426117292,8.931585656344264,9.906706938788844,0,0,1
28.351154770420543,70.12569502080252,20.21881003581228,11.616645185038424,1,0,1
18.446397424032597,73.52626936441553,24.741953390993743,16.538443059368,0,0,0
18.845780376173416,45.008640014519955,48.286685061811475,6.251872013554864,0,0,0
15.817372325329577,66.06558685011555,48.5325816523895,1.003575538327266,0,0,0
18.37870126144329,50.65351610321361,42.55985437393808,9.651928765583344,0,0,0
20.57180678063917,51.46110234548539,15.779941764278727,18.274342876973435,0,0,0
18.540209685534936,76.37171792577766,48.201414541621986,15.809365219201458,0,0,0
16.774050675141112,90.11908835088585,34.46704323381063,7.332346062169714,0,0,0
17.412717422012015,62.20661357630906,19.64700639087002,1.2954272096567343,0,0,0
24.215575360654515,51.42621001567047,35.08374584923832,12.738390107650199,0,0,0
19.12667436811585,75.68108154801598,0.826136489326329,16.689815917410403,0,0,0
22.28539722096151,87.91528754926748,7.307734113710679,13.29897132909277,0,0,1
25.068345417097138,81.157534061737,41.48428557781838,8.501493295260394,0,0,1
28.807896572587307,87.7816476795123,32.27868184365856,2.467072263581427,0,0,1
15.786242796821979,69.51050690559396,18.209735064594202,18.2154848827471,0,0,0
30.988207978180853,81.35319344030549,25.03333201113594,5.51916651506766,1,0,0
27.558007789818156,47.70355076474151,45.25710748228835,4.485740729859186,0,0,0
16.635180638977438,59.15510384497553,31.57890547395433,16.31953331219308,0,0,0
32.47157248213554,61.425204046483735,19.90746419671651,19.62439877447714,0,0,0
33.417448010636264,68.1212660435319,6.01633286987675,13.203205174895206,0,0,0
16.221559197097275,91.09919981412531,14.68734008127805,12.496209780491013,0,0,0
20.537552962944076,88.08631081221958,48.91701163982917,6.388617384421251,0,0,1
31.124025595861227,47.39890207590515,21.868153142588874,0.40826901370258684,0,0,0
29.965193807673167,49.50343085353548,23.591973192243042,3.8359573164541927,0,0,0
18.690420387127546,59.67023022739012,24.92990161985077,11.688608731131438,0,0,0
19.186986466734204,55.990912623987064,44.205201147410556,3.0263292363209104,0,0,0
22.40944205582764,73.81240242359442,30.196414219265495,17.676716138626542,0,0,1
24.690459703820427,89.65268262704997,34.683851822596104,3.7628937570577037,0,0,1
27.36509543060592,92.92603479199227,19.4706771274552,10.44208906023803,1,0,1
22.378272791395446,75.94816238943746,1.4543809294487176,10.2402649153759,0,0,0
24.25069432266296,86.09875607705976,46.54864571214222,12.078912602593011,0,0,1
29.94941876267513,68.88612101269385,47.45638404582032,6.548681394360781,0,0,1
15.733664057811957,51.457982077302184,47.457652667402556,17.470684021306305,0,0,0
20.048738886880415,68.85786266514125,47.18435433233583,8.886030719501392,0,0,1
29.26699171769105,70.5295430790708,40.76209705347805,14.00307157473148,0,0,1
32.904136753743984,80.83516603174562,34.229802505816345,12.718217219334063,0,0,0
25.233548842313322,52.0935644339042,42.22549591336428,2.3431216623940654,0,0,0
25.642269705306312,60.25707101477025,30.02731195005181,12.452787054052228,0,0,1
17.14344022679552,60.021510806801146,6.7184806946011815,11.01405355962192,0,0,0
23.948247336469095,92.76917776576407,19.56090825207105,17.972081265118117,0,0,1
25.652345329100463,64.41697281796954,48.56474559864687,17.617532729698066,0,0,1
19.849410072694592,81.53016820139806,17.556890679782818,3.0190957482329273,0,0,0
20.38486461898762,81.29462597559414,43.39139568656847,1.6337029117321533,0,0,1
22.545683262092453,54.60493016417828,4.660573538743479,5.891844384217375,0,0,0
15.401423955554527,71.45283291544527,16.70919211877348,19.732257133686176,0,0,0
21.441583311663564,89.18665913252565,17.54766623636898,0.43147552812633494,0,0,1
19.22896013993089,66.13587457013222,2.580127155449008,13.457844791457536,0,0,0
21.54994704355829,91.98146290384003,5.954716509337748,12.170274676819544,0,0,1
17.395242636385024,51.79520261282889,9.65826055608855,12.931565609156337,0,0,0
32.8105456147979,44.07875081757169,41.89077954050565,4.365717795414829,0,0,0
26.871849071080973,89.02996302296121,3.1700994969903196,4.5343469159969985,0,0,0
28.582046382889793,86.62246588792192,14.93504506721936,8.612841643476493,1,0,1
30.783424772146766,94.59244317636146,0.5087501294633756,1.917156141339127,0,0,0
24.968843978581145,77.36664184618343,34.781387270151235,1.492264180378804,0,0,1
16.738405761748474,91.51783596669321,31.01515450216899,1.767189069721944,0,0,0
25.742130836370954,85.48219637962609,32.24911310265709,11.459583426125155,0,0,1
26.736822360417584,86.44344832160478,18.719139235730935,7.954837137957876,1,0,1
29.9087894836866,71.30278637498475,10.413391063378452,5.872335613145472,1,0,1
23.63319092459359,61.030052885419096,36.01601066430167,6.3163875930261115,0,0,1
17.551606055911275,91.4006939898805,40.55589363703476,4.145666116981475,0,0,0
20.67551811597449,63.76644465887419,6.9300749049100885,8.230106706438697,0,0,1
22.2616459279727,69.6350651987318,24.341471396871068,4.061161383999348,0,0,1
27.918344826632023,64.53628689188533,12.435784098943126,13.960920845986651,0,0,1
26.41556609337824,71.06500726781084,8.405343060306686,2.4786502530787224,0,0,1
22.121934517956923,65.87777934457799,36.716265674749955,18.96484169161693,0,0,1
34.730304975859596,42.63821572187118,26.90484677364185,1.796378802545644,0,0,0
27.115496387137743,88.51265023042342,10.809266618933389,18.86921428559752,1,0,1
19.74453583471989,64.44166004036734,15.500000560577254,16.665899430408132,0,0,0
17.035649452408073,72.39190066790418,48.33268356638712,13.614242412267608,0,0,0
18.057182783686642,47.65532915168929,42.43397823542783,18.24603311130967,0,0,0
19.919154567690164,40.18633163904515,43.99733714365642,2.7843758703475374,0,0,0
18.213627465191113,53.49095515040036,23.0006048540354,3.5262954837383065,0,0,0
18.731340481026116,78.75223176733427,31.19036319604375,5.043051841176316,0,0,0
20.70190337387694,45.455699156208325,18.83838701022058,4.896230535317818,0,0,0
18.467471905895096,89.98880922125574,3.885598784444527,6.216965418543204,0,0,0
32.935308492528506,51.82624131459015,20.053465532839127,11.512617965461867,0,0,0
16.604674913232845,51.25264878604767,29.699037660357234,0.5634522261020924,0,0,0
25.490227791405093,49.98293788918225,14.35721353840657,7.645451900799516,0,0,0
23.20793653979323,40.76899421342506,42.39752873637079,4.92770255785193,0,0,0
34.647572338172125,82.44930076630291,7.555007958729931,12.13259696105444,0,0,0
17.240778043361047,88.12689921848923,18.356454471845996,19.703386621030713,0,0,0
22.95711198091483,73.77894864389094,6.245195266210146,10.353092243667453,0,0,1
34.389408665507375,50.35099899239243,20.241606699261265,8.513704782368677,0,0,0
32.310142517879605,55.69028983174839,1.9830652487135225,7.364870902902323,0,0,0
31.3414414189856,66.17596835507298,13.627469753082272,15.698984377597153,0,0,0
20.158056540898798,92.48902733928155,20.036762755684183,1.4396186330145389,0,0,1
18.417751747801315,53.60432544997585,23.908268163834578,19.19541028920243,0,0,0
28.37286439848862,80.24052471559384,27.184817923757095,8.358357719760912,1,0,1
33.587519782551716,64.16965228111061,13.749556489495946,6.27401451650226,0,0,0
26.135257860278596,56.3816041598012,26.152066730743616,19.481362327994024,0,0,0
26.432253789397997,65.07537653621625,25.45023107810299,18.717577264863998,0,0,1
20.599581873205683,43.91636946476779,15.808902543810422,12.83868279531442,0,0,0
30.389858663838737,83.92780540116993,41.51001653282391,0.3701474970080265,0,0,0
18.74087497115047,53.38160603906319,27.282056329678255,14.970699524131437,0,0,0
21.473584728084873,79.89766677561337,16.613485937327248,6.711148000840026,0,0,1
23.508728772328336,43.75916042965071,47.366925604038826,7.765604617085222,0,0,0
25.1522075736891,92.53042058911274,42.255620653558054,3.174842579547772,0,0,1
19.848194648301604,50.61582419731342,49.129390577590044,10.469161677297986,0,0,0
17.29673649478407,88.55081419138943,34.611693732271036,14.891051924075324,0,0,0
27.21240084883265,84.52102652884889,18.911145275302342,5.460222361861369,1,0,1
20.772611064805115,93.23229582447789,14.043033333950616,18.774658160867503,0,0,1
26.624764428452245,66.28398635201623,33.16589218372405,3.8947371200590863,0,0,1
18.087254305484045,80.00685116152734,49.04082912476518,1.3252468118886673,0,0,0
24.62280203709635,60.389086137078124,31.33575400519244,12.88727746699802,0,0,1
25.651788651031715,50.14025309108316,44.08074704949191,16.986374637600935,0,0,0
16.03647073644854,64.36917631133969,16.455171552388432,19.062657186150243,0,0,0
21.732085563878414,49.11619584636502,20.34768912371278,15.343420210330375,0,0,0
17.688293538779483,94.01245425325112,45.313761979467664,3.9930002301214462,0,0,0
16.267499409455354,45.2935570127394,37.84333509789094,19.553223696074607,0,0,0
34.7992046477989,72.40664478989413,49.07051601839529,18.388717520576854,0,0,0
21.44707689949446,74.45551203897307,38.7382104866121,3.263348455248949,0,0,1
31.1974889170927,69.59437485807298,22.425785360911586,11.175716538306489,0,0,0
20.092813095275275,76.42022371415084,26.553400991118153,11.110348518619578,0,0,1
28.630054444478585,46.389942625654,45.025774623156835,8.850695562589417,0,0,0
30.204557197793733,70.52601883129101,27.582336804902397,19.685626605193775,1,0,0
26.912774812156886,55.79669141200488,12.76986870822226,1.1924447436044239,0,0,0
24.431523771003167,91.70968348155812,21.78099063849747,12.544178168871694,0,0,1
23.23681828294537,81.91394093918491,25.815799442455894,4.106072453576202,0,0,1
21.977365330859904,93.48829651878584,4.835991677556478,10.546624094619192,0,0,0
33.59058288495652,42.06558383571043,37.188133712644515,15.594815435750375,0,0,0
31.612388155754584,55.68232463493898,5.46769666774865,4.934536063370927,0,0,0
34.300538213330256,50.7482422651092,20.245885668440284,7.8671909296629705,0,0,0
17.485944469710894,40.61350230215068,40.231122077020224,19.015361485607983,0,0,0
29.617349504072884,53.32791516354768,23.378518080664847,15.22961475440619,0,0,0
33.76680913642076,77.3326790936236,42.100775985925395,11.454463690236711,0,0,0
18.6246613233132,52.70989071740127,17.094066102805748,4.439947756134335,0,0,0
16.32992534733555,67.995189501544,47.88181469992177,8.506108749551661,0,0,0
29.82241298580118,88.82999632307492,10.473421590261777,15.481226380998454,1,0,1
26.489462263598238,78.15668561919914,1.9132072494650654,16.410861562199525,0,0,0
31.83657553516544,61.70459884483176,43.62132714952093,4.892123962847979,0,0,0
17.79544753252579,60.48579164016596,37.610135797520414,13.241204208340385,0,0,0
30.905346237197804,65.06546977046666,11.599191853368641,1.9000598424679982,0,0,0
19.032546400954892,49.73727925829485,49.237080356833694,0.4642461490092886,0,0,0
18.27311885731409,74.87004220787935,25.114006463426392,10.973478468660424,0,0,0
18.285315958619858,60.02840505075331,47.55327200720817,4.4875970856085745,0,0,0
31.29149440462764,86.88009420941239,25.251438569349965,1.5782406248426573,1,0,0
28.303944413924,81.6103963031799,23.59372933856455,14.5965662579046,1,0,1
25.461308495382386,73.5782240250688,22.45692685722325,9.959491767292901,1,0,1
22.17660968247005,60.03112224572338,16.74376380664751,15.92554021916901,0,0,1
32.544010816262166,51.54625074204164,26.685074858827583,13.27888479361114,0,0,0
22.84890214845271,82.68835252580925,22.627733097428393,14.5960987983098,0,0,1
31.33198878943154,66.75250044450976,1.8373438311777068,6.147211625917997,0,0,0
23.78269817140437,52.361252099754665,13.021761671175124,5.2655165136647275,0,0,0
22.538888588498153,50.734603827200345,10.65614000527792,12.017497841905225,0,0,0
24.25359571339213,49.097049747574744,43.37178011605333,4.001642807961687,0,0,0
21.02755748328284,82.74386579130773,29.94349886134207,16.308242312640424,0,0,1
29.952187603525022,52.59429519151715,38.18415502248637,10.458403379484771,0,0,0
25.054407801849585,68.96532449388586,47.84130188746403,4.539798646955219,0,0,1
19.644253902936345,64.8350498535181,32.2019636263205,12.50336464659817,0,0,0
32.991491465491364,71.87859945755562,49.13049957023722,18.900714701672353,0,0,0
22.67782442746423,88.24351952041567,15.588202582606481,1.641894531815482,0,0,1
25.871057222279774,87.72610645449518,9.313359115644692,2.186904146270059,0,0,1
33.12944221929094,64.80918395036728,20.165494399645574,16.8767829372668,0,0,0
27.484759918279842,40.84514379040978,23.539970746790402,2.1918754913374716,0,0,0
17.337960814167282,63.45440931428668,44.76807714262925,0.787507387059756,0,0,0
33.796642472269504,73.34064455832772,27.997021951833815,6.958611620929458,1,0,0
27.554161061428356,70.67706175039339,14.60904997090085,9.334117698431951,1,0,1
21.698112293141723,75.8234858190113,37.131714143376044,11.388888733813795,0,0,1
17.785441453267744,48.47416528601959,25.291596856953547,10.146004651284997,0,0,0
30.88050378540592,75.55943043294029,8.106597263758509,18.263691253162268,0,0,0
27.40145511857027,50.04583903090747,28.840989379562608,15.373362007832746,0,0,0
25.66922183952643,81.2788189383212,45.5697268403642,19.676205117234215,0,0,1
32.87785166101915,58.649818729447404,42.13113087379101,9.529108464506447,0,0,0
30.771944224490614,79.04424883597994,29.340498631766554,1.6865921967835784,1,0,0
18.033497594655024,42.63260793983589,18.854158694249406,19.110612858857493,0,0,0
21.234441355910967,62.43230140750023,4.348937553210558,0.08226323178194717,0,0,0
19.969782796289316,78.7768987244833,23.482446166581187,15.521920276780968,0,0,0
29.878925851453538,52.47787839823218,37.60397187647896,0.6256406154335892,0,0,0
15.670648694715588,83.74078746384724,18.01368598665053,15.224283813032768,0,0,0
26.39779369742633,74.69288532077127,11.77234127758322,18.758778796961085,1,0,1
30.24917371481381,72.31589746823892,46.56898596354767,7.785205946620937,0,0,0
32.53531273523499,59.44518698123854,41.07778502289962,4.819297024394354,0,0,0
21.841634974318147,66.53483087096147,31.913780971007235,4.525583050236617,0,0,1
31.425146093440258,72.85421155378192,6.8391671960259695,9.834352883004067,0,0,0
17.212634739104146,65.98541626531897,7.245442020308651,3.4177407151358308,0,0,0
31.929045834690363,78.40723281673081,5.160979572788948,13.45847261319424,0,0,0
17.54977324663965,63.85333132088277,30.81483334463716,7.367047149767498,0,0,0
22.945745811207345,51.12502499581167,5.7781398236668,6.462189848065181,0,0,0
30.94590731559107,51.7663580540576,42.13135994313165,9.22571152512914,0,0,0
17.998348546975475,40.31920728636176,49.64825009096611,10.851750048795036,0,0,0
19.58502790465283,56.552674355726985,18.317409235433264,2.838605245175916,0,0,0
29.445051367861325,81.19047022631858,22.68349234835487,14.155267275936867,1,0,1
29.400730730921488,83.67894898606852,35.58335884928393,17.658941998106524,0,0,1
27.822952657705947,51.135714815266255,46.85765031628829,5.559738324023636,0,0,0
28.878968889342,92.74741982792742,44.704688677819256,3.607818036589696,0,0,1
25.854488866951925,67.63215364140697,2.8795914374924294,15.210108474381272,0,0,0
20.035981178139053,90.43383119601765,8.45359012783825,3.6708344753129896,0,0,1
21.913919870078388,78.87209050238971,37.72985992788961,0.8251032072591324,0,0,1
18.631954336028514,79.73383826623272,34.44465540162236,12.384864407655577,0,0,0
33.169011226672566,44.67739917183391,6.660929702006163,4.795028326107005,0,1,0
26.66783589532241,52.09951197933118,25.103229100078384,3.436208178571194,0,0,0
23.017028335272798,40.484815831195995,39.04073155426478,19.632054834290123,0,0,0
24.240116072882653,79.38702022622056,10.939034113134682,5.837299667994554,0,0,1
33.94566679223631,58.94410586356805,43.564381786733314,18.068865804310715,0,0,0
18.067028062321604,83.26588838419907,2.6485887410183984,3.564375317772086,0,0,0
26.724596640335946,58.641492096536446,39.10975425340369,16.379542641248705,0,0,0
25.11777357768932,85.06335637643735,30.790944989493514,10.04037746096964,0,0,1
27.22908470869296,47.18840395615722,15.759967332717457,1.5718953823199056,0,0,0
15.36220367641681,49.535523621662946,36.046627417095564,14.672105872871448,0,0,0
32.44247817888303,58.748209677116506,39.11828975755798,17.8414674346956,0,0,0
33.64236564967224,62.46680638852503,46.694948565198466,3.2603398067104306,0,0,0
26.30266367178418,59.17865459636381,18.38873360771318,14.511804846723507,0,0,0
28.933016477537844,82.0005867887771,34.30083679899775,8.901050381462476,0,0,1
33.449987623545915,45.33232659446931,30.130813846734544,15.077409065134367,0,0,0
29.14477268626797,59.31693608011685,26.260303472854424,14.278558963706114,0,0,0
18.050780858285226,86.04819997335026,44.520823707751894,0.5320046092601083,0,0,0
26.525767203336265,43.67383924941946,0.15836570692001617,3.5744207193431032,0,0,0
27.13430092765712,91.82889292192466,14.105580305179883,9.420544858645489,1,0,1
23.48261342604772,94.24742632496071,26.913861977241503,18.671883438241604,0,0,1
29.728884712494455,44.871249560379404,8.914663081827618,6.84146913509603,0,1,0
33.687340295380295,56.019988724065534,45.39332668663791,12.577469405603638,0,0,0
33.51137025813553,60.48203663194459,32.37975588065077,0.24167491028857624,0,0,0
24.016787428082644,82.70152527589994,23.894149731599494,14.222538430938883,0,0,1
17.264760916815106,72.77597466642035,40.73508795333273,12.061365255056092,0,0,0
34.69682397924669,75.4401135270912,22.544309573255187,14.307894932315318,1,0,0
31.777961728918683,81.66304025501782,27.932650596500473,18.0932122604989,1,0,0
17.493253624065336,46.488844969036414,0.13754977769604992,2.9299786623562007,0,0,0
33.416837652347446,85.82652013006444,18.285026509753678,5.231791920161342,1,0,0
32.39792724124257,78.80908922990793,6.939523617548487,19.915617843362842,0,0,0
25.376761142521442,71.75379488580036,34.48443403311455,3.125679170192539,0,0,1
26.825508714898586,88.93544341306811,23.95134794878669,14.412540130520526,1,0,1
22.980054077402606,78.51684946360939,15.08787786251154,14.501518210218036,0,0,1
16.095232776440625,51.0934979447064,23.39161696858712,13.659874924711389,0,0,0
21.70394483291802,63.63599595916167,10.481494397567308,4.548811786291553,0,0,1
31.057068971960227,67.17235768146533,46.25433162430703,4.302681264277415,0,0,0
15.092640460092056,43.03696947127231,2.69863162754565,13.32682136069576,0,0,0
21.669983433822885,92.50506323480306,43.27085176480602,3.725003689184321,0,0,1
22.963373871818867,47.071749343828316,25.567939436667547,13.231266634810748,0,0,0
25.74791205875846,78.36036969746998,30.947324806940863,9.85056564050636,0,0,1
33.39711232825521,67.84270698499842,15.13028104543519,7.732577352987682,0,0,0
21.926919887319226,41.40977374364324,48.334880839716064,6.004646987558915,0,0,0
21.939064037924553,90.86111117253989,14.092547925974491,18.951538666462334,0,0,1
29.750024962194967,86.85102448504134,29.443899857015214,10.161873154855751,1,0,1
24.044358817796144,68.83418603471095,49.670835255356444,11.22503925021924,0,0,1
19.49209645879964,52.59182848766949,44.05471981917229,18.98512169373571,0,0,0
24.04879032265387,46.68925898740518,26.816491264305302,13.077546361942673,0,0,0
17.817140407595996,59.986586368766964,49.51872614836061,19.15705855513655,0,0,0
18.527739730124466,54.048555457534974,35.06849308663073,2.127334810453969,0,0,0
24.967355454789594,67.86801605534643,10.435020807090467,16.932792635448077,0,0,1
23.378508990090957,93.1525112867886,20.27981052179032,6.7082925604618175,0,0,1
33.296918021362,71.62244212763028,16.72466670057755,16.209750501406823,1,0,0
22.24787798233266,88.94620807395538,17.20068541355946,17.11273248389957,0,0,1
26.61176700556087,75.79833606226775,38.022821967993316,5.429757722851116,0,0,1
27.645285758390607,66.13855896229603,29.21314636363968,8.176612330309577,0,0,1
15.261889131766672,87.00341595033541,1.904635579476427,14.52028708629808,0,0,0
28.270747440334212,65.92524605951486,43.872424182548805,1.9811126179394134,0,0,1
18.560719337395028,87.77454937806985,14.839807024008229,15.1106706867868,0,0,0
34.2214063493891,56.03672232666709,49.853743845657185,2.2094585210948803,0,0,0
17.973254555062258,47.084719056964346,47.709536516739284,18.289114645361163,0,0,0
23.292482474540474,87.0422955399616,47.02653583409826,5.526785865927069,0,0,1
16.706993361572877,72.30783400859667,40.556380203198685,11.511986937347116,0,0,0
34.93748503691894,88.90008190369281,11.03066658417713,2.3430700015254557,1,0,0
25.04390020662485,91.58049638458107,26.6316372014391,5.3898630932495735,1,0,1
26.907700346400876,42.94956147042971,11.21513134124873,8.079100869742108,0,0,0
16.34152954776855,67.55331160223776,12.983772779447461,9.740977533660287,0,0,0
29.999209407983557,60.62305019909911,30.547588471813867,0.0013499529314886516,0,0,1
19.198111861911716,74.42221183885644,2.041677267653169,17.77311524760937,0,0,0
32.96108578881427,83.64751584612779,48.472928341035384,0.15349619117754232,0,0,0
19.102792809640142,55.43246187859029,45.93365862889822,15.4736912598885,0,0,0
18.81375441327333,70.62391114052444,19.038378607885992,9.41157824712742,0,0,0
15.730993356961898,78.98007189476948,25.771122400345654,10.477600498027527,0,0,0
24.441338902199984,47.39370955596537,23.30597096338795,4.165309586690817,0,0,0
26.29682266525233,84.77367982731968,44.10998893087349,12.147367006914083,0,0,1
16.31417278856705,73.33602799191351,34.43009381580555,10.744638183389043,0,0,0
30.51055233390021,92.22455904125084,13.905562371217822,3.2847281324059074,1,0,0
24.065776694960554,58.67409055218813,22.342062723264846,4.762380026984383,0,0,0
25.4878053865516,45.94802682854593,21.44829878433819,1.3380725802491433,0,0,0
23.81525493876456,67.8575660570309,47.96675841419593,1.3256714417890536,0,0,1
23.01526121750652,44.719592444019135,8.765545525731982,0.27551571904853134,0,0,0
26.19280662616436,93.32395878282037,4.478816864721452,4.409486509661676,0,0,0
18.10480491861425,42.12767270414553,44.03094160808451,13.593224547941114,0,0,0
18.63856260990542,81.44271456090195,44.83429947529354,6.324307762847125,0,0,0
32.235712420270346,68.88063189782342,43.58695439560824,6.854685397347533,0,0,0
33.922309242672654,60.274135887405876,25.54884578127782,2.638107865108894,0,0,0
22.46618632559506,43.62131904797601,32.98722141347302,11.5094133531284,0,0,0
20.414893462871078,74.21918082954843,28.168152378049193,6.842872830934745,0,0,1
27.879990864780314,72.18711811650255,3.472391302720046,13.526336068604294,0,0,0
23.17468342196193,55.44858001871799,29.79174484503612,14.829189376851069,0,0,0
15.507727113206897,90.06219357756717,0.6807073628050442,11.693857504967642,0,0,0
18.12305194732381,56.72605040385603,16.249370477854306,5.5213907362407255,0,0,0
29.31944457694795,64.73489758256584,46.614628793658355,10.172155986745086,0,0,1
28.178478838203027,69.90693507552606,15.202263481790379,5.038616093646066,0,0,1
15.54191985006967,45.51275329969573,46.99133213221239,18.05825670707836,0,0,0
19.43944323865899,91.26889455674979,12.506697857462212,15.327715001651146,0,0,0
19.62149593176143,60.59948838480726,15.728112023076623,9.860118120111325,0,0,0
28.43785487197457,44.4428567630889,31.420374821927677,19.309142863562933,0,0,0
15.394210755087283,61.301014552143144,38.08134863946474,10.93510893460376,0,0,0
17.082171639691477,73.01114009009194,25.069388400244204,6.570709539138964,0,0,0
30.998321707463788,68.25089695017313,44.10578435970777,1.9093460158809417,0,0,0
18.570893241086672,78.19980857205007,2.012021080530962,10.874912896268272,0,0,0
28.054922157037495,43.05161681373509,46.10974193171853,17.208332231626912,0,0,0
19.76365562093453,55.649733564963086,9.8153899947704,17.334374563128975,0,0,0
16.988827855186905,85.05768172620563,44.211937254232794,12.091341333654968,0,0,0
19.86344381998908,44.394152828524845,20.043158974319024,7.868767264684255,0,0,0
29.44533863711318,87.05172750827766,41.637852793551886,13.005926161813598,0,0,1
32.11392936212572,45.054285064240844,33.583277490184756,15.24280709118079,0,0,0
31.604397291339833,85.8949818190433,8.797081623913105,8.232495687882524,0,0,0
22.943670592369095,59.84336205932996,45.90237849407242,9.525083384298508,0,0,0
28.361702731412922,73.67149847914686,12.275869524422983,13.61232614755886,1,0,1
19.09968590831642,48.408791360639896,12.207005934749954,17.53305212205493,0,0,0
20.862954605220267,43.63927969488495,40.708944831869026,15.820207562845498,0,0,0
32.9267163704224,51.87660122110743,5.293662778626052,0.4478273864069737,0,0,0
15.26003847021472,47.03195998497826,11.101795318523017,2.4874468756917567,0,0,0
16.71017061708936,57.18232437237975,25.183878671053115,17.055563605710436,0,0,0
19.157725102920544,68.29107855810611,41.52385143433121,16.67645656090067,0,0,0
15.530644077476394,72.38177049607552,7.374198736863375,7.776135662974184,0,0,0
18.628708701795947,83.44274590588586,27.383411725617318,11.685558447153312,0,0,0
26.66083121939384,76.09319412865972,35.56202959014698,18.116899648572925,0,0,1
23.428491011849957,73.48170788212542,43.029761235797565,18.231173620141927,0,0,1
32.8534342215395,62.648011511717606,46.77827801011098,15.661856915217815,0,0,0
31.34887123476882,66.05946392280762,39.23199572344662,4.191778767193579,0,0,0
21.83634703395752,62.798645616459964,32.641419911100094,14.605656147078898,0,0,1
20.188468668625852,86.31913165337608,21.681004265638293,2.0219686469411324,0,0,1
22.59384816334534,52.650024890161994,5.605507709420982,17.878769189091383,0,0,0
26.805898850296153,40.31465123480805,35.486859626276065,2.9829760715742903,0,0,0
20.361272816457525,75.82259434744316,49.63686522377434,13.246972802229017,0,0,1
27.482978156982682,51.135420100135725,36.838029736604994,12.204865485046973,0,0,0
23.18823304382481,88.95633249703951,0.835554686886314,15.537993117591661,0,0,0
26.040943617039606,87.24754813386608,24.812998902091937,11.031550047169109,1,0,1
23.722530582706334,44.220005456051325,30.732331624145193,1.1913315075146436,0,0,0
20.889315190838353,45.85136229777425,34.483710055142154,14.116925080882982,0,0,0
33.96906613924313,67.23443757356665,35.98629178003543,7.663091176705359,0,0,0
30.272115883195216,73.5072464523145,27.9054220608262,6.405700024382197,1,0,0
17.802263515329052,55.11995856152324,11.168016636712014,19.833470990674694,0,0,0
32.36935951795826,79.42387441846539,47.11003307382733,11.807995319194555,0,0,0
24.748623964990273,72.72038115053793,34.83332338318309,14.214381465388225,0,0,1
32.891044537881825,57.86532603617051,11.842001843470474,10.526522738712966,0,0,0
30.997105118946305,41.395431842327355,16.116091613513646,15.399452919033054,0,0,0
23.50427008938467,81.25826547141847,46.096383531518484,15.041454709999504,0,0,1
15.449386166402348,51.81145162037955,44.37425933536679,13.14292231360321,0,0,0
20.37354718769892,85.89605589044456,20.25732191790448,19.954861228875536,0,0,1
25.83268429321734,63.11596430298404,1.915361099572549,9.195870681662754,0,0,0
27.669564396522944,71.7392593447471,2.4248684446969095,14.1238469659631,0,0,0
20.157753708664046,88.0121801724951,14.195914545919452,15.955559256098365,0,0,1
17.78712148145648,87.49926505059744,31.456110966949975,7.520694191890886,0,0,0
31.69860473598598,60.43357663839653,29.20973176672809,9.143500551072371,0,0,0
34.68804361407104,51.488889099316374,31.691389347197134,19.383345327811707,0,0,0
25.513803646053717,82.6330342750727,35.86414859660533,0.6458203425321618,0,0,1
18.43358571696607,63.819411198117216,0.9516126796369206,6.705913079218286,0,0,0
20.44614653038738,50.56230964574522,5.254279758622143,9.7242592467734,0,0,0
15.367813530949334,89.74339382744327,17.97417259136063,0.029299861383804693,0,0,0
33.28597613120998,50.895730683259806,7.742999876079088,17.982542020132236,0,0,0
17.355021657802823,41.41939425051771,3.7660021272277078,5.724888004243174,0,0,0
26.53032951028507,41.115398557208096,32.048219799866594,5.154096642188886,0,0,0
20.48110441374412,74.22734460498454,40.76682387455495,16.40652390707484,0,0,1
26.083560050315867,76.39212833946416,37.63133287171412,5.559664570049508,0,0,1
28.028407767037287,57.107293778134114,40.85198893045896,13.152451878040448,0,0,0
31.594836074144034,57.60060440858849,33.29282720289386,16.430062878039184,0,0,0
19.128425435212066,58.672165328296856,36.76726609071011,15.849536954207448,0,0,0
15.219916573169609,77.40872007173833,13.588938710415066,15.639014748518578,0,0,0
17.737712601376145,43.197358506475574,49.650401814208216,1.772751397304697,0,0,0
33.0003728369621,91.10139939802292,9.158282724694356,1.596939351447284,0,0,0
32.47780155125031,52.238657429759556,10.724693719469125,6.13540071474775,0,0,0
26.948262043406167,94.98202628831507,14.446091590792342,0.7189576239203554,1,0,1
27.010337208673068,49.43374815829529,48.76662150532894,10.008594730385287,0,0,0
28.30073349092511,82.43505515218075,49.41442946769531,7.895641325404366,0,0,1
18.507425572468993,52.287689971129375,39.744687485324874,11.140518250862982,0,0,0
33.2882389184992,44.44657409037897,31.452879927981687,5.975770773393809,0,0,0
23.375410497841465,88.12133283928569,26.00312875923067,9.71508005980854,0,0,1
22.66277056498995,87.23131925549905,48.531042284342284,6.694895317181075,0,0,1
25.37835410565675,62.19637158472807,34.78114014291238,3.904161844466172,0,0,1
15.9393193355011,78.63178783972347,47.23650641630151,12.9873336227563,0,0,0
18.32566737512159,70.63862629761545,15.827539973881194,13.468718029983703,0,0,0
29.76067232852741,86.91258625205619,16.688739613478283,16.584633854995,1,0,1
16.65597335850253,57.32807831252599,42.73622970592178,17.495035663074496,0,0,0
27.063042189327764,68.80198199994419,7.492746029264719,14.089238087358309,0,0,1
19.90698219362642,66.69548041625028,47.29639306480379,13.74996173395024,0,0,0
22.785912280839533,59.46482044412723,25.373717733170377,1.13351330672945,0,0,0
20.773874735413997,89.03002855060048,46.320693929184884,2.1955848291634306,0,0,1
22.113454329298982,49.12328585643945,16.839639436290653,16.251254207817468,0,0,0
29.38091810368491,48.22297517363829,35.79794520696985,4.659025232472631,0,0,0
20.9424343124635,71.73002444275133,24.143756098634483,7.11130120434166,0,0,1
26.328092805937942,76.16218264917181,31.340181512273652,2.9059470735175363,0,0,1
24.521008043981993,50.704058987851084,25.218624656957612,3.90303937149838,0,0,0
28.273423307252962,61.48945932400433,48.35578086856807,15.508344707404124,0,0,1
33.73659478649516,92.06101136383091,34.60526989069586,5.237192390310765,0,0,0
29.651441944205004,53.563958247987074,12.565948431315771,8.980699325283803,0,0,0
19.298807571815136,76.75983861645668,45.48384609525423,3.0334274611847856,0,0,0
15.623662701225694,80.70821665336749,14.701486907755218,13.558598126321971,0,0,0
20.2452808859965,64.64707847058378,18.580254965042815,14.565394682669524,0,0,1
26.901558614005097,91.56392927177706,5.106184901010669,7.233846357974276,0,0,1
16.028516269685007,80.51612043703348,44.99832598980954,15.694932922455012,0,0,0
24.927324944024726,65.18585189234938,14.30560116139315,4.798133038442529,0,0,1
26.936856978337786,71.31343609768517,12.945880896569118,13.838077242003122,1,0,1
21.684877816339217,78.09373938838053,46.013129899747696,14.599291628409079,0,0,1
30.418244074916437,72.570459923607,40.27634312025167,19.373147555775525,0,0,0
17.131965062675437,88.32836711043417,7.05394607596872,4.646433303734325,0,0,0
16.502755634716173,59.628876425422064,38.46622519518404,1.8742096008550546,0,0,0
29.563775124072066,56.49371570306927,45.651654902689536,5.260708445795732,0,0,0
24.90982632412397,51.76113892223954,3.925560910537196,2.457243931642381,0,0,0
28.768047928554722,42.078063243552734,41.26074974522865,3.3938861698861933,0,0,0
23.696546772074925,42.36576804090304,27.3710025936528,6.6822902371194886,0,0,0
19.928040664782138,87.85303562101055,33.459872468940034,8.279814934440017,0,0,0
31.382046353483993,77.3116230523249,24.642716945246846,18.074484515027592,1,0,0
30.988317579379583,76.32928284900674,34.89015424526393,3.9123154300004215,0,0,0
28.893929417088536,73.80535504141874,1.7048930833376608,19.435179518424324,0,0,0
20.44290274459925,86.70705295817577,38.13533616116418,16.203064197923432,0,0,1
26.804613337381742,66.41468091160951,1.6671848929479205,17.62942779786882,0,0,0
22.219477938800537,87.87259557070652,22.764992387367172,18.588879794804868,0,0,1
16.831641466532684,59.769476440023155,7.548249656514744,15.064823942822414,0,0,0
33.34627150924486,90.96891273864998,41.17871386756536,15.775596632341223,0,0,0
17.736372618379228,78.4261339044682,15.683045458783429,8.756365932112391,0,0,0
34.00474707641605,54.1447424813435,22.704677230216625,10.209004693524879,0,0,0
23.920115459159113,71.02467069287438,21.43753706491558,18.649708535332685,0,0,1
18.702658576772393,69.31668088185405,38.62509828423533,7.56511823105299,0,0,0
25.838018947567164,47.58443519516837,24.057217989798772,0.8389414612841439,0,0,0
32.45891671752817,72.51835981628378,39.4479167505173,15.25508770949546,0,0,0
29.644497728191226,57.31320930443269,3.6754138401337624,11.463150234350367,0,0,0
31.131222957228996,42.87918217452813,9.579698395149755,16.297519246866234,0,1,0
28.175667334214346,92.17608867386107,27.576712482318033,1.5110253322192424,1,0,1
28.84553129035705,75.28197029853584,47.35441623763475,12.424639809515796,0,0,1
31.983913031306386,88.23054125289659,3.7378923360890157,4.95411775981516,0,0,0
19.993360177183717,77.18308027572891,2.1542108078432154,18.065371889889683,0,0,0
24.788499272862808,59.63410306770621,7.827533746392784,2.1981987948349135,0,0,0
19.424188836392045,68.19784397808462,32.05765644300783,16.86138545450126,0,0,0
34.75336015993294,77.16607181909474,19.94964583351236,1.7710850394382072,1,0,0
33.88118679373227,92.81387788607907,41.27761897088431,0.5019471099399619,0,0,0
15.788536227370118,53.951820251693306,3.5966575740682902,4.701188600838446,0,0,0
29.11150345031377,88.12373822432647,9.820704340735054,6.660890818533676,0,0,1
33.50496634831332,90.82427929118481,15.001320273244783,12.530575436237424,1,0,0
18.611506902546672,76.8728533062426,31.33650433443926,2.634491947221076,0,0,0
26.358904611052587,91.21966450707359,34.25863451507736,8.746598671821499,0,0,1
33.30976595176084,61.88332231125527,6.2101646981886915,4.0852720420574755,0,0,0
15.678919571715976,92.41588968222436,47.19023544958698,17.106066430941265,0,0,0
28.9484053449368,78.65305824412862,17.052206759510458,0.8993301590260994,1,0,1
20.946980147451015,42.310317208034654,35.658438150014156,7.118754533770422,0,0,0
33.48792390753061,89.8780057500479,26.21038594738494,12.627481599382177,1,0,0
34.42116490330736,66.64600449682558,11.13790567735533,18.26176356103878,0,0,0
33.88532978226868,65.3179841627808,42.31141615577055,17.359868453877905,0,0,0
24.484284333149276,71.15566332887988,40.911901409596496,17.903839990343272,0,0,1
32.24085301978627,48.216150072417534,19.803592695834503,1.2570658736596418,0,0,0
31.890987970701406,65.80413267120693,29.43037928469277,16.81846522926919,0,0,0
21.382009464865114,85.71199691947601,12.891284796796986,15.598251570882383,0,0,1
31.57830948301355,40.851535252563345,34.492581437315074,18.048632985512377,0,0,0
15.740152694309852,55.010443817840425,15.451340631021571,6.231525345160027,0,0,0
26.92539756964106,40.13500225441143,42.203936719111745,18.235302125467335,0,0,0
19.600176745754062,62.86412200324166,10.869255213863715,8.052821701728956,0,0,0
17.411337715545578,80.0573530771554,0.740171140923207,12.681993710516,0,0,0
16.539064032584182,83.93245060130457,13.425402098395923,8.483579824139966,0,0,0
28.925775517562794,91.98543686198536,9.552624322974335,8.552968610313023,0,0,1
21.797499275361325,73.46775371339325,25.414321986246215,10.932740375898032,0,0,1
29.49533543057523,54.00447766590925,10.185164582828815,7.11853419241645,0,0,0
16.307126815978847,90.82813720251843,38.15949353597474,15.854739885384713,0,0,0
21.305806756612206,82.64236646342069,12.068531900200197,12.672774708304777,0,0,1
25.789825847506744,71.59356656517295,35.34840899563279,13.795115230778913,0,0,1
30.814463296779273,78.26021186454147,28.923546150686203,4.620696004435272,1,0,0
21.3750500586414,90.8373995254086,49.31249282359422,19.391505769627848,0,0,1
27.51782752874018,79.18167156601069,49.99504885046158,13.203521955459308,0,0,1
32.71955496472374,60.26059791716037,43.476304165866495,3.9439172906078324,0,0,0
27.31726376364609,79.21655112590031,37.999168464937554,15.009804869420675,0,0,1
19.659189495072674,42.21529895044633,19.322820700028686,3.474282064152454,0,0,0
15.48801563113076,61.252855900681965,37.66383635656518,1.2676979259901677,0,0,0
32.401977478018594,62.34776675150686,47.833776853974534,10.551067922916687,0,0,0
15.425388217007743,49.17610289314591,1.168878769772208,11.070479083246944,0,0,0
32.49403345368399,41.26970143034736,26.89573500988694,3.7793114946319717,0,0,0
25.578742680544238,47.335968015075856,10.899915219421729,6.96757888584318,0,0,0
33.781353970257925,76.00418226883804,27.89381579344252,18.91538591357394,1,0,0
30.975664715473307,84.12588490000282,23.32235448794456,5.7000646417497975,1,0,0
34.95868221066675,94.35119209998358,28.788429077614218,3.1113612153073733,1,0,0
22.014236309034203,59.049992670967185,27.54811107093621,19.851239173309082,0,0,0
30.34376577862254,72.9658572243606,48.0053519584281,6.046110727609335,0,0,0
23.03861827218484,91.5429731748317,27.609305446736805,13.605073462921574,0,0,1
24.597512406078177,49.18729797359839,42.31160440624336,4.631203628785327,0,0,0
27.5501092643674,79.47050724885085,15.991014340042325,11.002423939727787,1,0,1
32.47354228372677,81.52383032320398,21.905034439552445,7.725639732192311,1,0,0
34.681669383985906,44.89365447281361,23.520673802240495,19.23158522318377,0,0,0
30.365468277290365,87.36871618506858,13.936402166768985,8.656117491009754,1,0,0
23.355335643346677,84.72077759109641,18.98951307389776,11.683483683634483,0,0,1
23.427140045541403,41.83716536175889,29.92565397333876,18.895325318002943,0,0,0
29.75164603177783,45.00964281840283,29.009388165226618,19.7846859987591,0,0,0
19.775542915366046,42.70197916405188,31.821767228674027,2.03316728009993,0,0,0
17.209482262627894,58.41089424896492,17.590895771007055,16.68641424084778,0,0,0
22.09244315281553,68.01089448739594,15.791574757652855,7.642329883744976,0,0,1
20.744779833081637,69.27912503750458,30.580894137708153,11.896574124112256,0,0,1
20.9261624091198,54.721671787319345,6.643087421376248,7.50096157910491,0,0,0
19.672155020998197,90.13782876081507,12.651577176606999,8.022324113095847,0,0,0
15.841863792727239,60.254453442955224,2.1063868476497607,3.177150719702231,0,0,0
15.357478694668277,42.505258578094384,3.6305426298040064,11.455329168557318,0,0,0
34.75444779472063,56.512491134776255,12.169163963030444,10.934318918894494,0,0,0
23.555462674717248,69.21101823992855,0.9764640148459514,3.787115770767997,0,0,0
22.686532943193633,62.45220024235276,12.270529604373076,10.83460858667883,0,0,1
28.5929456538614,55.061338550459254,32.7488161531013,19.46203765262172,0,0,0
19.365077757301282,47.22277873703746,3.055353923446652,14.288171917075793,0,0,0
33.99922367900451,85.05404750529263,21.83683388973205,9.619651191667039,1,0,0
30.726900288311043,94.78798831683055,45.65543934597747,18.321679711627507,0,0,0
16.78822004624519,58.12481734381352,39.564241446270046,11.506287130106116,0,0,0
23.35161551569857,60.98915742971322,15.271875114742862,2.7009599745560675,0,0,1
32.58236615124329,73.99206385723264,46.24027395958235,10.950192956249127,0,0,0
33.8946404458282,79.51428111045477,16.48232483738624,3.619462307317356,1,0,0
24.348030224997395,61.561624414197524,3.6257748168781245,15.350096774953485,0,0,0
27.268227784214154,89.77112343399983,49.70279783840568,19.343484285894167,0,0,1
18.340678921841505,70.8002194075905,43.50112635945859,7.216371690866605,0,0,0
34.82337252273953,64.7714542023262,23.296639165054618,8.69835760250389,0,0,0
19.63343402766887,75.56700142379478,33.3188262096202,8.429929336772602,0,0,0
33.85463548270251,92.40421165370452,33.56140389283351,5.705999515897638,0,0,0
27.992932979847367,83.7003761931938,9.724111536523017,15.883599297572621,0,0,1
27.154735897577183,42.200722179431835,10.002431657681615,12.354566654939918,0,0,0
25.25377022033017,58.27704509069778,23.479035167591288,1.2810311371311922,0,0,0
19.61339623435517,65.87995767231725,45.578657006884896,16.77612670046271,0,0,0
18.530560640110167,57.29846647150079,0.49968874292853904,3.7417646230641455,0,0,0
19.409724181403508,78.51031584567511,39.12528179746796,19.58302323418242,0,0,0
18.72876524288509,85.44480324244196,2.876339185732707,7.533262780051315,0,0,0
30.591689471335066,80.22398023518994,23.91110574415589,12.328992943006476,1,0,0
22.002505183334602,94.41333077555514,31.89364165367382,1.556472377920608,0,0,1
16.156853531267927,54.9901206341166,34.33796335412324,6.893265493767133,0,0,0
34.38205260281623,88.12442222634317,2.9239631807955693,16.047079147215626,0,0,0
32.67571769926852,82.16424658459674,20.930180869198413,9.54416983906517,1,0,0
33.55504566390426,59.919831665698034,29.191863025116234,18.092069670880456,0,0,0
34.8981564529287,80.37684990113328,3.3022768653003465,11.502768821016144,0,0,0
18.477904984389745,45.72417760300358,6.754727829765489,18.571443907914954,0,0,0
22.924840378053176,83.41334152873037,33.18244947520193,19.652198140251123,0,0,1
30.164769514081826,69.27818314229064,26.081909829532584,9.07789119036552,0,0,0
28.920412361075844,56.075959499008924,8.091433063414527,11.303131451556162,0,0,0
18.0779181267971,76.06775159812992,26.761966845736673,16.698412865025396,0,0,0
31.316662499812356,75.28909992929249,45.63461867222079,4.430660110716261,0,0,0
19.488811436733215,51.52174224957798,0.7793792387681964,17.232591475622193,0,0,0
19.47635229645246,41.67185781463394,32.13168867429273,11.838402807545393,0,0,0
25.73948845786827,63.84924227959206,3.6825217302670965,14.510002707690507,0,0,0
26.858798696834064,71.32315281394317,0.32247214823504233,1.5970804532689042,0,0,0
26.601724156756223,88.21329031038292,7.5327244330316905,15.323753669068072,0,0,1
16.829736747955096,91.05192376061768,21.145331592695964,6.215738091473169,0,0,0
32.549217252607605,69.08428699862215,40.117199949097646,16.10464553699684,0,0,0
20.312000851774123,81.45919160726997,14.089274830227932,10.183050766054137,0,0,1
17.590298425656083,64.16167997803983,31.28366061943793,5.492286696312663,0,0,0
32.774961597379544,81.03451861150911,20.557831897765332,19.05519394043308,1,0,0
34.11302996459507,51.26408387165418,11.716589598300398,15.301247954229984,0,0,0
32.24255234530901,60.40856041419423,25.71235571414293,19.713721477472937,0,0,0
31.19032149449756,74.88253993474882,39.87322451863116,7.289397968244076,0,0,0
28.104839612780435,40.99868810838934,41.62461850280721,12.984392670832774,0,0,0
26.017147412182787,79.73537206864248,42.32597659386184,12.231773557274535,0,0,1
16.739735198228203,85.95445256974918,16.92789062774897,13.75113482137606,0,0,0
23.169064261413972,61.952791360167325,39.672803235787654,0.7663313208266165,0,0,1
22.45377034024628,64.63683294474404,10.608922755445393,5.834386477547482,0,0,1
20.195075675206525,86.8205216719092,36.92125506214416,18.186751475816145,0,0,1
29.468402273771698,82.66100494293184,47.419221313630835,8.476401097444537,0,0,1
24.917514701575417,55.848221896835625,0.6871917345478595,19.212873581630944,0,0,0
16.62092431815296,57.81868586088464,22.018196558939902,4.270063452899516,0,0,0
19.403664038996226,77.33830278148281,32.38854942070023,19.948479469621788,0,0,0
28.66517527319192,70.97589508464887,35.08878852437765,13.951618179190646,0,0,1
16.522617189806002,48.92262641030733,8.80438791346011,15.527868481329756,0,0,0
32.02413828097538,57.04614500760415,48.60916376192964,7.937223444050716,0,0,0
24.902930540279485,89.49908022832597,30.76326839854865,18.140162425212417,0,0,1
24.61173154653296,77.84959401972449,8.21703006141339,10.90925801917244,0,0,1
26.84815569319035,94.22858747270357,1.0261255856257645,13.618767604492701,0,0,0
31.493619318502983,82.18568914894232,39.163209939488794,1.89616542672572,0,0,0
21.95618415804386,91.80859376789746,3.985236972272954,12.633614017857868,0,0,0
28.56032305118127,51.89037156287615,7.0525460535118265,17.58157976524313,0,0,0
26.314639279915824,82.43166811493091,28.74150134278453,3.5656645643197615,1,0,1
20.340565403388425,41.11196360812886,30.175275172480987,14.754518692696921,0,0,0
32.57259972710316,76.89180119413436,34.34435592961992,0.508015179893091,0,0,0
30.94852043213856,65.81052529661328,19.675700633181037,18.52406033125038,0,0,0
28.169036693168508,59.07180395560378,38.694933448341146,19.658342320623724,0,0,0
32.011634581884834,87.4322393761199,48.71792998079443,7.083601335961889,0,0,0
32.34588401919605,86.98472309616419,13.554747153994152,2.141476994306697,1,0,0
29.167259534300698,41.2265937694254,35.1514308268973,13.1715273632629,0,0,0
31.74026656727344,73.5227817347187,46.42343261975784,0.5966902829495813,0,0,0
28.949429233385672,60.2307723376526,34.314338130852136,9.649725625943734,0,0,1
28.602815435206008,62.8613550825247,34.055474932212974,5.43558350275773,0,0,1
27.372227564303685,85.76224065703268,11.18862845426033,9.466781079057538,1,0,1
30.054332791152824,57.041187434022305,26.756510015984645,0.3655102947671396,0,0,0
18.172102105861473,91.8676845850691,28.126142180229007,1.0322436614141295,0,0,0
32.617415183978565,49.879860450467746,35.00647812279764,0.3195165768676467,0,0,0
32.436870554904644,76.44973328524978,49.84107249480913,12.38263740094228,0,0,0
15.584945660691183,76.96577868575706,1.682191127188104,11.201858353504171,0,0,0
31.516335011295254,53.8707338785355,3.261633063374342,4.663159970732089,0,0,0
17.577397349468903,57.86128349319611,3.897503471545938,12.932862578080426,0,0,0
21.70237708518284,85.91391709189672,37.14895672444784,17.6841451378995,0,0,1
29.870165125832155,81.89928902252238,6.8176897555378755,5.546442020522273,0,0,1
18.215197920966165,58.100273417311776,31.122593724517262,16.63987615757975,0,0,0
31.359340482381242,69.36761008142136,16.233443894672924,13.25018272004363,0,0,0
31.64268355915484,43.39241629392025,22.86599781053555,0.6764088634596632,0,0,0
25.149354675216724,51.481023531924606,10.783157990870695,7.50299791658869,0,0,0
15.127717434336672,66.72013073732195,43.30532806522711,10.155144317180342,0,0,0
20.740762663498256,44.72855544035664,29.30751620815132,14.633983799094427,0,0,0
27.338538367514843,86.38327951905656,47.228163179112634,5.742611165068339,0,0,1
34.62372356054847,79.49034155592062,28.729812485216478,19.654602097158648,1,0,0
27.636270540333367,91.8998518856672,6.195401529847333,13.690794810101716,0,0,1
20.196071621283195,78.14067982802149,8.543521691923772,7.45627354328721,0,0,1
27.680114061992228,91.72207547442021,49.45369881839236,1.9405007815422404,0,0,1
25.79970759431711,70.49819056300308,36.27825986654339,3.6273552054161984,0,0,1
30.596907903022874,73.01202360840831,2.463937501454483,9.752155201103132,0,0,0
17.139612776539167,93.73340800444436,35.18905025173324,9.893907099167334,0,0,0
30.22055805004056,75.31710307753431,20.60865234048058,15.354375296427069,1,0,0
25.825331573522206,41.693261287341066,15.360419341159526,14.52353251144505,0,0,0
34.25984007717989,79.80915271467879,7.703039686526713,4.0254607703563465,0,0,0
21.837443320773723,89.80077806755787,41.995197727828284,11.8991324111653,0,0,1
27.652437862678962,83.75691373868796,3.1920689494550345,0.4124360148577666,0,0,0
33.64056211020035,72.11082999439824,14.491773118982016,7.970947987686667,1,0,0
17.050194559813583,76.9216932201434,15.319144691285219,15.282104811432117,0,0,0
33.74456974472902,94.46054840884194,8.045264198175017,7.99017186574333,0,0,0
28.757714446016266,44.98641486801361,25.409244164343512,16.711924796028484,0,0,0
16.356741182103438,76.69846557482818,0.5851313405446312,19.523105802505633,0,0,0
21.019271338936324,55.58687320138266,15.048775770520455,12.144252053987314,0,0,0
29.16344177290563,75.20497181223935,46.6814722016532,2.900081526835132,0,0,1
16.347012029375435,73.41929667361663,15.526478467100285,7.593544158108214,0,0,0
26.643409203525465,48.44012576594891,18.02296935533758,0.1896671013675033,0,0,0
21.917661139059135,51.371065515713155,23.65825241170358,12.054518476815053,0,0,0
27.41831035534954,74.18962679237674,28.084668742573736,16.431370019475963,1,0,1
15.914840676250257,47.05264710170758,40.4354322410372,12.598801578460858,0,0,0
32.430736123047524,54.58494813216775,9.51606115780088,15.721724583668998,0,0,0
34.46977938354794,85.93850512559013,43.587318859627864,15.998078545517734,0,0,0
34.377557105713834,57.99003283009012,37.87746785719447,17.020251524349273,0,0,0
29.993036634858495,66.84330859483146,36.132516733077765,5.333275659951084,0,0,1
17.60172480261264,91.7627184330212,4.340228685731762,17.425370456408437,0,0,0
30.16526391858045,52.493199886032045,1.082034498729234,13.081879969269819,0,0,0
15.49173832917603,61.429430954690574,29.7006350454042,5.794511131889739,0,0,0
15.442471030579945,73.35517765489502,43.15669812615806,19.745894299925222,0,0,0
21.472204382990824,81.54364112271847,29.222073207031794,19.00364787463338,0,0,1
24.772863808093316,89.59093626919878,10.661743272276542,11.488819664127988,0,0,1
30.408148356155863,90.35101431654334,4.525994897460661,16.86416756799127,0,0,0
28.665907532130106,82.71520409049427,34.97982264088675,5.229889774397433,0,0,1
23.918054127534965,52.558196012632074,36.08851386589048,8.3207399322178,0,0,0
20.472533325633318,41.36451315234112,8.626585034355433,3.679435214876674,0,0,0
34.94249000315422,61.107566169559306,1.409515774826814,10.40205285258496,0,0,0
23.523626044719457,47.78518680433028,20.41417566115985,9.920028601433305,0,0,0
24.02774048659351,79.0713206091064,29.135935106651107,4.256264519231328,0,0,1
18.272476423833382,76.36218227541443,35.30012047835956,13.456033874321951,0,0,0
30.89619097499859,42.41844028918002,40.49725045764514,2.3558059105082507,0,0,0
28.87364451562977,86.01265785220231,30.526871365336618,1.2338290213942238,0,0,1
19.41539225577521,53.68087964601502,5.544030429924252,7.698099373247722,0,0,0
16.647620912316853,63.772489152007324,34.12908360712074,8.1964955556941,0,0,0
28.60998604149426,76.73635545006583,49.2088321447441,6.394812130529724,0,0,1
28.090224285622703,63.61803327687393,45.2792292298702,5.1589327515650085,0,0,1
20.465190539964187,64.27082915399689,43.583445463475634,6.7755269001906075,0,0,1
34.0172712450082,43.60953974346572,15.108507667917042,3.26751147904206,0,0,0
18.021157835618006,62.07939520930021,37.53940882270003,8.069049382657546,0,0,0
23.64669602085204,82.06663412709909,42.555172298257276,18.092067470348873,0,0,1
33.872318403351976,90.33469854526288,33.91631023156316,4.4885376241767645,0,0,0
23.394546338522446,62.742342538485445,12.528087828399027,13.689022087007007,0,0,1
27.77051895328171,63.29722047834934,47.691698593747915,2.835690207956787,0,0,1
22.951887959255885,78.64449084780087,22.540970572933794,7.078132480204616,0,0,1
20.4843040469734,91.85246006079021,6.49027793329397,6.4234956109051256,0,0,1
34.67955295919656,54.68835171316481,5.4888947528696,18.740587888166555,0,0,0
23.18668012630086,64.20793135958652,32.37594936495229,8.559641116036179,0,0,1
32.881984073582686,83.77852839537655,21.885482320836957,13.809318875627678,1,0,0
19.599092117821723,73.53314631557211,4.72419375894818,12.049256179426585,0,0,0
19.262094080501665,46.08224891801751,37.01822860780473,2.8206015056952283,0,0,0
15.622681657690228,74.52530045592462,39.966258362930986,18.790809020612368,0,0,0
28.033336507517703,50.271045652852976,36.27078153932256,6.917385837115264,0,0,0
22.370526874475225,68.06187637431222,10.113043884200646,0.8951671156729946,0,0,1
32.28716499679274,69.10067972132411,34.48877279980347,6.008874136883753,0,0,0
24.464198133831143,88.19118492237416,0.5361401447192549,6.712674517646522,0,0,0
34.363868558294435,65.4371850706841,15.255606983920462,1.854906547574544,0,0,0
18.71051031406242,55.369333222974184,19.941076570377188,12.399548127598855,0,0,0
32.37246335911222,52.70314915188173,41.76234744427508,6.935284110830908,0,0,0
30.531937055834835,88.08385321763848,19.519718653470214,12.582692126619417,1,0,0
30.41843689288104,49.40559699300256,0.5634723094699146,0.13481127178134322,0,1,0
31.895664562337753,63.42277084857291,17.61732059140047,19.64096797981505,0,0,0
30.220479818859978,50.294521320982085,24.94620491796436,3.4103271708936322,0,0,0
27.524406432628307,82.53172220629065,47.45023933363867,13.186619734098727,0,0,1
17.624897553647752,66.09049519860405,47.051715189477235,14.31568606559031,0,0,0
15.650523589825038,59.31290298062466,9.043701911070578,3.4321669949495215,0,0,0
33.41695695631374,59.86048023445568,9.257327086972577,2.2342456420483714,0,0,0
27.33300629041476,86.87178136976387,8.169072823227525,3.0515438368961734,0,0,1
30.930745819523526,70.4575674861941,39.44609662070516,4.936365116898891,0,0,0
24.630447030251002,79.4827318122195,0.30110201842031836,3.3646423598581765,0,0,0
17.346163779247888,89.33711839378765,6.358859909593867,13.479988539121631,0,0,0
17.50371584405101,89.59579218223531,26.89798158220495,8.416664074521345,0,0,0
28.711305744579427,58.067997988582476,12.378103344338276,10.755831890307261,0,0,0
23.606117897989254,92.38481947305118,4.6178229119631045,0.9467357761831652,0,0,0
19.010494534006735,41.3681735108033,17.993900616691715,17.224979262014465,0,0,0
24.83189093482874,60.72595585588911,13.71038025301224,3.4114310641238443,0,0,1
16.284178741502682,89.26893716298629,25.555215325714226,7.203046629101763,0,0,0
26.639428038287974,55.10502838993406,48.961679691509794,1.4380327965553397,0,0,0
20.379868088701954,55.01947976767251,6.215231840745922,2.735862692966593,0,0,0
30.951182012743764,56.644225679503876,18.636335241704714,13.315988199513228,0,0,0
21.207239178471475,73.67723616658071,46.59925089362373,13.851740045113779,0,0,1
24.104402981636024,64.10830265878946,43.84365217469113,13.539309692507043,0,0,1
15.232410798162013,79.97041599943384,19.71355173921403,11.042735756920441,0,0,0
16.448937755891176,89.22008534105662,34.94766322598682,19.05043328023813,0,0,0
22.849871128133696,77.08096562185733,4.392850679067278,10.14354321537153,0,0,0
24.59877669434247,51.245669610866656,35.62705277718076,8.988240585928931,0,0,0
27.000410962386074,91.29750462982761,48.64288647423707,4.95091131434287,0,0,1
20.833251574186065,54.54710803411132,26.87440764170958,1.9769905853322522,0,0,0
28.89963772253085,48.244186243048695,24.924511351720714,10.963098599323576,0,0,0
32.202447943784094,44.94820033735285,9.365930985095517,6.297803733856561,0,1,0
30.597019777866997,70.9861057366391,31.689409945364595,10.480507663810304,0,0,0
15.792376506967143,46.25693543643585,29.521864038945743,4.122381565209594,0,0,0
24.610138945156578,47.63267362619469,32.59665297378753,16.763453444158227,0,0,0
17.098603568363497,56.50167643275232,1.304164334236091,19.99394419318138,0,0,0
19.84090031725055,55.49091553264551,27.436174417453678,6.44807020241299,0,0,0
34.73325186534293,73.23317306826783,29.74674217486865,16.846552145206594,1,0,0
17.849910858030263,84.92099037099749,10.376506770640109,17.45972272784815,0,0,0
24.97776306902712,81.87423109115909,10.4166428744268,19.921475775141595,0,0,1
27.36311468636238,54.43664500940622,13.810908425547492,6.854402595559588,0,0,0
29.049299410882078,53.492077389228896,35.586079586361876,15.120827874282114,0,0,0
26.192973669738283,93.11853415588322,30.313303176618582,4.576180072839708,0,0,1
15.195416948383674,40.45299328755781,42.28813230589023,12.495920025842866,0,0,0
21.529226164879837,88.38462931831187,14.78292859215491,14.096851389456752,0,0,1
25.35423286769423,50.98506855173227,45.603402994415916,14.822413850701928,0,0,0
16.757329982896668,92.10063776993724,37.18530809916792,4.143443371689233,0,0,0
22.012538624183616,58.826900665513584,19.750583500684847,16.974511409923895,0,0,0
15.66406217582733,64.21934756412888,4.763103281272796,8.419437207850837,0,0,0
16.571569943100414,78.89163376694096,12.849183124374125,4.327390354691101,0,0,0
22.93846552403192,72.32179783102931,47.83841086074251,10.850621767438032,0,0,1
17.654315080861206,57.486663133875254,15.518168794203968,17.267142592138843,0,0,0
26.35081696523116,70.46070037273029,16.49504800745322,19.341758195562274,1,0,1
28.789299382745313,80.18887863995874,9.47944655488585,14.964156434557488,0,0,1
31.011733982181656,42.328422024637064,40.34253005693827,0.11245772542724852,0,0,0
19.0030048848962,40.615961789063725,13.782211512113868,2.6940152093191228,0,0,0
18.349651645181396,65.19368164900902,16.51291241844278,1.5254797287773147,0,0,0
17.091356806688005,47.25101397919328,20.71740542158133,2.024274859877695,0,0,0
27.728604990872732,76.53893603055928,21.686413988730486,7.660699120395503,1,0,1
29.129514529738024,51.77288509250888,20.567039520751084,6.769866296572555,0,0,0
15.63172289651284,63.806810873761904,25.187184768736433,2.273699625366201,0,0,0
33.7242449248738,50.87190152808479,40.725643980820166,17.64470703228498,0,0,0
16.03942567302945,70.16659721620185,40.964252037101105,12.308551526647204,0,0,0
25.82592670602141,46.38294026615129,39.915656688167346,15.929266179128978,0,0,0
29.18121038901833,41.27087690331141,5.056241955824375,7.4309877771086175,0,1,0
32.41938247492171,42.81224009586835,39.983940163740705,8.204720325751358,0,0,0
29.281738642648556,92.48421428334206,6.012588674328839,6.35242421073456,0,0,1
31.034561661395838,47.82574202360147,6.236188502612899,8.768532241969822,0,1,0
21.78900385085612,78.96630392252594,47.39313858174804,12.207545247101073,0,0,1
31.296502274930244,43.73594123225544,40.969892235277065,9.859680156804828,0,0,0
16.6022969276935,45.94881937293502,27.620523343400432,16.758340123769003,0,0,0
32.89633312121055,67.98819382751341,43.748510223893106,18.002783372196486,0,0,0
25.951847523074726,65.5679011584889,49.46823212759314,9.393677067351984,0,0,1
31.345955399249874,92.33691701919282,30.53210333158888,4.794959606972988,0,0,0
24.046365690366002,91.96594991614054,30.6449218490759,18.903848389186177,0,0,1
27.871553903930497,82.87847533983557,37.7213514579964,14.700772861018454,0,0,1
25.528053218722263,73.11560065700424,11.606947618266638,12.8025417210776,1,0,1
29.631790435106637,65.0228174566156,8.356243075939968,14.908274672479518,0,0,1
16.63259964061179,59.58981938806316,37.97903750075363,1.5196356479384576,0,0,0
16.207041679811276,92.08981508365554,17.245239749705117,1.3525265527534502,0,0,0
19.94206468020293,73.1599846283577,6.7535178152967,3.062413051619748,0,0,0
18.190893602263767,71.8489890227297,15.743886295887489,2.9490193488106486,0,0,0
32.435671331844034,52.75456169729031,17.93184339372877,8.41340949698809,0,0,0
19.384279747160885,42.56837998368122,48.26138297528453,3.1480816457072835,0,0,0
34.51730511638263,91.98537188677494,34.89798555439616,17.09051288533193,0,0,0
21.737915835422136,57.25543923645597,26.542815869986697,11.561938618560516,0,0,0
18.642358313773986,64.34239628284523,48.443656934130246,7.365237927005028,0,0,0
30.79397014284958,46.305196897213875,45.156987023709036,1.3924507645053419,0,0,0
28.17415551001752,86.03083814501106,25.600042830707988,11.820555919182503,1,0,1
24.96391432906278,41.519750807076186,45.28398176884904,2.3306564118425266,0,0,0
26.107271018752627,85.86949191545031,20.21523290313283,14.864405008052124,1,0,1
29.384035565445277,47.71567570333817,11.521033267831232,16.05516193487643,0,0,0
19.569094826625975,88.76102619471337,11.633908841104256,10.879525159196824,0,0,0
34.92667832113484,80.13749505348866,33.115776222106334,2.9920571828171494,0,0,0
34.49586324293566,49.05686443790178,25.053516035363856,15.73725447480931,0,0,0
28.00651372693874,71.11998960727075,32.947542350272336,6.156555785186679,0,0,1
18.990849018582903,57.19609728953707,34.30379821310849,4.453062855069197,0,0,0
28.604564848625827,49.80282044013709,1.1161436448858808,9.411132820368506,0,1,0
16.443968179583518,87.25502096761096,2.701979617395117,18.452924827658357,0,0,0
15.613050044116122,62.19375215789762,26.633886329562493,5.947465841490473,0,0,0
20.153657770224275,61.91990429009604,9.551773888003845,18.111570019452405,0,0,1
24.252459134786328,49.3437671143641,31.626688440221983,1.0730661747965575,0,0,0
32.36545010816761,61.06861218471783,27.609286958532405,1.6704741003589363,0,0,0
29.54338139532616,87.93892654808676,29.28801791854456,13.97122050270494,1,0,1
29.85413042399962,59.97207907692997,15.122768991550533,3.811853228963511,0,0,0
23.50986668896151,92.33819593748834,31.992175313894833,6.332413663932508,0,0,1
21.91869985093926,92.04698945646132,41.47463182425115,2.727459619611581,0,0,1
22.420775259692054,47.96942626190403,49.90356267961186,6.644965382650967,0,0,0
34.752991274721154,49.75211894374547,41.922219308610714,5.609199877849267,0,0,0
15.80218382824965,87.44707386825391,27.874937983997373,14.726752779779673,0,0,0
32.34062992244897,61.60185054085956,9.671479583997828,14.040467763780878,0,0,0
26.57350817144787,40.24056902556551,34.072293805991045,19.09854352856731,0,0,0
23.77230838379181,55.06295008379541,46.88268927789891,14.488433703460817,0,0,0
29.50515320830273,72.8695946257558,10.59332698661512,13.896355060427698,1,0,1
24.733378828494057,83.95962812779824,12.799781026328855,13.884077781253035,0,0,1
32.468464761633214,47.33637394012928,7.450427170582557,17.659349112963522,0,1,0
33.01403728022517,46.079775042920446,36.83608218132009,5.924734657511001,0,0,0
23.434418537469107,90.71509594647824,20.328075171182963,6.001842183876085,0,0,1
20.536555944701032,81.31316023024205,3.1347819443192035,14.824276194098736,0,0,0
26.847006571867244,72.43787804279432,43.74749957451401,4.574102743002548,0,0,1
33.24726691233382,82.30527344977605,27.883595235128332,18.240400082959397,1,0,0
19.21324378011333,63.586989871865114,16.55471460001779,10.695634501737722,0,0,0
27.459331671269656,81.71506610200197,17.199148803054847,6.002498561856635,1,0,1
27.63120440185041,60.449164520099465,14.512561009545339,15.521998593799648,0,0,1
29.66226044830562,53.42520148709313,22.77400861963209,6.2464125975059215,0,0,0
17.631353702545198,80.09573817111328,16.85208442440725,19.265566341437435,0,0,0
29.31649929364177,63.08197606864976,27.39731520353047,19.659784194499693,0,0,1
33.18065041331282,93.97574073794073,38.67586261356471,13.335924839323923,0,0,0
18.593662177404838,59.22168502694555,33.72306417221868,2.272677795004585,0,0,0
19.750866498477553,90.69500812920862,14.722844637705856,5.26417699866585,0,0,0
34.42790188083279,91.31294017118938,26.437050576988963,10.308339244321107,1,0,0
18.619539054189794,53.30191208856104,42.00630799561254,17.02894900195963,0,0,0
32.08770186739159,83.90216498734074,3.4103117371362734,3.6977299388405727,0,0,0
24.845557128960696,63.81909778295108,3.9148633493452376,2.0880691802786466,0,0,0
19.94462148806354,90.46385999766915,27.808503402487673,1.4895496637807115,0,0,0
32.41499802545023,64.75683499493813,31.95575641949016,10.139351247200938,0,0,0
23.90610510005331,80.93670445355514,10.570650788795206,17.694019391894116,0,0,1
25.296347078593804,65.68320750400889,37.2610063345759,0.847184852877847,0,0,1
22.18466738799531,52.52904156420709,32.31316885203637,4.2464306798706914,0,0,0
26.85901702869855,50.96425709195775,46.164463411814324,13.865140316790034,0,0,0
18.270477451700454,63.398715684099,8.447710092926835,16.517268702874308,0,0,0
22.821630733035214,81.55220613578183,37.568713267900534,16.147990585983393,0,0,1
34.38824644670575,73.27893168494217,4.182154529163351,15.70136114640662,0,0,0
20.16266865402255,77.87461094452988,28.264620475894876,2.5959960162667994,0,0,1
28.134733290825842,55.527949290256835,27.594756974957292,7.944751643658369,0,0,0
21.503801284493896,66.4789440276683,19.41925223233703,19.69489325663493,0,0,1
30.46946251373201,42.44173957331299,42.22855738342836,19.777751431761764,0,0,0
17.617473214366996,84.96428287769663,0.21853223930061172,12.048547839083758,0,0,0
34.39642090157089,94.4440689231931,26.00897009492604,14.185344094422685,1,0,0
24.075790827672783,62.3783484443569,10.857677491759372,19.02567592570618,0,0,1
19.72100926692928,40.603000922234884,37.174930955821644,8.998557224824209,0,0,0
16.469934946600254,49.3385951753021,2.1533713153048586,2.7373371576758654,0,0,0
18.395158101750816,75.88897827627304,41.57773440907888,13.378977510321564,0,0,0
25.395478971120355,73.66436250121225,41.904611335347575,19.20204609801047,0,0,1
21.740063528625726,83.33255957720492,41.64330062017515,13.944121877325887,0,0,1
31.57766731765219,53.96362060285875,7.628426336633493,16.066422540474754,0,0,0
23.617750473236118,81.99975535509238,31.520325928052245,8.454976079412301,0,0,1
19.9742854517526,77.83912118380184,0.7183679591694803,1.9292630828970214,0,0,0
27.342899732080603,57.754797374261386,42.39812956445999,3.3776417310346663,0,0,0
29.135544337708914,70.00184814313292,36.14875967543102,19.65309658870954,0,0,1
18.340838158018997,48.100059467407974,26.557686544962632,9.863686339885751,0,0,0
18.35238432576635,64.89104768895704,36.52957165483085,0.24041180354499758,0,0,0
15.733428538670859,88.46585367556025,4.716204832588611,19.107345614623476,0,0,0
29.72804030131281,63.165525890396495,26.432791608842816,9.95559823942106,0,0,1
28.276090552436102,86.17616885614821,14.563824590822271,16.725367965836753,1,0,1
24.492617514996276,72.46393508928318,48.63097316114865,10.96916284073787,0,0,1
31.883408979383944,50.55321922062962,42.85589753119508,2.0340456734952217,0,0,0
31.113403059001065,71.9608434583843,36.663784791698845,12.311391642638934,0,0,0
26.707087287935042,67.82908310363848,46.687381762486595,19.948005526392187,0,0,1
32.36542561026518,61.92527343580112,17.342165228273686,0.6947556529188614,0,0,0
19.116824200735365,46.579674173383864,45.04399494940906,16.835883950300882,0,0,0
17.23839238795456,62.91897651159764,16.261911605335516,4.709615913015299,0,0,0
20.394992230339792,44.00193069317949,36.63983598455765,7.877324454243713,0,0,0
16.141737121786296,45.43229782693132,36.82084558882245,7.454190235457907,0,0,0
25.62339056002064,62.87540931129938,0.9174938227046736,17.975943885382392,0,0,0
33.73211384589923,56.795981508265506,18.052984913909757,10.089723776636763,0,0,0
15.786870813370193,90.90493792242229,0.9716336204248943,8.943485736688551,0,0,0
17.442198280200536,60.66381929591488,49.85460088051243,16.360502176735526,0,0,0
24.043980565668704,81.68219671396551,6.1098380914619,0.978142686098955,0,0,1
33.6775003505581,69.16361395014334,27.140544782405467,1.7291263019044756,0,0,0
21.32312209953501,78.72471177532844,39.52781193813186,0.43377713752578595,0,0,1
25.144696173767848,54.306379065846954,10.063180113044623,13.759658080151013,0,0,0
15.831457181007842,91.80477350610809,24.252633404773633,10.512322741583624,0,0,0
17.966864019241775,69.15486733029331,30.37143804605754,17.52044251736565,0,0,0
34.73260245917694,85.72282392068874,8.010237719777269,9.970658059452113,0,0,0
34.30237392872091,60.077513141186245,38.92777299557692,4.4363914552398835,0,0,0
15.098799618688192,45.51162419777885,14.966822859468266,16.102947462088324,0,0,0
34.03623570846478,77.05414062464669,10.551153816942016,5.886477084652457,1,0,0
27.78239875631001,40.42678065855835,27.914437321870842,18.71379564304418,0,0,0
32.35836589040044,66.14111371110296,20.515681382146894,5.008477757044809,0,0,0
24.09479711267718,50.60410464665526,46.01429723182089,3.3544130574057363,0,0,0
25.311920571585006,74.50565274394492,44.0031349099077,9.866479830213757,0,0,1
24.776931605138405,93.86809302258186,24.167533169444162,1.0103023594048666,0,0,1
28.337285150922085,65.54215984763553,17.96318873627988,0.7282345696523529,0,0,1
17.793025095126257,84.96240410891167,16.27589908156326,9.920290905109159,0,0,0
15.599471797453559,67.92813028231166,13.378181154075369,4.302137615895751,0,0,0
21.158598831823817,67.27120171072133,27.22739268562386,0.18705276790362602,0,0,1
29.093615254732935,91.17329212483278,40.248930236727176,5.921138228630434,0,0,1
19.037069042458967,88.94812278106748,15.53783041017789,9.547347076931839,0,0,0
28.468648666498346,83.21902558533858,9.504704484404074,7.885774029208463,0,0,1
34.398240922145405,56.29406643242312,23.77419030916434,2.709389323208462,0,0,0
16.878014315788366,69.97546286481673,3.4517208398833263,11.59349655663955,0,0,0
28.452042364502525,52.314347831812675,35.06395030648534,14.20665982295274,0,0,0
23.875004386091423,64.41541839255969,25.91791331509668,13.510783243265907,0,0,1
32.362845087550106,66.63171861678848,24.818740398642706,7.875238425665449,0,0,0
18.542995788947717,85.7402022093132,15.022268977501124,2.7519230234222802,0,0,0
28.85251904452329,89.28156009287463,45.23367187658683,9.989735469814454,0,0,1
31.762305792962206,62.80410343180628,4.524314592477635,17.808635098741654,0,0,0
33.892284389480466,40.97374447902805,43.49120044435157,9.374456978824657,0,0,0
28.664960565792917,87.3975611884145,18.835260120796132,3.9136209948317524,1,0,1
24.94349528016855,49.58532731757484,44.031175798751114,1.8610660618746078,0,0,0
27.356944804024277,74.20350801397164,36.43807291661918,18.878532761977592,0,0,1
32.37809968957436,41.37339952387722,5.208536333101915,14.860188177538298,0,1,0
26.412194932776593,61.972856139331036,41.57681432546768,6.2593394540096465,0,0,1
15.607741193936738,94.22781661634424,34.10884168497525,5.907048124103489,0,0,0
33.61897391013956,45.53814806070917,1.6150956457674226,17.90436973445195,0,1,0
28.790535020631225,63.303123359980326,6.685134105483498,3.5513646961930223,0,0,1
28.53026771554493,56.89324726044737,31.781402791784757,10.70074579313089,0,0,0
19.31350304795434,89.77984678635454,33.13002514401425,14.270085503586028,0,0,0
28.177709404653143,87.81370593490453,37.33257164187975,7.927807039313793,0,0,1
22.877288113083168,53.073431816842586,36.012270038749094,0.7980468508617711,0,0,0
28.02465954082984,44.465328287773715,32.97599773349775,4.555176274390432,0,0,0
17.131860606159815,74.49261167336147,38.31194508732113,18.036162748847474,0,0,0
28.156906092060723,58.50027915360404,28.754285294618644,10.462379336791088,0,0,0
34.98827451541333,76.96464148333347,13.039569276222746,16.308824929759396,1,0,0
15.96424077721112,41.7665865837298,45.61883068653591,11.113710855812347,0,0,0
34.54348368442635,47.33695793476192,0.9107015465988966,18.87204191424607,0,1,0
23.13815921445741,77.75047280249538,18.32808599357451,18.182681511136902,0,0,1
32.415069006745185,51.68038604163738,36.44351465485817,9.657760840208038,0,0,0
30.64770968116547,87.16732216693208,21.357802057483717,6.365480508726988,1,0,0
26.340325219733355,43.222498824057446,1.2417203740007154,12.033375746912204,0,0,0
29.768984185026532,51.851509053206605,3.299045155810659,13.497753633389472,0,0,0
32.57031122602696,94.92081366667878,32.43186845691443,9.967101846012632,0,0,0
23.082806433020657,63.819185642273595,48.243229970264984,16.44566442190189,0,0,1
21.540663231264773,78.66311149495539,27.59318179172495,3.666570435697656,0,0,1
28.351867711271694,50.04646768713575,25.33789090118845,6.688236612480647,0,0,0
31.15691883882517,73.54278042420458,15.916260652813364,13.72752714732906,1,0,0
30.245702695532316,79.93583376031802,12.834533693303158,4.933677307751145,1,0,0
30.956272977172688,57.29621497265808,1.0492490878142358,8.796894893672677,0,0,0
23.71166629625866,85.58934115867328,13.647743382023558,19.274670932565854,0,0,1
31.35668432350043,73.18796681597559,22.455522043262622,12.517519453731483,1,0,0
17.404181107412168,61.40176552882666,9.897489152447509,18.981144692822514,0,0,0
25.88978195921699,70.67033163387373,4.367399424071461,14.448828064971517,0,0,0
15.115173209962432,71.72184660897584,35.88639336273013,14.493335393343457,0,0,0
21.491716598005404,49.10444109816263,44.73101345340336,11.837143473804112,0,0,0
22.32923069742796,62.15028034268314,46.83860348435428,2.844171896294536,0,0,1
22.923453832185107,58.888682341072126,30.899936424849468,10.394285817725756,0,0,0
28.909344133797244,62.04964974185194,2.6387291299640903,5.05332401006942,0,0,0
22.771162025406916,81.86108236668919,37.04313149808867,19.973451087025605,0,0,1
23.973872452450614,66.53961241066699,5.504765263094319,5.339238802024411,0,0,1
19.75088261748655,91.71738842815954,33.487405884391194,4.61371686922897,0,0,0
22.4650358325868,56.152202734713995,38.96829178739379,12.477663102480891,0,0,0
19.545392545263027,62.8636968056711,36.29323554132364,10.218976264392603,0,0,0
16.46391847536887,83.28262457634727,47.59419028805653,0.4270582650902832,0,0,0
27.06897186762756,70.03135263264127,36.90731422336949,2.590663579849397,0,0,1
28.364255971100327,70.08654805334463,34.660488899090424,16.220858836550253,0,0,1
27.389806920192292,42.93370896528509,13.08715860915512,9.673839102951211,0,0,0
24.26988087601145,61.92298144951507,46.23843432179508,2.9203042964602877,0,0,1
22.595715603584594,54.89035528319529,8.977193539708345,9.304851256714672,0,0,0
32.26667299143651,94.96343175571135,45.24483057365632,5.062981661648074,0,0,0
25.38163570272436,56.959528884777065,15.633127167295518,4.471829222246875,0,0,0
24.58363755259462,88.6473094136625,6.508179693883437,19.15450552890209,0,0,1
15.512841316128714,77.19285542722626,41.33415136355853,7.24049053715482,0,0,0
21.824956552523126,58.75040250556498,0.12477268004145725,0.9286220934467826,0,0,0
22.60391237571714,69.8943908105768,41.604415884041536,19.406533452746054,0,0,1
22.976455617938008,86.22947339720565,13.115592102298795,15.896791495443157,0,0,1
26.603447384546648,88.58525639170016,44.236063637781065,5.08826613128317,0,0,1
25.67205093453757,48.821663125337984,34.57395911207895,8.177836694107828,0,0,0
27.158101855868892,58.676522766449324,33.309166642529505,17.24579149190257,0,0,0
30.297665230842565,58.43727491174644,18.26597815824217,7.1482703864654855,0,0,0
31.25971477432187,42.312463784176956,2.9701486945385493,11.348080840131978,0,1,0
29.362461524529888,72.90307679185432,41.50365491027886,10.697137393292254,0,0,1
34.110473919098695,87.01510291457035,8.5451897588264,8.025890972575993,0,0,0
15.364651653527233,60.98659133040348,18.612932094737612,12.790038036274323,0,0,0
18.915559713670923,80.70197697412974,30.01773427545409,9.465814746037726,0,0,0
15.151257499562842,74.5235227480407,24.112686928031085,0.4246098334794568,0,0,0
27.949494283092058,60.660680452115045,9.933031758565903,16.287662152958752,0,0,1
32.96061097899974,47.75828897207634,7.030817844114195,2.263115655074386,0,1,0
19.869645931525987,79.01281190267821,6.162313612514531,9.281798617827269,0,0,0
33.54069089592613,87.00108429176822,43.15039407496005,11.598015818549943,0,0,0
16.205347805791217,77.72199708208205,1.5779774530666812,14.110121083865817,0,0,0
33.68872053611028,40.983316621914994,48.85071297999472,8.21593070575899,0,0,0
22.03245374479269,51.89280919150452,9.926434519270705,14.71096974061063,0,0,0
17.02841656898433,43.821399168594255,5.516114843953907,2.6270016943714047,0,0,0
24.717435183726515,71.37123547669248,28.848582738839756,13.068910965415581,0,0,1
20.13553135441016,81.60627233622267,3.9992978970348316,16.52677855171406,0,0,0
20.697458039238455,46.08185528877627,30.122663158179748,17.788879456750024,0,0,0
21.14579929852573,86.10858013263619,42.531332240680655,11.591329919077785,0,0,1
31.060517956653268,70.55299381175158,2.3949010733712415,6.257903961500746,0,0,0
25.78322553350509,77.94829566779487,39.99343022642721,3.2671302342725284,0,0,1
21.22615398312007,93.42710167347553,19.723872049105935,6.911175057548897,0,0,1
27.206675666218366,44.60245435362335,7.974531691560499,10.799487463088795,0,0,0
29.32301348446387,89.56732126377841,8.804824013372953,3.9266044798312105,0,0,1
20.452480014670677,46.935648279307514,45.93822718471131,19.05029811386186,0,0,0
23.270982030507028,61.61273436501752,5.530287597033223,17.942708577458188,0,0,1
17.43772186673895,86.82912829821129,43.339139355782855,0.659143897308625,0,0,0
18.622986990693605,89.84398302058275,27.21223104918073,11.239235964607776,0,0,0
28.622357079299654,67.850442044983,1.952808940821954,15.786175804932263,0,0,0
18.62876695391254,72.67575510514838,23.223807285866915,4.90783919868014,0,0,0
25.503267673341202,78.94810340292065,40.872475723815036,10.477924647854877,0,0,1
29.180925234448654,85.80172676489929,36.31013938195502,8.11983764818758,0,0,1
17.137538461894877,46.68311432457164,24.439120884235894,3.9309252843615283,0,0,0
26.346244392578072,84.55381195260752,43.002493984810854,12.294747677516453,0,0,1
20.131255674027276,66.47018827813892,6.018238089011485,19.87384350813662,0,0,1
34.2585375047516,64.78428838094929,45.49705266961844,7.305745205598897,0,0,0
24.670912934398494,63.3144863598349,42.32206042416744,11.04758016528934,0,0,1
31.119850995503164,68.00663718853234,35.4138412828618,6.557093632430011,0,0,0
26.004530843125234,91.9777804367032,40.89438710643746,17.538972336049937,0,0,1
15.868250657096382,70.15120750356834,27.1907753421333,17.292054008473862,0,0,0
27.663027511880447,92.42476460447266,33.758121454883344,3.5754677589594053,0,0,1
34.028066844133136,49.91595718386023,28.029903535388947,17.998977484761213,0,0,0
27.032236402926625,79.82747883579482,17.771426525397466,3.0301742211213423,1,0,1
31.383777188535802,84.67317462348109,28.44303986805888,1.908799192506685,1,0,0
32.68412926696816,77.3520857234174,12.873266626596285,13.058692314030637,1,0,0
19.56159543897865,73.38072541245973,22.013958542039262,7.7180821173979,0,0,0
19.240896798164535,71.06470295974003,14.03877036301216,10.614811869237414,0,0,0
27.219619777019837,87.35117654182828,6.144389473069451,13.051415638749269,0,0,1
23.220569396134096,85.1905628440475,16.093092819495308,1.0567447558596976,0,0,1
31.797226057334406,46.725879664932975,42.599360909238534,5.859063421819868,0,0,0
33.00046246796022,86.67232113669829,19.054038532115285,9.218126235377342,1,0,0
22.068427586054362,62.77377406922434,37.40018244844345,5.331748196118637,0,0,1
19.73741117948964,53.953325649769596,8.759892711908062,0.9794276857104189,0,0,0
30.610510304877238,87.83727124076592,21.22095795838208,1.7335314646210676,1,0,0
20.49612071096272,63.76136397985579,5.7428034667588275,16.03495737507467,0,0,1
31.45228637027357,84.4600579597249,6.9310531683744845,18.22773518425852,0,0,0
23.474765072975256,54.48719865757145,30.871818994503457,3.044666048608977,0,0,0
28.35099798582941,40.21611267822198,30.374090872450555,4.9852391458297145,0,0,0
16.910706276693364,67.25025560966193,10.66859536774311,13.044988094621392,0,0,0
27.477186493531462,45.51255411535863,23.72115971443993,19.085435521848943,0,0,0
24.035353574744583,81.49067755387003,43.1653083488974,5.991794182665422,0,0,1
26.732169263509483,55.18413248381757,8.710075433824144,17.104272524720024,0,0,0
18.36028415489727,64.40051056319133,0.9605266536757417,10.12049288900753,0,0,0
29.73747489888364,44.78684608003548,32.59975703317862,19.131172781615607,0,0,0
32.25594155086457,55.766258664598894,2.6749104044342498,2.725173248563826,0,0,0
19.334796001815512,82.98196337922147,48.9970119286223,19.47344796415973,0,0,0
16.914291110403234,48.33733515462757,30.48101418994405,8.81957255659016,0,0,0
15.472771720926728,75.59377586198266,23.519817642198614,19.058767808525236,0,0,0
27.83943000886532,90.45842190424756,21.499627001215337,9.173804341030385,1,0,1
27.141880721775614,77.39102178667461,28.65353292584657,10.601642682411562,1,0,1
25.9339482542814,84.60619291107247,4.5312218360107455,16.09550019554642,0,0,0
19.63894192231951,45.99343961171537,46.50095294097479,14.45257001478788,0,0,0
22.81811991811029,53.79025043011299,31.28210342759389,12.392066408345709,0,0,0
26.88952670372346,89.1996368732325,9.198924880545439,8.339600471791119,0,0,1
24.93533717718339,79.33080874899491,28.12905268823314,15.848767347992116,0,0,1
34.755710404297744,75.17546045075211,6.662825291650582,18.964566665786407,0,0,0
17.72879505113466,76.5071704866935,0.8776358779156057,0.19621793886053673,0,0,0
28.902891080951875,62.781030486755384,31.5258492606999,11.756901929053223,0,0,1
23.086375362085843,42.45061473897093,32.42416709350639,17.31961857956697,0,0,0
23.563992298512296,83.1442848138901,29.184829140170777,13.062250746911147,0,0,1
29.351955313163526,77.32922799184446,9.174160218001154,16.016585156666736,0,0,1
28.84872302648739,66.00424552619987,30.171492924738352,17.901222076979707,0,0,1
34.825119874043764,89.48677884525415,2.8255470462259904,15.019020317061159,0,0,0
17.567885789082503,58.488781574180436,30.461917778596113,14.340348027295322,0,0,0
17.082192987683328,56.18769593271797,27.70085095538094,19.294917827278365,0,0,0
29.48677634257482,88.00379787936936,32.76274154195497,17.273693157831453,0,0,1
26.56773834012818,83.83432101174421,44.773780287619694,16.307557391655475,0,0,1
20.48321333119612,68.32388958565896,42.51790526197683,1.7280672094375227,0,0,1
16.588387379779732,47.19041067018175,49.03270957812694,4.780597662788358,0,0,0
16.71316499192861,51.82893093057788,48.81205164682875,11.13512048650179,0,0,0
32.883817493282365,76.09253947248436,38.61598466868763,14.191202099496273,0,0,0
18.83734649437486,61.17726808122264,47.8209811088864,6.064297866009538,0,0,0
21.467431242310415,86.00602554162842,43.3641942944556,1.8665622624164668,0,0,1
19.533128044539758,92.24752551327123,36.37912249474864,6.221983736304955,0,0,0
22.09992611663875,84.3100308901205,3.7692127321877598,15.420583611610382,0,0,0
16.38847685492187,60.76499826475565,2.4524944134943882,17.548020586827462,0,0,0
25.38119581816541,83.37775360772832,41.87997837528851,18.258072966886857,0,0,1
16.3522512718443,59.329292040887594,24.482792893584914,7.577333582882955,0,0,0
31.007130156447232,49.19050482710986,40.730334218746044,7.450771497203929,0,0,0
19.67424163820866,41.83662626762216,15.645913532760968,8.134149419435822,0,0,0
25.800238292090214,61.2144192018561,19.88249291615064,7.5161893884289555,0,0,1
32.60158175122916,89.69576170335051,35.009336050596595,13.323932150144193,0,0,0
28.01754738094388,53.144262326562206,45.76633684660466,7.1664652426398545,0,0,0
25.659155731026708,51.35822407113812,4.388073723944297,0.40687873228491656,0,0,0
21.486675062307512,93.34014318825722,43.07390723173031,8.780492013757435,0,0,1
21.660038261163958,41.375226206782564,39.650636243968265,4.483041323571754,0,0,0
28.3897391039638,83.21801827165649,15.776963536492733,0.5761427556923993,1,0,1
34.88278722442335,57.67534756574787,17.76083070657798,9.416859030680964,0,0,0
28.236783796987574,42.06183762783127,2.3230738610954815,4.119091183965862,0,1,0
26.1556683474005,90.4791397115271,0.7870305558358992,9.054836296794681,0,0,0
29.61301020478492,47.6803281615271,23.850306317886456,5.554999732205729,0,0,0
24.30411224567436,70.34786060491325,4.776982274865526,12.074177405608664,0,0,0
16.202846852015703,55.072981408625125,9.70009072076065,19.817547737479188,0,0,0
26.245936317558197,43.58560412015801,42.33835997633318,10.9446384142333,0,0,0
34.1525056901076,42.74573671148585,28.55141956252262,12.9379183378554,0,0,0
18.50605884715319,46.355618435998636,31.68162186330567,18.385515155024027,0,0,0
28.800097816413313,43.925185763915906,9.373966541596001,7.480008354501832,0,1,0
19.018673773181128,81.83069635359575,41.43309022272098,3.3309689957116606,0,0,0
25.716553689461627,66.7061411255886,43.39898862198738,5.655945658611065,0,0,1
16.93352899293439,58.85906502419388,26.16637968565217,8.055898814290984,0,0,0
24.007418725163703,63.01029005726039,45.627888593932994,12.900353625116765,0,0,1
30.12326657790492,91.09207045649428,42.24143124772908,0.0917605885944206,0,0,0
21.951430484779642,90.0913497005981,36.5662088337219,17.067664295339686,0,0,1
28.29823448974436,79.36220640674173,36.70379578468143,1.521879460996609,0,0,1
30.908999215794584,88.65753075819282,5.269673697543165,18.01310297837101,0,0,0
33.54355638958906,57.580641517319364,13.54180188478329,18.988690424097975,0,0,0
19.69284163710907,60.96101293045555,3.342360990883803,19.80205588224268,0,0,0
22.986318316186164,73.75417000198254,0.4340604613154331,16.19020368813755,0,0,0
18.04832026660835,74.29942710134952,7.915476569195507,2.837110518803052,0,0,0
34.84967004316751,66.49349109067876,44.024359132347,14.123340864503726,0,0,0
33.54001935848591,62.03618166408743,11.993702951802575,4.06642581216353,0,0,0
25.79914260561119,94.23991713847823,48.50769812958609,17.94255671160808,0,0,1
31.840665887528424,85.16179943647484,29.864549978060307,6.332118513106895,1,0,0
25.41915954544084,63.92391088384248,11.86292438173452,6.535919541500823,0,0,1
27.471713760055195,80.00108624817626,24.85654017421064,18.353065918297332,1,0,1
16.78248864232033,54.82589312888527,10.954741135005769,0.26462141567409114,0,0,0
30.10540840993616,45.509312943053146,49.19867790911869,3.8793230296713954,0,0,0
17.554269672704695,59.38370640540073,42.363249195248194,8.4386453312691,0,0,0
31.521352605050566,62.16350400678668,1.3119394391164552,14.01443134620386,0,0,0
30.640561753407717,40.909541850836895,47.388801573373556,12.951323320894709,0,0,0
29.174893954859527,84.81356008997429,36.053255365144366,13.388237503342982,0,0,1
15.723207610495242,59.75563713140498,4.119062601063916,17.600440568213283,0,0,0
21.06256711890657,71.92299911790809,33.531887316322276,2.4206082458651323,0,0,1
20.262251398216858,44.06797529990258,32.346334898284276,10.443233924375408,0,0,0
22.20272814943038,49.62482558128212,10.939437290379173,14.509553782049771,0,0,0
16.752854935276773,88.9331548930158,37.92233500037878,12.722368858483291,0,0,0
33.73915646062126,73.47781403355404,4.353235165648356,8.96628239878535,0,0,0
26.076044814247524,92.2656227593767,24.47225906156239,0.34229171744327935,1,0,1
21.11048621316047,94.93125189152244,0.4961603581543961,1.2090453129576928,0,0,0
22.939630341485667,60.45230634332019,48.43687444473732,2.3788265370767325,0,0,1
23.944050810096712,56.4341685245801,37.57818158884547,6.864555056707271,0,0,0
27.011886667212345,87.20958303375032,7.942603807982801,2.3530690533429377,0,0,1
25.313588553929954,94.92362848705997,17.083701997564148,8.521646261252167,1,0,1
33.38783946428835,74.63026788278515,8.028118890408814,3.572839811711588,0,0,0
24.939269658116604,83.73273973813373,38.33087320646573,15.583323950524122,0,0,1
34.84316029646625,82.9960222348401,2.9448162713857586,17.429752334244313,0,0,0
32.028499154901915,59.543683952075085,42.02033277818571,7.792950159363516,0,0,0
19.170210287146716,71.5848709141398,47.10981694178649,10.226635306312774,0,0,0
33.61190429287832,85.81813176953175,33.831397140315,19.06992483121883,0,0,0
17.32732795770952,77.84626319435804,10.648272500071709,10.710155106972408,0,0,0
31.348994169823833,41.164009769012104,18.00450479067754,19.9014643168685,0,0,0
22.6124658695316,58.51881178936434,23.861993740446565,2.8426198738410924,0,0,0
32.55948640890139,47.94616331270329,30.231238610112687,17.244528411933967,0,0,0
32.361133802149006,52.81347166429215,33.43315449058437,9.944060053459307,0,0,0
31.118508002352424,89.80192126202292,27.71073576594414,0.4542822249933631,1,0,0
30.800608726141228,42.02913089009225,17.56569604109279,19.44445882878697,0,0,0
21.093582781960816,52.0890391579058,44.545864028245155,19.300957994867158,0,0,0
16.618385661025044,57.02631437310273,4.0696029008979115,7.6654168036577435,0,0,0
23.05960357530323,73.92862395815172,23.31280271217475,19.082841421718097,0,0,1
18.470490299730173,69.3755929547226,38.77824192337403,2.8201928447709146,0,0,0
28.899021778049235,52.004821556936236,3.043633264570045,13.602202822413645,0,0,0
21.92199453075571,49.033258697273496,35.266760840565055,3.838579737756691,0,0,0
34.5122040171983,53.02389190278653,40.98558113766625,4.932944726696553,0,0,0
27.81944154690664,67.63912946859105,33.04156492635261,15.586748744052109,0,0,1
31.449611272687218,54.91477821411619,0.6468446137677997,7.547161691305899,0,0,0
17.65049345483697,92.11813758842473,9.006851356610312,0.1425500565724236,0,0,0
32.24028964545245,65.51258717858661,17.105653944597538,8.28476848391189,0,0,0
33.455143810267884,43.23378090995504,11.684501781902295,4.561386412659189,0,0,0
24.741238376378718,80.10965232101483,48.13260701137137,13.666598271165824,0,0,1
27.12505875501955,58.08649085149443,32.57969570568968,3.888973934470006,0,0,0
30.29619601805991,75.94189126320362,14.848547867578516,16.845070568729515,1,0,0
18.496772545208252,55.37769037877776,46.48487493327228,5.3418602421632855,0,0,0
25.051321529268847,71.3909057953326,37.02970997380935,7.860565165660274,0,0,1
22.973260555446263,82.46838776441055,14.230360591352099,5.96073721594196,0,0,1
17.92747984324498,91.04048079760047,18.944078470097768,12.878466956187316,0,0,0
22.350688445830627,54.36199294381924,9.971442915197837,2.023270824527934,0,0,0
16.363446187709872,58.41713230494396,48.55369991329109,9.561987453964882,0,0,0
15.51623813898974,65.53465311572668,25.86482479450366,6.689096304301163,0,0,0
17.703325783096457,90.99461607547939,44.802834374899234,17.682759265766293,0,0,0
34.26230223178348,89.57627712458614,17.324988550842384,1.4682418714878476,1,0,0
25.99059071790034,44.94330540553509,43.04208015487379,16.593901298657094,0,0,0
34.3164432230644,47.256140416459594,2.694342421358198,3.353609530598183,0,1,0
23.649957566602637,67.25300475318511,49.1045158762144,1.7715531985991029,0,0,1
21.23632266170519,45.864060004298295,45.601718351665134,4.046457162460159,0,0,0
25.122837256804882,59.006948034178365,18.160147238832746,2.053059640236208,0,0,0
23.790233772658205,48.16119580196127,38.736108265728866,10.419678964042511,0,0,0
17.11329368523488,74.98221953225372,37.6128963236913,19.764299058315626,0,0,0
27.816526293804124,92.2222487456539,45.06273985514658,0.6865470384851768,0,0,1
19.320763650191992,94.82035736619099,15.362749056440556,9.222566986389227,0,0,0
27.39175909795659,60.63826228733031,23.276000265707474,7.721406582157235,0,0,1
28.004021847963067,72.94569504130368,43.24998063030265,6.792128284928007,0,0,1
18.04049706257296,87.09472094382447,38.9289727067608,6.637272208667218,0,0,0
16.226992542213363,46.46041400380112,19.67333593701396,17.900255132529242,0,0,0
30.615231721368797,77.92604260785808,42.2862616456061,0.3795230041680808,0,0,0
24.196008475386403,62.486401394878754,2.3477019616200745,15.498327747602767,0,0,0
16.163275910109515,51.33803881540902,39.10231514814951,5.058663576118834,0,0,0
34.89732634339534,62.15144903110931,10.338292971685032,7.665910216351497,0,0,0
16.155611219927334,44.17781578307043,14.30604539118936,8.402998256971554,0,0,0
28.900704577171062,78.24739317241182,24.66074217977968,6.094635081474868,1,0,1
34.67357850526827,53.900846781164915,22.486725053498695,1.871177236707957,0,0,0
19.783602084318513,57.127310477468285,26.028505343494047,2.2866169765886957,0,0,0
17.844987373743923,46.65947140328045,27.238779783601192,5.962622481652886,0,0,0
17.427698788448577,87.55625126394403,16.576384551574847,16.43618105774501,0,0,0
21.06550295135191,67.13943536055062,8.7613756508515,2.692553055748237,0,0,1
17.020916220212932,71.46807827825202,38.4240614643653,14.852796662918614,0,0,0
28.84322683388264,71.318797570217,19.998807454357102,5.777394588585754,1,0,1
16.245835962601255,62.57712129977379,25.29204312295295,17.669298702241857,0,0,0
25.188442562995796,50.58914534909767,32.234835917555905,8.566569508012819,0,0,0
34.93393707705954,80.982301167412,45.4818961153328,3.434466265947511,0,0,0
31.279405390120377,46.98809459467209,35.377641557010996,19.716889002210205,0,0,0
27.304388764620217,45.713058465334576,2.2729612795192256,3.5326903845982316,0,0,0
21.125072415732234,79.05797706780768,41.92801816990088,11.352396424645388,0,0,1
27.47791672583277,51.48603612485911,49.467750756375956,11.385729561922684,0,0,0
25.540829278233034,56.872501324405775,23.624251268569108,7.456269023555597,0,0,0
23.52166767780743,66.13751068509572,48.479516822730034,19.02977185098262,0,0,1
17.614207534803988,64.71432242012504,27.36643711715747,16.877491248234634,0,0,0
32.732084304809334,78.97185187857497,22.98079979359749,16.59639121676484,1,0,0
23.99569297642645,74.28874863938486,16.570238236372752,19.483038708589557,0,0,1
18.8924502364153,75.4417889255026,32.877743791666944,9.142186763926336,0,0,0
22.35518701754579,79.27298818605016,11.491021026252229,1.9437155124005856,0,0,1
23.282595050578543,56.0937000082906,5.246710925720216,15.309118508995876,0,0,0
31.550757911337485,57.72833214902605,1.361855129210704,7.616251589038676,0,0,0
29.672287611228043,64.08987613425548,14.619005635763187,3.806903036070366,0,0,1
30.386097872826795,56.91041951684393,19.788541608351913,9.664946864405069,0,0,0
15.220625288572943,94.17158279339749,27.603834814062388,18.514378803343266,0,0,0
23.32307996359523,84.77285595317863,14.637491259350321,3.427140380292568,0,0,1
24.626883032706473,49.05600785408163,49.20297861927056,16.97397630459484,0,0,0
15.383845536461134,40.30767857350283,14.587258412058379,8.364098832302346,0,0,0
20.196264174900683,42.35307975359973,22.048769422320436,2.7360396140628396,0,0,0
30.2057964624427,53.42348980736089,5.163808276595017,16.96764607977313,0,0,0
17.74219411457998,46.286020721027114,13.031325666853782,19.392406823828573,0,0,0
25.706202629051834,69.33359631909147,2.4166069894495545,5.825414316700233,0,0,0
19.30403744034475,87.18973725000473,27.975431671866403,6.070724196841377,0,0,0
15.242415492877866,80.5212621502275,37.553234156621585,7.810919660798663,0,0,0
19.82402915199083,51.85849846952047,9.785490716803396,16.28260728921614,0,0,0
34.517475098201075,61.961459081418226,18.395546890803537,0.20834393478999624,0,0,0
31.03074223765979,67.93418152422026,0.8308113363580283,4.479131034750687,0,0,0
34.19153288642067,84.56132172268346,41.9761027861106,14.117996222126523,0,0,0
24.757080878527248,86.15168817083907,38.998176246583476,8.112789009710522,0,0,1
17.19472397355007,90.03450715492768,3.162701543714619,6.605912459362551,0,0,0
25.95918977947386,68.00848877765813,18.243380466020565,17.44565777804035,0,0,1
24.08754669119922,78.18511105397246,47.76433069247477,18.346678402924788,0,0,1
31.88714165479232,46.149020417866545,19.601352803948853,18.95972438332391,0,0,0
16.961651615684893,71.09089279746901,26.310433836200804,5.451010653085932,0,0,0
24.764822740435562,53.67804952091243,17.76214305051776,18.25025219078214,0,0,0
18.000973293879685,63.74442867646361,29.806569406413093,14.739311094545776,0,0,0
21.4935185378012,74.87277795686957,48.90784378184111,3.0842949697716127,0,0,1
29.747141547755994,54.13422658195796,49.87512517405985,12.205400566164206,0,0,0
24.52036258737533,42.87017817882186,38.73574890055956,0.5266963861398244,0,0,0
22.517765702915387,40.56286210248167,20.215554901021964,14.167563115417304,0,0,0
22.889525571400707,41.21877445494869,24.721610041449416,14.671350453018768,0,0,0
24.188935368119733,40.45923556325733,17.836566405615272,15.786770171899946,0,0,0
30.700330876741138,46.06952811068315,49.27873149521731,3.450501082448698,0,0,0
32.84169377880469,53.171879301357144,35.388015291270186,12.564998818950619,0,0,0
34.10669373007856,52.16718328002646,22.446572271675564,3.5771336965530875,0,0,0
30.7380677251059,94.27381267989432,0.6057635054801169,18.933001667783515,0,0,0
21.308137914960255,56.83033578649187,26.02417071952742,13.500213853616689,0,0,0
28.762694121730842,47.00814308476695,49.19641008508089,1.906516960081115,0,0,0
23.75206248110784,70.00593992922668,26.153045448652595,3.740644600116456,0,0,1
20.09341244092102,87.18766004686296,9.121334274455684,13.269201962594956,0,0,1
31.817431588518453,77.29332072332213,1.1046873552387426,9.533409923192174,0,0,0
15.7685269792465,56.28451490244977,17.735187906210452,14.725953324217569,0,0,0
33.03523984270847,70.88888878853002,45.911402784830344,5.615775978513183,0,0,0
24.22954929249468,79.3170785810225,49.827705408794046,13.158350736941538,0,0,1
27.74402953616561,80.04574708022582,47.268398740600134,3.5392033606087803,0,0,1
28.187078444115656,76.65961504137289,36.47099966271284,10.874205267220663,0,0,1
32.90235481413073,87.89457336265899,27.907136422032764,19.155991830999724,1,0,0
27.733393643344147,87.85580020892574,29.534307319112603,12.564444645819728,1,0,1
27.278671695201236,71.84151076738519,26.949600454598045,0.9998723500983298,1,0,1
16.3330408112138,63.64210030111667,35.352465246149414,19.775242754732535,0,0,0
25.36816043890408,75.2863662560805,20.943661334767622,3.137326592977312,1,0,1
18.003380016340834,85.00166007537547,33.46020024778827,14.361382053942101,0,0,0
29.748675374429713,40.31086576626516,6.0806057478600515,10.650600781283918,0,1,0
25.244438416253487,94.55983549581681,13.284765328074188,5.887213756086076,1,0,1
28.604555584167066,50.05915747810596,41.800151940431476,3.546209708554182,0,0,0
15.833458012047686,65.8636942112987,45.187446537169556,3.554047285534314,0,0,0
16.695840320916066,87.96163541635767,26.950411878014986,17.16799362416321,0,0,0
29.326467761253646,52.37722194743097,1.58178086064662,17.45825028326847,0,0,0
16.441686719973468,66.22373731452107,46.348678539588406,9.30291043249424,0,0,0
16.42513455530517,47.29201990996486,35.10321290136432,2.0724292584994775,0,0,0
15.242169504697749,61.72919789635059,20.70139618776804,17.6833020769358,0,0,0
34.1300279659896,49.74245001361514,29.918947159974817,9.740329723501782,0,0,0
29.75016718918014,59.99952618241363,21.488741722068305,8.775248457338273,0,0,0
22.065028170041284,60.540531923599715,23.26696133660255,8.147140488752404,0,0,1
20.930711625753105,94.6243934279083,44.34049328297009,7.300283477184113,0,0,1
21.994064594916992,94.71471661170747,8.054212345855577,10.520108072171883,0,0,1
30.493070623623638,46.313245326333686,5.183456774111839,12.090824532234084,0,1,0
28.227412221408287,79.9282828630591,0.1364372256507873,9.328644071459118,0,0,0
18.70391135734936,42.84600138180056,15.700018780606333,17.93296326910089,0,0,0
18.482186706681688,41.660560843545376,7.370688324221369,6.353224570589946,0,0,0
16.967912994267948,45.79336418347304,10.999274756905558,11.566237135735626,0,0,0
28.206054394026765,93.10171113543637,0.5619491332688464,5.999078403879706,0,0,0
30.28745324443472,91.74749513420835,11.35977073438516,15.067000475850685,1,0,0
20.30092856650008,50.66603011543742,16.635579096618695,2.042421986564713,0,0,0
15.418899220618256,48.89197845545414,1.5783748204940662,3.7739799359066506,0,0,0
16.643433349528546,53.22942975837709,30.395206214857385,16.024028198539014,0,0,0
34.357200696900605,68.35508467413283,28.440017444187898,3.6639519043907742,0,0,0
20.908895549548404,71.33375476194755,4.851788925496253,12.514926923894802,0,0,0
30.384462956762672,52.187638674169605,29.750488875920052,19.404869038083937,0,0,0
27.493271377085275,81.61425334494699,49.932695930443884,10.457812275319316,0,0,1
22.638792793057917,57.02542431714579,47.223447640577035,3.747928926801385,0,0,0
19.113745243911104,90.71722290411756,0.13354966838316495,6.41382091385275,0,0,0
17.42772836318813,76.11974885512018,39.76891556651798,16.469161529084765,0,0,0
27.300259360777332,63.999315686698644,17.680263811824297,7.033218262399474,0,0,1
30.49267561275576,83.4451600936565,3.1825685167313713,14.470227180596272,0,0,0
27.878085070822614,84.98530443256656,14.799160685810403,15.547001257680204,1,0,1
25.606042664983164,55.9764883084919,16.086825815648115,10.023656944903284,0,0,0
15.839024468632726,58.684299910984635,26.16221196545284,15.66426768732778,0,0,0
34.36977555188768,91.47753345507319,33.054188363442734,6.338060088564288,0,0,0
30.97428383309149,49.06075710997996,37.4527806104204,10.323192934328116,0,0,0
20.856440734019294,42.31827293296138,12.295152128163334,13.73116527944281,0,0,0
34.599406587177015,64.97304274352521,16.088528512424848,3.3614629460876078,0,0,0
27.037631792726444,84.06654451339959,15.41908534298676,5.472439347643794,1,0,1
26.64845316414493,82.44174584709103,18.136843406043823,13.040732067873043,1,0,1
29.961463588590643,90.57418459020579,49.98281544781694,13.107202396591068,0,0,1
31.23539576180275,69.32603654029721,38.89716514137129,9.86605292905958,0,0,0
28.129572146630053,45.503556936159335,48.74952326343485,15.91170713564241,0,0,0
17.561914927324,72.37789358848089,34.65555297735286,9.64109804009951,0,0,0
21.765350119889966,82.81175878942663,20.313535082364215,17.626445308274665,0,0,1
33.561672806520995,45.13304661484045,19.487209181348746,14.71806861743891,0,0,0
19.49231223687704,49.49615706036744,24.429057248752255,6.293897266066826,0,0,0
22.443340476750265,40.6759863635619,20.84348916822187,7.90508016969111,0,0,0
23.64153765888392,72.65089186957456,41.41631230463729,13.353733715396913,0,0,1
23.788099793889046,88.77039155702474,23.250100651334645,17.889052376469824,0,0,1
27.25879164989051,76.88648238011547,14.780718010542298,3.5741746540701747,1,0,1
33.861516754894154,94.01220481750401,38.74301343483259,10.293270774839602,0,0,0
19.8138542366501,43.466850887486885,42.72102046906973,2.3756884264875344,0,0,0
17.43002752601836,89.66505968333229,21.021447807022568,5.589103106402624,0,0,0
18.949409797198747,84.77375580626745,33.3904285952766,13.719627185864846,0,0,0
32.73849800418539,57.28328362747277,2.9402266944152378,1.5546927049632342,0,0,0
27.91621625310412,93.54396035104884,26.473242598573332,13.24717163777695,1,0,1
20.7181357847832,55.83657614942783,2.2490568872754024,18.01622241890594,0,0,0
31.318938779372345,88.91175981055201,1.4595420247234037,19.387405820369324,0,0,0
32.22739992726872,88.44117173908042,30.64624252613695,4.33264402051031,0,0,0
31.930286773805562,81.67116891316348,15.166769119749357,14.977959132157517,1,0,0
33.378530672791086,70.99087605970685,37.12685812277327,18.527408974110596,0,0,0
20.04482040346723,46.600151228928844,44.80412803162961,1.82738621698872,0,0,0
30.100838574925568,69.25844539730741,6.969558686517535,8.280472169784105,0,0,0
24.2107899454828,59.6237940610214,36.22614192894619,18.38819533744332,0,0,0
31.83997105780123,83.57193682354435,25.725999914417162,4.055749965096602,1,0,0
29.569813543232264,81.69710635732648,5.605962508134943,18.675213675756837,0,0,1
30.528948929994492,90.08368790549329,32.57963032403624,10.54384142175557,0,0,0
28.12323675362143,40.81565893374393,30.47334015532364,1.9978616507511138,0,0,0
18.548575389394138,84.50067692526753,25.782093370039128,8.9975463351103,0,0,0
25.900538377938766,91.61541292185677,46.3235602279829,6.5252239093413245,0,0,1
34.69339479049016,83.41152470094826,26.053984805200827,5.6440832110361665,1,0,0
33.74776132994238,47.160695292870166,49.52575577251063,10.829511512673676,0,0,0
15.863474715940233,44.47035076624883,25.461440692405553,9.671853815037402,0,0,0
18.296296314588744,41.14648818942354,5.79260191506838,9.639343192401839,0,0,0
17.63457546909124,74.5809874205439,23.52356255375152,1.762834622062306,0,0,0
29.51959819970591,74.6319958522938,9.116438127753563,16.04636362054273,0,0,1
31.3557065971389,94.28025428200168,29.856674260871362,9.628786307115904,1,0,0
19.270227326213437,61.89237457572527,34.656608759680054,16.418116574037484,0,0,0
25.11705385903658,58.254845669362325,23.421763935354683,16.491892831019005,0,0,0
31.814060560224,74.34337099514158,4.885148384157412,6.342706496960863,0,0,0
29.65603089532501,85.40847698791767,23.432069929177647,0.08692607615224723,1,0,1
25.844744109836967,91.5225672237651,4.07271073672002,18.22491354916237,0,0,0
26.806953809175457,84.17182913984712,34.1062977753267,15.213893861724806,0,0,1
25.1672109383256,63.46706893386926,39.51841124325438,2.145039136469422,0,0,1
20.950969026376413,74.92028294216354,48.11901636135195,14.034540680062026,0,0,1
26.300439857180322,87.09646296938644,7.440105356422821,0.400465373377612,0,0,1
28.777706041001814,66.98353285714566,26.621016776665208,0.5551813844139697,0,0,1
32.46645831721615,51.9177654037966,28.37686837677093,10.51646479195685,0,0,0
27.72582707958496,49.334789186133015,46.12382668904898,1.9207485847269323,0,0,0
30.22243074086316,40.00867595179312,31.363832029825712,19.28673044969838,0,0,0
18.20143269909146,79.50308972397063,7.275482282266054,17.87662453300525,0,0,0
24.231149488395797,46.11034648652948,21.81756619815946,12.996240624957696,0,0,0
15.186632396541865,53.41115048327672,32.73812642531252,1.2741794167662657,0,0,0
19.93357729043246,56.38319823375363,35.01422160346487,6.496705156141303,0,0,0
29.529234302260097,70.82089230752226,43.15369992952868,7.434459958120878,0,0,1
34.83619902698727,61.88765025126731,9.025355992219858,9.617596716573992,0,0,0
16.983561991744317,77.1070695612739,47.57710733777492,3.378057480129044,0,0,0
23.029886317225767,43.06012626307865,2.956970600779613,11.550232855943918,0,0,0
31.00141937398319,46.81665568454417,49.1881067284451,8.715412958184466,0,0,0
19.080712692577976,67.45663269432967,42.888354643320426,18.94593926785717,0,0,0
26.101698986045726,58.53306333157564,33.013639138108566,18.723904592504383,0,0,0
29.661425920593494,56.269734951324786,36.74977501322108,11.309479106799447,0,0,0
27.31970900520358,43.68654434706375,3.634600295939822,12.886986719810704,0,0,0
18.760494692308324,89.26455461114008,2.073993144722619,2.7559293554748487,0,0,0
22.107691373714786,78.0500222368778,5.088289827568277,4.466464776803432,0,0,1
30.675835689707945,46.688998625080714,4.367990733206889,18.01430808403819,0,1,0
26.084530282640333,43.57752767554273,27.369061673471755,13.983318457914699,0,0,0
15.104592270858255,93.61798933871836,10.772199355589457,3.7886039456615506,0,0,0
30.219815200561875,77.46449027417276,43.01028186033633,11.404206121464458,0,0,0
15.706227098804781,62.96008391015578,22.28743115340361,18.695225009788977,0,0,0
29.914675654624645,78.59520724156818,34.77552382291375,6.903422123238072,0,0,1
19.04961120330475,81.59824825640875,32.64365464850799,3.716407510381705,0,0,0
34.161469602387605,82.89792113138287,15.992651946485504,18.840505538181965,1,0,0
22.35881502604169,66.28325181091817,12.158378676286452,9.225307205841984,0,0,1
21.538632326761583,63.64355169686664,17.12281426483176,8.34483997325533,0,0,1
17.977761006648894,40.60654463478952,39.83291869249187,5.351343995855005,0,0,0
21.112084309804295,90.96064133280109,29.313842420980922,17.831705898942886,0,0,1
32.53301523656401,73.18193331139187,12.676933125958767,16.912335337791504,1,0,0
34.926686752544946,51.17346654544825,40.89232215302151,8.05980798873508,0,0,0
22.366190610136968,90.57818806817902,2.7379693055153362,0.612265597941577,0,0,0
23.97221261909085,90.3212545973663,34.95916874951477,8.93302861012279,0,0,1
29.441418764054742,94.40512904013528,21.955040287465543,3.617160331601066,1,0,1
32.723915609301486,88.07311097264383,36.56451930329441,2.8546814029776235,0,0,0
26.860886683735682,94.87814133010356,46.37306401217134,7.861872237908472,0,0,1
22.830513963556587,53.45774034677999,37.50170489734519,1.9815387468925438,0,0,0
23.252436816972477,86.32372718595788,22.09826776556912,19.149290138633297,0,0,1
28.912362929936137,85.26655698376705,7.548784075694037,0.9507836356256361,0,0,1
15.064365272085574,52.70171975714035,40.31754879027169,8.027392547974543,0,0,0
27.391786749196815,45.41406519505449,23.035276346068578,3.254054040633898,0,0,0
22.109860208827147,93.86812825226798,3.7656161728564896,13.776226430575122,0,0,0
30.883946625541686,56.28135033363357,35.9527698888433,1.5762289842912347,0,0,0
16.85981279646264,87.89904847572933,14.592598295829484,10.936111484172686,0,0,0
26.76404533896781,40.22699350710322,2.444411475259262,15.462029904038753,0,0,0
24.619457797722475,41.15636439707812,45.13755074870389,19.001196700979413,0,0,0
27.846510518104548,65.62292197830027,24.155054604695504,13.970551259388253,0,0,1
16.297071889659367,53.1293076164285,14.048052658651077,1.9898351526916702,0,0,0
26.599675748562625,77.94127058897803,35.819327894245575,1.7704109942828206,0,0,1
26.229691759190473,71.10603790623749,44.295118884128186,14.631960970761318,0,0,1
26.213201888323418,44.26171885977703,0.01535375168777442,4.306588100069373,0,0,0
27.069753331929096,48.94455629736444,34.39260925210769,8.944786172664976,0,0,0
28.529358744527244,61.34270985321278,38.35058470092107,19.532422027027177,0,0,1
31.099779993615396,50.208223517548824,10.49637136397465,16.39813596807751,0,0,0
20.396414402564286,83.57222909841607,24.48119157050872,16.931867146004013,0,0,1
31.500988203601242,62.8838629554304,4.464294945896791,17.215398094561575,0,0,0
24.96511364526907,45.13875267633746,37.33749412576738,12.390906802431159,0,0,0
16.541165582686624,66.63885962496687,42.37280092816763,14.878678477249567,0,0,0
16.171018584879583,44.996099958377776,5.409332866233029,7.179218292685745,0,0,0
21.684766373921214,47.091551798089945,40.823012671641735,19.968924531457017,0,0,0
30.69793954222935,53.17854076155129,38.57850852422668,5.592443393092901,0,0,0
29.153618694818313,87.27402378861194,17.345666018544865,11.80014806607039,1,0,1
30.77229929344813,90.85368927831345,34.514476496679166,5.641233566423867,0,0,0
25.345381128832187,85.44417511326381,0.0024061947155873398,2.241421011201463,0,0,0
23.80397995910981,58.3742469579816,46.58988272329993,11.351716296873533,0,0,0
17.94905053412568,54.98455426098574,27.519161765418644,7.066973417322795,0,0,0
21.56385507218623,70.20356299346315,31.016943203099974,11.664385350467754,0,0,1
23.680387323477504,79.70192382932117,33.232970676954935,11.173569533299856,0,0,1
16.772008593592346,94.6355033488096,28.068450860918336,10.845134582871232,0,0,0
19.412239054224223,47.236389153340944,42.838194376973156,2.4660224409305886,0,0,0
26.964505881274775,42.71105994630924,30.485091607577196,8.803615487007141,0,0,0
29.713262284783795,78.18957389473991,45.38799956202363,16.240078787975836,0,0,1
34.966950227858995,85.7724180927148,29.116581111700444,6.302869910892717,1,0,0
33.66226662687116,86.54918289265328,8.55612109902833,8.876630105841304,0,0,0
27.85130399070383,77.31549519924383,45.678127791965146,9.87663180640536,0,0,1
23.42496106588144,92.4708692265553,34.08137491798884,17.254626251834896,0,0,1
27.723547294164653,68.10526199495229,34.961949721777806,13.111995384520378,0,0,1
30.71303236160464,90.25981390849168,49.27408752858008,2.00405069674628,0,0,0
17.366723818467747,93.22966753453377,3.759827710478958,17.303419716100425,0,0,0
23.198097793925765,86.59366013517092,21.429630354758565,16.6413195096418,0,0,1
31.796045712712345,57.036720979224135,11.95476964933076,15.072919611983508,0,0,0
22.67665903866088,50.79186081436624,31.521323235682857,9.321160366376752,0,0,0
26.437445424543732,70.14660357400001,40.34058418740359,15.150907669716137,0,0,1
26.755387217243964,64.91581127091037,48.315535444620636,9.574841252855144,0,0,1
18.689525062672786,88.2767088206003,22.729805347736004,14.732470686543257,0,0,0
22.244708833045767,45.501741908693454,39.31091153213021,17.602203299450725,0,0,0
21.690225774838645,54.175703372133526,45.85257960201898,17.810831702611935,0,0,0
15.523934170641295,81.34894194852896,34.166271626794234,9.091571483749092,0,0,0
15.483835277827104,45.22426547375217,12.136627622488561,17.186853587040584,0,0,0
31.63394087351547,57.64204277119351,30.39270755538957,2.0291476101542627,0,0,0
20.46141619945625,61.29354667296907,48.49760239085933,2.0363883497356206,0,0,1
25.36157532477631,74.24265881094794,49.37769144307827,10.9653389373496,0,0,1
20.97451147177546,48.697295514565056,32.1179911858389,13.036892369125379,0,0,0
33.813584902306815,87.33324696923403,44.34938789359946,3.059875519568054,0,0,0
20.185935177315475,64.61482295064508,10.01746819243014,9.44360089611986,0,0,1
23.593136254778702,90.4361941534306,12.30393024761084,1.8872533563184613,0,0,1
32.45460500969204,65.73284524986624,47.644380644242986,12.041989711066208,0,0,0
31.838671335836175,55.12721424174033,6.761768774740395,17.10188073505696,0,0,0
18.722028356925545,47.80058557782212,9.555321904673947,14.752779520390476,0,0,0
31.05286619591421,40.20598020912067,21.027429956002585,7.565831048585425,0,0,0
24.163737734757852,69.26866167416595,29.47921438766752,19.87587593274243,0,0,1
24.659377441707104,45.893618330980786,30.190860948413583,13.258699529322735,0,0,0
17.669599448318877,61.54502699971481,14.59880043327822,16.30496868884958,0,0,0
16.612030275142494,72.40994686803977,46.03069489751741,13.393947745834653,0,0,0
29.558786139475302,55.16272432964851,45.75499538039314,19.788325821742532,0,0,0
24.929223047105996,49.637336080136336,19.603402652618623,16.427195344355457,0,0,0
23.737014052303593,82.6096892435138,21.714588471514855,10.388464357908811,0,0,1
29.590164573047936,92.07351447548913,35.12485584119559,7.3375912567517965,0,0,1
30.310257979822197,45.52422298240813,33.149794819945036,13.643096582976849,0,0,0
18.17816335338707,48.55746784117543,19.114850748048116,11.804436176140179,0,0,0
27.204502989552825,92.80069614889953,20.71221257605017,12.587011820550906,1,0,1
17.70708164555371,42.07813219967355,17.401947171076948,6.86023532567514,0,0,0
30.027501720580915,93.76977851027597,11.769250347665395,8.57456841141109,1,0,0
28.139103125342793,40.25544656967438,22.906918146206984,11.161931497812995,0,0,0
34.13229242166916,88.05177606082322,34.32170659512702,16.78566803843686,0,0,0
16.379160327128425,56.902884954326225,37.09833526571465,15.258178355258064,0,0,0
16.141094423025088,91.6223871997513,38.94368241279813,2.3731174100558072,0,0,0
20.643741493864002,57.4319908749572,18.736600672656074,4.9110850003878355,0,0,0
20.23411367471812,75.98684768437309,38.23179971424868,0.5331544986605485,0,0,1
19.939575981439997,44.40179133712652,0.3258157845937637,0.15921135931182828,0,0,0
33.12509161042073,53.32813962995564,23.85249688584411,4.487509385604835,0,0,0
19.990923996990123,82.55236405635878,39.69522000663454,15.986418960186592,0,0,0
20.43899452257262,69.07772195233508,31.502236032067664,18.09495316348774,0,0,1
30.187965248359276,91.03829839828745,23.703156207725385,7.835367317971961,1,0,0
23.9947968490108,63.58132745877448,32.23210033031746,11.263971932133572,0,0,1
30.534211139103625,87.83968011976577,45.347300157433196,14.121052039107616,0,0,0
16.307323151287704,64.69254906130305,28.31909003051037,19.05873398503453,0,0,0
24.751423873467687,93.85865532860919,39.98930957300531,18.258644745948633,0,0,1
15.672272003665652,92.79089097693821,49.03713626125988,1.1438460676275986,0,0,0
16.25306406910709,58.10251880558442,35.278410103778334,4.963316864185616,0,0,0
33.12874906688822,88.72580187292417,28.666288194453177,0.9828908791035418,1,0,0
17.784907422351903,86.61862558186071,1.8742973562670129,12.330848419781027,0,0,0
25.64841364550434,51.587421853015954,18.723894912729378,14.20986632945278,0,0,0
23.221912052014133,74.33597204307983,28.272136675755917,6.165668247130229,0,0,1
21.94686652517685,43.997527357439814,39.86032858530162,17.07703816266429,0,0,0
32.99666691374545,86.01908963209038,21.905239482378814,9.056255008229954,1,0,0
15.43646793550979,49.60002359269231,48.00291378823867,19.96763030194025,0,0,0
28.275793723511782,43.894808576217045,13.589687631183745,0.007993851786498585,0,0,0
34.26788868427101,62.012050254634616,37.22835976051582,2.189794168371133,0,0,0
26.20336366923684,71.73071762298039,20.951570854206373,6.035864858706807,1,0,1
33.73644924066184,87.0204327207874,24.299424728295293,0.5101519590742631,1,0,0
16.045157585720474,93.5833389036955,40.125101693272015,15.646789154765015,0,0,0
23.375866381483227,64.1720881913425,14.810763082585277,1.0554357574257445,0,0,1
20.203155819241022,43.32458076418986,4.840602829757157,14.979592665876545,0,0,0
29.616419299614595,81.2013568464229,26.012779230671356,1.0513691757909882,1,0,1
34.62594180994493,71.08452909231656,26.439730590187438,5.0545452930609125,1,0,0
20.130601248884957,64.63402396644547,39.85838861126869,16.82553631317059,0,0,1
28.08349202948149,57.00978833357043,48.41596031160509,19.021905884754485,0,0,0
18.961952655194803,67.63191903139446,2.7650343164174194,8.290526853210245,0,0,0
26.306605091432196,58.6273782451367,29.584473687155445,19.398779286251028,0,0,0
24.278649733766724,81.63565272610481,34.06392651573999,12.53761847517085,0,0,1
34.44010659263074,69.91415330709526,49.29006753742608,8.316702448658628,0,0,0
27.170545453929332,88.22662757847615,47.129510713845576,16.05602687935834,0,0,1
21.990127441736377,69.89491530571931,35.622538235598874,5.906570402804023,0,0,1
17.281915697758667,53.10443273369615,26.089470562223294,5.315925227204367,0,0,0
18.024936574698692,86.81005352276794,8.076196114963064,13.130953538221487,0,0,0
19.5063385990247,70.64704747115242,19.20882776022087,7.809747239361899,0,0,0
20.019333226805962,51.376257097895866,29.256116252857716,2.7183605388995913,0,0,0
32.01232115682276,74.29292954759222,36.26001982978769,1.339284705798176,0,0,0
26.224455765650497,59.67442207183352,31.76997787395561,15.756851524969546,0,0,0
25.467818227487328,86.44230867606362,35.70614009138706,13.518214636046892,0,0,1
17.29537743738435,64.93148562555986,21.457625227594885,8.235964492132066,0,0,0
32.2027938669887,79.95427469590791,36.38136452855045,17.92455270342113,0,0,0
29.456286064169674,45.254491419993045,7.18706280098596,8.217135048851992,0,1,0
16.353367238000033,61.78133904662904,8.129315588155677,14.20590942930767,0,0,0
29.156701944595373,94.07827900598193,8.141607291473141,18.18230550414586,0,0,1
25.870764346852923,84.46531592124316,44.543247851788806,16.81430917416887,0,0,1
16.634506914935564,48.796744130181075,3.8017031654317246,10.222095526791579,0,0,0
24.16601283057313,55.277022721249025,40.075418636673795,13.612727848934654,0,0,0
24.69392574260094,58.13986948709986,11.678544902336856,8.27331553454738,0,0,0
18.315490803265515,75.77010582724952,23.421497024762534,12.94394344588228,0,0,0
33.913962940005646,81.63471177193105,45.7978297732839,5.151048766907918,0,0,0
31.99950742961324,81.22396348443505,29.296861484375334,8.694842275391066,1,0,0
28.380446746582166,68.04307309685215,10.50588431161793,4.190914752036781,0,0,1
24.245911220012143,84.59512958109832,14.204503015940356,0.7636990535909605,0,0,1
23.23531083169017,64.03929455166113,46.02233119478928,11.770797011507446,0,0,1
28.019469343019082,46.81343109125591,21.357196255498916,17.288586907015954,0,0,0
25.90863738813811,71.04430129095974,29.349274150339472,0.5115654924638302,1,0,1
16.24546211763771,92.37657615306087,22.99660983126944,3.920594814585918,0,0,0
25.250052975406632,83.61465082658813,18.92190440242248,9.203701185408399,1,0,1
31.12807234465679,71.82853562307334,11.163956346620097,13.317936336845067,1,0,0
24.184797551939162,75.57431131920033,34.30957502423011,3.4245838733977285,0,0,1
16.03913155108537,91.18091148695649,35.91210131360602,1.1338965794124856,0,0,0
30.725563987680662,63.55885369392283,13.744254580369974,10.380974354537784,0,0,0
19.027275642719488,58.22667764184506,39.45054215274152,16.374194261146176,0,0,0
20.172416697760774,93.7482860750247,42.726760015083975,0.7046981862554258,0,0,1
18.294127068645917,87.48937234306834,46.03375481198152,6.987389007180518,0,0,0
21.60430129742995,57.76739715402313,8.060620695918496,13.270294855866705,0,0,0
30.1350301137727,65.50793285485075,15.19618418066332,2.61484012204934,0,0,0
25.387717190078746,62.82929709542895,43.01766737518478,4.718935537855136,0,0,1
19.09762548301425,48.200262326928865,9.9270101413947,10.709852875725321,0,0,0
32.556601563040815,92.68006280972925,0.1734229621747685,19.064633927284362,0,0,0
32.591637099030585,62.23718371708674,43.54136551258173,5.746852364875121,0,0,0
32.41156850092014,88.14309954508494,16.322472087568467,9.750548424414207,1,0,0
19.775924227630785,50.41459252243658,20.7248762569475,7.9986172612883655,0,0,0
24.02478688361976,70.13289458504708,22.316701286031897,17.9479334406016,0,0,1
34.6997931228175,41.31787618183484,42.413730033361425,1.4377972806223127,0,0,0
30.440249526199807,82.03212661132697,16.89460722967302,11.322951826815286,1,0,0
15.543348424511196,71.9502644035453,44.61399429282409,16.92239398379888,0,0,0
16.30409182520984,74.40742709083639,30.8469569024024,19.762351541251835,0,0,0
24.278627536246656,42.84464854050594,26.364336201684214,13.974509950436147,0,0,0
33.1844041172312,51.607108161473846,16.28072535637312,7.5987095133304905,0,0,0
25.774035959054284,44.08819797944691,12.185584814059292,8.236487050678878,0,0,0
24.956250160685805,55.890287369209645,31.202922138867432,7.033644394855278,0,0,0
17.10947399913261,74.5091454225183,22.344708002828806,12.07226199613907,0,0,0
28.135602094485883,71.14022913745563,45.52580049660032,14.78811541436502,0,0,1
31.44206321200451,73.66824018873646,24.581935805702486,16.38935127177862,1,0,0
22.608400150151247,70.20881992578418,25.589745835059556,8.331862193663436,0,0,1
30.51223701850655,55.01658376217227,20.836164056800037,14.334170045180786,0,0,0
34.289533078016234,53.44791235394339,39.463149849564246,18.32445184059553,0,0,0
19.07532918255378,47.53828259451197,21.24195990546352,18.416495889014108,0,0,0
25.466592623894826,86.69889811969207,13.467099987487746,14.08058005429285,1,0,1
20.74275916169151,73.90636471976845,43.101543714675486,12.738043856250723,0,0,1
30.857088380676785,50.25810568772329,29.841411068262012,10.630521510500134,0,0,0
26.55186731762315,49.746515890168176,29.575510988450088,3.6639533636425714,0,0,0
27.691648351006073,88.01695808393751,30.541110358196327,2.4725930521083694,0,0,1
30.958283192317882,80.85019750698257,35.94198741028334,9.714220135787606,0,0,0
22.9194094532491,76.26694939479543,15.653399465628343,3.1888831241491866,0,0,1
33.301801368140865,62.37752591466149,1.6922185416501423,11.53999851338672,0,0,0
25.6605773449228,54.408656035318465,40.52965804385048,12.914054606024363,0,0,0
18.159096456706962,93.8697919712053,6.445252694081871,10.512311950400814,0,0,0
28.917982363376048,83.848176626254,36.09098686052721,0.7285342502522729,0,0,1
30.86522700876509,56.597857272495204,4.115764914366437,1.1545591760466434,0,0,0
21.335233541350533,86.61606379531722,18.765392101424606,2.2668236936297093,0,0,1
32.14358513997506,81.74125717380748,3.151303491576912,3.0729160997667804,0,0,0
33.122865095315326,56.33943024328991,26.11068398138623,19.797652275386664,0,0,0
20.538089747556178,63.460406983290184,32.656788639078755,6.889900337262449,0,0,1
34.67042945430444,50.22743949650646,8.571657058909416,5.839467472825723,0,0,0
17.81423056097517,46.10788444079601,18.581380921920104,1.0453327132845813,0,0,0
19.0403133680498,79.75191180618333,46.51197455215268,12.70640781371193,0,0,0
18.684496784760523,54.71315215446266,22.119455855372838,13.043815702625615,0,0,0
32.879794200157406,85.10326511604396,40.127178448827834,3.5089737915732933,0,0,0
28.085851046499236,94.75847913329343,46.359237253010456,18.38483081849226,0,0,1
18.04208566444546,44.21408976613068,48.71729124886433,16.009870931902547,0,0,0
23.806468367366982,66.01693187960352,44.916100984568466,4.606386336150161,0,0,1
27.30596050139604,84.11344076209417,15.870266457948457,9.716994618330748,1,0,1
16.669281699787668,83.39229930976785,48.12864430805965,9.167817123976999,0,0,0
32.648327368146774,81.79984370820327,40.61976208730235,6.970408886846416,0,0,0
31.072070708830704,59.1947214416051,41.858779181974384,16.352694256512265,0,0,0
25.104135471532764,64.96192906267788,0.7586492085917385,2.1852897124230197,0,0,0
34.34253230518341,72.72325965378087,47.71194316591468,8.306284796555854,0,0,0
23.35521958550199,93.56673209652914,38.904511192437035,8.56062261098434,0,0,1
34.68220638072995,58.015099901617106,38.398374825394995,9.374512092283593,0,0,0
28.35839997607254,90.77291382442718,4.076236546429312,17.226999821972573,0,0,0
27.69342546507883,54.814630499927176,11.628427053666563,4.363337404030025,0,0,0
18.3190979059157,94.39909560105374,48.11308325689495,2.058463470245455,0,0,0
32.63855516609288,76.86450277551754,25.033853740273816,12.35616925642216,1,0,0
23.549793758412303,65.4931314197203,19.892900911862803,3.476689499560943,0,0,1
18.24466811564959,73.73647354349828,41.99704085734569,1.498641717092395,0,0,0
15.25215039951518,54.989214297211376,4.367020705697216,8.532984411421069,0,0,0
26.19511367276765,55.07956216313066,20.847100813552967,4.392928617162819,0,0,0
25.547992442453527,46.24549991139216,18.78503872110418,7.224332377359673,0,0,0
29.387072447383172,46.272766373796934,17.492569351519638,5.194221602049149,0,0,0
32.80516106035604,59.12194578079013,15.384612182653656,1.852729254468315,0,0,0
16.58813169286059,81.95705128430043,10.503747839503902,11.206944058484032,0,0,0
29.629929806807247,73.43841421789894,8.64554014952611,0.5403683607897136,0,0,1
18.748238881951643,45.64215081820615,32.02030584598371,19.32750695988799,0,0,0
32.16354106314328,86.8730088736751,45.96974206043392,6.826610434699325,0,0,0
31.38127027723312,73.07521948445365,25.442582262494074,13.903150209796076,1,0,0
25.815875099710887,92.8470567231629,14.898727617332213,16.207257450948998,1,0,1
29.20485597246623,76.86020070761641,7.958009886111316,5.582095910791103,0,0,1
21.287002263674967,49.634617503729956,41.50716825262971,14.974774182201365,0,0,0
24.42335797865629,66.05808492693022,48.57460282366069,16.64841710849419,0,0,1
31.432737954209433,75.66736786509622,17.45777007339259,4.826344676232271,1,0,0
24.185303943464277,41.55455855774877,14.547521277606446,19.849893537921453,0,0,0
22.155965306508836,40.820064528514436,30.074647648747067,0.41377365684178713,0,0,0
24.884248945006,47.117165032921235,38.76644904767129,4.340009604710822,0,0,0
31.56498504874437,53.841543927500894,22.770140177483217,15.600415125539858,0,0,0
21.704160947417456,63.62520179363715,31.50365749304746,3.882620501115057,0,0,1
18.475231862714875,66.80922605678836,35.8274534011646,13.965197266124129,0,0,0
29.240280406615614,47.591518491584324,48.02961439280896,17.110608099658073,0,0,0
31.519564254161637,77.0365368513707,8.25186652600417,19.184285452685202,0,0,0
17.012749570470667,72.78759339330941,49.869124691268475,9.484950308005391,0,0,0
19.797482255118894,56.19552543626381,19.607832762061438,19.422182459642347,0,0,0
17.839439795219878,40.75129358894106,36.160007136327685,8.232445933633572,0,0,0
21.95882823164333,44.27063534443099,28.620718898649862,4.362560793487715,0,0,0
24.007019578108252,61.54321265309617,24.333430850442006,10.278437061694506,0,0,1
29.976526739266127,48.46858931411262,34.90376843657933,12.996464886229852,0,0,0
28.02295169763348,60.725078338138395,19.787692511179756,9.159266320998876,0,0,1
27.418571349568623,74.55004324806953,6.30549906684032,11.339448879335832,0,0,1
22.047498932193086,70.09805853336059,24.444669156061988,8.328183754543772,0,0,1
31.8289510616952,52.714673572556684,26.09579353411593,10.495239080424996,0,0,0
24.42574334796329,58.91023701923138,10.095107669996962,19.05191343893123,0,0,0
34.58209876030309,73.77171591467578,46.780967816432856,9.99662305072664,0,0,0
27.682842765914735,87.34702654238967,11.373782332314564,5.063592656185206,1,0,1
17.525294831290054,81.42673913063825,20.461379704204884,15.174932430251413,0,0,0
28.52355124150868,70.43700147583782,7.746484342236165,6.751689155630986,0,0,1
21.50208030863398,59.92611490740674,26.789832309347204,16.324143416427816,0,0,0
28.72654393372195,60.0778202647993,15.381880405004484,1.136839779677703,0,0,1
16.392822963248115,88.36795206454178,24.4636259988042,6.643559542173827,0,0,0
18.497628743519186,42.158396682230055,11.230845822910096,1.887198165212789,0,0,0
32.114745178115726,94.33904544311434,2.6887563974357875,1.706356484916629,0,0,0
19.543591140470298,76.54064759683592,38.961332554112765,13.167791183448745,0,0,0
31.7408225048588,77.46257344898149,32.05431419798292,7.706696027072148,0,0,0
20.58552176908821,42.08988105176082,17.036967785550644,17.429578839702252,0,0,0
27.857638201174154,73.30411011901997,2.3747112341161114,10.328102757470583,0,0,0
28.88301147019662,66.66279330497458,43.278753134856046,5.906864423445654,0,0,1
25.25309506290106,45.81783987917368,8.489750246783967,14.417777759243895,0,0,0
21.106213533934625,55.28571059231475,46.5371109140714,12.480335831713994,0,0,0
19.252887527421922,88.96729509175083,23.929768929797923,15.991892416584069,0,0,0
15.663787091248524,70.24936287262742,17.019335495424187,12.871765526837699,0,0,0
21.078928024814477,62.73791163456498,37.087973844548195,3.340268341978405,0,0,1
28.063255810625662,43.997518571244605,43.84197030375929,13.40620075334132,0,0,0
33.766096368969656,79.27668400712682,18.535678182285537,7.830983952316206,1,0,0
32.42408964526104,78.6567952867818,20.36718760850936,9.262860605151362,1,0,0
30.321295530706053,73.772398383491,21.657910967359868,18.431291514746896,1,0,0
30.768946865065974,68.0644455421357,46.116153073933454,7.199280925954941,0,0,0
28.299698069519906,63.85814212140549,34.628199575716636,12.239182859816776,0,0,1
20.205737151320058,72.62991011433957,12.382305852282776,7.269634668244791,0,0,1
33.143900614116596,52.83674984506237,9.24998487509897,1.8945497071558348,0,0,0
28.41464623811668,91.76924852977062,11.518383171240803,9.070506840966011,1,0,1
26.2088126196088,72.38369910491262,13.178194459275872,11.941230089193038,1,0,1
17.21978938426962,57.11558443949071,11.509174566700075,8.150065840751974,0,0,0
23.94111087612851,64.73239179868365,32.925322359619805,7.813323693563687,0,0,1
24.207165424038525,84.31266338822908,5.796675532875318,16.407570277887938,0,0,1
32.2912721904534,48.88888334016636,19.367924485398035,0.5937034457894041,0,0,0
25.93296440375577,56.10595923531432,31.252678648518323,5.911707934802399,0,0,0
22.608010979408192,77.37294125051055,14.542998697146542,16.235145307544233,0,0,1
34.53600657021319,57.35190635652231,3.2637192350829016,18.410602972223277,0,0,0
17.214411866526312,83.58759250238063,4.091196142298415,8.245991716816565,0,0,0
23.450968566238892,47.174941794754844,6.298338815234317,17.775884863921526,0,0,0
15.840493503428107,81.94773937500347,41.79215124340776,3.978602442500654,0,0,0
29.798082415338605,43.759344316781146,32.893175280248485,4.428541357203453,0,0,0
33.361531043983014,40.692593696712215,3.226120554882239,16.92382753169607,0,1,0
20.600746591009788,89.40229353576892,19.55344395757099,18.065154826812364,0,0,1
32.16683353598242,71.97365693127642,13.929258642353282,4.456115359253349,1,0,0
20.844364609237957,59.35047933977463,28.90200558144001,1.1864837993722221,0,0,0
33.2154032328783,52.79270503301177,26.140297483615672,1.806482741105755,0,0,0
30.079238071935677,73.92871807934489,24.056201168485746,5.227616707527265,1,0,0
31.09813553682877,67.9951200945206,15.725618518630657,15.228981542935898,0,0,0
15.360131112009089,94.53787765414918,6.889988602199537,10.199836555925657,0,0,0
34.256207141480516,94.07687926595602,37.118819143631896,9.111776844855392,0,0,0
29.533419841406463,74.92635113778853,43.99283844213272,11.682798623320018,0,0,1
21.095021907722668,64.35787783582398,47.20754546164086,17.804462269243725,0,0,1
31.58789329717694,67.01275330240642,2.930948530679023,1.8086075913131516,0,0,0
20.6304239682986,77.53634864302741,36.99543557944415,13.894482552731626,0,0,1
32.455076791322554,45.58659993294597,36.32517297034813,18.535816913108103,0,0,0
17.25160780823874,58.0593640595895,47.35548070727946,4.267000835168,0,0,0
29.073719549215916,44.139973255198214,12.645729724888271,16.75544631923669,0,0,0
25.813969532898206,44.03484177343058,37.10895191475782,13.960494215190044,0,0,0
16.930689403908815,50.771158304182855,2.7313144383242283,0.2893707214628938,0,0,0
19.837876565176778,66.68892900262748,31.562286038080956,4.632233607242564,0,0,0
15.248080725546295,83.16258766395342,17.542391202608986,12.116895217917616,0,0,0
24.37535930929012,66.70227401412299,38.44547197737376,10.048006789824234,0,0,1
21.025305215200007,58.451213580847835,43.165214321769675,10.55872505053732,0,0,0
26.967149685955178,44.52941446852169,18.24105211087581,4.638608492136454,0,0,0
20.944756154172346,70.26625377507213,26.27930463496503,13.500069414172533,0,0,1
20.998382230139693,54.91977225657472,5.870203118179996,5.328367418735538,0,0,0
29.863863974632068,73.8213797854431,20.84534826117383,7.788699329569077,1,0,1
15.96285671956707,93.74532565228301,18.04001966295846,7.378318317601524,0,0,0
33.05789990383974,46.122287681265256,9.156172989225887,13.44050044239797,0,1,0
32.045277487823626,51.666896929706695,44.72393123833879,1.8050552336643477,0,0,0
28.35609366452813,66.02019959546561,7.404391902008012,4.110838020803705,0,0,1
26.864431402147687,93.27375984402613,31.786967876509358,4.009941413701357,0,0,1
32.846049962793046,82.44953769484977,44.507132173994385,2.168493482314202,0,0,0
18.70660359057429,89.40260562395565,45.598428993161285,4.151899576729181,0,0,0
16.579383243816572,58.354316666168614,39.66198499202842,12.141205358467086,0,0,0
19.790203398190762,94.56211605782269,8.807056693708832,14.643363417483764,0,0,0
30.891565574003806,45.65580488352866,40.87157046069348,13.206068939382455,0,0,0
15.693405334529666,42.913509832535546,13.82824062078123,9.503762759617647,0,0,0
26.656136701669794,87.05814448797155,46.119901371625446,1.0486914219212728,0,0,1
34.9087503238262,90.99956786138424,35.45433407119248,19.180140213735502,0,0,0
32.11392187675079,44.98219466503559,39.263378050444324,3.361529216749839,0,0,0
25.428913780871788,46.238508471021284,4.251622675096861,13.368427408113417,0,0,0
16.272818185732845,41.82457867656756,29.13825567217722,18.25781230964222,0,0,0
31.627470287714196,45.747915945349824,41.05710634493398,13.955541919619773,0,0,0
26.97957016354421,51.51808992401545,43.079517638624964,4.360992803779005,0,0,0
17.298659941191335,93.35421404005005,1.4315852366820758,6.315925975280461,0,0,0
16.877145696467124,76.73231222318242,46.957961627755964,0.6041173402219036,0,0,0
33.19253638873185,82.82041640351981,2.1669366651239863,12.25516481684227,0,0,0
28.38400525876157,82.68766720303373,30.725933983742493,12.259859617631331,0,0,1
31.58573598633511,69.4290562378568,34.669376380765605,14.510011627527586,0,0,0
32.579578005645345,83.86189377421594,5.36726455839549,0.21992578551242703,0,0,0
26.435447040966444,72.76941428144832,2.400593280459634,16.35682577648933,0,0,0
25.348927035100825,57.300035368184666,39.245607722536455,14.774219148006162,0,0,0
23.608548206419805,70.86105598226204,19.2335312398717,2.8177321904817765,0,0,1
21.338931755822387,69.34297223739824,5.355625765756184,6.952532185379572,0,0,1
23.691919217174235,85.28991795676264,38.1333908193821,12.770497858084335,0,0,1
30.477593114603128,93.99499695599124,42.45815350718103,9.915937498806557,0,0,0
27.03846862030263,62.60734109815118,29.369309537940367,2.3018852780252486,0,0,1
32.85046579909692,81.98648731427478,8.061840421732281,1.7469075027317982,0,0,0
23.867600287583755,45.486965222097346,0.7611235745745404,15.629125982161831,0,0,0
27.14179157437508,82.72572531965588,35.040124065097196,3.1193423603561965,0,0,1
27.626151061839774,60.42793015962776,27.506983741265838,3.4418534786088717,0,0,1
26.83394324612651,42.166458958932765,32.53985708600398,16.618462507135153,0,0,0
29.052675461710326,59.97853982091975,40.659233509979785,12.242792691264341,0,0,0
19.748669367496127,73.58535130069046,21.711388849648607,12.094312163079447,0,0,0
25.247275550915813,46.55875922248066,6.225773441681021,9.5869154272668,0,0,0
17.084496056166955,90.821897083664,46.999164269541325,11.37990028804582,0,0,0
22.69022655289625,44.27198273000612,27.263106362342864,12.035393807436222,0,0,0
24.75334137242529,91.15036959082414,30.76470595442701,19.356524696871606,0,0,1
28.044485190909448,78.89256348646276,46.67057147758756,4.459466149351585,0,0,1
34.01062105172407,58.1341696477812,46.57918281551315,4.291248394009182,0,0,0
27.013021330967117,61.49126912400013,28.60473033640868,1.1443697541063136,0,0,1
29.871878323531195,80.74451506030093,14.880571236071304,13.163975976186446,1,0,1
25.125321189904056,73.0809105484664,49.855681700636964,10.980843616445238,0,0,1
27.682080627526627,76.940360680022,34.0408544976768,2.2247840769327953,0,0,1
16.41864432267547,61.4040539082414,20.421833844602826,7.290778702363745,0,0,0
20.08783161683694,66.82974149941795,27.991840142679486,3.5732641066240767,0,0,1
22.237061864102774,94.44271162208413,20.791702513401482,6.629634808017231,0,0,1
24.44986710013027,51.765757877484475,44.41525761483237,19.025283387892202,0,0,0
15.912974910047675,62.98209025871723,24.124968743287305,13.666376777610578,0,0,0
17.800481951066352,56.050275316568204,41.17641879906236,0.15138201590283895,0,0,0
20.536286155826115,82.08113307419174,42.008814891150195,5.050161475682473,0,0,1
34.430653818021014,82.02069441161464,41.21661688676242,0.20723094155558064,0,0,0
21.626940142061017,56.08450035485677,36.10943062378372,14.297369975373615,0,0,0
24.64082116224165,44.47646741481406,42.74388584037909,9.388436041109568,0,0,0
18.921954254767858,40.62879721697122,19.361478981148462,19.880373836287784,0,0,0
27.215601421515366,63.509779328336705,5.733160307098018,14.671665220453164,0,0,1
20.613664310319486,62.5685676884674,42.12271021862573,10.358258854157638,0,0,1
19.139851568768535,94.36144332519245,24.908420784367262,16.094108564162703,0,0,0
25.33145256891958,65.83911416337239,6.368801626392551,14.096073024681521,0,0,1
15.110115983208416,54.10301032664813,5.765626109100397,4.875523552719743,0,0,0
15.153280652984506,89.01761925673071,7.962119700494635,10.605165496550331,0,0,0
19.381376182037155,67.00873723094682,37.54866298335529,11.119974496681417,0,0,0
15.734427250016424,72.95465993658178,35.54283367331406,9.024633972156069,0,0,0
17.160515082613827,45.26177907355169,10.190934009244163,3.5838524571072394,0,0,0
21.777212986775034,61.06040240313757,42.346170905489764,4.46738103315774,0,0,1
31.051713591596258,91.93230209605827,14.064739776412244,5.620948019119232,1,0,0
26.440972867386016,72.42279612964839,39.64927916574737,0.20510298756327483,0,0,1
25.25335451912833,58.94760203283539,24.440295386747096,18.338877843390186,0,0,0
20.869776464162435,74.41169493473762,36.5774341269283,13.721919831669577,0,0,1
33.63507438865633,90.07260992679639,19.06938315367829,13.792346315689416,1,0,0
22.940300824743833,55.069483025992454,17.357029854738798,11.446612276182426,0,0,0
16.74185533591543,67.7814195158871,42.06797994796661,13.786216163221184,0,0,0
27.341330322356026,92.72798596514654,1.7651127257034827,19.637250997472727,0,0,0
17.27676786953203,49.481787881414895,48.736847362875366,7.703206752689866,0,0,0
21.90446285603384,79.58151590781914,32.40897791326867,14.250511737531275,0,0,1
25.148238774356177,73.79645545116404,21.624169409972104,7.190580087550565,1,0,1
32.48445049370352,77.38213221273492,31.40272655752126,17.085775974936517,0,0,0
24.870931606802372,59.31707968671633,6.13704732294914,17.1605721378007,0,0,0
29.045175320633284,57.26336554160707,25.70262276467738,18.0453285084697,0,0,0
34.856336779981405,77.63153188236038,49.254776166989885,0.10926648483756685,0,0,0
17.629782397959634,51.85488068074999,11.763471892335343,5.9638288999218965,0,0,0
20.49463051039039,63.08101096724528,36.113904951817474,2.6784870240319214,0,0,1
22.891521511952927,50.34960553291049,21.748568791585033,9.079723957803136,0,0,0
23.436563570776627,40.45676626178314,32.62290742439768,9.908992853585957,0,0,0
23.220421505310917,93.35315480209383,10.244361434588772,5.11808085659311,0,0,1
33.152220051131096,63.743663826103045,23.52324913088012,14.468929840901408,0,0,0
29.280652889337127,93.3142287930904,49.00463569296375,5.395394343779387,0,0,1
27.158104281814076,47.71779358723043,9.76435755080048,17.077827505667173,0,0,0
21.187454357255643,72.30517287016173,31.822251392437856,3.553187362835737,0,0,1
31.475807684425895,51.05357180351818,28.77988743833977,7.3447058953056725,0,0,0
34.101210229699774,83.45407698298011,28.252579314520165,12.4447551684861,1,0,0
31.42396565100453,83.10366438185363,30.756164482580857,12.106701409265066,0,0,0
15.031302103829457,46.19339319716215,25.111898684411404,1.5605822401028702,0,0,0
27.72802740366814,90.1635449082014,0.8465375128829,16.925172243818963,0,0,0
16.022707628842014,50.70463059617735,45.00484057315589,11.961298668595504,0,0,0
20.152144406674438,73.71375378741482,41.348941374201544,17.397190974143367,0,0,1
16.190494006955433,94.20984910482372,8.708384046056066,17.35271156455737,0,0,0
27.075909058987754,88.53180941215001,20.66365886894345,10.918373807500622,1,0,1
28.731798269852135,92.6110160708643,38.5274490346784,18.215629146228757,0,0,1
17.289752761318102,58.84293241699657,49.00311576936422,16.96815597626912,0,0,0
22.67677766089959,45.806660322070485,47.55685232208932,19.16245889123542,0,0,0
24.12473017911084,50.359078030919754,44.96795998380871,17.009967971188125,0,0,0
22.38106043521833,67.52721922921376,7.918694864956982,16.424077020022988,0,0,1
17.42050000970386,83.62763230503272,45.72375530045024,9.38720961353823,0,0,0
23.37895580374951,48.258450430113136,43.92224564755397,4.240621207558554,0,0,0
30.02356095616836,76.28523427434163,18.847495558319476,18.21417466150972,1,0,0
16.42015329066511,57.79676822217316,19.726129726813102,14.450983728921514,0,0,0
16.60360028163807,58.76611398156844,22.995446097758037,5.634957283970405,0,0,0
22.095425836719684,76.40547515868595,32.808781548320844,6.819914455112849,0,0,1
33.8345142323785,65.68496807432712,13.041780799150787,13.721570237144412,0,0,0
28.371452934458283,84.66183111642967,1.1474214719972342,9.556346167073418,0,0,0
28.573399133451296,48.57551803145549,7.061476229862112,1.6296512369273652,0,1,0
22.2383998167573,83.44715483718711,22.005795378838684,2.82895891491314,0,0,1
26.87321582417077,43.53293864315815,14.100128471310091,14.912973670246224,0,0,0
15.202623680554868,50.67296341350827,38.225828051806594,6.571390569636617,0,0,0
27.721920928190844,76.08823429767409,5.334503527463569,10.152988568040783,0,0,1
33.26573895152474,87.02091110810892,45.87326127774019,15.332429565070516,0,0,0
27.251469366896384,53.8973795256642,44.76635899719555,15.023511874121048,0,0,0
32.4739718693269,57.995538320590214,45.43784084666441,3.3403005377454775,0,0,0
29.479461109321875,69.54164115577069,36.98049993016633,1.967877287980706,0,0,1
17.411168328073806,51.63650435691163,5.349998574179965,11.8230458593018,0,0,0
33.049066145716836,84.61359438731282,21.906878568478337,14.83265747862479,1,0,0
16.3288768871155,82.55001547531684,6.570268590273187,2.9807984399082077,0,0,0
25.679349450955275,47.99104415811799,49.384959638054134,7.439105746545495,0,0,0
17.84274247586915,65.51063524991477,16.651921169933665,17.405559919352815,0,0,0
15.234132214618082,82.61552716600417,29.266527094503104,18.88446283120642,0,0,0
23.44068520255278,58.55312421068781,38.96965271221109,9.081395218993686,0,0,0
20.900814153083125,74.82087524947525,46.03080421128227,1.5903186806166603,0,0,1
24.72000987595206,42.7617216801665,37.777386292068,5.153929124047547,0,0,0
26.54399773469102,73.47788182911249,33.72518893831188,4.659398406310659,0,0,1
15.874781446178947,48.395913900033385,23.299089101907565,4.77927441082114,0,0,0
17.460065902474913,85.68208288129483,30.2700066875262,9.877634107585001,0,0,0
26.172847929008505,59.54972049692631,4.708190442641492,11.664513033831422,0,0,0
21.863347063453165,55.48546245005076,44.19612709806312,2.4501917735987067,0,0,0
29.58346975098896,86.24889371913167,27.18886544199427,17.787120130566688,1,0,1
28.04583297183879,42.75792126894956,2.006752521747135,12.399476465622296,0,1,0
31.912087259798135,61.81348396338896,45.995106282994875,11.945034605360107,0,0,0
28.849856533384504,60.35019473162673,24.465098691843433,19.745579967685682,0,0,1
23.598621547802964,55.664020583725296,43.429457078050085,12.562879549862506,0,0,0
28.45933244788865,90.14648826008124,42.84439771026784,18.5791829860237,0,0,1
20.50762348510837,81.30106164341973,40.787579372855745,5.725139447195835,0,0,1
21.126269975564256,43.515774030556635,3.070150964767804,4.8025898069299515,0,0,0
30.779703198415866,79.30780971892247,12.353332271210443,10.330373736489062,1,0,0
23.928390328031643,69.00145232208367,43.777393623271536,10.172178952733322,0,0,1
30.96760681036705,89.54773419208686,44.94955280260469,4.5296729896779375,0,0,0
31.44844747336557,57.212008954159714,22.903443118440304,13.993113137998954,0,0,0
32.15124675322568,71.57890997852707,22.002073382710112,0.5926763847338656,1,0,0
33.332704716824146,67.54154011075423,8.757031694307488,13.812609450989052,0,0,0
23.619704410265925,66.92584984251832,48.42053943455756,9.143557722466003,0,0,1
21.377336366422774,65.08579697344669,10.65692376795216,13.780150216901582,0,0,1
26.643974931882276,51.30962115427547,9.546839217538277,9.541612612830379,0,0,0
22.423448468752554,81.5640457370816,33.036448507458715,19.5466756576939,0,0,1
27.021483336004657,64.82348180066089,12.142215150022384,6.693699022062356,0,0,1
29.111717252876492,92.71839512514332,46.938580550719486,19.651458740047765,0,0,1
28.768100369842738,54.344463495602696,0.545349765889741,1.2994788495795073,0,0,0
22.491057740402425,77.55091117948726,0.28766311616506557,13.675215495151132,0,0,0
18.337204033975055,91.73943938015097,25.243840071779978,9.084384135698242,0,0,0
23.61058676924415,76.49020776588509,24.4031229956736,16.442752510594005,0,0,1
17.851882881638176,87.92000991895671,8.168201095045525,15.792321394339961,0,0,0
32.801940703676166,85.51145278663533,24.725978148514223,16.004203657518747,1,0,0
21.91754921475715,59.80647435189521,20.58305525849932,1.8947719860503942,0,0,0
18.089194944466477,73.0068166966723,44.516476267118435,16.447313997225894,0,0,0
15.508955198115018,48.59437368962456,0.4626960108481737,4.2808031488752185,0,0,0
27.916447725729686,69.45392354825798,48.813490251647615,0.5136052771806954,0,0,1
27.738046349094866,52.67320844978855,31.219638214792123,4.354774393688228,0,0,0
21.812083331625836,80.9055248223845,7.592172282263782,9.585702093996655,0,0,1
16.43423777695302,69.04321320406686,2.338000690558312,14.842227198228642,0,0,0
23.19257789790464,62.61750494474133,26.905282927961593,4.372649616657074,0,0,1
21.22434990126787,54.783840289183765,11.744508298591006,2.260150961805427,0,0,0
28.542412794700187,94.92841650127077,15.058276850062963,12.919345100478845,1,0,1
27.115584989053808,43.944078648671294,12.256608241725681,19.67796072720035,0,0,0
22.2918745639508,42.3958374314831,32.50861567862554,12.017406041712363,0,0,0
19.357851085099803,51.94915702716255,27.676448105806678,13.821147282468436,0,0,0
34.760719323111836,93.40898522453008,3.898721176090575,11.223348874928401,0,0,0
24.080032423922297,93.85809925759915,26.32632665875877,15.646968884570079,0,0,1
28.765484715604742,76.02102541246748,39.55948827816499,19.516088404188896,0,0,1
17.811059351567216,88.40586669635226,4.059729541016216,10.882584588083697,0,0,0
24.711793993187957,51.76789519624374,44.486948811520996,8.335810234854517,0,0,0
15.55073439738931,93.4623151797143,28.915332472386456,17.20686122320253,0,0,0
25.109102358209,47.85316675767606,47.53122346351583,19.3945668751998,0,0,0
34.28034814235404,45.56188534999121,7.407060886118782,2.583632817391359,0,1,0
22.684134259716004,46.17163465860001,49.678249967665764,11.563419309477558,0,0,0
15.779920251498233,71.52203577999106,32.21364329848384,15.849199850919948,0,0,0
15.61911581838687,82.95359203949289,28.374709974053143,10.666788103127816,0,0,0
22.759735198937392,60.166694783104816,25.76398120560427,8.183939363858974,0,0,1
18.20049872926388,93.78427932823695,1.1827186549156377,13.104596422708411,0,0,0
15.467041926563718,63.893107596508116,46.981959577478904,5.402561890266966,0,0,0
30.124272279003534,48.27467029252689,32.19972364270991,6.982674858767388,0,0,0
24.170460177637814,65.62817115023752,4.581324224964561,19.845533177626894,0,0,0
20.78489543945309,77.34704409823419,1.0476085147262448,12.729306687489908,0,0,0
33.00166366032961,85.77241792774083,2.5391819618375666,17.458545966221493,0,0,0
17.322779204010512,65.23225594761261,30.469788171612034,16.15537026074287,0,0,0
34.11837657910638,72.64837543270421,30.70077074472926,13.045451087880481,0,0,0
21.279334347547056,54.70395916873694,24.983364589072053,16.814581649175466,0,0,0
32.768073446173624,75.52540895230328,15.338291032647577,5.743169908671419,1,0,0
27.058857529589233,94.22845691726891,26.587136580732068,12.742328976245966,1,0,1
31.53414719482975,42.69794649232866,25.81509104381289,11.812069790479619,0,0,0
34.68026326420929,88.75918688878423,0.9707779938282812,12.448392015866895,0,0,0
20.768108756374914,70.92553765221375,14.123461516374903,3.3726385429355044,0,0,1
34.22270970815186,53.865426275926495,2.659267073357474,5.544860799961368,0,0,0
22.789637898048408,92.51893405050919,45.00773757238277,5.733166375850782,0,0,1
22.710238094738447,66.58448666823944,36.26115813925677,12.038923251455264,0,0,1
21.807742085090112,58.242963842036204,49.805758509645614,19.450937608795723,0,0,0
25.8281521469517,49.982369554896266,15.108563165264394,19.081351023642963,0,0,0
18.08290086356974,53.44487156411641,43.92429238784551,4.543791059793931,0,0,0
26.074229707160224,85.80669728752935,30.152713396624087,6.09690486133545,0,0,1
25.83409624820008,73.79255051244412,22.656270345180246,0.7212378455833424,1,0,1
30.2380362520974,90.22850907185739,11.128655564431755,7.976311797187883,1,0,0
31.67299923875171,52.758264868678225,36.91960826430714,16.693482433607272,0,0,0
23.80882700624848,46.66262156168958,45.207037445215,18.3150347797228,0,0,0
21.046664987029875,40.33481420365745,11.765419903768537,4.729929591358872,0,0,0
20.186697946341887,67.93241206887966,8.769516748680628,5.315889469776785,0,0,1
18.89247673409744,94.90688117100935,34.81109575024335,4.416996330175074,0,0,0
16.152951643980497,78.22308978502514,48.84865813627596,7.0020713514915744,0,0,0
21.848959576694266,56.96170255808303,37.4977550552039,16.095187971810894,0,0,0
20.404953842615665,88.22722206643945,14.229036952382446,12.937149397689202,0,0,1
34.32834771732814,82.99472462933778,20.99777120738928,15.718818357274,1,0,0
26.154176525000878,40.847834134209656,19.215881772918586,11.660622126706123,0,0,0
21.945540780610152,84.92732642975623,42.60475090235227,5.154661561182936,0,0,1
26.60935201987392,56.52897164811728,38.568538943611195,4.559883604250883,0,0,0
17.78393402691391,48.232040552098056,29.448771738076008,0.18001411727499583,0,0,0
23.88087498404406,52.4481961855391,13.747955519845162,15.619642737481449,0,0,0
27.524686428421276,65.77188924063265,46.89942638610281,16.942424523294356,0,0,1
24.77795663584903,63.367735988740606,32.66576123845733,15.365651992568326,0,0,1
23.035576013086484,55.888801465582475,48.52383232208912,1.4880411545698147,0,0,0
34.87696777799397,49.4720077213868,29.005851652101537,15.24443254339732,0,0,0
32.60629524297854,81.92269343031931,41.059637918180705,0.9153490630053862,0,0,0
27.468119163188803,94.45603810542045,40.655268969726336,2.111861314127823,0,0,1
26.387547223645655,82.77853692308298,16.866438841679603,8.809507458653345,1,0,1
27.413209596491683,56.27653322193477,48.20103614786141,9.522940178496802,0,0,0
19.026242156448667,53.46449287766734,1.0970733798781995,16.32237273237393,0,0,0
22.902754865286372,51.971623183626605,38.43554543837071,13.590537840818211,0,0,0
15.789190657817986,47.518229096896995,48.27785428820219,3.0664035726243255,0,0,0
24.510920749736535,70.32318023307657,16.945410164186143,4.522935664576027,0,0,1
25.860491679153263,73.29702045743393,32.4055293895486,5.713503765173735,0,0,1
19.554994722064194,78.80264633647255,28.11116249221053,2.473452749097167,0,0,0
34.28057694331028,77.41173540135173,38.07536548382618,5.752897727184614,0,0,0
33.18909221874484,56.07833212058604,43.308896082252616,14.57196311079466,0,0,0
29.44286470911812,58.16710529682656,30.152228464977398,4.82802940214566,0,0,0
25.66773257530725,77.48329944932858,40.795229319072845,16.70719294120773,0,0,1
32.3993831929537,59.219620243099556,15.614278794462761,9.390339902504156,0,0,0
17.61304687646926,51.694275429062216,11.429352935240845,6.458715224887777,0,0,0
30.8101958854977,60.58848845332068,21.53338447664201,8.248362090977462,0,0,0
17.496416279336966,54.96462866678877,33.88682997903916,14.18993481186983,0,0,0
30.884213250988108,44.85719966702178,9.36234744693618,10.335854064919804,0,1,0
20.51535136502714,85.65763962521595,34.01760960759457,0.14557327950116106,0,0,1
32.541811620363774,86.921126403637,19.704682428603366,18.4464769317015,1,0,0
33.88084187650796,52.08626650917837,39.7787636946316,1.3199200600370342,0,0,0
17.975919388102312,43.56247097388609,1.8417908551651652,18.772426976287715,0,0,0
24.25351210130787,80.63550905431487,33.39913189146972,0.5630564724010934,0,0,1
34.6197475632537,51.63407442248776,32.491116832498385,15.419586699148969,0,0,0
24.668148719462934,61.63895191902731,47.04677380626572,10.693494163665765,0,0,1
32.270950450290904,43.52743887305608,35.66837767820352,10.11452361208212,0,0,0
26.774630442626396,52.44482716171393,39.81509482116406,1.4555700508800906,0,0,0
22.506598158392038,83.60962530812998,45.229550792658415,4.774900206758326,0,0,1
20.715671110517405,84.2418045803361,33.75259591459939,15.55094634130384,0,0,1
19.064461821721746,51.38966536882407,14.50768174799873,17.82519659844988,0,0,0
30.235963827553945,58.47526148086793,43.4886899791761,10.582373621059592,0,0,0
22.73081013646056,47.3831130501559,37.37890597379875,7.0668679272519075,0,0,0
25.225509244015022,44.07949466567073,21.221880200044673,1.1988641612842166,0,0,0
24.846509600023637,94.56944429466252,35.526458632498105,13.643570521326808,0,0,1
26.545580584662623,76.05766731846616,43.3844438590571,5.5689322137256525,0,0,1
32.31154291249105,69.81530800590753,48.782606569563576,1.100274299842936,0,0,0
34.614786871668585,82.10241752229147,47.61757519795277,13.317034581972443,0,0,0
23.15168417147634,86.20424378282482,16.266391338207075,9.714395870675167,0,0,1
31.55037844212606,84.36931224246001,21.084685685909086,0.23924299403447868,1,0,0
30.290555893094353,40.90966971094321,5.476830248868564,2.2184807821269414,0,1,0
26.470579029111466,50.27443440047742,12.3772143509023,13.984038584918883,0,0,0
34.12094287223866,76.01979161648072,44.12106042434751,1.2734266613157708,0,0,0
19.009490310568054,60.66676412921796,18.04249631396795,17.319261296859803,0,0,0
17.185284206192428,94.03654580836088,31.027632929744055,6.226525548398653,0,0,0
32.07923933910844,76.59726359510398,33.29828091535166,1.7733294087284923,0,0,0
23.782996332674966,92.61018998010636,39.0914637571656,15.195147563361308,0,0,1
31.93937708414121,51.07955649051866,9.140001512281549,10.488544689060475,0,0,0
32.8618041039083,87.51763654632626,15.240656730721774,6.1328006475859524,1,0,0
16.24915187238143,57.67437681983739,22.41681707290903,8.12196683338536,0,0,0
32.66929525972121,94.42606445307938,18.242053061913676,0.4282479120965177,1,0,0
23.966381107388443,48.672876964023104,49.14526164298449,13.253970750788579,0,0,0
25.208649780084645,68.39869003610796,41.74704016068562,7.31547377926889,0,0,1
27.531850221864204,83.60644936104171,23.9843377310243,14.280751394562595,1,0,1
33.52765213460174,63.795336433221976,43.9634313043234,12.563422919050943,0,0,0
15.38232188859528,65.74462331032058,17.38264737916484,13.02508371819476,0,0,0
24.536869366356342,94.24956875281575,39.29141619451323,15.857854220088647,0,0,1
28.754440848611214,63.39194826656343,11.183779905322682,12.62316156752502,0,0,1
29.45413915396457,73.2239655329485,38.6161022613183,8.37451858483785,0,0,1
28.85064863074216,42.99968133713329,22.82267015978642,7.798551234692712,0,0,0
17.688702588162435,86.3215544115643,5.374966049612118,2.3916421352971162,0,0,0
20.987911767433623,75.6492426938749,13.663122727779115,15.588868263124835,0,0,1
22.17431050834027,62.22110565745474,20.113731201178233,15.222168835092436,0,0,1
31.0887441535901,40.88932469749859,37.46464558322186,4.925967341710469,0,0,0
20.57519744829106,72.54178513264272,3.649135736547543,17.253638253962894,0,0,0
19.21409927734406,40.69618056662892,32.97734975463198,11.780065155812565,0,0,0
34.14896038076192,40.06619876499599,35.80068204664218,9.573736847891345,0,0,0
15.177265702269377,73.8854209182145,32.69606849628757,0.3499260325099174,0,0,0
34.95641711363956,50.39593870340048,38.03348190837778,7.654823717286325,0,0,0
28.536425977147914,50.55381523449524,8.908430801141915,12.813415364713261,0,0,0
31.56938598898234,75.9299361208009,29.355167753151868,1.7949567537676692,1,0,0
20.892387926923863,42.953345336665585,47.05724736019399,9.191346177750965,0,0,0
15.2863055533412,57.237305881100596,30.539213490226885,19.868719027231922,0,0,0
29.7573903712306,48.21875461781105,30.56681734764765,14.33077274418135,0,0,0
31.682891940013516,71.90970033880936,36.821982105663444,10.937417750032088,0,0,0
29.809522639070384,76.39708351000678,16.66021160629295,10.660657698781533,1,0,1
17.85700574601677,79.6624719479474,35.02379506607703,0.8753016451638884,0,0,0
30.06855844513938,54.0377169305211,45.81169166566075,19.14628874815872,0,0,0
30.37845564215282,44.90873634001212,0.5447736512671497,18.56355320570086,0,1,0
28.1708103134011,44.32760113180438,43.505652055443264,13.64809421350893,0,0,0
30.322318655911722,63.438335164789805,10.930916562942954,1.9802329936309992,0,0,0
31.918428793554643,92.02144249844932,22.79616368501876,4.156677934988764,1,0,0
27.272082284749168,51.97509688358635,42.6173900476319,3.6781907175117046,0,0,0
16.77209427939358,54.120788073785214,41.19560637283145,10.391569702024377,0,0,0
24.75255619334422,45.54888411582224,44.596373906302794,4.156077490039712,0,0,0
16.5529866934321,73.30636506416616,47.0208396316263,13.916011230883964,0,0,0
23.150860620648615,77.39300806709463,22.35784783858793,10.90459771938778,0,0,1
23.142129782512555,75.3612164488418,32.818190540050345,0.35316354085310975,0,0,1
16.320196882804833,87.36216336746297,19.523922026305335,14.88114474071303,0,0,0
21.976410679389588,66.75342092643395,17.535835874608292,3.77657473307897,0,0,1
17.219961975826298,47.39513724218855,21.579770529883476,16.497702393613537,0,0,0
31.164704200184442,55.917282188742696,37.1538067391338,7.10090874245958,0,0,0
33.95376051928942,76.43364853817434,25.072037357077644,6.7723935996327285,1,0,0
16.446329505158772,73.7217085557858,40.7029837224171,0.23634671556421072,0,0,0
34.102304145834026,69.20517213586294,37.26092385980779,19.754579658460344,0,0,0
25.451531986734903,77.5630430278778,1.0239230562199664,12.240086783437276,0,0,0
20.991313559077476,75.05649677053147,31.51190785530808,8.454603323719814,0,0,1
16.53724150552327,88.47286892057235,21.828556165429553,1.9324280892267809,0,0,0
25.012485361408356,72.23090076130632,22.831449457557078,13.982961283020337,1,0,1
30.890310889814973,82.8230747285306,40.918652693494735,5.654609399838777,0,0,0
29.141729545333963,53.67889357815573,27.380399304233837,19.765616367510578,0,0,0
16.004520229279475,77.30004215239873,44.281091172947356,19.010947182986463,0,0,0
16.45803670735807,89.62067651104717,35.64027961958452,14.705933576055772,0,0,0
23.05746565265274,61.21527803449083,27.64200043820264,19.42143860565938,0,0,1
20.905809880958866,82.85073030362557,37.72689880755519,2.1126772490752566,0,0,1
19.647686461120955,79.86341156574895,1.917452546270365,5.598307210730904,0,0,0
20.62008997817427,43.273940827950234,1.3541827414103869,5.0648657758235816,0,0,0
31.069654865937693,71.98295702932398,4.167466346042604,1.4402531691860498,0,0,0
33.58456107263708,47.16041420604413,21.878266257357133,19.444531959429117,0,0,0
23.10205389055133,93.20255447268252,11.772507281347156,1.199481732937877,0,0,1
33.12222004264994,84.6274126485361,49.21306472078923,17.133778079886593,0,0,0
21.42991402495764,46.034809068591606,27.114506950568344,15.363228491536784,0,0,0
24.528739726875834,46.69635987062232,33.12078730405793,7.517341749429189,0,0,0
19.520579956319995,72.69606202019403,13.941006812334834,0.3761472525959797,0,0,0
27.80952084351688,58.96890457952509,16.08984542938044,0.12191809963739031,0,0,0
34.57962230349618,41.91982224902101,16.773095707057795,4.079876813878465,0,0,0
27.069861920867574,69.79028293081792,34.93678525751503,9.877531600675862,0,0,1
22.15628168227098,61.33148048272158,23.685310384465424,9.158199563703027,0,0,1
27.956348919810566,45.559207080445844,25.884182626503723,11.70585153129855,0,0,0
17.45841356930775,84.10562157407904,29.600149107967265,15.439186193215242,0,0,0
32.77318160530797,90.32922209033433,38.44058281191085,7.547092297204115,0,0,0
25.061679015596727,81.61266637077715,4.518487425623907,3.207273910186348,0,0,0
23.98699484079284,85.23322705089525,38.84369561094108,16.00097833656848,0,0,1
26.717295769070383,51.906981199636455,28.16175344375899,6.653813626624217,0,0,0
27.49567725578805,54.49651230052305,33.45477224276286,5.737637955867014,0,0,0
16.43551612453026,51.46901471645533,16.3775882420381,15.286240768584706,0,0,0
28.652344424468048,82.07848872510601,20.46934184082246,18.68278876166289,1,0,1
19.83863360631059,92.13543934139733,11.558290982696013,18.299225640215138,0,0,0
29.279052650131796,79.42604637036465,48.964999870870265,2.7488485171435717,0,0,1
31.450695887683935,88.48067206837558,24.850148625515832,10.063163069385991,1,0,0
31.079170151050405,75.1284502185745,49.80384578982989,1.8574056745634682,0,0,0
26.050019348157782,61.32129453073395,24.489298903063318,19.219519178127996,0,0,1
25.40339784621502,63.416888821166786,10.987563219203366,4.304557717536788,0,0,1
17.857519226788234,44.142678769207265,25.372619836842837,3.9485914953154944,0,0,0
30.506923008062714,41.730145738531434,1.97977858995389,17.77771346012959,0,1,0
20.428187608934287,78.25115823039926,45.238490071097566,19.357011102439298,0,0,1
24.93390845635893,64.11358906061494,40.927512559722054,13.952645185905133,0,0,1
20.685481858550332,70.37182874300463,36.291026034714235,2.4201006739844977,0,0,1
17.676567259993863,70.6713686192329,30.491335772123,9.717112210813477,0,0,0
27.591153937834733,55.25566973333158,28.991711683518158,16.332101881232074,0,0,0
16.086640696458076,66.17408809562198,49.836410703973144,11.449543674164904,0,0,0
29.972904682524,65.89181219172363,13.899871700996897,2.651897094566693,0,0,1
21.351735905222334,61.36349716753213,38.984218268278894,3.4377549900645565,0,0,1
15.002693860089707,85.13714608705888,29.070238510682874,17.2828335166961,0,0,0
25.222582784744596,64.81402020281777,48.79402718794426,10.540583273749668,0,0,1
15.937038170552063,73.20044884782934,41.39015916491262,14.116735475334249,0,0,0
20.52339115641799,89.25360662094543,49.926255649479636,7.4612505246612955,0,0,1
29.139529749114324,87.64284925724073,29.416249723122316,10.64971165837683,1,0,1
16.25379243243732,88.97322120785408,10.227197877246752,19.542062807753837,0,0,0
31.78676984712005,54.850274805575765,25.18435178473669,6.594060739362762,0,0,0
15.076398453171663,41.92403685694346,35.555556702528726,13.495770550165489,0,0,0
19.936477384038046,54.358673994243105,38.7180193090794,3.450111143904595,0,0,0
29.81808112304143,55.328904009138974,0.025499450797178413,2.434797705206666,0,0,0
21.325402994586135,90.01481796987323,25.2513544251147,15.672802225180595,0,0,1
17.037847761320272,75.70835030608839,11.761728998532329,16.88216419974331,0,0,0
22.20467837600856,44.49371777812258,43.74559166273942,13.36623390698831,0,0,0
20.40786572769051,47.44582278061056,7.6452722025114275,3.1639167508895016,0,0,0
31.854238043211097,48.56218690480865,33.32281247874167,4.811759312850771,0,0,0
21.26695835170286,74.67319614929077,13.303109516246241,18.223514161902234,0,0,1
30.778649435520144,80.44777140288517,17.827107160713613,5.774080975995126,1,0,0
32.8374428962147,87.28041508109678,47.02796303784224,16.37721032394235,0,0,0
23.67634839153059,91.73501029434337,12.022406270403973,5.7187457782080315,0,0,1
33.19886287708784,51.0937506562543,4.750138091146533,18.789251386468692,0,0,0
22.546361079263857,57.0374866598227,3.4642450722112916,18.28905825674006,0,0,0
34.28156832980216,53.21775844096569,25.230755504973107,0.8652634725757591,0,0,0
16.78579049051146,59.731886210637576,32.085574114214396,15.408279737348172,0,0,0
28.740385330064854,90.30658090830622,16.36468217854436,3.3892352046881413,1,0,1
24.876280809138574,71.63119118166489,34.51298708965404,4.305432518127629,0,0,1
22.752976109112943,80.60055435284744,3.0516859286618905,9.196904246629515,0,0,0
27.65423757497202,66.95655798697301,42.86673224614384,11.526362994989,0,0,1
29.077141832686625,41.58718523348685,40.82836048696189,6.51599437940984,0,0,0
15.08726539300618,43.53075172987979,49.274813569604284,11.507667311084184,0,0,0
18.339061774943975,69.58576671973371,46.82524904509227,3.413167426822732,0,0,0
29.260921012686374,79.5333969151014,17.809858195946404,0.4467530876207415,1,0,1
28.327708271564127,51.843179014080235,19.96376920077886,11.424487767235263,0,0,0
34.32095010257355,79.70502656957672,37.29824237391298,10.348305199246377,0,0,0
30.22075580501566,84.58661754159318,6.70413859774916,13.793079281518498,0,0,0
34.01545415462676,62.65436130991611,15.700735512241742,12.996441239356491,0,0,0
29.05081003069614,81.05305780642577,5.927046848782414,17.949727604679108,0,0,1
20.961044172788863,62.2216472680653,22.74432245364157,9.189372403230918,0,0,1
17.10729844501713,77.30928462002609,27.600213994265882,0.1673894938588405,0,0,0
30.636477266898712,82.01983771257487,10.55802349813762,12.613053631937081,1,0,0
27.882984429518316,94.55596400694608,1.33158434570525,13.502648592064368,0,0,0
15.963720247865925,58.99681641349778,35.96779158752616,10.429899787919394,0,0,0
22.201009318019565,62.60724293160363,1.0002582213084255,13.786097404824314,0,0,0
34.13599630968572,49.10910326755942,48.67013044641781,6.471676264723055,0,0,0
25.008022914204027,51.22401821209938,11.080362837119772,2.9761660638215837,0,0,0
23.654582720394092,78.13672514291078,33.19500460581455,13.291073279128131,0,0,1
24.153992103185878,90.43750745849619,21.737586311999458,4.903728584310574,0,0,1
19.177654480103275,61.70327234136823,2.98369301685536,9.126318185684097,0,0,0
22.374143417295905,49.891444575954765,23.609180331723373,9.832454612232972,0,0,0
22.396265119743532,55.68047246606467,25.838031714839982,9.543991009367769,0,0,0
16.047100403749447,65.02784376444762,42.734160404643426,11.968982873599117,0,0,0
30.351352570358365,55.98576811509526,36.61745348239489,0.5890741785171771,0,0,0
23.33008863807758,52.84684957170265,3.9651237376693182,19.79364989860176,0,0,0
31.443597736328467,80.47914688163937,10.458134171613253,14.326209478771425,1,0,0
32.006960022397905,40.431470668234276,15.594384210747386,8.507755635975254,0,0,0
19.23988109397316,69.65767900350657,5.820384323240973,3.8266006058048863,0,0,0
28.14706964340257,83.65717438663646,22.84495354572453,1.6035464488671258,1,0,1
24.445636083259636,54.64255574746075,49.21545954312678,13.443808412522438,0,0,0
32.603134758429704,73.18103308366096,25.73063956188808,6.339112299171166,1,0,0
19.31481358352908,76.78950580902398,37.09410841615847,4.589569164997361,0,0,0
28.556264006200884,76.02635830227996,34.14688988496731,7.5990877422466685,0,0,1
27.155042445054452,64.52172988092947,42.4955717546069,11.858461756154203,0,0,1
20.906029551436657,59.06178933316785,10.786174523280472,13.434104333680024,0,0,0
17.732018073023454,85.97582401652974,37.69131308465141,12.903401387090604,0,0,0
28.032795209545533,81.71452763499254,44.06776201528748,17.26531166983947,0,0,1
29.771949162646614,57.669034537765185,8.575491149012137,4.375148621402305,0,0,0
21.312546875267,45.66605569432134,17.340110989400188,12.73492326394271,0,0,0
27.896652080446277,43.9494149995008,48.50508821657807,2.022287523721882,0,0,0
22.902618152230065,45.18517878444148,39.039392298989625,10.958693797983557,0,0,0
29.264137665652356,72.05781486556236,14.129541626876618,11.679168049793425,1,0,1
18.984305497881063,42.84141967059443,28.19708848222435,4.324745978683473,0,0,0
32.80430005272349,58.53097812302211,20.21630614247394,7.833862599824737,0,0,0
20.748191929311595,81.42598360528262,24.498258816356493,16.54385779167605,0,0,1
22.355719755123058,56.1891491583458,17.758309569535424,2.9681810750592685,0,0,0
16.161839041606996,81.98194424490714,13.96655092651703,8.690123952316803,0,0,0
17.230244246425528,81.00068710138804,33.73815206957094,18.654661424229037,0,0,0
25.317238054246562,53.520492294826894,38.92709075430588,10.08217855399202,0,0,0
20.35185353455943,80.085219905101,43.69785613736724,14.50267423666574,0,0,1
31.70960451484389,81.12771510496555,7.766498365909403,16.537320791111018,0,0,0
15.293867773099077,61.85996591168647,41.14277618226203,4.075487496909849,0,0,0
22.58188097343872,51.5731266057835,12.740041223853177,4.3643447106586475,0,0,0
21.746910935381855,68.6698943790528,21.366819495502533,15.17182912196767,0,0,1
15.38655261835202,90.6768673400108,45.07218429246233,15.06613476352802,0,0,0
17.487367980010205,75.1789202837634,22.7251800491301,1.2036664127923813,0,0,0
23.272853498372704,49.51073736949937,9.85317670221581,6.449964813899287,0,0,0
24.857291688948933,77.5516308603436,7.99343276185589,7.970649838168759,0,0,1
23.085794945097383,63.496166500500905,23.64918833260669,16.580808069423075,0,0,1
25.61875356824188,72.53408385454551,38.133621198827704,8.437245108594748,0,0,1
26.90263349811363,80.37352192627094,49.86025719871506,18.518577808064876,0,0,1
15.198476422556713,68.32210433329446,39.37043142154509,19.9321555428128,0,0,0
24.28190318907008,84.76911860153197,43.850597947142674,15.614523313886991,0,0,1
34.26998481775176,79.71855686241453,37.3916180467444,13.32773379134515,0,0,0
25.380645602590974,73.82903370101809,44.7717550378053,7.837943319742456,0,0,1
28.550845349179063,48.29360487077933,3.814677165695662,1.3407889210406676,0,1,0
21.237277158337662,85.97720110013626,46.496579949082275,11.462775127922612,0,0,1
30.479827563055252,91.47480719258988,19.820307686282806,7.234098110879819,1,0,0
30.4584296375223,47.533081809511216,46.08071116402223,7.017961516646871,0,0,0
25.42592095308278,66.85326211883869,3.786641872973778,13.754185054188712,0,0,0
34.520276465584274,54.23888080837774,35.76214785605679,9.272787171932714,0,0,0
17.511004295253066,81.49878190840604,36.78443743351023,15.041876895429,0,0,0
15.338953297791619,79.6896299802585,49.84554446488863,7.963464453707583,0,0,0
30.40316423514192,47.74868163137193,38.44276353449069,3.017267709731253,0,0,0
31.14311074729765,88.23649991939004,19.128685290780332,9.22695052380493,1,0,0
17.404144582411526,49.953518518790126,27.862427580927267,19.020250286507267,0,0,0
20.311656659172122,83.84924641064592,18.327546908329513,16.030492582331167,0,0,1
15.351047267332579,65.13391977954026,9.800932265242906,4.114985101467335,0,0,0
20.866172215611293,58.05497614569832,12.425116375113676,7.8260100328988536,0,0,0
30.46283747837343,48.703159447081745,11.100526713716047,18.555841904410755,0,0,0
25.35921055425158,49.218784088064616,27.440766508160646,2.47398117453133,0,0,0
21.961911863365764,76.40398050854952,45.30803172659466,5.0790048372987195,0,0,1
22.434785898126606,70.27367133709163,45.63633130441988,5.244452917437927,0,0,1
15.027072514309364,46.7146981908178,2.738188876291275,11.418657513239669,0,0,0
20.996010551304717,46.19838232410788,3.994970047594676,8.214666394226455,0,0,0
27.929174832758612,43.97708161250353,12.255952858617174,1.5974134799259976,0,0,0
34.48388887632714,80.90720410554493,12.752972623473745,12.583629091541713,1,0,0
31.94121653967799,79.15351468761091,4.744458761962555,1.9815572904030043,0,0,0
15.471899292910582,43.213704497001636,19.423167058672025,12.128298639581562,0,0,0
32.97121209349679,70.81485415783351,29.38626963456436,10.140167604520515,1,0,0
30.66396826597252,44.657188538347945,28.908110029973184,9.873373214506252,0,0,0
30.607522471419607,89.7060173834918,27.171484062929636,1.3499249059845964,1,0,0
24.15991518007143,89.89145805490728,16.93359624437486,12.784408937670717,0,0,1
22.960105859090056,78.40281443972216,35.322784265829036,8.626405171786615,0,0,1
21.058314576663854,90.94039067916975,41.324197049053566,8.222122445713731,0,0,1
16.313897179087316,84.62991667275298,17.313713323870424,11.929027928370735,0,0,0
19.56470726987398,85.56962167598772,4.276767964973099,12.124961198930947,0,0,0
19.932072699560493,71.33393178134632,14.816512554592826,0.3006659152397706,0,0,0
24.681541394204032,56.83325590188967,6.868432728745138,2.504518024064133,0,0,0
29.948888131933877,51.97895133140319,23.367936361359043,4.730364416894412,0,0,0
24.476196567958933,57.99600121214111,7.796757565803913,13.559546666919582,0,0,0
16.156888988943212,74.5672486548984,23.142237882898865,11.534822540592149,0,0,0
34.15579601976408,49.49610947078194,11.050144616232387,15.152582647695073,0,0,0
33.854486381882246,54.22521301505269,36.93655527312015,14.81215611087714,0,0,0
30.70379086296817,65.74334745375054,1.3784120417922818,17.063657384123015,0,0,0
34.82655803128441,52.81775541885386,27.73731519159628,7.536297225448278,0,0,0
25.889646656005258,72.37540183438338,8.474413746002835,6.901277323666055,0,0,1
34.25536700506412,90.77468156509815,0.04959322348135342,16.620308061069263,0,0,0
16.512100812335014,81.14491511367196,43.460004403240355,4.75203067734369,0,0,0
22.313614965227426,76.65346377819021,33.57638939070338,9.22344747347214,0,0,1
19.507625360135314,72.04968117910784,4.94714110252617,3.8865130404449943,0,0,0
18.9166616826854,66.83713500913856,33.20361838419278,18.276814842784272,0,0,0
17.816058977853523,50.26101227990628,30.582366636879925,8.156060261932508,0,0,0
27.448272831319933,89.20907504847762,23.667834352160167,4.249737964616567,1,0,1
30.6264371149461,53.669480110706,20.9629049212807,13.84026781137824,0,0,0
26.565967988407213,45.02198826679884,44.35348814578675,4.892893564209572,0,0,0
17.939254191764192,81.25083485757824,12.257400994872564,18.870072063404468,0,0,0
31.222475398669417,49.65885438821415,19.915502850669164,7.352340296188229,0,0,0
27.719094143274567,60.45427997476468,16.455770644741364,13.29281424203674,0,0,1
22.76331412253991,41.55567105600389,38.560051451831676,6.904898623148268,0,0,0
28.48260591072126,47.53873683972464,45.82326531162697,16.144911659869475,0,0,0
20.198099584856656,49.52619969179516,42.489084937011526,17.938454820455515,0,0,0
21.90384416988421,42.99255702625979,39.88519651498842,15.758367188295724,0,0,0
33.34971686263981,76.11613261425649,49.33949727850415,16.9699803745504,0,0,0
20.81009011342841,86.03542876917145,34.85722752051926,2.0376165587527195,0,0,1
24.399765363158732,60.532347350126756,37.55268956067669,18.481293540661326,0,0,1
32.80282274792029,88.10170621950104,49.14012698525095,12.486014577505607,0,0,0
29.15442700535055,51.73406160080696,0.3495392699587041,17.384350643323994,0,0,0
16.244064523294057,57.89647329586818,31.702418821818252,13.688735283708308,0,0,0
17.946060885579406,48.29053461671426,36.94857659766448,4.036953370874208,0,0,0
15.156831815438336,74.13075574804492,45.89135268785975,12.19110203291353,0,0,0
27.618435804583267,63.09282749786688,44.19221520921714,1.8189247944628195,0,0,1
23.953468508208367,73.73058407630442,42.09803406168972,13.914460604363173,0,0,1
17.68549701804551,81.8921197966801,47.28956359708519,8.180022821611455,0,0,0
34.15868242113541,70.01366588181216,26.868959395685376,3.034663462004179,1,0,0
25.593194478912398,74.51966951959832,0.3460047792413379,19.58459631736828,0,0,0
19.837865882257784,91.43876729168831,0.5527199348504763,18.021688484213623,0,0,0
25.01207142309415,56.44853702848637,27.231952780892904,17.870874268065077,0,0,0
28.592406654702156,59.75401662486742,21.763611943197063,15.776406127045057,0,0,0
16.52478435947129,79.47368489401353,22.562252668272425,13.839622502870352,0,0,0
20.49407630095784,73.62180343804627,20.02023686050185,13.101589605844904,0,0,1
31.139309817679873,49.819309749684315,45.88629045456179,2.1218767540771055,0,0,0
24.193297408053226,60.68810205057696,17.958517558489497,18.011324706369084,0,0,1
25.931542840645896,65.73109072185932,42.811347088154164,17.62256792609221,0,0,1
23.656320044189385,63.06644108826141,45.143239689582046,14.957052530497068,0,0,1
15.877998852860102,49.80511445771224,24.975088499947738,18.54629918150245,0,0,0
18.31499559640312,90.84365504813442,22.346901868254417,11.061669027959839,0,0,0
23.910832774837818,81.92753189316866,38.05103021077234,8.952846694351106,0,0,1
19.183709308158555,66.47457076593187,35.39857538199412,19.358948043325576,0,0,0
15.999580573193574,77.40335655687602,16.426755829810297,9.282623755953122,0,0,0
31.872993281036475,89.35054696745371,5.127406296232328,12.826488821343155,0,0,0
34.62385058328232,47.489577829886414,13.242620009124018,7.461242937168779,0,0,0
30.86285747993479,53.77051778888377,6.551425290614948,12.726524520394557,0,0,0
32.07569843409334,69.84856859911548,14.736613788834568,14.401979912513754,0,0,0
19.839542606340906,83.94557042437972,13.091078279039953,12.493110505771007,0,0,0
34.212539510263994,41.99401924928401,31.885571194335675,10.291258824323954,0,0,0
18.93851408906857,94.12099826079984,47.724801422738985,6.002215952504657,0,0,0
34.028596207236646,65.01986315853185,34.28718661652418,12.876913522724466,0,0,0
34.89638587931902,59.75771273419477,46.332470403228484,18.168577905227256,0,0,0
29.234456114920974,56.099844081187456,39.20661293042217,0.13825182339334718,0,0,0
34.62287463583644,49.58961892079794,36.39388110355866,2.6785805485938075,0,0,0
26.390795591342073,83.53656499115154,20.703097010667072,2.395463169997114,1,0,1
20.190835663521806,92.5477790610353,16.23972514316843,18.46410605785708,0,0,1
23.739917713312416,62.7504615164969,42.31386862364596,13.254953779252293,0,0,1
26.87121870757572,92.3831382114401,45.26966164645027,19.03576212940301,0,0,1
16.4616312405403,85.30886884892688,22.5941246825466,11.656265464248566,0,0,0
27.446865292344924,66.4578120111975,0.4531549093322207,9.234657943185073,0,0,0
34.62355673524589,77.0714398519373,39.626552945323525,15.846858236287249,0,0,0
18.802152995674554,63.924129854375465,14.253442023614582,3.218845349504491,0,0,0
30.851902325767668,70.72978745169038,0.4943932508460369,7.626762326346428,0,0,0
33.157975875592385,43.19254853601771,40.2494279488061,9.325484810684475,0,0,0
33.874031856404414,78.29449114152932,25.87070944084491,5.969167890242364,1,0,0
34.202712088108946,42.90535544662752,34.260537316923454,7.425712248169569,0,0,0
25.42919277442944,84.93967208058072,45.73449105722388,1.5621037384883651,0,0,1
34.54615815983007,85.37208112033066,27.05869150690527,3.9596717889911592,1,0,0
30.146204142688777,53.0392508155918,25.15970362894829,6.709934406618567,0,0,0
18.233428724739237,57.801452956969015,14.533106067413176,15.917808664662687,0,0,0
24.5380021293594,66.47207082070614,15.259691721997632,3.649947096857278,0,0,1
29.36662350744008,72.81645988128648,39.82710330148229,6.932807479684493,0,0,1
19.946806316381668,55.80445139580982,22.45146227929685,1.2984057639387037,0,0,0
27.812303670977748,72.58675225475588,8.17631043040602,11.14208689653212,0,0,1
28.332009580932386,56.37828902761144,4.72643820002478,12.225017762818556,0,0,0
18.25399487617132,43.05198965890834,23.646005843088968,17.31032926924334,0,0,0
26.301706249055126,40.13901524075499,23.24775118088652,16.38231997003928,0,0,0
30.43253821957215,45.56330818551357,32.6729139102698,5.7075590936776095,0,0,0
24.97791329071884,83.573788509021,23.553373887257035,2.7390737837971946,0,0,1
15.24206233552215,92.87872218108353,7.173785206710736,3.1216636442080747,0,0,0
15.180769381585844,63.48314096046706,25.39014423992568,19.379278860808892,0,0,0
22.140586879400246,68.19761743974685,45.339470194301256,13.464516280147148,0,0,1
33.52388136863564,48.076649299038436,7.9720705810106205,0.8514157560647861,0,1,0
19.573535592072176,70.30672439740863,34.48773204888745,2.7355851009018917,0,0,0
27.687273777433745,47.95601961038373,29.692963248276328,9.716001302019116,0,0,0
19.44151741386641,73.61678821593566,37.429286335590135,4.156576085862396,0,0,0
21.433399793190972,91.32922671694696,7.5300136713796375,16.073179700000377,0,0,1
31.96084179202968,50.76341966166718,47.080266845299725,11.464342351387298,0,0,0
29.57722884539894,82.05100449314061,31.04832138835793,12.252644155785967,0,0,1
16.907985546264214,41.29263325500782,42.353556884556845,9.256510960984237,0,0,0
23.57404041972867,60.65234827268915,12.33033818401178,5.1212555085263105,0,0,1
15.583395272905289,46.091167930678,36.970644469898076,11.78807226405093,0,0,0
24.61780293206018,59.38614928776347,39.051535216695946,14.339400923214637,0,0,0
28.24868023402136,49.54453058013859,19.871763619353782,7.418961552603339,0,0,0
17.37005247196303,60.53177445675881,19.197672644171103,10.098872612356706,0,0,0
20.777698778183314,62.96375433591417,32.889813251287464,16.793679409440664,0,0,1
22.95673251004314,56.53251175295051,4.670384088010798,2.973635236449206,0,0,0
33.39062049312099,76.1142072210221,36.78120751087545,10.904488385482008,0,0,0
34.865100308459276,90.53686281924004,2.1443379919705463,6.968253236584562,0,0,0
15.898225979912317,62.032745575789974,9.5295150560413,14.055895164344609,0,0,0
30.22015846990784,50.57887360612618,33.20718786206836,0.37620486324789315,0,0,0
22.434481328046864,54.88975170077909,4.916183354598191,13.409465996063775,0,0,0
22.8491637245896,86.97004529230028,48.5921045738395,2.057954680323748,0,0,1
30.085299466940455,71.44018477985813,43.41981047309503,1.29535505987316,0,0,0
33.368528642908174,65.02560677688265,31.315116620336823,14.492466019172259,0,0,0
34.018571890050964,48.23001968299097,40.95287278346749,12.80684305808147,0,0,0
26.542451720766415,64.73500195780801,44.37900242947839,17.898718617853177,0,0,1
22.142423186010056,55.31706018465627,12.973782478590923,10.393099116012902,0,0,0
30.750981717175584,91.87397203193422,42.470579397465976,10.600488510543343,0,0,0
20.020027665246005,88.62385601786522,9.73968918188009,14.14035671153101,0,0,1
26.281480576670354,44.61463980055089,20.667113207440767,6.467951527065024,0,0,0
22.17156923049746,68.41594190936836,27.912981562429966,0.7382491084386511,0,0,1
28.132621474157524,52.378209003306964,35.694548153701625,4.600916514381157,0,0,0
19.80797825787014,62.59273992383598,1.507065886126402,4.760268237927332,0,0,0
18.831858914696515,88.2266399038301,14.525470638909448,6.713177005563877,0,0,0
33.36478173350874,69.01329859386996,30.425954910519515,18.869254660809258,0,0,0
17.036073658990738,58.381841135391795,17.868433957455938,16.096855973262958,0,0,0
25.11915815469863,51.43385947577484,38.75125278147467,18.71912490410384,0,0,0
19.41705565926018,84.0178672673569,32.58260805753581,19.97219180226001,0,0,0
15.77859926651335,74.3484908450391,11.72007268618679,8.67558008174089,0,0,0
15.720376365828528,65.74360032344272,7.296448979616654,4.541466333606092,0,0,0
18.504435442116545,51.96163946246379,31.45234967935252,11.200083225104983,0,0,0
32.33540709012,58.38355057864222,22.523366385237885,17.622688278962375,0,0,0
20.649574879540534,92.79138847061853,8.44785205506593,9.314637220291564,0,0,1
34.009183411505916,68.60494656832088,16.318710265918867,10.10798605144507,0,0,0
26.63244585978387,62.038460468378915,15.15233741592933,2.688782118556534,0,0,1
23.732283795375324,68.67821232915782,5.406598616968755,8.409109851355222,0,0,1
26.60177669338909,82.84436782447847,27.345450963261403,7.739896196171562,1,0,1
25.333967704525357,58.705991507657785,38.182431695627706,7.033770057308992,0,0,0
30.175525075146503,49.828836651293486,28.77334444264935,17.745973398483997,0,0,0
20.649921319457043,72.17148650864763,41.314568246867616,1.1860286642466589,0,0,1
22.061007832006048,76.5862256914587,6.378427360771566,19.442943657946937,0,0,1
32.88188605066502,79.19949016272022,21.780592891111194,0.16493650546272054,1,0,0
33.929130263008105,88.50931749213713,30.470755182904956,18.91188027899618,0,0,0
32.85116454972949,60.41457663790122,33.80007804709537,10.960950056770871,0,0,0
23.38895987914627,44.14451929258905,34.78931532117135,14.048904888002316,0,0,0
30.607310060137635,92.70917209970182,36.448271354894054,3.7426569939024645,0,0,0
24.526714666021974,63.925656009061136,32.57149060980083,13.08423078033214,0,0,1
24.950797042922044,74.27916303202223,4.711404447043383,17.639153370554652,0,0,0
19.093602181145677,76.64679277205607,34.76528388011482,2.789602796673032,0,0,0
26.82260606517033,70.0582539785662,36.23913283871938,2.541632245465799,0,0,1
18.72271795506696,51.28916413549486,49.67399671668136,6.079558182989455,0,0,0
21.631293981343873,81.53286775638779,34.6681218350563,3.234517849507963,0,0,1
32.10060403239871,84.20635858672449,34.34151978757745,2.212916961866942,0,0,0
19.141516184217103,70.41365723095919,25.7406645090986,13.566380719705835,0,0,0
16.423165703468655,66.8708638321663,43.3961454292557,4.276532278249816,0,0,0
16.380151852256326,46.266600072039196,49.84173809805792,13.340297988039724,0,0,0
33.81569041006216,44.617341382488114,38.9522435098716,17.238584542316325,0,0,0
25.138408759236693,58.67606650599408,30.62501889289042,13.04049582826001,0,0,0
23.188241436340366,57.096538553456625,3.9477413465784092,2.3873413983080183,0,0,0
31.217571620158367,92.45110480297993,36.33695658648138,11.4715514809489,0,0,0
31.71651855821032,83.09925083438864,35.42807842909752,7.872573684231017,0,0,0
21.64382066231209,76.2958362392483,38.778407390471585,6.867418734449895,0,0,1
28.872361149475907,68.47064489596828,6.227769419974466,6.370629372596643,0,0,1
30.42245631703773,49.20521418996582,32.686625006307175,18.58864447639291,0,0,0
28.09301373731909,93.81511697013562,14.786195247583734,14.850149133554556,1,0,1
18.031901496001986,60.62723840321155,38.01356217014168,2.6769757916059,0,0,0
32.51766167034114,45.880908134598464,12.018697701573311,9.520109594649275,0,0,0
25.781891054720173,67.15893926436604,34.19893384102053,6.364461505078392,0,0,1
20.649448527400075,88.06989063871958,14.749647349198986,19.558766250919163,0,0,1
23.504563708753878,88.80100509775312,0.4497146408715569,19.56057945906339,0,0,0
15.751421807978147,40.6031253831046,31.667895598654773,6.390689486660699,0,0,0
17.55733602444835,88.74626596132698,5.663454157946118,7.042262322909094,0,0,0
30.310935010317216,54.93163196249222,32.9645736394107,11.988284142730912,0,0,0
15.000232695107323,42.14348001826327,46.28047241784687,9.586140286550002,0,0,0
23.331316569645843,86.6284648699581,48.46229671055451,4.262017443168828,0,0,1
25.45020362171177,87.51267157935146,11.796154366380629,13.208243339772228,1,0,1
16.092688400019448,72.79270939132925,40.462661382532744,6.682572877504769,0,0,0
34.461563259446656,71.59385665129972,17.677663843622014,13.074329966643353,1,0,0
19.52250662499344,84.72161499417807,45.022853637399116,7.673630446555995,0,0,0
21.083974392725615,83.2470253990654,39.37447843146869,14.004197877125433,0,0,1
21.078850245100547,88.95580103934873,3.6960858322881815,13.35598941779301,0,0,0
19.608333242346998,70.40110961781869,20.356849693863865,10.176255118420015,0,0,0
15.029476441726228,93.22059010030448,16.865891300483703,14.094799814216616,0,0,0
29.58689588175993,94.78807570133361,39.259051036163854,9.219313524640304,0,0,1
34.33690999598571,46.40995354992479,20.514285532657954,2.322765993002458,0,0,0
19.485869665700903,86.72490677547671,34.22941988265419,3.642125066747093,0,0,0
28.26094383606845,67.4902241761724,30.121762779522022,4.919862683312257,0,0,1
29.8379265391743,61.31614860649077,48.78193595488169,1.2645785645139318,0,0,1
31.968507581810496,73.71897704354933,46.88924784008074,14.227624412613402,0,0,0
23.452583940272184,43.07810564941039,21.384975736935935,7.347804536632367,0,0,0
21.058618112808585,67.85536153218939,36.17891058205747,1.870465926539946,0,0,1
21.505902680460622,87.89898135146666,41.473004699061086,16.399162414511604,0,0,1
29.252426661970254,51.740383387643284,44.94428769310726,13.673085689271499,0,0,0
31.33558933011272,63.45144421231838,3.406713188824184,9.044484742554017,0,0,0
18.632279355132052,91.67144882431815,15.10393996367484,4.948506701854685,0,0,0
22.418820163155303,63.57101107931335,16.01150204842609,3.034917875856935,0,0,1
33.038803934983,59.71021977828191,21.72229756099393,9.16748383510124,0,0,0
31.133870393894785,64.2295156467858,8.46323753577095,17.704914860211247,0,0,0
34.69716805524952,68.5699021584656,24.810293997500406,3.767906465439399,0,0,0
30.084965193641615,74.75952392723079,33.160716364922806,11.373184579829758,0,0,0
22.863904020558444,84.0381040504202,24.868196010835884,19.23371990444512,0,0,1
26.812756679892757,64.86562131703728,33.28965475988079,12.742331495292259,0,0,1
28.220285084946404,84.96145142995772,3.3220815908950154,8.799294603117367,0,0,0
16.569116326342478,69.35463637436443,43.799366585370514,14.327459458778169,0,0,0
25.889939182077303,58.61642807023877,46.953459605053425,16.49155838037413,0,0,0
29.18641656945219,76.18729554656778,30.89537120593243,11.810325957736843,0,0,1
18.346426080021207,79.47472401089203,44.06954993184485,17.436647179859854,0,0,0
30.612634348511143,70.69269365962181,6.572300832410622,10.291835187514753,0,0,0
26.675455610282235,43.11382352240979,39.87244600381551,16.60058004412513,0,0,0
34.04443571395189,49.34355813384537,5.957409673629699,19.040384808113902,0,1,0
15.848445964137834,55.69137464896255,20.400511574876834,10.024869340470342,0,0,0
20.30652275110934,55.54440832733212,16.19092672791375,12.100034311706505,0,0,0
27.03107758599648,77.03814401357789,29.279591261022713,12.189350858996699,1,0,1
20.93119824411861,41.009176392049795,15.075726761976677,15.628697271965812,0,0,0
29.288483281424845,81.56249773772359,31.865681483356635,16.459316803548457,0,0,1
30.18010565043862,54.593836114381325,18.369364457597893,0.5445863241212145,0,0,0
17.05031928132949,57.05120154188563,43.03951905152322,14.667191281807757,0,0,0
25.277089284135354,69.03504053691583,31.694192010980576,15.676304892604753,0,0,1
25.177811111821118,51.87590805164267,10.764914866072306,14.008588789164737,0,0,0
22.38561540431082,88.64592224665401,16.80647110140435,14.273913186461922,0,0,1
33.65849725139344,44.69528286296109,42.37104438133279,0.8280571836853889,0,0,0
31.550126397464425,64.44102992655857,19.323987499372926,8.840773238978121,0,0,0
28.944187638192737,86.71822482001895,26.78995327828226,16.36359299443481,1,0,1
29.286532714699952,73.87141419316796,32.44709679761664,18.680142825902074,0,0,1
24.234322876262382,56.078123371344844,17.390482479295837,4.589358411438695,0,0,0
33.41989042193151,63.141811427705335,14.698931537903414,11.5838988070559,0,0,0
28.891908545065707,78.86819091883831,23.76274513040143,16.086604791011673,1,0,1
29.579621233116328,93.52934088501446,10.744048604639456,15.048152857183714,1,0,1
32.2338180757469,89.12262951086885,14.210529345953171,12.377802339601583,1,0,0
20.48143178684382,58.833804461030724,3.1039242016018043,0.3738237652400045,0,0,0
31.14141807733406,94.90088336083215,15.198513798550273,14.477716802231317,1,0,0
18.904812059129842,40.192756494208204,16.035204668178466,15.464850065576298,0,0,0
21.906839044897758,41.51963656946283,48.09165831456598,14.456990132512699,0,0,0
21.712209085396854,85.31122833441566,29.486441273294005,15.316183229799133,0,0,1
34.57050936778281,50.97044777581786,39.36912127079028,8.618297853577205,0,0,0
32.13074447495853,43.342309761793246,2.2688626390161226,19.87504291850782,0,1,0
29.023397231805195,53.043144028007625,5.326834680418596,15.415738317453178,0,0,0
29.541135232307802,63.43550846894731,40.726848043129614,11.573600105599711,0,0,1
26.24145588805142,80.18114487383727,31.177477470881787,18.683825394932477,0,0,1
33.94181334217038,74.3384539603163,9.549101527010146,18.163966789160366,0,0,0
24.92517505764723,53.06916696582312,20.239770293086913,16.291341306685297,0,0,0
22.61035419739789,67.67987464553214,26.93362499908114,11.273898379675327,0,0,1
18.26070673863182,90.94177579692129,42.18049145687209,10.54202038293427,0,0,0
30.72411304522116,84.82542773410668,3.0205995847247094,6.574158639490415,0,0,0
29.688878641511828,57.77543816574864,29.83611446836812,5.017559582078968,0,0,0
22.687100770482697,94.02455087456329,35.8517960793342,10.247190339501731,0,0,1
15.503868279184587,78.97412202393221,48.89459289552297,11.555635234239476,0,0,0
31.779946554360215,43.434714561673,40.35800391460922,4.890528629176911,0,0,0
15.228359669081472,41.93383923087513,13.811365678263671,18.452024873069576,0,0,0
29.07399559258102,49.26243719555165,35.478959693913254,11.14547993468637,0,0,0
34.40514219452114,80.03207274275807,38.16389424634885,10.53010650764293,0,0,0
23.75322656296407,50.10564092133353,36.48677499591976,8.712767767322804,0,0,0
19.699468099919056,68.13177230648584,41.0072033975935,1.1614259143372108,0,0,0
29.097420200867635,45.12930660994574,45.18649881068188,17.648026689196985,0,0,0
31.342562840311704,90.64873868066073,4.921493449467013,6.339884528860596,0,0,0
25.92860632155695,58.91783374709621,5.238192884055942,12.84920668936589,0,0,0
34.340705505122926,89.94726311083468,39.8199994385323,12.148671179400708,0,0,0
16.03337443315922,91.96816030507993,12.618623826073543,11.689736507690537,0,0,0
25.09591196609056,40.33707560225244,2.927071097503897,10.51424404023168,0,0,0
29.369078946451,65.52743529593026,20.06145904903029,3.6287966686265616,0,0,1
32.252809422983574,41.35608306387911,40.99384559130391,5.612114820959311,0,0,0
18.5851122381558,89.97810214665982,6.328251190699019,10.483761425406001,0,0,0
31.00006963527363,68.51241496040167,33.59209859022337,15.78684903193852,0,0,0
26.054141514370905,44.12192069841733,0.18079308857838483,8.639779413008373,0,0,0
22.931073639799266,46.06522005521118,5.486872360622497,4.0784510609226166,0,0,0
17.63430057158187,61.09299634710065,17.542517288424342,1.7588884961085194,0,0,0
32.30591517817825,91.71288060800892,4.180114051220701,13.260220069880484,0,0,0
18.14546416359431,78.11000333624445,42.29508337185565,8.466799412423292,0,0,0
21.195757184181986,87.71903764040229,43.20352515727344,2.507417852452838,0,0,1
20.800910639248738,60.15511554869888,37.77853515497621,13.489337599739674,0,0,1
32.428280683817086,42.376753475249906,12.123981569780874,4.151574617087464,0,0,0
28.45405988417796,93.58747004624277,26.16235376199899,10.180320966073541,1,0,1
30.933627943827446,40.94451448643032,9.20942627616857,6.12375950153721,0,1,0
20.00935797584998,92.1208409194599,14.06392250365554,18.633801288680008,0,0,1
27.497481992139978,60.27725831170296,25.800264608689556,4.565761325423312,0,0,1
26.434919662874975,40.554972276203486,36.75069042303989,8.398370430840568,0,0,0
31.65660753576542,77.90364774484794,4.732719019681958,19.189871936560117,0,0,0
33.12174120962521,93.92971672172447,14.834834881404307,6.374503598766308,1,0,0
15.243135429547737,93.1094147560676,46.331067428596114,12.891863260220003,0,0,0
28.480398381175853,48.85153561613301,21.456165889094407,6.334540874126504,0,0,0
16.03671598239458,49.968629333638525,46.94348369546572,2.21349958234498,0,0,0
25.97717330154712,71.1046403040813,49.57002707760678,12.550944653685857,0,0,1
20.752654580873564,75.05176545355783,26.332991305570797,18.320630705706808,0,0,1
21.135531990442825,80.66798525162261,14.402200489242528,9.051293344681836,0,0,1
22.05917006904713,49.957769825968114,39.53884042862895,12.523530853849342,0,0,0
27.425848980992203,92.7453897720439,7.965536776250747,12.177968265132462,0,0,1
21.680999313375384,75.13065909590809,12.602342983603526,8.301794052557518,0,0,1
29.65398101180561,86.58758053788051,39.24399547496411,12.297932775294612,0,0,1
23.09054771147739,69.70361434062946,21.682296236601495,5.186361688379444,0,0,1
16.367064006199172,62.78522661744354,10.076896849383338,7.560758092061041,0,0,0
30.675196849682145,93.74505986272479,32.556287247616225,8.846377127247502,0,0,0
20.71516649185412,72.01667539509099,36.63809306908414,17.28017367124961,0,0,1
23.65533759198525,87.67804705395484,6.253561972528454,6.966657896665098,0,0,1
28.70887766443803,92.43108180014595,13.849012998746707,12.702740962316527,1,0,1
21.64912314297424,77.14450448547626,11.063837768611663,4.268076748377974,0,0,1
16.13171312293431,70.19162731852713,18.992731438122608,5.051394581078535,0,0,0
22.47842094025627,40.19309680008578,38.17224477880322,12.968577509199552,0,0,0
33.88897165388607,42.20108024064533,35.685405113716214,15.246198547332073,0,0,0
27.83468794597116,51.0468168828114,33.126195519185195,9.24234353052563,0,0,0
28.42958297334414,50.23046375207974,0.3142772934295601,6.701993935555331,0,0,0
27.645643072752797,54.0117337359915,7.107165669019472,18.20543111864545,0,0,0
18.979842779188736,56.77140507337134,11.164877455103339,2.7161563009808543,0,0,0
23.3666772820456,59.80360214529006,13.59779230194248,14.41428475298694,0,0,0
30.018795967266364,63.12957295378821,7.321327082445,13.803414994942058,0,0,0
17.027457951063184,45.4376486150808,20.515777573694482,13.804903254555882,0,0,0
20.557055521794247,42.32990625740301,3.7590292507012957,18.708408888470487,0,0,0
20.526382169317074,77.06694469901629,37.50110951938904,14.563806019615843,0,0,1
23.64037855189012,69.55341536636928,39.38603936480525,6.031303788191682,0,0,1
34.6073748188437,64.42793112210657,28.713334480044907,7.068184484646185,0,0,0
16.35005093367644,74.89419676425938,4.4852438520983915,7.822219463997886,0,0,0
25.3740198876119,85.52236739619472,44.5041584773379,0.6161734819621212,0,0,1
18.58729364024421,63.52311000139125,48.28179143540572,18.27020630816514,0,0,0
34.413530908194886,75.26157057785886,10.118178016089468,1.4710520772960778,1,0,0
17.266070094549285,92.44647231093373,35.23199097203599,13.995885641949432,0,0,0
23.072020047231824,86.17934727238584,42.09693153212429,14.603220096866234,0,0,1
29.75769969669212,63.430044577632515,26.992176127135114,16.874301012610793,0,0,1
29.091088560548904,75.45942607981087,16.166154976337445,11.06724511191045,1,0,1
23.454572737878646,49.738900705376686,23.927935754017632,14.505288477130737,0,0,0
21.930483359054364,70.82872016922994,25.6134375392226,6.054458489319021,0,0,1
22.952247571057413,93.97305601261435,20.031852209401396,14.9116802182558,0,0,1
20.285525263172786,68.50733133613872,46.49212468168531,6.8683147452377185,0,0,1
19.106658774135994,91.02010645545809,37.1941555471251,18.056769568533923,0,0,0
24.6607939511778,62.40342062767934,12.065082112748199,3.2676361553276556,0,0,1
20.370675121352146,94.93646549515472,29.277859365993425,6.31514621347907,0,0,1
20.749233297945004,71.85710193751568,34.43445754655837,9.975389031102612,0,0,1
28.13512126949114,42.3247946829764,7.007821085106514,15.517011142961955,0,1,0
34.37074663399784,72.27151381802634,17.921287119007438,14.97598210206064,1,0,0
27.072744011187503,55.10149826237782,45.2774140801958,4.21433748649007,0,0,0
16.539589341299326,41.78647271197421,28.358655009260076,2.884713932235927,0,0,0
16.511672277081338,85.14693175820648,10.849887303015842,6.079392085881965,0,0,0
34.02846441691132,55.16513003394158,6.139239905957538,9.67508303351805,0,0,0
20.945815806146673,83.81017047255742,25.911344673743887,10.780100896515012,0,0,1
16.841339721649508,55.85196706257268,27.384286151457204,8.582751819105583,0,0,0
26.980891743007632,50.687949463057585,16.72072256773062,13.26180233296014,0,0,0
27.47297556580532,93.5664565757435,31.520801420955923,8.551178871944753,0,0,1
27.970096402373763,59.89049302652607,3.434234310969436,18.926580198775895,0,0,0
20.348040557150824,73.07569162937382,7.256984663307032,5.219376959630719,0,0,1
15.302213684289502,73.54898210479593,27.31369105056296,12.547442413401894,0,0,0
34.30030738908944,70.8260415195426,3.090784692222698,12.227558773202636,0,0,0
20.017860913822048,90.3082658936668,44.04543824955503,5.6314944376456815,0,0,1
28.520525761050948,77.09425892517777,7.10731852282584,8.233752490280546,0,0,1
29.13259739757419,62.20531522577116,33.69599370422682,7.309472388799416,0,0,1
27.200148341589713,87.43092114883507,19.560172085721263,3.4499812004097863,1,0,1
21.258147884272965,49.95845945137804,19.989387377112422,9.54590425263088,0,0,0
20.421925075281315,69.93302166857296,38.24447643055719,7.733245060436829,0,0,1
26.95336565405406,92.2802704569066,24.973106708645698,3.5663472013431874,1,0,1
32.32191267223383,74.39686964342269,36.28277318219332,8.99760090835523,0,0,0
33.93467457846791,84.9332647761182,25.25956143763846,8.436879365174782,1,0,0
17.11811608807515,75.9458399049856,29.64526707026317,2.6273135531891945,0,0,0
18.0965722519544,86.16539749458397,38.03573139348321,2.623750838360217,0,0,0
33.89472517566159,91.9468333914884,30.36543714606377,12.950147596913947,0,0,0
29.730704566695852,55.010695014300524,30.78075546943943,14.131616094342078,0,0,0
32.65987649659546,49.33135946911953,39.460979571379724,18.823608398178095,0,0,0
19.052652682706864,66.61949126828969,47.454340790968665,1.7400938092219964,0,0,0
26.751717422188037,78.60243347533188,18.83580769676684,2.35722984756507,1,0,1
29.022791888349474,52.495518925021884,28.85585786129756,1.0363625693582201,0,0,0
28.602237708939455,40.22557977365919,4.31365788667728,10.644568615138601,0,1,0
23.16303381733396,58.861431371018796,17.940194028443347,12.45493228590453,0,0,0
15.30789783382617,93.28726345072837,20.6024612944693,8.070469038643154,0,0,0
26.658521136085263,78.22321033332156,41.76186584120255,15.958044419222654,0,0,1
20.062030783592174,62.072899416767314,25.66962010628384,13.733988720076002,0,0,1
24.005084922857804,50.59168535407622,36.55331866492289,19.716808418937198,0,0,0
34.151620301676346,59.584932056511086,0.9503700012835681,2.757899665993573,0,0,0
22.980706352848692,49.34116883156864,23.22463348141578,1.166313286850027,0,0,0
31.796032133288534,45.846820172212325,45.06588325817921,5.496074111387756,0,0,0
18.770812114985024,89.87083049149047,11.215695465289254,0.38100390633688086,0,0,0
28.449209960500575,94.87076861065106,1.5761092653556463,18.652228557330254,0,0,0
34.54013908877887,49.02629417776846,21.67043668567382,6.079033173763508,0,0,0
17.037862017458735,42.998740738305386,35.22159103237977,11.048603339429178,0,0,0
15.16639884454384,58.13521089304168,22.723175342073475,6.361392657574838,0,0,0
23.671655852652286,65.39125494187785,22.998915675563293,4.916172439776469,0,0,1
16.852509661027344,51.26516858917199,33.490252061915974,3.0472944794976,0,0,0
29.967686993524627,56.57837014892071,12.71944041415245,6.407318406582712,0,0,0
33.29097327697118,51.04789046304117,37.59448958209887,12.308378608159492,0,0,0
23.680419454175176,82.58433126378482,7.6556765452866715,19.432423993750557,0,0,1
20.17423284310882,79.19178687859934,19.787530264299384,11.161840807342989,0,0,1
23.688066380132195,74.92233336685399,32.8004054235459,10.654181321980102,0,0,1
29.46895635700002,61.29698213935626,41.41845036150988,0.7052603621029374,0,0,1
15.18108323160742,89.99725177228298,39.57655355825276,16.801980313353855,0,0,0
26.789079789693943,93.3242897844261,36.084279965384894,0.8968274999514647,0,0,1
27.26583369774758,49.55016219439766,17.95481917681955,18.12464548206958,0,0,0
27.75376493791871,52.26569527765329,6.115215814686192,10.773434507134358,0,0,0
19.840441599617545,68.90970654002032,10.84171088464953,3.369332104680709,0,0,0
29.281054467562534,45.018781310523494,43.24169072882425,9.034147840129174,0,0,0
16.827829726635528,64.0046619352712,42.86656850663297,19.899689613663966,0,0,0
18.985406729336017,71.99851956277405,47.57804262695079,6.101657040881861,0,0,0
32.54940093308964,68.71404641255332,3.7994325947770804,5.389195370971573,0,0,0
29.774463014531328,58.199972069291434,26.840454263872804,2.3601179008501183,0,0,0
15.274911080226905,69.83451933424638,32.43415224521168,11.942846975816776,0,0,0
19.967525207396005,92.73405248423663,35.53286885334283,1.7845399802792583,0,0,0
19.28812965986329,51.33095723602568,32.19316175052151,15.320161276081542,0,0,0
20.41612656073945,76.0157247116702,38.5005694951141,18.384470286611162,0,0,1
19.95119540559773,42.38681817858285,17.97357881446708,18.637422224309987,0,0,0
16.250525914856915,43.652902246478924,8.971638606774107,2.1583250575487556,0,0,0
24.178810331936408,70.35055233229718,10.229168607521927,11.165251947059376,0,0,1
29.654669495723304,45.77165491803722,0.5989344735082169,1.9421970980433323,0,1,0
27.134634494348727,41.229073363477156,17.516093605311116,11.440322829685945,0,0,0
28.457433371961596,49.43321487064122,4.587202543998864,16.29961170419162,0,1,0
16.622983570724784,71.06670440497659,16.074434639509544,10.755803246065694,0,0,0
34.02981420353574,78.68375249854128,31.41050385831239,17.441076522133624,0,0,0
31.769836676860496,51.1363210277759,44.723902779340996,16.033487096987553,0,0,0
31.101806369913255,76.7542690464496,41.98027254952582,5.530966998798568,0,0,0
31.45967610083535,50.03619821045761,12.633710597878844,12.602045657648834,0,0,0
33.654210162655225,73.74015846471914,6.704157109902348,0.14824252952262862,0,0,0
25.885079322273953,62.657782394268935,9.653613689836565,7.920838318497287,0,0,1
19.00564035735252,75.95897301334892,48.549332595180346,4.759203355685903,0,0,0
27.335672157050823,94.72790138635861,27.47372398427454,18.742326918869722,1,0,1
29.857629873358782,91.5799330877909,9.125111150028742,8.107780234463199,0,0,1
29.75834786708051,40.2354966809857,42.03730773434076,13.081288568449612,0,0,0
25.428980483337604,88.69913203992681,19.759562215627746,14.639632185472145,1,0,1
16.36917438667156,43.65699373461216,44.96110759873637,15.46425077363015,0,0,0
22.422258768602557,92.41756223879148,13.033856341724325,14.715503840350577,0,0,1
33.415332169267145,55.50041235048266,19.661087940211807,5.783301219754695,0,0,0
26.688978195148522,61.01191567261991,25.247388139504228,13.721353934584442,0,0,1
25.766638865114267,45.040101284665035,44.63076670445158,10.980189645245666,0,0,0
20.37707028764387,46.17500170809003,43.43787158025279,11.947453295950377,0,0,0
22.368978398331578,79.97073108761258,28.717753515193895,0.01629234617509745,0,0,1
32.90692178306338,91.93827296615603,11.088775489044533,5.165152019057131,1,0,0
28.329260950536714,73.59116722248703,20.167848586893754,18.613673934313113,1,0,1
30.747740535046656,79.37175085397462,48.78165326827527,5.801521666114516,0,0,0
24.086908461353104,81.90833595284344,30.388661193870103,8.760310444992852,0,0,1
27.60494438912316,54.4547851004118,39.05488775620983,3.733479643914821,0,0,0
19.96767217486415,42.48762970061182,22.493234768070984,2.772051038073795,0,0,0
29.109216605669726,40.103000915554276,26.60036377334032,4.173379372774102,0,0,0
23.552026674066745,59.285710562471024,21.447705611627203,11.07294657733946,0,0,0
23.850910296294913,53.280532550956885,35.1460499030984,18.380573027802164,0,0,0
27.986446491537635,43.42747487770521,42.57355069434387,6.523983597923806,0,0,0
33.72561242937853,49.87405608715167,25.36817716122818,6.468159044159421,0,0,0
16.28012693217242,46.84743940473713,24.043372931811284,11.282811737737365,0,0,0
31.494864746940152,90.31831093395537,17.014323354919846,7.134854353862705,1,0,0
20.84766220824386,47.71469674025429,8.854834714704191,18.20832095967976,0,0,0
23.878389090127556,69.57066551932235,46.96238614375544,7.556960852845238,0,0,1
15.43826657550018,72.62082753116906,15.803985933975252,9.80884505038934,0,0,0
21.02092155668626,69.89192017397485,40.034573178714275,10.667785679408217,0,0,1
25.05262485260261,45.44810388187934,35.767351064373706,15.641355902609424,0,0,0
16.12352154694878,57.53390989628032,39.545880013906455,11.278118788297673,0,0,0
24.8219145876633,42.81986828547343,46.83840666860512,4.783102002946482,0,0,0
33.54221257716854,61.76184527529738,31.16853801104486,2.479744132527346,0,0,0
17.107864362156104,50.37294121993756,44.89751716910223,18.755490933779278,0,0,0
30.288814561510087,70.8897893306409,8.384866145614684,16.03125989278215,0,0,0
23.193421067519854,78.10446166170053,31.335628797839384,0.45930420577831477,0,0,1
28.10347429048676,69.26659231125885,38.613780645730635,16.430579686470953,0,0,1
20.20473195970459,63.88301831362676,13.582056537208704,11.811955878095375,0,0,1
18.189845250827165,61.30333814711808,37.03769006459825,10.377884700698868,0,0,0
18.20925228542453,86.2930472453352,38.92384145581184,0.24458358047117823,0,0,0
16.40983891286289,52.06524357858986,41.55939780082224,15.617281127688303,0,0,0
18.71293409802486,80.38200867408779,15.644145629796641,3.9613002848250023,0,0,0
28.284387699779366,81.66152786070654,34.08032950841546,14.559624263881581,0,0,1
32.633812236870156,63.056000399890394,15.212664170488106,0.31736494731634535,0,0,0
31.282513711823235,56.351532957410164,36.95201937492277,15.927072993323723,0,0,0
28.702686197489683,65.87978173252864,23.14868325728561,0.4607893671008112,0,0,1
17.208637268222052,45.12676592409842,29.877218726361,4.717858081450381,0,0,0
20.783748925918996,42.526151772599945,20.791999071528444,5.365564250254269,0,0,0
21.19613750644938,46.138175969854046,8.099146346491215,3.150172762138528,0,0,0
19.999138927952423,50.29297673042244,8.901476480268183,9.621163923907382,0,0,0
25.300113194194463,67.72972511859237,3.8784453631067253,5.6737591923341775,0,0,0
25.71107629759345,86.70251498886171,30.90363398608309,19.865759514545132,0,0,1
22.137719503422204,52.96032825998279,42.43191989765297,11.59937586730878,0,0,0
22.07578317472872,91.43391059107279,1.0418413131040472,11.32955650108481,0,0,0
31.571111958121627,92.51993499142519,3.311975104417675,4.417392602129104,0,0,0
30.785856966393712,92.73975326648629,22.873349615145518,8.173788774298227,1,0,0
21.155916633614915,86.06595040719782,36.886036808409465,2.4795598872,0,0,1
33.27576887746518,60.01037724387463,7.885382235597565,15.250585045007725,0,0,0
34.05630034005012,43.99761510514427,13.582565977459693,6.623184923069538,0,0,0
21.534850840600818,71.28503024715722,11.600310064090358,15.039316667864206,0,0,1
22.088498975861096,70.72747941654785,19.952560933557706,7.433919998589509,0,0,1
25.112683068439175,86.74866719102775,11.249933850878557,19.77514480229691,1,0,1
33.82241625067347,94.7795078020358,17.62993392723765,3.422432445092436,1,0,0
32.52638866284623,67.94865186080811,36.427129933097206,0.030477877666625908,0,0,0
17.051359251671798,58.986221707188136,30.550462422709458,11.896510827567715,0,0,0
22.854614865428324,50.224594135594685,4.059085269584645,19.059064001756763,0,0,0
26.067423794995435,40.26399036495539,31.887283312285884,12.941081098119586,0,0,0
25.0626494510308,68.00125308688835,23.853858577960672,1.7144704549636192,0,0,1
18.877261358737854,70.55352666864277,46.72827873535694,10.809607649324509,0,0,0
32.17633542336309,85.37161638995686,14.465215855202661,18.189738722754548,1,0,0
28.538815659936745,67.75173323410404,36.308320984958,0.13012135760025467,0,0,1
31.758167497036073,90.40575917663311,36.5430411522285,3.3382442567559756,0,0,0
32.175285586989446,74.54459121142895,11.075039050459367,16.291231122052327,1,0,0
29.967117073314796,86.21849310215958,45.161181248546804,17.87814213154966,0,0,1
23.784212024994346,48.15659541442609,24.559160021480153,14.143212417365419,0,0,0
27.21093510030849,87.0434871666273,33.94416834446512,19.831203272796415,0,0,1
18.207308122394863,77.13291199441167,7.292777944175227,1.8043185917313864,0,0,0
28.472908349498155,49.362816784108176,12.890195849598463,10.913530316731206,0,0,0
18.585065114785614,50.4369956980306,29.30535589686114,13.699894452951725,0,0,0
28.878991810203136,90.95753404743218,15.951363418667475,14.052894407381757,1,0,1
19.591963215079375,41.77184482477051,24.98464592854867,15.869692306883653,0,0,0
17.3510260030044,65.43942188126384,18.70025996866446,18.352520901987663,0,0,0
18.30568980285915,57.24114094637559,32.0276898322024,7.232828912342293,0,0,0
15.039842704381405,76.57925919991354,24.357268139040443,0.8592678561527167,0,0,0
29.374792357070604,86.17961631629456,0.23049679865840833,7.248838289619166,0,0,0
29.648020981167583,59.82079668561133,32.4840418972692,13.4322952677447,0,0,0
25.29866699826519,63.479614802756046,21.106077852509088,4.26912174667287,0,0,1
18.227256021107674,94.00547814757778,17.084917024511142,16.199459031174207,0,0,0
16.671086750213796,83.11540803235616,4.707337614161178,4.395289154456616,0,0,0
15.38257932874574,89.34622720124852,11.018484528324574,0.20126804760346673,0,0,0
18.314963539304415,64.13192213583963,11.188614579042671,10.161615484471586,0,0,0
32.81711069966293,52.87419121912634,46.768474970236454,14.5292314280724,0,0,0
19.830736834033637,62.65249059625484,21.625648737327342,6.9931068107366805,0,0,0
22.085426544344315,79.38505548073324,2.103292360758502,14.977915990735735,0,0,0
17.106909689626665,46.018672265978864,6.940834112166044,8.768086682420165,0,0,0
19.447226094963405,54.87580080890798,3.951633786645603,3.4342923461347086,0,0,0
25.384491415604103,42.56497452538747,29.443469510360565,1.8111678759790983,0,0,0
27.15505366191305,63.77912560859724,9.331074578341337,14.21174329814695,0,0,1
19.90704628332422,85.50951547887873,24.927882014088798,7.714295752057556,0,0,0
16.154643184502344,41.35650285639059,18.503103143498777,18.255475358475405,0,0,0
22.82065738254797,77.14279397439412,40.19381885720997,10.805101171478995,0,0,1
19.68406741852668,91.28727309825568,16.024481863268115,6.968648364414052,0,0,0
19.39107846459604,53.031032383115026,22.913274119840416,6.979818539794462,0,0,0
34.197256054269104,78.14991624002064,36.06427742989129,2.628757289052983,0,0,0
27.32600971851448,93.63060456051102,21.667560346531967,11.875783071783133,1,0,1
26.137568863441917,92.92529330838548,39.660776800659455,11.643342708206443,0,0,1
23.315502070466437,52.92110561660288,33.08421781183324,15.99987383872987,0,0,0
23.578886668602884,45.51820792666378,20.5264556973358,4.023939249341522,0,0,0
25.818100076761617,48.155539584275374,25.199096284318134,5.815792849516548,0,0,0
28.928596140722146,78.61196176651782,48.36017279210967,1.9447593819116338,0,0,1
29.04292192363659,79.91673814993015,33.08057482541962,5.906844045378135,0,0,1
18.433878154108992,77.08301088955095,45.24976129861624,8.562042315088014,0,0,0
25.00225504153254,58.48431132582309,8.937925173553218,19.280568119079675,0,0,0
23.23916190068204,49.33773168669671,24.161807812257596,13.061320057498268,0,0,0
32.41053932538769,71.94186005737393,45.43308349225253,15.657478595583909,0,0,0
27.628378424367526,66.60242451668266,16.130603072070883,6.510197704409803,0,0,1
25.650081328319636,80.0858780917267,48.38320990732104,2.8902562561619294,0,0,1
17.307892843578347,64.27480432770918,4.8538745236828715,5.134398838266597,0,0,0
27.11275778646823,58.62518320775576,45.133558513751844,5.129353819986422,0,0,0
17.344078113604667,56.14132175474579,22.260606103292936,11.662306565868544,0,0,0
21.74413151131504,51.63086760273606,3.6872082570580336,6.829422649100573,0,0,0
17.856839296286637,54.61605069026638,43.97607962930437,17.147977286665576,0,0,0
28.841472940487378,45.21567413642558,12.597010620455674,19.77089038472996,0,0,0
19.12504227672305,59.077135601088926,1.1125062747612602,6.865968105268969,0,0,0
22.83718746376052,42.0113396799627,6.790355278459614,14.101205473740215,0,0,0
32.91349555237557,50.25276159414798,32.95573709498808,13.149731638407376,0,0,0
19.086327667979404,81.07237445406861,48.89057445690974,3.8892497546456295,0,0,0
25.15610127917558,57.90079437721425,5.57310697917584,18.36017189641268,0,0,0
23.38543322332044,76.75303593375392,23.0974024062381,3.988851743768025,0,0,1
15.362480820914595,79.42862965785025,9.031827547376626,14.739142633393975,0,0,0
30.855162271456255,71.96519385026625,37.25182670507961,6.952192845486249,0,0,0
16.380918126291995,92.72837577509691,5.902944988090708,7.341631340179426,0,0,0
24.485100419539073,41.17919266427123,11.99208742404448,9.108981057779207,0,0,0
26.213565898779,80.62589578234781,9.820298382453569,17.29015956110279,0,0,1
27.568529132291744,92.73326541672245,27.625989018348896,2.8050388302242424,1,0,1
28.772632586157513,87.42494511441166,43.659204600031615,1.0913915566950783,0,0,1
20.0654476704543,49.23409804927573,25.554510057820927,8.040816378275629,0,0,0
15.199575533168987,57.975116843845264,2.9121726385735625,1.1117019828417618,0,0,0
29.468873247098237,49.4848511932056,28.16944652984156,13.752017661148809,0,0,0
25.713131986951574,73.07196000980872,39.87604996590047,15.206501500544265,0,0,1
31.722354064144977,79.17033900887208,6.607809865216136,17.094247895065177,0,0,0
31.427767258013887,57.4390573149682,3.635560717229586,14.876844909671938,0,0,0
31.866523355757664,69.67286156913624,9.390388877878452,18.327027873853584,0,0,0
24.701893199590803,78.00063135391572,37.30431614108137,14.966022454464444,0,0,1
21.672567916737314,63.17368991360766,29.58402097660008,18.72151279756803,0,0,1
30.8311640518274,86.97085417505026,27.029732698087443,3.8622158841872634,1,0,0
24.0258822605851,82.43524644082994,12.473994731588418,9.997262657354604,0,0,1
18.66884392806869,43.556604911781385,16.61182976234297,19.878611994098176,0,0,0
32.09948039122949,74.1618914499956,48.29425064716711,13.631563650854313,0,0,0
32.65119753544695,52.94290530278623,12.031261336469285,17.572822359785146,0,0,0
24.3261951228034,70.66350455670013,45.082271162754424,0.6078758766571046,0,0,1
16.51399454619575,92.62886434481314,29.02657522288683,17.435157971368746,0,0,0
22.756521798338625,88.34841025037376,6.16482331856239,13.954264691441953,0,0,1
31.070753189252066,62.248402171332245,23.3656189077534,3.415108679754213,0,0,0
33.03548057092458,56.03326220893943,47.427435868043794,0.5136191284719316,0,0,0
19.069454849951917,52.892315942454246,20.92827990686793,5.1985315625130575,0,0,0
16.33947224050543,69.2883178366086,43.169328239468115,18.315467179855403,0,0,0
32.54700906265677,46.283664929193094,12.821434732585384,13.362658774005729,0,0,0
22.788098779577506,70.21012544705367,28.54610759001865,18.389382085666487,0,0,1
25.835219285351265,40.07335017199356,42.192602910098685,8.923015649885189,0,0,0
34.361316241015174,57.81172969102147,46.03442205848477,18.73254190470482,0,0,0
16.33129455828446,52.09638726068197,24.291168357565034,9.259196308900112,0,0,0
27.96636014904191,93.41703344784301,31.984405107271453,4.085094488366689,0,0,1
16.482108451497343,79.99832757634884,0.14900653911654738,3.0278692836889465,0,0,0
22.509378569330007,59.230935925423076,12.66116537566948,19.876236260700885,0,0,0
31.076290903868934,45.106479759184126,13.935605187347289,6.677253229491418,0,0,0
23.669444655112688,68.42403270798432,4.67465058272154,3.201060506351754,0,0,0
34.94364707805901,51.739633472932326,13.984750667848832,0.16816861781504322,0,0,0
26.181185698932044,69.50362502440967,16.056101652906957,5.711391330592448,0,0,1
21.42324305271907,85.94492947983909,48.43830197840966,17.78232287205078,0,0,1
19.402226518095063,73.8685903655762,33.43011902804188,10.680186413546034,0,0,0
22.010410685723237,74.85836307497513,21.300253970817213,12.6487010304991,0,0,1
22.450665475191016,69.75666589845463,49.40272303477546,18.44782207781066,0,0,1
16.37427355447922,90.9996097947275,7.66161601173056,10.256798362140584,0,0,0
22.391483988535462,91.25464764313318,23.802559696524227,16.765596917052292,0,0,1
24.2847703947845,68.19977605904538,32.35311035245247,6.4766655615270725,0,0,1
29.454755044776093,56.816771792892744,2.779031724203851,19.542037256824397,0,0,0
28.134589694432158,65.27728532336941,35.84994290415594,1.5762774702490479,0,0,1
29.175313104583083,50.26068517075886,4.993367646099495,14.496590510265293,0,0,0
15.167273637537143,74.99893734249491,7.014115429983847,13.211325735205888,0,0,0
19.353347991610722,67.50507846802283,7.984475623104204,3.8334301170163387,0,0,0
28.23368576799713,45.68152627973039,46.44449133277589,7.7768799769307195,0,0,0
24.679787363594944,50.87062796157885,34.16177725690839,6.256582335540129,0,0,0
15.106269513366918,66.37975759097398,32.771375055155204,1.8898573666499074,0,0,0
31.089892848636445,88.81739448953721,27.774674823249608,11.695760459016824,1,0,0
30.456191465806747,71.15148963471036,14.640299934755141,19.87339691130331,1,0,0
25.968383259871253,77.4844250114659,31.044485229967574,11.191762821067785,0,0,1
16.329266515525443,58.646570235915036,20.50748599443199,10.90519813758724,0,0,0
30.330300990651693,71.42762661743288,7.270807504630744,0.8062741470909662,0,0,0
26.674271754627277,64.6058902450937,34.479864516386655,2.784404467273809,0,0,1
30.639199543159183,76.25214519427384,6.479108396496136,10.26438178204522,0,0,0
30.03493984791681,42.78165613434557,9.533429051058661,19.703571283681427,0,1,0
31.06004143915674,67.13151189314276,40.8849655923803,17.532154709237176,0,0,0
25.360161328092495,56.279594382918184,33.0058548062577,6.80418242746335,0,0,0
17.8064903638703,57.94017837028501,31.54955771068212,10.860085084562549,0,0,0
28.423149467593774,92.85045873569338,20.910139217136205,11.054044445082734,1,0,1
27.409475701039412,50.04821469912605,19.814025911968557,13.707212255243665,0,0,0
29.845063743981743,57.118488891822835,34.51313045927006,13.755640824782772,0,0,0
18.397620121014707,68.04409166519795,37.00027693045229,15.795849767719474,0,0,0
18.899503998005784,87.4664821482293,25.51066011821553,0.49942049679364775,0,0,0
32.808190344386574,62.916854576350374,48.46346221742631,18.873603812748915,0,0,0
29.999555969041417,80.91259044884941,47.784977945943595,1.4012409197849318,0,0,1
33.16456977400646,87.10057540181413,20.62147450063793,9.523202229538798,1,0,0
30.174306423278416,57.05089957020169,41.03111271415768,18.391585527180855,0,0,0
26.94310611980604,61.60126009462905,27.16339207992077,9.753376584621595,0,0,1
28.082654740557473,59.610592302859594,25.587794377858724,1.2727366846623367,0,0,0
32.7825584788002,85.80706947398565,2.7482030689325923,4.5848003962387835,0,0,0
26.57613509023881,42.43907740744807,28.698735523415507,11.573335107368454,0,0,0
27.647826486567748,56.9631598855774,45.02889652815823,1.7572323579793814,0,0,0
18.12953432007201,77.36747066773214,39.0066924597546,8.47355862034593,0,0,0
24.478424402322055,71.09939247609384,39.315857234963104,6.581865323828097,0,0,1
29.327942239161978,63.99591476115319,7.9964519288169615,16.30415255648479,0,0,1
20.41885396632731,69.69715249717615,17.92247235667818,2.202638766708984,0,0,1
19.0450836104907,50.86715222055751,11.660245832511789,13.655969003175725,0,0,0
21.276536164488313,63.68941418844057,15.795764122781797,8.131781417518182,0,0,1
19.83001255985667,67.59366412969919,28.97696717468627,11.755013609446571,0,0,0
19.298252740727918,89.5654017075031,18.239190668512396,4.1106354384108945,0,0,0
23.49701685736174,54.3459339542187,28.034890873213303,12.194073695232511,0,0,0
33.15677027767068,87.7305676190713,21.925062413728853,13.479554548322255,1,0,0
25.141192934774367,75.43327704542901,14.330777922486382,1.4046312932215566,1,0,1
18.75840761630646,41.11874570871805,4.770171710257931,16.48688535165874,0,0,0
16.539433387617482,79.85472352946664,44.591922867239134,17.22508225776483,0,0,0
28.923122902758504,41.95535326519803,0.5686683002324333,1.2710811136558942,0,1,0
22.655975288727756,94.85596197475972,0.08262440709855823,12.063749761945715,0,0,0
31.436618931707187,87.99501782301587,41.3398869881773,11.88022993944454,0,0,0
28.190215372815402,56.35390611470251,49.8405470162895,0.2491682373688664,0,0,0
30.92482901082737,54.1576176608188,36.35514138568281,6.846928279119027,0,0,0
20.438920788368975,60.979259515808494,0.7636919031442368,19.378515654274953,0,0,0
28.84717844922116,59.58918309229436,11.334511333425667,11.109015045374859,0,0,0
20.281239693874376,60.47858001119596,48.59113501309806,18.664236054830102,0,0,1
33.781369589005834,57.50521003657143,40.43021260869174,13.512892717547679,0,0,0
27.727485630667488,74.16233737665823,28.339992190235552,0.5678103644655286,1,0,1
21.490236003506844,49.03450150463432,11.843035472017949,1.554263960967841,0,0,0
20.390237245845455,86.52897108453072,0.718510296337449,14.443579107348459,0,0,0
18.81853170143287,84.68213662172235,1.0430736318704503,11.091355807380388,0,0,0
28.892819177874557,66.20657643203987,30.59904317651133,2.543033291997514,0,0,1
19.374312259958547,86.90014809032012,1.091593817621156,12.281253567072326,0,0,0
26.906065318549782,53.59297885166613,49.68150709626863,16.205747211363924,0,0,0
20.292700538507148,40.96610006371818,9.169191674686905,15.05964860265224,0,0,0
28.239378895877373,74.05643587664026,35.535368093463866,4.92324920064134,0,0,1
31.298794570810784,65.18501738305935,7.752986070620671,5.163899333120878,0,0,0
30.560504862893062,71.19405004627288,27.004671054885726,19.356756102042276,1,0,0
30.217026618615634,89.46366749601216,4.030564423310878,17.748096043054325,0,0,0
18.75444811384504,93.34590654612688,38.33892122666216,6.36674628861744,0,0,0
16.767698939690373,74.89492268655817,29.246054736241483,16.481089793380168,0,0,0
28.97897656974771,82.0230574418841,4.308334670070751,3.2347705946509087,0,0,0
22.366944275887025,44.60946384179404,42.429309460000276,3.936822026531288,0,0,0
23.646924528066947,48.83935716903281,27.3509307388351,3.6239210769069063,0,0,0
15.62298185586782,80.32626427241371,46.0796155006659,1.7544155002703032,0,0,0
20.191528985500984,63.725100101340104,45.83116868390563,17.093562323227108,0,0,1
15.67352807748928,64.5280898722423,46.02538947432912,11.576137964091506,0,0,0
32.583715452024954,56.973422489949016,3.8892600100233987,5.179121849878772,0,0,0
19.86793366437061,73.40460109127591,6.047888087726172,16.97310065455188,0,0,0
26.146743391460163,50.184077497891145,49.3852904858099,16.052935187856406,0,0,0
15.779586413222608,74.48039536226426,24.3800410699353,2.019030362555112,0,0,0
28.33694782611316,49.55893714243818,11.910702641457382,12.882787474699438,0,0,0
21.460546915081878,43.510431909034246,38.4832244249329,14.436672030515412,0,0,0
32.95838373915332,58.16967287844835,13.2142610606241,14.316546739719278,0,0,0
32.762363778680715,52.712718810541624,36.36078440093212,14.46285415707875,0,0,0
21.505812367234956,88.89454012059828,41.864288892488055,3.389155712980747,0,0,1
33.019217913809356,43.02243996277446,39.21316886476403,6.301729085375387,0,0,0
34.923153469975574,49.713753091576756,13.70239040989677,16.88357017008925,0,0,0
31.508313282478962,70.17957830706771,20.080928703961852,17.96783500455099,1,0,0
31.897426955104578,66.45869549661106,20.662550161663816,5.583777731297406,0,0,0
19.9801747221818,42.52186101060858,24.56364590522359,0.46039032355504883,0,0,0
26.534047977155126,40.39888354083295,8.368642577006803,17.195338943322163,0,0,0
16.345118279347357,94.34373680786325,22.62350252071712,7.541836756501652,0,0,0
16.898358736433394,76.2359085197361,25.539149525773986,6.589271119198727,0,0,0
34.97785224066581,60.097337199585624,26.58544982905262,6.939993593772513,0,0,0
21.53278498851822,65.87377362147828,40.99502149922291,8.31392847935283,0,0,1
29.963678240976925,54.660256624985784,25.86672492397476,7.565332433098422,0,0,0
31.13330106053633,58.96805810312654,11.539196125683759,11.328617982671208,0,0,0
32.16046542014458,75.69744569975177,33.15643691220936,1.5788055699638037,0,0,0
34.95256594804313,88.5546489377054,39.86570720433126,19.430803886170303,0,0,0
19.829929705137356,50.127151269465166,15.968583321913087,18.729020689443225,0,0,0
15.807016537193995,86.21988279619254,32.26529645088026,18.688132932309983,0,0,0
23.22383035989172,46.6856146235048,7.346899797300632,17.58555248163827,0,0,0
17.60161339657894,51.82457229736151,17.0963152289032,13.206526043634595,0,0,0
15.448517783241103,42.04464084273053,45.46119647748171,4.422171254968648,0,0,0
22.208536542829723,47.74465241511497,45.56540815812854,0.9896697429274459,0,0,0
30.67476502150473,90.45167300052279,28.766228937153183,1.9864212956353322,1,0,0
26.323613824501418,65.26913106401082,35.117573043255334,6.479850009312111,0,0,1
21.25555978420708,44.271622397809445,42.70077076029707,10.07766050991571,0,0,0
28.086840109854393,92.78497609214287,47.927659265631334,19.86506142369588,0,0,1
19.640363606176216,88.34457692672575,24.494322014488475,8.708869835891983,0,0,0
15.287628921441701,81.50753864774777,28.078786831301716,10.492921809827536,0,0,0
30.287067728728548,91.34100355711568,20.782078332391514,13.903144943761612,1,0,0
27.474861697280183,52.10711814596703,3.5990968528214373,3.6146794089559253,0,0,0
30.2460524900192,86.00031111555475,21.140173622440923,18.656540031245115,1,0,0
15.778760333753311,77.94951579948685,39.53136696915386,10.580692116854685,0,0,0
31.742392556613044,87.83675872622285,40.24427489957643,5.525126912035372,0,0,0
27.390524000726067,83.83013611584464,44.618855729664986,18.70217972677681,0,0,1
26.267907014252803,59.05722847472538,2.573335258798454,12.509012371179002,0,0,0
27.492280962290632,82.59191953594906,26.357729479031693,9.67379462498421,1,0,1
32.28866493736729,54.43509666416897,5.371224396853814,11.603118199215483,0,0,0
26.73873013117814,58.07256896654302,10.037109158287166,14.966044378104533,0,0,0
26.619007597763584,45.93481444726369,45.01082511903032,3.090760073859067,0,0,0
34.81358314131532,91.42921387892578,24.83956292148479,17.296608614064507,1,0,0
30.13460334137136,56.00518498701548,37.92724604483068,19.190136205964258,0,0,0
23.845876109022704,68.63423558442986,3.2192052964340414,11.33999303500149,0,0,0
29.147940000658554,61.52330600564059,20.8413251962426,13.645416935951962,0,0,1
22.78460943383577,92.79604663209258,33.71201403321689,17.196669616924815,0,0,1
19.57750924966998,58.42770440161654,6.670324063910665,7.49621262833001,0,0,0
26.937037537755188,82.82002017824789,16.290893955284158,19.85663589764797,1,0,1
33.56364196227903,87.0478885047149,3.227390251194162,13.610027386137952,0,0,0
33.58279040030925,63.958357361453125,32.566997043475524,8.479973967159642,0,0,0
21.838105562109806,60.79944979491122,48.54456295290593,13.546759500032543,0,0,1
25.5535493244339,81.12602015129454,41.352274557141484,10.433600650268728,0,0,1
19.232717971397225,90.20927891684288,48.73115584037828,2.2328314307673036,0,0,0
34.91262218997767,81.52124531897311,42.280239754919826,15.917306095386369,0,0,0
34.62235815735872,52.49195010755261,42.75979030984893,11.287511605058642,0,0,0
27.990178594148947,88.8569261090738,28.85885976856713,15.916911157477774,1,0,1
31.088281193549467,61.31699170902582,25.912615570660495,3.098238807349316,0,0,0
29.302003225674,71.69261764778639,20.312713321391378,10.767143136015513,1,0,1
26.863164380789364,85.7289590610991,40.904744752294,15.332485444258257,0,0,1
16.066959939777952,50.36171220702707,9.10338061390123,19.766091351815966,0,0,0
24.09528685105322,83.14805746226543,2.81124579120966,17.687945527705175,0,0,0
28.49572604334821,72.78895388508727,47.39469113423375,17.286992541212786,0,0,1
28.550632277673692,89.13379030051846,0.1889092601738529,4.9492027629279605,0,0,0
22.46245236844767,49.458372101394865,48.84146609379259,16.759692034180947,0,0,0
33.833839733160616,63.137523037251064,36.44266849368829,3.3856255508592614,0,0,0
18.34714064473562,85.80637010767606,16.42494598489138,3.9621532909686707,0,0,0
25.00718892431121,41.05774369012181,34.89099215431551,2.2023348748694405,0,0,0
28.817679531016456,46.171075172110356,40.89375785925637,17.15193061427574,0,0,0
28.942716117836184,94.4810867016204,12.268102799321795,2.1650899290263736,1,0,1
27.97277913537631,55.42167982246928,38.544784163979095,2.7622295949002007,0,0,0
20.505764269037204,93.65487565481743,40.21848125041201,4.917743001647716,0,0,1
18.12413137373244,50.039235305477064,12.46773150626727,11.453248182412821,0,0,0
27.718806536534217,59.86019436540346,2.0963177188991766,17.603603706008062,0,0,0
26.986042322788755,81.40781944769638,10.206114227904884,8.364563105111362,1,0,1
18.58712020578482,76.17781239809982,10.032320444469722,10.925718983835704,0,0,0
29.102782911411268,71.96173199609805,3.2620227087741593,3.3297879991450596,0,0,0
24.10343983467313,69.14445466927542,36.30036923275979,5.3189171179558326,0,0,1
28.35521183206306,86.38922440156071,18.99874622292041,2.6785152497154985,1,0,1
31.747341595403014,52.9221709558366,44.219308372692915,8.198376897341795,0,0,0
18.394568571538464,64.33590098464352,12.608555283259298,11.806713173563848,0,0,0
15.382897359936734,48.54987606860515,22.661608254996366,5.680390600669083,0,0,0
30.582051727915736,72.77678776518874,31.95087144633814,16.919917111495852,0,0,0
27.19394850305232,53.779943334922606,43.8732474835889,19.624767020132687,0,0,0
28.992791392442435,58.36131353888622,26.23105508096874,2.40309704629162,0,0,0
31.76309949977285,65.91878941429405,18.67623139061914,0.3572011203064829,0,0,0
31.05621869649001,41.472382213672034,43.35075392360044,15.795538147895677,0,0,0
34.21840293857649,45.05658647564607,15.512321234380527,3.8128535560668975,0,0,0
25.718701577042363,77.72610713895207,3.9711849816288227,7.06293185321718,0,0,0
24.769912653198105,63.5933489394629,22.252105375512,7.884624365516206,0,0,1
23.0377439978146,87.56346220999424,39.2546653248996,18.331987778018892,0,0,1
18.07382085688409,78.20696020043097,1.5390415876761543,13.17676431532324,0,0,0
26.45214465764045,40.445551790602735,29.294112249479603,0.8121898060578148,0,0,0
20.540250486519575,73.91917819219242,29.723202426361805,0.296204814283092,0,0,1
33.42615024425951,45.154867633284404,46.42708817136908,3.991361950605603,0,0,0
26.663816085541953,82.95132488847719,14.32324085725109,6.363438817454227,1,0,1
26.856803610162203,94.53292285531761,13.94183066053481,9.69047668173198,1,0,1
22.098493217540202,69.21593368328314,22.024182566983907,16.75678824617711,0,0,1
16.03978703955415,77.55287251067716,17.84574507357576,6.296355120695189,0,0,0
15.634875307459772,53.05227884921133,36.81729313446634,7.530744385433106,0,0,0
23.466702883063952,64.06787590645865,32.08760385657748,6.586758600193152,0,0,1
16.691307561944758,87.08524327300111,37.94605189531332,0.17930672065811226,0,0,0
27.136939110802782,49.20826212604382,41.002089559934454,19.104030782362397,0,0,0
32.61946011279315,54.60445830875692,46.149056636707385,2.779917682729476,0,0,0
32.65829633037444,64.49885214073166,21.54683658923238,5.753349564064941,0,0,0
28.18090820264465,79.17368905142077,49.234869473577476,2.586066041928836,0,0,1
19.224636629458622,60.67361751376206,10.783040670182636,9.810863123134453,0,0,0
32.25993662717744,91.02527538806521,35.71825809736643,18.64332229884998,0,0,0
32.72186870626416,45.19513781977955,26.70046586535946,2.0140143525097254,0,0,0
18.933071699059173,60.394230864966616,40.84502973424417,8.81793847176992,0,0,0
29.748521715413546,78.99247678856321,23.8385260303213,0.4474969154315689,1,0,1
20.73039097854246,52.42927211138208,39.196931768121566,15.417964427722964,0,0,0
31.052806247058594,76.10272238263201,46.5084357323839,12.824522871088499,0,0,0
34.94475799807205,49.03193270250403,36.614713307004365,13.993973274143004,0,0,0
15.600520106587856,43.07891566739275,38.80471431091622,9.446727217914654,0,0,0
32.94731731581864,46.655864421175686,3.358771563292806,18.152660591128114,0,1,0
27.45261067197316,91.1491630723774,10.247883111614032,8.19114901745219,1,0,1
34.467652383296425,70.34629856167533,48.71518702517969,10.28170149574154,0,0,0
24.300190350528553,83.7990176513807,34.65935018936972,13.905784445412587,0,0,1
31.947758611427474,58.295997549777816,28.07245086555023,10.4112128219092,0,0,0
16.247881371965544,72.59622563369956,18.348818669822503,3.786712958326559,0,0,0
21.705581001565914,67.22236735377453,2.2194500603458955,6.341412360898239,0,0,0
16.340330755024198,92.01558776712616,18.45679539820675,1.8458893627761053,0,0,0
34.50686266958141,81.11660498297607,24.945643664478794,8.652269944345957,1,0,0
31.339478145436736,80.17984473231185,10.572975469344337,12.187841861726561,1,0,0
32.05094842491941,42.54942981888537,8.656839563691626,2.370598885382813,0,1,0
33.75930462867788,70.23183179520301,25.420827567875843,12.611742429402579,1,0,0
16.702069722395706,65.68452996459982,29.295211781377194,17.857442795042186,0,0,0
22.711951850266665,91.0313246633407,11.995895942726243,6.754474659710392,0,0,1
16.420697780880044,54.153809350424275,29.369473722810653,4.440661924376396,0,0,0
19.215862031000572,54.84083993101019,45.01699819371475,17.86012127683806,0,0,0
19.587315540753448,62.62404368848252,23.65866290106769,13.838904717950973,0,0,0
24.382144220951574,53.38533423735068,42.86950847935907,2.107897361131077,0,0,0
20.371243349072852,47.10511547948122,46.36357222666592,8.162239041234649,0,0,0
17.019562136355223,87.15781656579404,4.619701446854285,13.481791995090974,0,0,0
18.349821781882156,70.70520884221537,4.7905789828398495,11.487677499509095,0,0,0
17.94551127104182,87.37494954261118,23.802209144380072,12.370942386997461,0,0,0
34.46153595824597,85.71241209720327,29.405122215885132,11.342703479478523,1,0,0
30.185850138369474,55.51232951343191,21.294173223251462,15.961227306097804,0,0,0
34.35522930539124,70.12555943783507,16.322538520875153,6.408539135939573,1,0,0
23.79480973015817,44.57697365070388,32.04970580630779,14.16924695798726,0,0,0
20.567369633253133,90.33885362169171,0.10407561749601335,19.821588849885686,0,0,0
30.965863944183734,62.23444932858342,48.40366404318712,7.799177155623607,0,0,0
21.525078360822935,61.652190113896175,11.603954409401107,15.82096629109586,0,0,1
20.987667474106964,56.651545383987425,45.85493842915035,4.922184742723421,0,0,0
19.650119844156624,65.33650595908871,5.4507372267253,5.637934245680986,0,0,0
17.593579564484706,53.84676625999964,11.904359102228629,18.697277483670863,0,0,0
20.12926122033532,60.61687500382425,11.74368505437502,0.5187671249737758,0,0,1
22.106394969477755,83.9970876721685,49.807645210032305,4.348546897216585,0,0,1
28.47988416291461,85.88405269718444,0.23002728629422098,9.65841395624006,0,0,0
16.25129684438903,56.73003626956839,31.98191046517479,8.036952434083728,0,0,0
19.21013879330686,65.79579368040334,43.48432905304264,12.583394624700626,0,0,0
31.180472805833528,88.06008769540287,33.61368270123683,3.8544410072076385,0,0,0
17.938438471675415,42.89703325063334,18.136690910847207,1.4109400873706268,0,0,0
21.85290293045043,88.9029729097682,47.915468135146746,7.386667956095141,0,0,1
32.2931784371628,52.05513901087824,44.67603772945205,10.48710484288362,0,0,0
18.098506222868853,77.31965843179067,21.69774601247589,11.240036741698226,0,0,0
16.6547367123638,72.04034330115302,28.666424630558176,12.029870470849335,0,0,0
24.690759901600217,70.41174115040886,48.37595939026203,10.9732399152311,0,0,1
21.048390225570728,87.26481236140518,49.12801809632351,4.915039419423753,0,0,1
26.26816728967708,45.58646790045637,22.491163785897612,15.290994719380036,0,0,0
31.076097809669502,59.08654139290998,42.36750140715443,1.7556052347879714,0,0,0
17.742969763054862,69.60390104896211,15.099011347696816,3.9670775910436595,0,0,0
26.613981691085698,84.62088696703219,18.590643646533234,14.787560180382282,1,0,1
25.110175207797276,51.90436958764193,8.241094149511314,5.594522682105034,0,0,0
17.881575720263992,84.1611412755852,10.459229638836515,9.869468832188105,0,0,0
27.47996971057965,61.98011653716647,32.84366511296795,6.543954817111177,0,0,1
20.472808357215435,50.390262103853246,25.539080900354044,10.139624232320063,0,0,0
24.75668637088025,81.74425422439154,11.556593031280144,6.933115998947301,0,0,1
16.64544648554124,44.999439581100134,20.14548081808263,19.884159798121008,0,0,0
24.19168114427246,68.31220557414936,18.659172993184086,7.149551787162933,0,0,1
21.129269360856405,43.51316811240386,49.368010226766714,12.540988347952908,0,0,0
31.447624223707088,59.602982033678316,42.67829186056897,17.76686435301755,0,0,0
16.139574539947365,73.05922394535159,19.398316669191214,12.758699887295009,0,0,0
23.3721454983666,70.58635478179673,45.695828944801654,11.317145102192171,0,0,1
24.168628482628762,62.25604798475666,17.131769581408555,11.384589095124165,0,0,1
29.500121525982372,63.597639668466364,33.39507563674297,9.92921421846771,0,0,1
26.48575150180422,52.47232543429216,48.332499834105626,16.1516080280891,0,0,0
28.344246743883623,65.07354236332566,19.513943199427615,1.0084815672276393,0,0,1
30.540985713035123,92.42901706464588,33.99424825524669,17.702598158586554,0,0,0
32.24405947316377,86.77491047810847,14.79619055313166,11.725844404912856,1,0,0
21.277509934449412,47.98780779919891,13.315615779898732,16.977464425114967,0,0,0
25.760454107278058,41.637943302650655,28.707833321577596,0.20785405088417086,0,0,0
31.802161568783998,91.34383719941468,48.96322990166091,17.38552807923235,0,0,0
34.78902261930113,68.97123624344113,22.6566924360085,2.4027503834653374,0,0,0
32.79038622087526,69.58108027321192,46.881848515829034,14.424360127847983,0,0,0
22.429345252487536,82.93948976385873,45.71817601223808,8.330427857756874,0,0,1
18.903330344373007,57.307893562922956,12.688130617249737,13.621447821958487,0,0,0
24.787850748131774,66.50491628598012,20.09097035421637,12.563794753547285,0,0,1
29.832829036720845,93.27646022307056,32.16512392470916,3.2679309413448365,0,0,1
24.85138141506595,76.96817778128239,25.902294220569583,10.292275288951036,0,0,1
24.66361726627337,48.45597675976823,4.797926493158716,5.544609463890815,0,0,0
31.764608421636012,47.32747113913943,49.68490150635792,11.208736856960249,0,0,0
22.228075581343727,51.2345617083153,37.632700060564,14.760065661056881,0,0,0
32.19589349623291,82.16914209313947,21.884701911235588,1.6251682916367582,1,0,0
23.136096019034472,56.24573521123388,30.908427483314565,10.315248470620507,0,0,0
21.56466211356679,41.17638656712939,4.378640863311506,12.35259641524517,0,0,0
24.07979822399398,91.9295899928114,24.7650826844805,5.907349071944276,0,0,1
30.24893917349737,49.33423790172009,46.54162079087439,19.06006965592014,0,0,0
17.520040557279884,40.52570023814377,44.830047902748916,10.40605651013659,0,0,0
18.928384317440347,53.04223813108276,16.86904227415728,3.6503417969186547,0,0,0
34.02889651326184,52.92658329149735,26.568393191066942,2.1557652359856805,0,0,0
18.50983254762715,63.21028879651477,34.86917620438234,10.833190983307311,0,0,0
26.354546358621093,90.62144073250202,17.000463345395268,7.50476762253858,1,0,1
26.586289333238756,88.35517047785038,3.243960904696924,3.8509419553676927,0,0,0
24.792489241004894,65.12920052403354,25.272082835890235,0.6139697357154916,0,0,1
27.89490497153637,62.599494774549356,30.08178679116682,11.3320016007576,0,0,1
19.59653451595237,70.52549975611682,0.29208000607551243,11.972004736673238,0,0,0
26.053245355534962,53.38997065844711,4.778768676926531,2.8360520236293696,0,0,0
22.443465104937943,42.870174558149955,10.364532179707615,12.034760995406087,0,0,0
28.23334519258378,91.65732748941636,17.40261434954671,19.03945509415197,1,0,1
17.82447086746299,50.2684441682445,27.05256114152902,19.565912199794788,0,0,0
26.417548336789523,50.912040108514404,14.692145937983264,17.7698587311401,0,0,0
18.705407107666474,65.98531808696711,13.809190720325187,16.141571616714813,0,0,0
20.572861262300727,67.03873396621819,43.46746719065409,4.187356734266626,0,0,1
19.374196006471664,41.013881533540804,7.252532040071314,3.1287036499186027,0,0,0
18.656755597376343,48.137510632568386,24.773006658618012,8.89895204570709,0,0,0
31.51421903121334,60.798515020840796,47.6412358468068,12.392635026371048,0,0,0
20.714151353217808,77.60518814307966,31.250662455802292,17.01357368016756,0,0,1
33.54247563728899,52.56301512575647,35.86027399472192,4.639260822736031,0,0,0
34.39853050690382,63.26579454329695,21.561849569530356,9.592958010406651,0,0,0
26.42520939874195,70.65397855940567,0.9966083559859784,12.948804839136919,0,0,0
17.860022453314528,88.87258720428106,32.30651841836027,8.911877090688382,0,0,0
22.490964867591625,57.933877627991784,31.5962140714062,9.083873541585685,0,0,0
30.95464526696428,47.345704622491596,5.521381823166655,4.502343220565582,0,1,0
22.34781457394141,66.90997242436845,23.107985681231575,19.73321809822152,0,0,1
16.740344366055776,81.06968809262341,45.76644723328252,9.503865668148867,0,0,0
26.13569821856376,46.04228663790034,10.254241598598757,10.654838908109838,0,0,0
31.902417029920695,63.35759204333282,23.054937731705515,4.371185825736581,0,0,0
30.918527742870047,40.978182769436586,23.05515926002602,10.282734366636372,0,0,0
18.502462802607063,41.84575499059881,40.53807340738192,5.106991170686134,0,0,0
28.455292288249332,66.5624349769166,41.22879351647223,4.0467250276693285,0,0,1
19.41008526871294,56.400851398301114,37.96347098316959,5.514445018858689,0,0,0
19.364150691043445,86.48090144529766,18.272707959413687,0.05519297010561974,0,0,0
32.481435466103704,73.11848683695499,3.6018462509260054,11.403022240033678,0,0,0
19.993379054804603,64.96631289586446,17.474148861200707,7.749600110456864,0,0,0
20.264946930360225,62.4364454079863,33.989560063566984,17.973780383878605,0,0,1
15.013067815225991,67.34850141042598,35.13732872445382,0.8141434722504237,0,0,0
32.41338068251035,42.224135716696374,48.25001047383595,0.8640060171150021,0,0,0
30.851896264182695,89.1036346031363,22.682061572185425,17.71747034625167,1,0,0
27.54657870181356,94.90667356536771,31.621779147014518,2.532892844086825,0,0,1
30.005315278776845,49.981791867228424,26.959543536126585,0.0432020824800361,0,0,0
18.040971348489837,46.62106306260409,7.530928005661869,3.5782772742602753,0,0,0
24.16647189175151,47.89676048967274,23.0601236066068,16.47752350195208,0,0,0
22.02438774697562,76.35648820289019,27.241757734449713,16.054281655202047,0,0,1
16.87553052514033,76.37924611479261,47.537480302112925,6.80264421686902,0,0,0
24.72260970429848,86.63582892531261,18.326952720447803,13.36061834519704,0,0,1
33.414793006852705,81.35045136344394,49.00495515539889,10.144994146716556,0,0,0
15.80118238101389,64.73293203531368,27.11500370120422,18.09469979691812,0,0,0
20.829218269875877,73.70704488609253,12.123462165152876,1.1284695083484464,0,0,1
19.150818724114067,77.85565687024044,9.58321935079039,16.263582574732634,0,0,0
19.762933073313924,68.20050586568739,7.084745863011587,3.411973388549201,0,0,0
33.16869103758751,66.16080414484001,22.646643528672648,7.832417948635186,0,0,0
24.361381084685803,75.48035951034592,1.0963214894461615,3.8391430286953176,0,0,0
24.325988258796375,70.66110019366096,22.25226416574327,14.05228819188278,0,0,1
30.211512849105645,75.41682679347507,49.42023460779731,13.566523595065155,0,0,0
18.089844080098516,73.707012567985,33.50533978611333,10.957952033980538,0,0,0
24.745307082001016,79.555810828251,37.98930606002023,13.963260736073105,0,0,1
23.599704282421193,75.35419298305818,5.950269535913128,12.791295612093476,0,0,1
26.93821381093312,68.5858367540497,23.65504307450454,15.528841113685361,0,0,1
34.99115406500877,77.49882462064126,14.311155051285695,4.788133025810975,1,0,0
30.38897788164094,64.72150808519854,44.704876399451464,8.57825229881441,0,0,0
22.957314060348544,53.29191742849306,9.064623600695626,3.0325305870845742,0,0,0
31.55106104548094,40.07800210736535,22.936666356837097,8.59187128440388,0,0,0
18.414167266249603,70.79802809302137,29.402385917281887,14.033835028406825,0,0,0
15.609273726179202,72.48603746347526,25.70205457892663,13.827823215687031,0,0,0
19.088967449285462,93.46269306266429,41.51217639852037,14.188538065898857,0,0,0
21.808231122285193,59.88130837518516,11.57265856598202,6.1753505728871305,0,0,0
25.211615149191196,61.67732835555715,18.869555521184562,13.244279475818477,0,0,1
27.302582810823996,51.09897697382046,39.60421482869763,7.349326391778764,0,0,0
33.21211434428844,43.8793862380527,26.403570586840242,18.889840922100998,0,0,0
25.197080191009153,82.50424710739574,20.105869282397865,6.867327317606775,1,0,1
25.025512892514588,53.732458538662875,1.4721257372415752,12.06036468088776,0,0,0
16.004860196459642,73.4897673566521,37.66927120078047,15.00291428384352,0,0,0
15.698231053124477,77.82751695500149,48.60910389833801,18.128148580526823,0,0,0
26.023199238327443,65.91801780104062,31.014350474425502,8.75857206907822,0,0,1
23.76357226496689,88.19936621649555,42.82706103443973,7.209702164165359,0,0,1
31.783607899605972,64.40871625388507,25.843787159746306,8.60056350633178,0,0,0
18.213591694236904,55.66997426729708,11.584048271168228,6.4739270309956165,0,0,0
15.499433242340992,89.28085376288922,0.7221052117572735,13.07848980134628,0,0,0
23.980775358602518,87.38603563374761,32.66991337949946,18.65433528017168,0,0,1
19.74957113504515,49.02219708920271,24.65544241241223,2.521420129787335,0,0,0
15.992287466776748,41.42785600946565,39.104907354380074,11.218441295403139,0,0,0
29.49196573695258,44.94920559922914,34.73412087176523,17.95297450720662,0,0,0
17.231859999144948,55.76010692045994,49.397618410328235,2.002290893120351,0,0,0
27.166390000155435,93.47428909579409,25.51562917060199,9.877308215325618,1,0,1
20.620995003337782,70.71838842384537,21.358739483650467,17.304591917208924,0,0,1
18.46992100710044,60.529395261609785,14.336984471964747,18.009044234241646,0,0,0
22.595030458386347,88.87938520370105,23.843064589563724,10.28704322305833,0,0,1
31.028915524459073,64.92249823131748,43.6435739061461,0.4990376893543491,0,0,0
22.841871538091453,57.338124562056166,2.1219862895870634,2.1127835685564333,0,0,0
30.015392984221116,91.76707408101116,48.895002364309434,11.734334904824674,0,0,0
17.509725935983013,86.7234716405973,49.6653597153899,2.477172129326899,0,0,0
30.45542839330158,86.40176064806926,29.891068929395086,2.9883555382254157,1,0,0
19.73866649813297,68.17566086776172,16.57721018477007,15.442341955642277,0,0,0
28.547862597777456,83.41911193485002,11.15244841610119,15.013841171510007,1,0,1
26.315631096819928,49.86443475955035,13.824519784243938,16.85545518850944,0,0,0
33.58289434423375,71.5272626655934,2.5052713252485925,2.1147027301221133,0,0,0
22.74645035950628,94.11152575661501,23.755547924167942,3.9628976219363543,0,0,1
16.32330377668881,56.00271367848789,2.866213543220292,16.659228597173012,0,0,0
15.383109711025059,83.68937810862214,35.92371073879626,14.421752173955841,0,0,0
31.53717121945506,66.9763123964437,18.596472776642702,16.119122556560804,0,0,0
25.494712753228644,42.18931257721481,9.96823658735816,19.794913498158444,0,0,0
30.504881036698986,81.9660668798617,27.242677891801918,17.28863212311404,1,0,0
19.688512000230293,49.271302941566205,48.687965362150685,10.409265016995207,0,0,0
21.901674910264674,74.73104619230125,34.756552450920914,6.215363695945149,0,0,1
15.602077444226378,44.71153067258351,24.58734250520801,11.393531731494022,0,0,0
34.22984649148224,92.07770686227806,38.84571496272532,12.771731004689048,0,0,0
28.357358134016266,56.04481379491985,36.873823594949435,6.706242825192419,0,0,0
33.664101755186124,52.45555804225672,44.58677305288968,15.41874074969357,0,0,0
20.30992814858145,47.102502223648386,10.233447379697374,1.855075853157735,0,0,0
27.229272224513217,92.03012063364763,42.943878812936596,15.5878570136342,0,0,1
28.569999365852755,79.1547058342718,15.051304352084943,0.6399703736389695,1,0,1
21.35099400515177,80.79134887949488,47.049946391254856,9.959321214429803,0,0,1
31.9621847003126,67.46725087591345,14.053257447336758,17.228729269665326,0,0,0
33.943229258004955,66.11002818987659,46.34242715813381,1.7299054804279512,0,0,0
32.69710235392009,46.051168364531215,48.189535723204,10.354778729883394,0,0,0
29.78133951878745,70.79126025711955,7.274567872850712,3.187828779226327,0,0,1
20.54929359449908,53.580407230983475,48.72499416313915,17.896315001218706,0,0,0
20.632320842112634,93.74299330402232,4.286148421464114,16.646910540672604,0,0,0
34.26720640892076,83.8119517008331,10.928389330626098,18.678344865869754,1,0,0
15.20568991871384,62.71456331060882,22.208439043640226,17.499646830601872,0,0,0
29.32099946484289,48.323769228034315,49.679868285585506,14.731066197319812,0,0,0
29.124923251105244,83.19324301263312,24.428152558268966,3.697783911770056,1,0,1
27.453790818995948,46.71295718947238,27.520472158924292,6.050052313378014,0,0,0
34.80217692173731,50.41335644233888,34.72124747618243,9.93710316616015,0,0,0
21.237588715274505,51.63362847593251,48.414677913647566,11.777935630294474,0,0,0
21.799437275864964,70.62898510502019,39.16757000621222,15.643667906264199,0,0,1
16.57878805893111,83.28811596947014,11.207700221184929,4.539192563741219,0,0,0
23.85596273087475,57.28731832985807,15.149546533217734,2.5655478829392653,0,0,0
20.220970524696963,44.65683978514092,4.88141198042622,9.652203411872723,0,0,0
21.867734043552886,65.54961549384305,32.222618208236995,3.1568282174584117,0,0,1
31.691435805112555,81.14606326379646,9.037015326961079,13.874736046591444,0,0,0
33.70969027054991,52.191511369806356,12.870244423968286,11.512617801834345,0,0,0
18.71466144010371,52.09585014216558,44.40568275901885,14.822155940377694,0,0,0
22.450178631069317,92.0974865040691,16.33778376660076,1.2687311931021683,0,0,1
33.572611242307886,92.47845499155478,28.332335917708352,19.293951208884078,1,0,0
16.236169213784454,94.4756152633867,19.87830043945885,0.00011073351475987536,0,0,0
16.84721056222757,84.42127808661292,3.701564370295679,6.508848300270696,0,0,0
18.255819784124586,50.35012930423701,18.143191494835254,13.592695867324796,0,0,0
26.904256682537493,51.658983643959374,20.403410151796542,0.9028414772423776,0,0,0
18.00944542011995,58.712388283731556,44.78505509557591,1.666991627152139,0,0,0
34.361527629014674,57.497289223341994,16.222532682316977,1.533628744564406,0,0,0
23.934290545170406,92.6090261992905,18.962055988103394,11.630194534419587,0,0,1
25.03035920700333,83.39906905849315,39.14483843361673,17.918506300770762,0,0,1
19.93317231610813,79.82048356888546,37.9478325605799,11.10873955424524,0,0,0
24.41920504869467,50.22797732319725,39.91426383242454,12.071427045593433,0,0,0
28.23827265274023,90.02390576492813,47.6885370038002,6.920033024159789,0,0,1
30.023542739080856,85.53287087283957,39.77787491973921,0.3748231731106455,0,0,0
30.07736165419826,49.0003012730358,20.380410160894545,0.43229435502432745,0,0,0
26.557822253881767,87.91436825785348,41.07542584490459,17.766199329618225,0,0,1
33.08719549987714,54.973614500375916,25.433731604496916,2.0514487743929344,0,0,0
31.348156946122188,44.447836020765834,13.885701625928265,19.995787436251906,0,0,0
30.140962293972507,76.12522685828155,15.14585340655062,3.2884522302255625,1,0,0
16.112110433609214,75.95925626613818,11.192119428169917,13.492688879103788,0,0,0
15.137559244392985,45.22126052610899,7.249647890987671,18.979109443618114,0,0,0
19.248945543909457,57.53684949151203,9.224520592682516,7.245785552840525,0,0,0
28.270471878269046,94.60479542405463,3.1589024976909688,14.688663774959787,0,0,0
23.223949777650915,77.31346668548053,44.42254324661932,7.017132868846703,0,0,1
23.048125185986237,80.1541341631831,46.55039048245616,6.098821135228906,0,0,1
32.691737764592276,51.71045070823681,29.338519624694776,4.036081651508779,0,0,0
32.91125696263677,44.33301390521529,42.02447783043425,16.41869813797729,0,0,0
33.18350528107172,55.22959293575157,9.178555132657356,5.147741272182957,0,0,0
21.277561530300545,53.68941118562556,45.08369126134926,5.663163258117152,0,0,0
28.821116254785235,52.89992554114292,25.318077981525416,19.979394843975548,0,0,0
20.432663625487393,50.60148770378717,3.3582496302777542,6.546208708906396,0,0,0
18.812196661488997,71.61156298604723,7.06563722470801,8.45548977664098,0,0,0
18.692649146947385,58.04569117130019,15.448823039340859,19.801109155496697,0,0,0
21.84215241727188,85.11897582761418,2.1778790177375718,7.386006908348525,0,0,0
23.599152395596434,50.11710798160612,15.46466890087218,7.323040144717339,0,0,0
31.61898342110137,65.55448889776994,2.9965216559445897,16.554289324277207,0,0,0
17.39782186945424,40.7511810034344,11.80138025964126,6.238607369753842,0,0,0
29.698516947897886,66.49252773503557,13.28348779282208,4.675722072848143,0,0,1
25.629098283786107,43.071102148206094,49.718448818339695,8.464205103506446,0,0,0
20.75890685351985,93.7747931529954,11.777333688183223,14.012816011523855,0,0,1
24.856391690656494,83.4825670757727,11.959322446929017,0.8648604995853071,0,0,1
20.998841395540452,66.95613121500504,34.33944841791925,7.478320544371336,0,0,1
26.921639104766122,44.762304699864266,42.967873925822595,6.924898038916806,0,0,0
23.676878457104884,72.58449924347278,19.352770630104327,4.896366945240651,0,0,1
18.288110581577573,81.73200628860326,43.78090099703462,13.085746718086899,0,0,0
17.331661491113934,50.48944891526099,17.007101037387855,5.7998016082735475,0,0,0
25.9339136414426,71.251458743312,9.850793980750966,12.13463118016006,0,0,1
33.04826066572207,84.78159941105774,16.481941216386176,10.08673682909254,1,0,0
21.87915373115371,82.2536277705474,30.46781869639962,4.343797416517972,0,0,1
29.660002144452463,84.16456098269342,18.357157965603687,5.331321140843633,1,0,1
28.173227098795337,88.36278836783458,33.64469019946444,3.4120010661312783,0,0,1
33.63109828618962,91.57251561877086,11.84679397112412,1.1325842970191569,1,0,0
31.419620345982818,62.30366353619448,35.04964469945744,12.383769262098232,0,0,0
26.33210517810926,71.28230063875824,17.371918162423334,13.455773878286688,1,0,1
28.140609964682145,83.4862739325086,22.793418580096724,3.319999872173398,1,0,1
32.9677293316807,78.34268976701807,27.887257022144794,12.307847693721465,1,0,0
22.990375691738695,94.75361255454084,34.31125015929968,19.641694801151562,0,0,1
21.535894117155546,40.75227081075543,11.935684592436685,1.4880418987564425,0,0,0
15.216221672703927,59.53232684236849,41.79727687054052,9.807417449977274,0,0,0
31.531021483829285,55.45653594486114,36.09213748776199,14.660764272877076,0,0,0
31.019614008067297,54.4273717591044,11.704895951199973,0.920183956594538,0,0,0
17.089090362003027,52.23913803743872,48.748728130145516,15.565469879952314,0,0,0
26.537147622654004,79.0018112448376,33.23984955152292,19.590224741857718,0,0,1
24.279633963337748,44.6617710301427,22.62134432333528,1.7697572706550635,0,0,0
17.37418191018223,80.7884858668836,7.876366277675817,16.444598109318505,0,0,0
34.61136454121447,78.13842131089504,26.66105011540657,7.5716308902418845,1,0,0
19.29391774926711,53.794227287549305,8.23879434135591,2.882324048680236,0,0,0
16.344683601811223,53.905858074083866,21.474583934892188,9.863864183926957,0,0,0
26.89694759003819,74.58733219394762,20.435626136975944,1.430374715624314,1,0,1
29.777333542660653,81.91941080160228,35.99698221737301,10.442028163343684,0,0,1
15.64886892094374,88.2067087198051,9.619159061212489,0.38713576008099215,0,0,0
28.174352774540445,86.86767601199617,41.093567743542295,14.572228833454604,0,0,1
25.645837519029087,93.06856467901193,16.30661635080829,9.759393716231772,1,0,1
17.06530017750097,71.97616924350811,22.199431348438754,9.17879321870361,0,0,0
18.45047753892724,89.97605587371979,38.617048777692126,3.9238298748416733,0,0,0
26.359485946321612,84.4682300293226,31.26961998567574,7.225263115895315,0,0,1
20.92715227026577,89.20671933727075,15.401267590096868,3.637388648433326,0,0,1
33.76631457302632,40.639463070695165,19.31014622729405,14.707802010714786,0,0,0
31.374804589681016,93.1246645526196,15.289340699480508,3.9805059886605454,1,0,0
34.67134413027326,66.0441589565563,29.738508363857857,12.335066541034301,0,0,0
20.19341677900828,83.90006442661635,16.631226660341987,5.592150021355042,0,0,1
34.39447265595954,46.99622656357795,36.28488473915704,13.139643918466543,0,0,0
23.624677395831156,61.77676026976857,28.989357929186305,10.809099178426846,0,0,1
21.95037590627509,54.9303364661545,7.28533058737545,8.4687726330544,0,0,0
16.006990539387065,56.04123237755154,15.51343093399412,13.460016668209429,0,0,0
16.055305157192052,46.77905909729849,11.072372095507788,8.314441432164584,0,0,0
28.840225118933095,84.31701078986538,19.515660627574267,16.427412051500657,1,0,1
24.158579888680556,40.5083273019593,25.799204310468156,14.591969164705318,0,0,0
19.530432520722115,57.18780013418613,25.338142864205494,10.812779890261623,0,0,0
27.279406126504654,49.592579876902825,37.72618382816445,17.54121365171994,0,0,0
20.057162365002224,72.39714173345872,9.458593180085467,16.57723642936111,0,0,1
26.55263508688845,53.98388214379991,47.32364146487234,10.636787892409984,0,0,0
22.184174939653808,54.24491499904548,17.14225534410843,1.3689538740159501,0,0,0
31.47104453223638,66.85859791974252,15.012442345806926,11.319927043984881,0,0,0
31.413923215335586,75.89789716375091,34.25892890901099,7.10513979120571,0,0,0
24.547007962448028,46.671758751084,40.275831434153126,10.802258856074683,0,0,0
22.016382186700312,49.65312988560229,18.92358824068267,12.942609209951868,0,0,0
22.25119593118189,53.59461095269847,37.34234874469885,12.896771497012793,0,0,0
31.11429051336436,93.55615177648784,44.18679780680274,13.470480870360028,0,0,0
21.563589655952242,61.843387496860615,38.34018326034787,13.585372500900297,0,0,1
19.18118747413692,72.94445498470645,1.7098242785416495,2.1856283742700833,0,0,0
16.693766837506136,53.28485469937878,41.36844556830941,3.8342466091458727,0,0,0
24.333862417688167,66.97527388366183,38.72404792271837,12.61082009084702,0,0,1
24.64264197839684,44.07655459122769,33.4645119076593,8.163447774620733,0,0,0
31.818174208058142,41.910818025727984,38.00112095439518,15.25703290611527,0,0,0
19.42477392892128,65.78034397518032,48.971269791596946,2.498185645256643,0,0,0
22.619825473367996,61.92626081351266,21.555644390917482,3.8304598884107866,0,0,1
31.168114777873818,47.528417583050526,3.3611617477298905,11.169292848729459,0,1,0
31.47247221497947,77.81807859064035,23.044498481385833,10.014960385357973,1,0,0
22.692221519575362,94.60969199945954,2.321682769552397,5.327943079533799,0,0,0
24.18248046573362,61.76057516581919,14.712520404423056,8.16686487010317,0,0,1
21.06571781698566,74.3507249754567,29.34398958983795,0.6996255611330615,0,0,1
33.65109756838624,92.96367683004672,15.481144646307815,0.7407621598874825,1,0,0
17.372875314831607,85.73442348457814,34.26976229547693,1.898540056497433,0,0,0
33.6749884600294,65.49537228164772,41.099316384286055,11.53584906401121,0,0,0
28.677329036706865,80.56192164529557,21.021958963976843,17.27432829226307,1,0,1
25.631443053734625,47.04742721377882,45.00689756465018,5.204465785191501,0,0,0
15.653181215689917,68.16571205050896,3.9919465675200105,0.6787965944684049,0,0,0
24.511923836440168,55.34831524489651,42.00565821002249,14.172542041046249,0,0,0
23.154962100054647,48.86400283428886,41.428657271964944,17.10704478010133,0,0,0
18.22437623950245,63.44544984399941,16.099694816338246,2.7634557052620345,0,0,0
28.12819207001314,47.20580049384879,14.935759356230749,7.714953918808003,0,0,0
34.42301814736572,78.4441809495967,15.254749057675632,3.1747368118040953,1,0,0
26.243776221290503,65.09320242293344,40.56968561722055,2.127148612187304,0,0,1
29.295065528878915,69.21295479105652,41.58267438050976,12.96337076948749,0,0,1
16.369009051320337,48.05067662674864,16.48612294138338,19.350729523562627,0,0,0
23.353339916339895,47.687441360142195,29.62951737222309,13.563312512415244,0,0,0
17.32716970328992,72.08784893930682,6.946661472022725,19.696293256152366,0,0,0
27.255916710730208,94.17553613061955,23.438936914051105,8.687905521405828,1,0,1
33.769643164283096,45.29378207807491,49.939642542776916,17.9573957765472,0,0,0
28.23555464943277,55.71522857111797,7.941957385312342,4.101684493326092,0,0,0
16.53606096628843,87.82025140958382,47.37813199800295,2.358087340215862,0,0,0
22.093324099701658,43.97496067403803,41.21273609825039,14.050401018248726,0,0,0
26.01326758881703,88.17371467518232,48.610732547313496,7.428166617252716,0,0,1
23.064155122665042,68.83572908561132,8.97893803052665,6.353752054942032,0,0,1
31.672880209503447,62.45467256595342,10.675924522168213,13.425611559953161,0,0,0
31.293420094199785,57.03243103933007,0.8433590867429341,6.669680835389762,0,0,0
27.23662040206443,56.34144369703131,36.235090645780275,11.451163444970426,0,0,0
22.469158902654105,56.81914203472133,32.204734671809284,5.989102125226086,0,0,0
20.106727475264883,88.66416945281077,8.903271916236605,15.675151764225028,0,0,1
17.117486364262586,79.8087376596132,39.5572482771036,6.247766809906308,0,0,0
22.09795366973108,76.83476543071328,14.95977530658627,10.699882889924403,0,0,1
23.263450344154393,83.93120319236004,6.749778466531758,0.4635216739402348,0,0,1
28.51645850208147,54.14130646522797,21.12813325096741,15.834615667167855,0,0,0
28.16319648595147,73.99235466449656,4.548492421342804,12.406755496439521,0,0,0
16.402162792825138,65.3036431426873,13.162182813662332,3.8447413398579133,0,0,0
22.905186308623158,83.03428993601064,18.56666792136731,4.307467521820502,0,0,1
18.63557734434724,57.0090860760307,42.59320872570749,5.24985837009644,0,0,0
18.136254106336114,75.37482392784426,39.627437064661066,11.530602091911238,0,0,0
31.54604299474492,88.52168264995224,22.137714287530912,10.96632666186046,1,0,0
15.838304334325152,62.118276190721076,36.22875288761938,5.477274392837788,0,0,0
23.383657518042426,43.66421480521038,28.43248180895025,13.881245839540073,0,0,0
18.364073115330363,68.3827952287986,17.042092753903404,17.780823318674624,0,0,0
32.58660431356948,59.02848682938642,36.29371717476424,0.8703095530707694,0,0,0
26.140810265500704,76.97239593009462,34.1749577233189,8.34393275645363,0,0,1
19.62761272753696,92.30681086117335,30.954722109680098,11.870402370896198,0,0,0
25.04854574332753,66.70845748982659,30.897776052162527,11.728704070739989,0,0,1
29.629727194062315,65.64046265855436,34.149099616348835,0.3907069397902152,0,0,1
34.162360178388674,76.00216401053032,19.22727563212691,4.211321316972101,1,0,0
19.40892008490838,45.692362697646224,43.45379075338512,1.2366144262424306,0,0,0
32.723635442586904,53.9428403908758,8.11539227482304,11.379301450998682,0,0,0
33.686082283349805,90.54386290252191,44.1942731619577,12.907797753389342,0,0,0
33.32841089064132,76.84684373500714,17.11409215159972,3.1948432684695516,1,0,0
27.708287137238194,40.739422419087894,6.2515807804311265,6.660222386841452,0,0,0
27.596413088694156,51.25440099074609,30.001370133956495,6.596074867520421,0,0,0
23.064212663676457,77.55604963158945,18.799333453520262,16.39604663179567,0,0,1
30.04795764607576,82.04195614094158,40.77498635517596,3.8931880905826666,0,0,0
25.625880367018638,86.1922764970723,21.539273426438367,10.96628242651317,1,0,1
28.54876142456589,56.069724186012465,33.42812627810549,15.658710250017688,0,0,0
23.56915807697591,91.20657279526594,15.412899475241277,16.591563857940955,0,0,1
29.629929280862783,70.41207914678408,10.472618751267005,13.33132188569466,1,0,1
31.48943035209098,78.30964623133411,19.402451547441192,5.990555045237658,1,0,0
17.92872513205632,72.82063745289494,30.340391730121674,16.460931496577125,0,0,0
31.65859431148456,46.75070300710412,32.84733696056759,14.843320542002532,0,0,0
25.805930635806146,92.9713062661684,28.910333264900917,14.089382676585384,1,0,1
31.893318181804485,46.7581568941784,49.40278593120544,1.3467079777001434,0,0,0
23.626034126820294,54.0185076026151,34.554509324758264,0.8652976130309908,0,0,0
22.5808097076607,84.7495334122639,46.575981379845885,13.90730595403159,0,0,1
33.30121465034445,74.02283288256058,5.8966597447587255,18.895896024678613,0,0,0
20.023385350968027,86.09820409569963,3.068646490673943,15.474478561260387,0,0,0
31.884246505722864,68.36549036057247,15.549735100597683,16.629511329873772,0,0,0
24.680411450188082,60.73462794516492,6.829446918821197,10.899645616995809,0,0,1
25.281908851025193,90.70150247512817,26.293426411413385,6.091722881761479,1,0,1
21.16936562978968,41.993877463313716,25.949062676163937,13.554737935337684,0,0,0
26.460844012380313,87.08716211941751,28.75235832219751,14.239417509853851,1,0,1
21.504223925524226,52.69497818532799,37.261394041553636,13.507159433880139,0,0,0
15.785388284833047,86.68049802646823,48.56648501061599,18.93418113438641,0,0,0
20.43997210688712,47.65581373792871,43.91293457195732,7.34358066529113,0,0,0
15.127580868131814,71.91204300297973,5.91836197877908,0.79315077911567,0,0,0
34.56709574113714,88.84593554563097,16.925684438532862,18.16888705514819,1,0,0
34.31494419639495,66.04468057943897,12.791151252402095,3.209982377081626,0,0,0
22.9031059494461,81.0611670591866,8.84086788898964,13.94636678774865,0,0,1
29.567417086792922,84.25693898205571,27.236243832789224,17.464088795453687,1,0,1
21.9161219682085,80.50718147942285,27.663220101636526,6.202827960292703,0,0,1
28.42186314171952,90.8931355281029,11.362241394403066,16.608304817098528,1,0,1
31.10860086091958,64.57588267859607,35.59486251533428,6.641162525428883,0,0,0
33.935124893844815,49.52189915408357,36.64571495847526,15.885158564724994,0,0,0
23.00424551699344,42.62960850363639,1.0489997416966657,1.3965972594745146,0,0,0
30.665959659120954,53.55529283006278,19.78788518611583,13.104859973418554,0,0,0
20.318569012642378,47.87586271341331,44.50703206008105,13.542761611575923,0,0,0
34.80664607587296,70.68718077889642,26.015930412191913,9.828516601619128,1,0,0
15.515391975287024,50.17199354664526,17.381390071949713,13.741817277254215,0,0,0
27.070576130022417,42.14135390091541,12.683807579756506,18.46367341107682,0,0,0
28.19011963302654,41.979440587776736,12.167725995914115,14.67709649936456,0,0,0
28.760911141482577,85.73632241006739,4.988401692540317,19.225920579693195,0,0,0
17.40775157578178,72.52974622936637,40.86132095465461,8.972246277041435,0,0,0
33.77059566946261,59.6946916041358,4.332870269708561,10.565814634079143,0,0,0
18.623665581001656,89.18254235071359,14.61473829309079,5.274773944754136,0,0,0
27.45506806479682,43.86081362742425,2.28378692831766,19.71203335601737,0,0,0
19.453521582461697,93.91771400003043,39.06932848618502,1.1027347032254475,0,0,0
21.144328340425417,73.89604846399536,1.964184111339523,7.172408352336205,0,0,0
25.929170834562488,50.090533968286664,15.41505519341042,5.953943295372257,0,0,0
23.343868371291528,77.34880044373327,28.664868504333203,7.730234262561108,0,0,1
18.204512019530124,81.98596928809594,20.47806801467219,18.35435721039731,0,0,0
18.418728048416966,63.61385308539259,14.113553362455022,7.360757481370297,0,0,0
23.36289576325599,87.3897933435051,13.759453621377082,18.33953305400001,0,0,1
30.145659565510016,48.290282401305866,39.88951530031247,8.466777233264054,0,0,0
32.95929293695577,55.33606709676846,48.69890475436225,17.095375384404164,0,0,0
16.682553245187655,45.142079887119436,17.40205352243967,10.435001970013376,0,0,0
22.862078151188022,51.598281233404364,1.9572756804508262,6.227056868566299,0,0,0
17.004911274457534,53.13008465511298,1.828288895455421,8.986995979357745,0,0,0
15.331849612651958,90.46982550069406,37.960670760535905,8.487621579564069,0,0,0
28.234373652879132,44.29603288131359,27.618491080456348,5.198281241711018,0,0,0
27.048988839331756,63.50783161032402,39.17963287086652,5.792774599838135,0,0,1
18.260382276297726,69.28192779748022,34.87485051442874,3.7290784262210885,0,0,0
19.67625666186128,89.42811795911885,45.37531746326982,6.720011144152167,0,0,0
15.474155072890367,94.87329202636674,44.291214552331176,12.488116064983421,0,0,0
31.698944113888075,81.43634632059097,39.41636978105887,7.731163374192624,0,0,0
34.49381192097103,93.39350448129662,23.759458002107188,14.246464218525844,1,0,0
17.709190735893817,83.29056228947306,15.406320380192623,19.739563393759063,0,0,0
19.629504275305962,92.97614525342792,25.351339372231998,7.5420215896897,0,0,0
32.36819047893868,78.89988992694504,25.103580365991178,9.252784281792339,1,0,0
33.529275959123694,44.38698839980891,30.513777444466882,3.282203138961952,0,0,0
23.39254765613621,62.105610284597205,9.304878389145205,7.844305715586321,0,0,1
16.01244944538148,75.56285060913586,32.78099402224944,14.536649015813587,0,0,0
15.787836673856388,59.2895180199838,22.83004621029079,4.348095994849257,0,0,0
26.47899732138021,55.03611549625782,31.01024159704296,3.6410809731045846,0,0,0
22.85790217786358,71.75695969232001,11.980241145977283,7.5274974729838355,0,0,1
15.57304855155309,91.34260321863391,21.71974469386775,16.372989714354627,0,0,0
26.665047846251134,41.924003043388446,10.510060722626013,12.473143794229669,0,0,0
15.22605073178045,82.30771619477908,43.76525783784008,19.151587551732128,0,0,0
30.747439162985458,79.7500002924545,24.39805225207688,18.09080869855251,1,0,0
21.128656454067432,93.0174383963558,11.249070778690607,3.0227439364648467,0,0,1
15.805160060184642,91.18911722828989,2.0604347870773143,0.8510554921442925,0,0,0
26.767044419663065,81.9227909124306,33.78693323267709,7.981894683895083,0,0,1
22.953688288661095,68.62248205754292,10.732235699487786,10.441589576372792,0,0,1
34.47600826714299,51.2347154278436,49.47910961593892,10.31141230437429,0,0,0
25.883973250074042,69.98796450790658,26.68501867075858,2.682145355421106,0,0,1
20.504783620740167,82.09435966558095,14.448849812401605,2.4963486430922077,0,0,1
29.188777292679497,89.26180669508412,32.88387168963152,0.9372151155840736,0,0,1
20.429840050854224,83.4341605065802,13.760996171904278,17.017198521108007,0,0,1
33.0848658281513,50.73968143550797,41.01371469548732,18.954882761363578,0,0,0
22.49443941014753,72.98274728254327,15.411802546497094,2.3137004043594334,0,0,1
25.997371255524104,58.26954027422464,49.41238661979546,4.2624473709822315,0,0,0
16.011462076484577,40.50631170648536,30.25723927226468,1.7972576946982066,0,0,0
23.522424759044615,51.01215146837663,42.22055744713317,17.5500434228167,0,0,0
31.6472707932199,46.22713574633971,3.640773478921111,19.17417467072482,0,1,0
31.11297610726684,86.34955179467076,17.41497086930941,5.2359315344178015,1,0,0
19.486371177070524,54.21784386812966,36.87435430830748,6.071676598707498,0,0,0
19.521581420211255,55.65838828881555,32.752950867029135,7.253393688258791,0,0,0
31.346106244264735,92.79651144893863,9.712156071687888,10.049275187614626,0,0,0
33.60796840338651,60.849769767686865,17.810146525485493,13.649219572898536,0,0,0
16.907218425460073,40.5272102079417,13.172170374377046,10.087811665092483,0,0,0
24.001172788524507,55.61153815903751,30.66850848809215,19.020031633524823,0,0,0
21.74908557928458,46.561476933099684,17.22841147293875,1.9978691704299734,0,0,0
32.41376910914879,45.65447089547197,15.452712100017491,15.972110245501261,0,0,0
16.670498293600374,44.26180095746622,10.368899021817086,6.689661816269421,0,0,0
19.22251885116075,72.62927085964574,20.451356045732417,7.550953761730952,0,0,0
30.049366751729885,50.414124799642224,9.775129509827678,14.176588874204509,0,0,0
16.02587697962431,59.86835367225558,48.128479368881614,18.58754219748758,0,0,0
24.850707614285785,87.41097438715093,7.72509057476517,14.324015571071536,0,0,1
23.842140693594402,63.33859768879516,45.665235747938816,15.517211507587934,0,0,1
21.688023579774974,90.36302425284006,21.4236549078291,15.015584843175978,0,0,1
22.891446306378477,67.38659293675835,18.893299578086104,6.419572119674497,0,0,1
25.59881173860466,61.936013816186566,11.565990045242442,15.138608663644957,0,0,1
18.22734716776766,81.27139098998859,31.787816718375954,15.690415204396032,0,0,0
26.439917565671855,44.024630432240116,34.27640075054182,10.668006413010255,0,0,0
31.108646585999725,44.921311064032956,23.378548112620873,10.735124773336327,0,0,0
30.20321859580318,75.85855426576283,2.7853447846712065,15.194416061249676,0,0,0
18.077998093875472,66.78173922815866,45.925507534427496,16.34061724448815,0,0,0
17.984989394829476,83.47283876755657,49.01645664381905,6.7439088406134085,0,0,0
20.363487354898268,90.39489605389423,21.55217076059175,16.031244351505812,0,0,1
22.221494526820745,61.36017827193511,30.683040370466358,16.284180133508222,0,0,1
23.169111628169652,72.80255146215555,22.514931312187336,4.6825128183715865,0,0,1
28.593944336666905,67.53831452874203,16.09398254430603,14.33901490633432,0,0,1
16.13360864331671,93.9885860603338,3.8659396428903814,3.730678436723167,0,0,0
15.693454084521328,85.70964240461274,22.803386519864944,1.8609822597625847,0,0,0
22.838211258878182,90.14557395525445,40.919227817972576,11.490860241004553,0,0,1
28.94327384275961,53.988704816768234,0.8515730544001787,18.17304397566798,0,0,0
18.868706859129652,82.48895327394268,29.105384159011116,0.7091804705152649,0,0,0
27.830089625125034,54.60102737487069,44.03860543633444,16.530032751898432,0,0,0
20.19656275880599,51.480839338561445,10.8774715007179,10.129424214070132,0,0,0
32.721722176270326,91.9346387810553,9.16279323445311,17.2179089744246,0,0,0
32.91379888533233,41.06174291948267,38.613831285097156,16.869538703420936,0,0,0
20.94574408562653,93.09637870148863,12.754321555964665,17.505736096325773,0,0,1
19.599875079264812,48.209404334384345,9.599213378032424,15.377479096133467,0,0,0
23.226079441324625,85.06909449862974,18.899462528461754,16.859847090939898,0,0,1
19.810631703602972,55.17574041874567,19.6251006135109,3.5205041440240725,0,0,0
28.447676865834072,59.288628008690004,43.7050531508283,6.077062977498833,0,0,0
31.52129369096571,51.92167412270917,30.922173596683844,4.8497234161459275,0,0,0
28.46184261822434,72.20327233645938,20.298072816979467,14.848566074561209,1,0,1
31.48700894498699,59.14525511293307,26.719398214288343,3.0728623873427185,0,0,0
22.939843244149483,76.15661717220647,47.69826166626371,3.6445558075557716,0,0,1
18.126339414177217,40.860602486813626,5.6607338304947685,17.579294414438852,0,0,0
29.759018947951844,43.54061859332718,10.385776086234571,14.117643858256763,0,0,0
22.209490102831076,45.481363400218676,48.12643532932776,17.507599558381735,0,0,0
28.42541650458265,63.04465269206271,47.86624242636021,2.78710516521381,0,0,1
20.41287883963531,84.81378949629868,8.858271063238632,7.979608091226047,0,0,1
16.624592696133455,88.84978507081104,7.255440856264911,5.6630234015263525,0,0,0
34.85163590975527,53.46459070334954,21.05425671693099,0.19362170559299008,0,0,0
18.124030158611987,71.59033483314577,2.4859146243984553,5.690459208774136,0,0,0
34.76841987926962,82.26007459809303,32.745176614257005,7.591665039557589,0,0,0
34.545598651328945,55.885618645578475,3.8748010830871094,1.8443927448542374,0,0,0
30.876362078160792,62.495425520495026,2.9014813547140363,11.329751156536396,0,0,0
28.18845924163995,68.81858114771427,24.259346810442462,7.6634532494526635,0,0,1
26.556141005021694,47.418116552442626,47.88933180550507,0.9292332455509089,0,0,0
32.322030907556695,41.42902615491792,21.339796803157977,14.079577297359535,0,0,0
20.78879043238976,48.40431951250558,17.824057933027554,14.585596676822071,0,0,0
24.35362424969754,74.47694916894434,49.897835775114295,16.6894288593887,0,0,1
27.387799387330038,44.04900438435249,26.598448038959173,9.710811997339652,0,0,0
23.22380951738982,50.433300066757056,18.762070344512427,19.373175946690196,0,0,0
23.54972908180536,58.581963713241706,19.293040667080092,18.28128289064913,0,0,0
21.60569335004169,44.28285353685015,9.747974801675523,11.027032502002632,0,0,0
26.28463633369072,50.54345991388989,25.611152872376948,8.899038621388344,0,0,0
32.01149056030232,90.11983839409311,21.94275140840029,0.060688558058457076,1,0,0
19.030567560126258,41.06145227248416,13.53976481737067,14.219890634784676,0,0,0
33.688660775068826,75.93875582958992,8.027004330087989,11.299090080993821,0,0,0
28.78175307496459,61.14249120033517,15.561943433377683,18.750882909721614,0,0,1
31.465464253600604,76.99568066878041,25.434166384386465,11.884642504824882,1,0,0
26.123813852600232,72.37804461998725,2.9166636142400835,19.8571218778546,0,0,0
30.59033402848127,52.29243148950543,7.687201429197799,17.07638543726581,0,0,0
15.324007946789344,86.59652181653637,47.38286334845477,19.07195871629906,0,0,0
31.367608495590705,67.05672104351461,27.142767551566948,6.55325542570078,0,0,0
15.80277718170733,85.23948104024095,3.1724651830018935,2.986719895345329,0,0,0
32.79826752725725,62.33068949035206,34.65438793847865,15.937442275902507,0,0,0
34.83925494477286,94.15770546533815,3.0901435039517366,15.723942059382649,0,0,0
20.881349243535556,82.3769147175713,36.94371135231865,4.228978788111264,0,0,1
19.206371125715872,93.12726128119154,37.498136086001345,15.294893082698255,0,0,0
30.307267277160815,68.28795634004223,32.55394878746263,11.639467160828122,0,0,0
20.060526818405066,66.05301227598852,36.61022723096748,2.1905028980334595,0,0,1
32.31124766344407,81.54995951288919,4.398289050652887,10.035671951404176,0,0,0
17.056851843149534,88.41601946573866,36.33902761776338,18.62276001677357,0,0,0
17.519103927587164,93.02801877260569,6.834415986194148,10.129150908904576,0,0,0
34.58303110201231,57.850354831787484,16.975295363592192,15.773979791069442,0,0,0
28.476777965400093,83.92875156134514,47.13726267503164,0.5781997328391308,0,0,1
31.937744488579057,51.58550786995452,25.143773882957003,14.561628257251872,0,0,0
21.48658754703036,70.0065890709995,48.371321604150694,18.936747722749544,0,0,1
28.52967499041209,49.89164816250595,4.446122944336878,9.990555697858717,0,1,0
26.884836546171943,59.106854896268636,23.877829978159003,6.754198260511728,0,0,0
27.06300240245894,91.22471019635526,3.1201160138435324,12.933010097737945,0,0,0
28.650649190754432,48.03498848751973,31.51051311996424,18.325224301864388,0,0,0
26.50718346258197,74.78204923243581,3.9353500684258194,3.5353930106668585,0,0,0
23.58124738605332,72.61248501100718,8.768390127018865,8.073884200454195,0,0,1
20.51845388761094,46.64060939899426,12.941515503464023,3.1258056196368234,0,0,0
30.371626618264038,57.928847407284664,37.43719258322416,9.933084644397855,0,0,0
19.525448600063726,70.96398274833962,8.198105940903739,10.808440260611182,0,0,0
28.847086123088282,50.294823494366966,42.33160266465339,18.884072294433203,0,0,0
19.666656452986533,84.03430110270484,6.595196941540044,8.250303075352548,0,0,0
27.50660339908908,93.46860802441124,1.7622224535078168,11.339132270793966,0,0,0
29.941565342580578,51.81176699793596,19.752270948483392,17.705251481083046,0,0,0
19.374277778130782,50.28015806348168,48.972082098564755,6.4281000035231735,0,0,0
16.198866017226166,65.02142894885945,5.5171113894388615,13.483277379351799,0,0,0
17.619474859883482,81.12709024270177,5.085922201981452,15.14323697644193,0,0,0
27.11993934542051,55.488033562938824,37.558325539781194,6.610564693740189,0,0,0
31.98892812451471,41.093394978350425,15.608084699678265,3.2868237106128895,0,0,0
15.899936424708487,69.76713454180917,35.86408086128585,10.058190838045466,0,0,0
29.683025180832924,92.61303122720193,10.000529472168168,7.136034602666033,1,0,1
21.82637291900104,61.52022704738201,23.003599709908144,5.329248635844279,0,0,1
24.570567398390452,63.107400480070524,13.264493887445894,19.4684262138821,0,0,1
33.57719099691131,93.28959444127209,22.576410743954344,10.043060374030663,1,0,0
21.639430094716907,78.20341863947006,38.45485462926519,17.129553876868474,0,0,1
24.30673867878972,79.55445575631688,38.10049702388309,3.906348210867183,0,0,1
15.273648295213622,70.94861029540871,25.78861438368618,18.78885529798261,0,0,0
16.631974400096766,93.60350659747829,46.41859218605255,15.888628691380436,0,0,0
20.17183182269568,77.88765664340559,13.1892051224137,16.17384312378285,0,0,1
15.557044816421488,89.22680133828433,12.015567555961654,7.795297503918572,0,0,0
27.62750652096502,78.46583761532716,30.690320058771686,9.712739861553725,0,0,1
23.52796713603245,80.43137036622178,31.064851710839452,11.867086517973602,0,0,1
25.96290405456044,55.97260071782356,2.3270019782486995,15.795310724101295,0,0,0
18.49294371792659,56.69132839076005,30.38888561934488,16.981135041208752,0,0,0
20.918640588732323,83.0641557266816,18.721807867450718,1.5609061870386887,0,0,1
28.276489497054502,56.31884590434448,37.372126266027955,18.08124775066349,0,0,0
34.306054472608,70.95235389408424,40.405283227263645,18.749933050085218,0,0,0
16.008335472044184,53.71437709986861,27.60769097735183,11.857748087135711,0,0,0
32.80768641710532,84.93408594449882,0.08525157511325432,3.735012265098119,0,0,0
26.53762402622417,46.07757431752295,31.818290508332105,16.368296654069788,0,0,0
26.278391335112474,85.61956518689155,37.444063983296715,10.97175229099198,0,0,1
25.005570704155208,73.1501390279181,12.449163311575711,16.34392907432759,1,0,1
16.38788171808367,50.28002441548925,23.23230005703944,16.29616253178633,0,0,0
16.797537034723213,69.8119462028365,48.28633117058941,1.734586313715849,0,0,0
27.018240113181722,55.53743602660373,14.905777669705172,12.14042856741328,0,0,0
21.819171428711165,57.790703410177315,11.15766255208704,9.662885985374425,0,0,0
33.34536133155361,59.33404228782842,10.542739523900508,18.922389399990355,0,0,0
23.131810747189444,43.482558583477655,27.940041717699813,5.932825838507927,0,0,0
17.86562917405282,94.22789264207796,47.489355065400325,4.1200021238185,0,0,0
29.29437667004072,41.73440454721732,30.434506460017737,17.941737120383095,0,0,0
20.867068428820197,76.43732802513532,15.166156011882997,2.9743113780020947,0,0,1
25.509406147117865,60.417520626658686,31.928488903372703,13.730389174489234,0,0,1
28.9566557101034,75.53056600206844,31.24211487988937,6.000396276836217,0,0,1
33.00528222404141,59.59365391981711,29.846256786482712,11.356915109949552,0,0,0
30.84382389603352,77.05628554423723,7.9713103444151,12.324388656825223,0,0,0
28.527221357454483,80.10795302075985,31.72833996724971,8.347385639159334,0,0,1
28.59266364790287,77.98039522198047,21.508222625724983,19.499299604741914,1,0,1
33.91849288064173,46.26790897469837,0.9296029311516685,2.6366633616995827,0,1,0
20.91648194993072,76.12912790600765,26.988224357374758,7.82798178073514,0,0,1
15.022241883923748,55.39931521997535,49.46333726092088,8.607906537486317,0,0,0
20.439091187963975,41.58407538131334,17.486979542199176,12.620938979923631,0,0,0
19.357827592534882,62.81568695389247,48.27796091593291,8.145195163890381,0,0,0
28.236691702279963,63.84487065420906,4.810287083129728,1.9407202274432644,0,0,0
27.67423199531058,65.69457733438456,36.62250579336531,18.948599963616523,0,0,1
26.869227654094477,78.7653290964894,5.716499733141767,8.321581632773714,0,0,1
15.324868864189074,56.98640950283525,13.678578677763708,6.853474544341451,0,0,0
29.57556108901295,57.34042822071574,28.54204176610622,8.934442483480094,0,0,0
21.47060824970983,43.330374093269334,29.638984698837444,4.331913642578449,0,0,0
28.301119780132623,77.77516687957628,38.760565861708564,2.004433693373018,0,0,1
26.131568570043065,71.23043502697712,30.765570361371964,2.9715695821772514,0,0,1
21.854618508558143,59.21838119815834,29.680735219028037,3.333096540071192,0,0,0
17.691525342082155,78.7853938404545,45.61765434945691,3.9534687643179023,0,0,0
16.88837795320962,69.55467620747825,22.60803761045786,8.399204244523846,0,0,0
31.63036666224447,65.80847202287968,11.263288934752753,12.477985380883073,0,0,0
33.367950841631156,68.12284990136196,8.089429251181512,12.577756760534651,0,0,0
27.995760935285993,74.9991468896881,19.999729840474988,0.001951391238537159,1,0,1
17.06868229720967,76.30014325160298,35.637637759684786,18.419153337967998,0,0,0
23.040544337764814,55.89268005273944,2.127174246495045,16.456943610646434,0,0,0
29.578784002103145,47.74088498651343,6.452669325470306,19.278760788720795,0,1,0
30.596417680201363,48.61487996547853,5.305673005181971,7.199726894603858,0,1,0
17.364372445821772,75.16649872466509,29.26250765257294,13.29598553378794,0,0,0
15.000614376907649,88.00803071719193,12.143232526563313,3.3604149851219423,0,0,0
29.2427409176121,62.52229530900535,8.312971415069825,16.34066054440672,0,0,1
22.13192351972411,49.323608818120434,29.638535987151116,3.227354459087377,0,0,0
20.089626632365203,81.613137406162,38.06549577261896,6.519714016154992,0,0,1
15.257949395790508,85.78692109306968,16.60774582263322,9.816697118939665,0,0,0
25.805988135229995,88.43203437165316,28.910230283829808,11.890633377055009,1,0,1
32.02301470851964,73.37572859025533,4.90622065997301,11.192660485734631,0,0,0
34.152632925451755,87.34007076634467,46.7595515228785,2.0419202341999454,0,0,0
26.314899012265784,40.84782271466242,16.844809265738643,8.43352005727702,0,0,0
25.289226554797885,45.897969097323795,49.875284658675064,18.45818528411645,0,0,0
16.70112770978482,45.091683687865434,48.9293877924891,17.447370555037033,0,0,0
25.977456030851997,79.19325763401031,38.941172466790576,11.815670465092795,0,0,1
22.599581579307895,43.826998094896844,1.0033547703483359,11.446491509072027,0,0,0
27.142705617671538,67.30004048564689,27.173746019218164,2.2335036529866037,0,0,1
22.774526957530934,65.9988794249959,4.341821022000575,4.005189046206068,0,0,0
19.805982469007333,57.08869379570325,44.75690129807581,5.052794852081921,0,0,0
16.89930550456753,87.87228434681549,39.48181263237014,9.763914570476114,0,0,0
21.298368891777915,49.37382610339978,48.61701882978415,14.627120961914375,0,0,0
16.932896685755047,59.385453141958195,30.41914765748977,9.214507112085164,0,0,0
18.53793901647968,82.5794325012611,26.1086402242169,2.521220836747955,0,0,0
34.746723171590915,41.67322729163063,25.94869279721938,8.78697754022761,0,0,0
23.882071138132375,77.01227201355027,19.322418722717245,3.2526650749777675,0,0,1
25.63743533010033,84.90187494988638,23.434503361457047,15.02294703385769,1,0,1
32.4723705747443,91.2747311360992,31.770629156767516,3.33001720809158,0,0,0
34.91137800981376,88.19631522703168,46.64738037781386,9.650679790889134,0,0,0
26.654288986893633,57.56612642585269,29.794216912801552,13.86827205322186,0,0,0
31.249476420883433,72.2500277727624,42.85579711586836,4.563961278904172,0,0,0
21.538820486733506,44.25114212327562,43.13899556512503,1.5206021527465285,0,0,0
21.11487914894582,54.182850195140475,25.94163379241296,11.265989521494975,0,0,0
23.054074419891204,45.1822308311129,17.373482074881082,1.0840532700878502,0,0,0
28.450145253472982,57.33530095846801,31.97869366660405,11.75537285936336,0,0,0
28.643833785101975,88.1352967402301,22.293867095742137,15.069970751724028,1,0,1
21.304788692989014,59.094176182086095,4.072043366096645,6.58631983344613,0,0,0
17.664198482732573,70.90439566507845,18.890455021621683,9.766988181613844,0,0,0
27.64792512931017,63.835946646321744,49.70360690246625,18.575236764498932,0,0,1
17.56651724377529,65.24040883643045,2.4255935013143604,9.422177283511049,0,0,0
26.5698501645866,93.3264628510107,34.83334559504633,19.93108122786778,0,0,1
28.86844256112618,56.288495754512184,42.059435253562356,3.140048227153458,0,0,0
29.01222992788903,74.50284582377442,32.43629517376894,14.178678049665782,0,0,1
30.069442213191934,63.103446826869586,28.4874115581645,13.05237196394508,0,0,0
32.45718843131329,43.36303995762274,35.37772084893788,17.446096270526542,0,0,0
24.99917983929577,66.91319573933298,21.467136864982784,1.8488642398108146,0,0,1
29.604983790591426,84.73388309748096,4.568086865443838,5.604131830036334,0,0,0
27.383454707316734,45.43141327749286,48.118587715169085,2.643584515206705,0,0,0
18.732798795953652,43.827551606796995,21.615038499209803,18.66190244543843,0,0,0
15.513792897388164,48.44973362162967,33.26946185840088,8.532706492905142,0,0,0
20.690827713538674,82.04200612641183,26.56552184446476,18.201316910701383,0,0,1
23.860674126752386,79.81974612796058,2.7336535988777277,5.888139887176454,0,0,0
27.342118888573125,71.07597728983608,47.637330049626925,2.5273620272330377,0,0,1
31.999186610064108,65.75245222509479,39.62686130571617,5.9307454597203275,0,0,0
18.92491433412331,88.85791980864421,7.454894723469746,11.94348718656098,0,0,0
17.510995797969542,82.16838031084154,49.08244381441334,16.904651835691816,0,0,0
34.26959894948655,84.65682382159929,36.84506860858539,7.707813864499937,0,0,0
17.160891187528144,84.72942657428598,23.616082521415443,18.296173185069684,0,0,0
24.569821402143784,75.34944351100569,30.568502827978662,4.884641193558574,0,0,1
26.711274575866035,65.19080433737702,5.336834100729876,13.870813746075337,0,0,1
25.827488418148764,87.55727639221078,28.02057550078055,14.714267009645445,1,0,1
16.720643140658865,90.93040796817878,3.68305360085297,5.479258386612321,0,0,0
16.140538280072388,41.30933237920887,27.242762855965097,0.5393975660105488,0,0,0
17.109668549220714,42.83551802964382,27.63478443813927,7.304746841015108,0,0,0
26.71175367745225,92.73088132996405,43.721939258037196,0.9039229461227216,0,0,1
25.886897752686423,55.243833761430714,36.2528750136147,18.015075508043555,0,0,0
19.674815840734887,88.03531918071803,12.477619610756003,19.07050525868116,0,0,0
27.75548283691183,61.38373154287714,44.42130710939284,14.70759831892001,0,0,1
31.401350041112988,46.55050316851456,28.66213324240029,14.533691706276677,0,0,0
15.831579196931875,44.42437601151339,30.318973928701688,4.817853388234612,0,0,0
24.962598870960846,48.60793444942511,8.449068461108917,1.4785115311616925,0,0,0
28.786208242053807,53.74412571770506,42.8886797984557,16.04209271721833,0,0,0
20.04623854139374,66.86850946619543,46.5482557508272,11.18323863106735,0,0,1
21.15541810586298,78.5823845311181,38.74953247474541,13.632550615743499,0,0,1
27.272758059787677,94.25192170669149,47.03762263225031,15.5928213617246,0,0,1
32.95870586887474,64.28287088090441,15.114995206117293,8.188685379045378,0,0,0
31.198488406057987,68.50017182887105,43.05595841813856,2.890931799566354,0,0,0
26.66260438199167,68.69986357607905,24.444657143187126,15.900735987257908,0,0,1
29.604434355144985,69.66888955183649,8.195860147179246,9.075312784568148,0,0,1
22.29644940415597,68.47573614074543,33.440029951670056,16.53848461711865,0,0,1
27.819310561975154,40.48261152840548,34.20601353529394,8.753982935200256,0,0,0
24.32363182255114,40.09486521604124,14.346225687834508,4.3403281691461215,0,0,0
18.79872272915122,45.37164749693676,1.374666581378503,3.4201003330756463,0,0,0
29.034765477545143,45.58561318860484,9.992362954278168,14.878435131183355,0,1,0
26.12929274697644,78.76932999251378,19.988877383694337,11.497782455879936,1,0,1
22.172431639071828,51.270381788379986,8.378145552993427,8.09205800929373,0,0,0
33.226783801572616,89.2092757615587,9.70149741198021,9.84233512382664,0,0,0
15.418682356534665,91.07334812673608,19.569533219113477,10.992772105730797,0,0,0
21.31546302498992,93.67413358427443,48.08933071542802,4.7883288365159205,0,0,1
16.13762795555293,91.6494717687861,38.212175770382416,7.563311593953783,0,0,0
30.330546324432543,54.95385770551886,15.987420061328205,5.848229302194701,0,0,0
29.042149082275852,68.03772645869319,47.58020344592741,7.768476934912545,0,0,1
21.62704437472634,49.65002336083175,32.28233961293663,10.011244270358098,0,0,0
28.51325804414146,84.34153103448382,22.772482232007007,3.467150781087318,1,0,1
22.918744523918996,88.86374378292528,23.415009947757355,7.870301252977761,0,0,1
30.125075828448686,86.82088616136332,20.537223391769594,7.709888866138471,1,0,0
24.083673254734123,63.83518217832592,11.649602627296984,5.7200763368452545,0,0,1
23.24559455663331,81.72706365777296,19.331609610685284,19.96992649604904,0,0,1
33.69459830976602,45.36685432669482,26.39481920216963,1.4725501798858276,0,0,0
20.017581997814005,42.213462384058786,26.40136753651105,12.859022785714716,0,0,0
17.408946799931307,81.42800278698185,38.0868451106259,3.4887721307287123,0,0,0
26.690862265189164,63.394540088077605,17.93989285786763,16.790479785703646,0,0,1
34.386436245683576,94.7552095606763,35.83990146519762,18.283930720186017,0,0,0
22.556784274543734,45.34898187205428,28.904591938434233,8.029559652179177,0,0,0
16.24073527257563,87.05952248443785,48.09227022634172,16.469568988414196,0,0,0
21.78610534619135,66.39906860409454,19.264246301699135,4.998188987001209,0,0,1
25.11863308639117,85.49326075271324,45.06082321303951,2.8013701465852314,0,0,1
18.238460132644274,84.94200051935798,41.03212736491447,6.317565328052219,0,0,0
28.16204436112984,90.37956007491425,31.883214229472845,6.833480277820945,0,0,1
34.95498778020401,56.38175062073565,32.72572333710586,7.947150895711578,0,0,0
24.034789519628877,92.23896444041017,4.232496730320534,7.459178839156375,0,0,0
22.09457113460425,48.34168281966912,47.511230279671615,8.222889057010079,0,0,0
23.014083336689332,44.50828276764198,5.346803174787196,14.2006673161026,0,0,0
17.302923567904024,63.7388534554792,28.161665437175355,4.911602657314704,0,0,0
32.665472028524476,85.55776327530134,16.503540022457724,0.37151191530243377,1,0,0
23.29651311042704,66.0381621848395,21.49259891449259,9.793611027625433,0,0,1
22.745488228496825,85.61076726417828,30.509150541840853,8.96582488409728,0,0,1
28.193805458609486,80.13277431868678,45.44256889411608,1.201299796868609,0,0,1
23.84066841862247,51.51856123764134,22.87835617861507,2.6760280300282746,0,0,0
27.96466937615692,92.18848936947052,49.386477765322056,10.198417893697878,0,0,1
16.22892580261575,43.34296427461719,29.64060326757499,4.695015200391586,0,0,0
31.27446687444455,89.40538391490873,8.027697132108724,17.551965882828938,0,0,0
33.810079057588055,56.74438969447057,9.500464741562615,3.4658497291899026,0,0,0
27.97530772318772,67.50814457404196,35.805551779462554,0.4024526369703252,0,0,1
34.09131857717621,63.22935299854039,2.5198897121690877,8.951275387821207,0,0,0
18.028646287399265,49.45090063043039,24.017078811111343,19.72326221216511,0,0,0
24.548323789607075,59.69807765209312,7.41095549017583,12.677450526129528,0,0,0
27.036134678908944,50.61139399610374,21.66093175889225,7.080594425238489,0,0,0
26.634732948423732,51.21375615032881,37.495871103585976,0.3373602293571665,0,0,0
23.029235581780867,50.28812598145092,22.940646412071708,9.698968794844536,0,0,0
21.761688187325227,66.89595591906269,8.172555449046348,4.1293200427686045,0,0,1
17.536480451008376,83.88622521312236,12.59626851783212,12.955081708932921,0,0,0
22.834849011245563,71.29335185686826,18.37697943260912,11.660169874626025,0,0,1
18.253216302109703,89.1263623702963,3.4780591743207356,5.304275507743698,0,0,0
29.687313529844367,75.00994687171983,29.216881804056094,1.3776546843734327,1,0,1
19.176618709891798,77.91370635979325,30.37668956390251,15.100383960806694,0,0,0
16.171306105690675,76.71839763498517,3.1075963566283726,11.709281891858845,0,0,0
26.047322756344684,64.72025562510576,20.1155660587081,16.842524990172567,0,0,1
26.90459465438803,77.91363522100455,20.700034144236245,5.196000312734325,1,0,1
32.438261225610105,43.833926055792865,16.69097842763006,13.057241295608241,0,0,0
26.539632248353637,87.29183095536146,27.886987016555594,2.373610010573699,1,0,1
21.909617074468915,82.77966788941546,17.297874503005588,5.836198158336874,0,0,1
31.06023763052641,53.487647702742336,20.820463973890302,13.130782237547391,0,0,0
25.80557786374842,82.24178498397453,39.87617737208028,16.51162610289586,0,0,1
16.585605692623837,40.69534307700102,8.105467771510073,6.418510034866937,0,0,0
26.317011206264933,51.948561486448426,30.955734765171044,15.977071131130025,0,0,0
33.16037090843325,43.582548126899276,25.27972008454228,13.55504920546565,0,0,0
22.92625250996441,82.91248041398421,15.253581873967454,6.973495430151997,0,0,1
20.926516037996002,81.5730783148113,36.37673282452054,17.527938754888787,0,0,1
17.8693891403604,84.74998130910069,27.5594179770574,10.184581320708624,0,0,0
18.028910438707147,40.246493132904085,23.868076348034766,12.964936450921645,0,0,0
23.655429686836378,67.56779996731244,33.383465738560005,9.912626838069603,0,0,1
26.91359648323059,78.76599086345351,40.11451539906804,9.05439920981536,0,0,1
16.612308103392035,48.54706208064585,48.63343950167881,16.95955434477713,0,0,0
33.79137178050331,75.73849001319437,31.467518418818674,5.894088300772515,0,0,0
30.10267234890392,44.62605546203272,43.72199927001915,0.7325844472744936,0,0,0
26.732478365673252,49.972922085737224,0.054577051147847166,17.595652870899222,0,0,0
31.568773418779816,66.16882482470305,26.51178463629456,16.50047906102366,0,0,0
16.603735136242264,75.94608339746061,10.732377438509905,7.331209491392254,0,0,0
24.536777554662486,48.02280198246429,4.7096228541568586,3.7090227741042248,0,0,0
27.601862537233266,50.18728319570158,26.598550853219606,13.51067286096942,0,0,0
31.573058122365786,51.24455018861146,37.3413253074547,1.5752180727127851,0,0,0
30.669391200985352,53.12854425844382,20.613626123718987,8.47509511077617,0,0,0
20.541384994267993,52.46046166894602,33.50537246722175,1.717246430800623,0,0,0
33.817603391184086,61.733200967370024,24.485962692047497,11.958193506575256,0,0,0
17.486916828617407,75.95843079601977,21.8542932979713,0.5441676761925995,0,0,0
32.50267237242304,64.09174807239583,14.512832021793031,12.584767512686232,0,0,0
34.418804992092376,82.67856498124385,19.129675725050227,13.464111465787932,1,0,0
18.543070464452512,79.55976782717381,17.489781539721395,9.742889492503021,0,0,0
29.441321284075705,46.958980272699165,32.309359200744076,3.5001465859522374,0,0,0
15.805710375559968,42.686289282640914,5.800925563956977,2.027878772544145,0,0,0
23.1084565027831,88.28678601997834,4.631818434390301,6.265846962740065,0,0,0
25.32566598395348,44.39070866095804,33.00064971042302,9.304133592000248,0,0,0
26.612904518192682,48.15865493958422,27.314903493944037,12.84416633689689,0,0,0
33.718744964971194,41.217330155696494,21.51000483713288,0.025002550369992438,0,0,0
28.445013745883895,74.55850009142596,7.622144220395177,14.221278384707263,0,0,1
24.625559024384742,72.03038097370917,20.551355593465576,14.25423864250553,0,0,1
31.193500725317787,94.27970165393906,39.48658816600058,8.890756129849997,0,0,0
34.01065641908818,88.78128179744446,44.48106178946285,6.868128914959035,0,0,0
15.441322973645818,62.596374761450036,35.12882849821101,16.846171293407174,0,0,0
34.650425445120774,60.437221250189424,2.995608794044041,15.69174964062456,0,0,0
16.722642781273606,56.32686188539918,33.520488830055925,19.66552177035448,0,0,0
31.287735585375227,48.38238060208347,12.049279477314728,7.438616106779041,0,0,0
20.60669505102825,47.5946011131105,15.762562151320253,18.13665209714197,0,0,0
17.643593155077436,47.2756039405283,9.793660397999226,1.7480377178590456,0,0,0
23.7971127942767,46.27631164527282,38.78778953101023,8.229321325017045,0,0,0
27.87913158895227,53.22816233230453,32.43010613186395,9.30748237497318,0,0,0
22.6190369004695,56.86677466722141,30.591752729959044,8.817486324069163,0,0,0
16.091308165653977,92.88684340714038,33.398630483463805,12.501963768622474,0,0,0
26.98922279317433,71.81602880510371,11.83861307019517,3.4041567767633785,1,0,1
33.04806552221349,94.31776759823046,22.23222071626808,17.32904343452504,1,0,0
22.664307318945035,60.48568213041203,31.662686077449457,11.035280370792787,0,0,1
19.32665555261654,65.16946479241926,31.829701380915022,18.08419096026529,0,0,0
23.851546918656307,57.851826254090355,39.59259313775652,0.05263288042969494,0,0,0
15.967254220975617,50.058820799310396,14.355198334405529,12.599762271859928,0,0,0
31.409751689605496,47.87405892776685,38.51680608484112,8.249156937096657,0,0,0
31.526816219003734,91.97935587943076,22.009224030846784,10.10198123498915,1,0,0
26.76000926859257,94.27458749893157,33.50863460294674,14.876090215605707,0,0,1
22.062057778767787,42.47002230798024,22.785969003264338,4.543034966733792,0,0,0
30.99566728891567,48.26902311024716,47.430508489547165,4.0979887042877605,0,0,0
26.093740495767342,63.293825076556246,8.965113237082223,14.060156354742862,0,0,1
31.518646171000324,50.248341198942406,33.75025442911785,10.427315178883603,0,0,0
27.629175851660413,60.01342164947858,28.826750038407944,4.672781961233808,0,0,1
30.688109464255945,47.10029924227983,8.63655204738723,9.680372693388309,0,1,0
26.971259864355197,65.10814661969846,3.3003167905833966,9.191168115543192,0,0,0
23.282821364313325,54.94320388930926,39.95721944858318,13.828888548306232,0,0,0
34.15891719852275,59.35477806672635,7.872566682313259,0.05322207238558807,0,0,0
25.822276497576894,45.18719583045112,9.325334139288799,11.73520531542966,0,0,0
27.101790370810768,63.5470427890578,48.92171119945197,12.11356301024551,0,0,1
19.409752788294984,94.07916860288634,35.863042573831535,14.910202743758397,0,0,0
27.51301578854553,58.085817578465466,12.524342080061125,17.78460932070898,0,0,0
26.432152989658878,88.20361011633392,29.547448007580062,8.803795942233776,1,0,1
18.696767958940498,86.37595278930269,26.705591920125666,6.850404486177688,0,0,0
16.191741947062873,92.36321300634658,42.223663375692375,2.046407550225726,0,0,0
27.087186394295422,83.45602317469019,36.46603739163122,6.73671689786466,0,0,1
30.27384538700641,76.27782548823483,41.58605627465929,1.3696932888881541,0,0,0
25.468027418440165,87.11214443251018,10.575329398868123,16.056404106829095,1,0,1
19.535452506392915,44.16045743615423,32.01096021835026,16.14012295691673,0,0,0
28.330439533860698,65.45568614593444,2.012042920919016,8.344753145895563,0,0,0
16.602114532192044,94.40909312382823,3.4470306139610054,5.192824677529817,0,0,0
23.83667409603909,82.32800832121028,35.676351635229864,2.3604015090454356,0,0,1
18.267335167968405,92.91414579204726,1.2210051321965676,17.02474332043693,0,0,0
18.68918102119767,82.87988958734135,28.98825044502546,17.549905567708105,0,0,0
19.045878983164073,88.11850820931792,42.0202549222265,5.325792291796281,0,0,0
22.734141140879558,78.8591297766755,18.99709042090143,12.435210969355273,0,0,1
16.023004112407953,81.8276102429482,2.2420218419956397,5.173073295807773,0,0,0
22.955868818581962,68.77479054117254,35.692372481436344,4.502532542871576,0,0,1
25.234148942294016,90.8330735447773,46.48432262320754,0.42416101262830574,0,0,1
24.665885699326502,85.37714008428489,35.85856960291339,11.54318835172125,0,0,1
22.65568200806081,86.41367311160977,28.922362150138763,2.998830863711144,0,0,1
31.78293216141505,77.01550055296788,11.501441493953003,0.24742365733863902,1,0,0
17.90653384841008,56.751897089798696,0.7687812022248497,2.097023286736346,0,0,0
25.11393487562748,41.959638746457664,34.73360542395266,6.275383831756276,0,0,0
16.240828339131085,91.46103211752495,11.551308792214648,13.383263802234232,0,0,0
16.423113577558194,72.23661918430233,42.908133859117875,4.052461066642503,0,0,0
26.477316993541926,56.39786341314772,23.318205941630566,17.751811250633438,0,0,0
26.32036849775642,48.20243093161458,26.53177911862281,5.769768207659,0,0,0
32.56067025688914,85.6237741025415,37.696827213318336,6.624525788472999,0,0,0
26.157473513201463,86.00861069461683,38.97153039016716,4.3595435990395455,0,0,1
34.195820408097006,84.79793824717923,32.13254165402841,5.076106741436767,0,0,0
15.973896967998595,75.47954805817324,46.92159077063715,1.4827022910628362,0,0,0
16.96015369561482,60.13084631755318,49.11492181602097,5.89541157432379,0,0,0
15.881317231407628,56.723865662914136,47.34427221873084,17.192349192012458,0,0,0
18.705537006670802,40.47051235649936,41.20895926719717,13.768490827912267,0,0,0
25.82540221883356,85.84841572785322,35.281261012212575,17.50536407731233,0,0,1
27.91144362854856,44.808798362150334,33.16629289408338,2.0971802875871326,0,0,0
15.911703158973376,74.69152489224223,5.187508846026695,9.112332616843181,0,0,0
33.919417796911986,67.72412207620486,13.574217340955624,4.5850974596023,0,0,0
31.84330753300762,68.96791474094931,0.2844111764688517,14.42431181112296,0,0,0
20.932249643141862,90.96920649192754,6.8704935116995935,19.40475649451781,0,0,1
16.543750604529357,41.738825619918316,21.961473858459417,16.30718958100576,0,0,0
18.397741464381145,82.53657235458247,7.326827539453667,0.7055633350201274,0,0,0
17.538888275099453,42.86288191020189,45.083170733837896,6.333193892884683,0,0,0
17.465675585978936,42.09844832644575,40.2849592667641,0.5715938090104711,0,0,0
25.371233773314678,63.639973397776004,3.5805956044759113,0.8033393386197107,0,0,0
19.916948849868007,43.46913458886317,12.445685773363302,1.5903060832882776,0,0,0
22.16279433058289,83.40291732111015,40.95359423057544,5.526538579411238,0,0,1
34.790106667686445,69.12597015065855,40.15230632799368,6.084055352762623,0,0,0
28.686284978506897,41.597133046287595,47.27252750588944,8.009070264697764,0,0,0
33.97961334094003,42.227537756505576,49.877388080868016,8.098621889325923,0,0,0
17.85113110066231,73.69676913567136,48.813503162056094,15.42818023686362,0,0,0
22.642789496651385,84.33614997121228,20.506899286072073,2.8280648715779955,0,0,1
26.094636065647087,64.07897422011254,12.516422190101611,3.154812316085154,0,0,1
16.53516123777476,70.50193693445934,37.920509521353125,12.53178103344468,0,0,0
15.083748872559157,83.99061997274458,14.96364463720154,11.434843043849934,0,0,0
28.40868667593835,73.57783957230006,40.320018006566485,3.0800941096422485,0,0,1
27.836390336028707,52.36181307123507,26.69773651989622,17.04528853707838,0,0,0
23.215776199992234,73.71786142282133,39.69636376174769,6.581188282024149,0,0,1
24.792881520640652,74.55537024858674,13.793993985850522,7.339346970889724,0,0,1
23.308860011841794,80.37588394846196,25.401365777691044,8.409201616691771,0,0,1
15.480100896897778,74.14808031562407,28.201189680109103,6.454037414778715,0,0,0
21.707432124349246,93.30831717519209,47.155403386006604,11.149101045452529,0,0,1
18.541645107945797,50.85085697943877,13.329878841520864,7.77295446316397,0,0,0
16.968483782027374,92.30998737618918,46.83441196424473,5.188694518905752,0,0,0
34.13440867778699,69.60867196925089,40.24294577328579,18.08949735421549,0,0,0
26.987194500843312,76.95758772722016,36.54470270433477,6.167014802803095,0,0,1
29.573125684732055,45.47038785987044,39.34351345925626,13.969778509376438,0,0,0
21.30727486532235,60.931676775795886,30.27125229400285,6.9445354071379235,0,0,1
22.862942589880305,82.31585305547449,12.204000523124293,8.704399737549437,0,0,1
19.73847987793447,78.88010583044448,9.474748441992636,4.7188704680266325,0,0,0
16.939313419308494,42.20766634909756,43.31707179251952,15.046592387745083,0,0,0
18.580632748831675,70.06268449234845,36.25697012979166,14.744065028525062,0,0,0
30.950280905929716,44.85530061326252,10.660214138047452,0.4447989161620036,0,0,0
28.55091610367552,94.77210360479893,30.754668293720076,1.2038808060258366,0,0,1
25.93857751970954,89.3513123693312,22.37732407071119,18.44752909489879,1,0,1
24.50179745733536,41.15943632356953,7.932758498154696,17.776536944757016,0,0,0
33.44868567312249,87.2257268396447,26.592855467858218,10.121743855570607,1,0,0
16.454698955573367,90.56862803071242,14.075954623320863,9.86714783116673,0,0,0
20.612016264758317,59.445152240990026,4.812206207878578,16.248483487675852,0,0,0
21.998757071414282,79.57259102762711,23.34791492727054,2.76900293769758,0,0,1
30.648516244255756,64.31570604142784,29.50542760467809,13.073982426919182,0,0,0
34.85029240323942,76.03778665169892,2.3453205190575255,9.519659889745192,0,0,0
19.81341029514306,58.717457236400534,20.10463747054984,14.866620586312457,0,0,0
32.48614668274161,57.74075801482976,12.883095991834265,0.602055826239809,0,0,0
31.612455208635826,63.34386388716685,1.5325295353616208,11.85451099447877,0,0,0
19.493147952835333,48.006226725887565,6.28312748057529,11.134564304311152,0,0,0
22.986651603984452,85.71264304394604,6.951707940918878,16.816966591783707,0,0,1
23.193457385850383,59.17838424489001,9.143712405898558,13.536725951100557,0,0,0
34.56441337053117,62.008225464821486,40.16887857189606,17.60320716791275,0,0,0
18.617838027577967,89.17300369861795,21.97459332390696,17.745466432851178,0,0,0
30.98315942209564,67.31430977347442,7.354299613519344,8.163280017994357,0,0,0
21.683854283462196,69.93396501429746,5.014848346394462,2.7486826750362625,0,0,1
29.61740691552321,92.60739686274042,14.897022936451954,12.60567311644376,1,0,1
23.400220085913258,88.76995107297441,39.90077593522262,17.474921968170207,0,0,1
26.5671952623308,49.32066898886417,18.222992396982175,1.4990668838952148,0,0,0
31.652235466522622,66.02682664549577,7.9948680146969044,11.158465461693282,0,0,0
31.083311299677682,93.42129250857,20.205809077307997,2.2999905331964787,1,0,0
32.32846367079401,60.48014640257315,27.765577864352874,0.5399198351040391,0,0,0
16.19234650689318,60.43652096839101,1.4792091819006925,13.59270707881667,0,0,0
28.841011060794898,50.72666274840349,31.382090072008655,13.636992237443277,0,0,0
17.79974753443526,46.28777127655189,19.755037650739464,12.01316089992724,0,0,0
23.31637136036822,80.716763491579,0.4862937565597192,17.184456078035943,0,0,0
25.971768301093768,82.3516757785834,33.69446994731904,1.6175287958695672,0,0,1
23.054789694936616,93.29571299266499,35.61938177813241,2.105205233975187,0,0,1
25.392233516060152,82.53800159979497,31.441989427934143,17.290708759588945,0,0,1
34.93052617597238,53.38438717184793,17.096510879921112,10.065534397725262,0,0,0
17.704346274257095,42.20641180586835,26.480242703298057,5.461056176764744,0,0,0
28.509120906728512,94.19905614033132,19.35788530667177,14.763139559705747,1,0,1
22.920019327712303,58.724788254898314,35.031086507984725,17.88807445208804,0,0,0
17.660195978146575,57.15843483378314,29.179009311684435,13.792065724059244,0,0,0
18.17473526748619,89.82753653621603,4.089955691372488,15.83865193356898,0,0,0
33.98546212491234,72.18049441997424,32.15467791094987,5.64994480390385,0,0,0
32.59202993423524,51.8179145617024,34.361920716890076,5.775507188210849,0,0,0
33.140839208300434,88.90029334939317,18.53510903073497,17.28247760709265,1,0,0
34.83065551654773,94.63484702801088,43.78928904798522,12.297256973104307,0,0,0
19.166307800170358,44.76732086329569,42.15071774224813,4.68325503347473,0,0,0
22.108786747281236,87.4238395566368,8.758326194986893,10.483236309244244,0,0,1
28.384380598497334,61.47836337264167,45.21331542429343,13.717209429444985,0,0,1
24.676050797212945,68.82398455786874,22.043618574753875,4.37098162501576,0,0,1
23.36779066756667,90.31487866707394,36.187482631714666,13.09812816415472,0,0,1
22.156224986711862,93.53585576763145,40.7048503483618,0.8428969963553556,0,0,1
26.875612638869043,54.419015072483965,25.255621053484496,6.073832460083224,0,0,0
26.51186857280164,51.70679240279526,19.955096968540786,13.479436234522295,0,0,0
18.229156681284802,44.42841072253315,45.772568430754916,2.9869813097980313,0,0,0
24.434796750368783,70.89888189641759,11.54267764677116,4.443980612849979,0,0,1
26.069435524196997,40.74824174978676,12.848503885957225,17.581865807167787,0,0,0
26.40573877462781,62.65440636854651,18.081015700671855,13.48642198863217,0,0,1
19.202143858247034,44.03612091586047,42.97328889852828,9.978374205133475,0,0,0
29.845427845045734,62.28741806111337,46.9394132106538,4.217867842549046,0,0,1
15.503981896421394,42.19627040960851,11.003385737743093,6.828193131645161,0,0,0
22.096637110863252,85.93694933348229,43.19350738156227,11.486609965747183,0,0,1
30.604252970712672,51.535644666621124,12.910147973428465,3.106251878093369,0,0,0
26.277858421108046,58.056979069685156,48.5320623374944,9.634881597963778,0,0,0
20.223248650217204,87.85263981335154,29.870394599079113,8.179487882760448,0,0,1
28.899062386860955,81.04463337327128,0.3543233723691197,9.533746828552365,0,0,0
26.34781888312147,52.047109890313216,1.7064952035588943,2.1112164256059884,0,0,0
30.924872189127743,43.95446802616228,7.374226540235424,2.1299417409005716,0,1,0
29.700503723796466,79.36205772704366,9.378657890937836,19.282219054926426,0,0,1
27.202158440724695,61.48864028784601,38.38095614132983,19.587354674495373,0,0,1
24.76355350621628,82.13439995150216,11.138293820847494,8.523293158236365,0,0,1
17.663642513350467,64.49121248063658,48.45708100249299,15.779909073016746,0,0,0
20.226660357707676,59.0301327134752,31.805602860146916,13.115828538461539,0,0,0
23.381989458341707,64.8162974516818,34.625875462675886,2.3383370923677793,0,0,1
26.985985740127774,81.17074421188721,10.890825964260376,5.933573146693956,1,0,1
25.2741571043061,89.62211575972057,44.635315704754234,6.27302817289041,0,0,1
20.76369051919059,42.73719581237165,33.39072864099657,11.915488697184477,0,0,0
15.129287155794211,68.82613476748253,43.220281217093195,11.5995342462894,0,0,0
24.924784438016278,41.80594859961327,47.82405486156135,18.47017387405511,0,0,0
20.712519771244864,65.76252497633973,6.282048855479822,15.80072627952548,0,0,1
29.692166014210702,88.69055560032952,4.829361513447283,17.136953292059474,0,0,0
15.47892530540967,59.887464653117036,40.17039132948179,17.824572272220188,0,0,0
26.696556226115817,91.28477315943539,43.306302954708514,16.02553345109961,0,0,1
33.82948475012131,74.68346594078352,29.18807104389928,6.657625221142154,1,0,0
18.48818534222999,91.37854390861534,18.30002738752603,4.300259426690001,0,0,0
24.432989815011908,81.64416439768858,32.63148180376119,11.43534676042094,0,0,1
16.828439836342763,45.68893416568193,15.283203629622866,13.791366329066374,0,0,0
27.513638245227053,52.713325215947236,11.919284607673408,7.731359379263316,0,0,0
26.01063361192451,61.67937500209284,24.407260476363273,16.966772999290207,0,0,1
23.147310484256646,49.35587851066418,10.807691380318985,19.211331856359667,0,0,0
25.427540429474824,67.22013826271633,24.185180415758644,11.38791452274704,0,0,1
32.931493169380204,65.92524856358199,47.830325273178595,9.131841244324367,0,0,0
18.92588604622134,92.59425589150597,41.98920178086952,16.857742338850358,0,0,0
15.451290234106946,63.85503355927878,47.08154597500111,0.4853909397877332,0,0,0
32.233297693982024,83.20947423583988,40.316448742367925,2.580252316684961,0,0,0
26.54234164775813,91.80507996683139,17.737546797313836,16.913153180125356,1,0,1
32.81316910923685,88.2343857035692,40.602261927577956,14.640571712959849,0,0,0
26.938904468263452,51.47671934813755,46.1457871776607,8.32273396408652,0,0,0
31.20322179919405,67.28164418394493,47.35178939185272,17.7770371544881,0,0,0
23.59346726710296,59.12568802627591,34.159892534249856,7.029165752907742,0,0,0
29.997198625765375,61.99222823254685,10.568332190755658,12.676907157338348,0,0,1
33.26082933779712,59.84437544351631,1.9864576682345425,12.686689406518319,0,0,0
26.442459274444126,85.44975655962523,7.3600114080077885,3.6866378522847243,0,0,1
18.61570301124759,64.8676480317346,48.27734589469727,5.69703472328116,0,0,0
20.375952300603963,68.80318827345785,23.104841209638472,18.320138453921714,0,0,1
18.972891537948115,94.0346046375891,42.74930074160287,3.668297075868341,0,0,0
19.93714055191466,43.29885997053341,23.252207677914555,3.47149243695249,0,0,0
21.128308987020727,66.83767018849119,33.04087917299197,9.592309474677482,0,0,1
26.10267573506377,82.57339388203638,1.2070388561166823,1.8439473647568194,0,0,0
26.759832589276655,48.31390770035246,12.493247135968339,17.89252377968747,0,0,0
23.52999494483722,73.63423770381257,21.81346400212946,2.0029827662494215,0,0,1
27.308415596416708,53.17056287439567,31.531552357708158,12.33114953681589,0,0,0
16.631498512227317,87.70722622735121,8.576059402658926,6.795637128906362,0,0,0
16.755764741163198,57.99048159700436,38.2275732135245,16.085457709420677,0,0,0
18.43658920715317,58.09845492955003,18.220235306811865,11.79621491535077,0,0,0
25.361549960806897,72.90066331848413,40.87176346169422,7.766122821588763,0,0,1
19.27989357396627,50.09595994659498,4.898454519753365,19.677459690896214,0,0,0
20.665688069851548,55.66887513966836,33.9878293841186,1.3246197693106132,0,0,0
23.00625672345988,62.91475175656763,14.66641666032551,11.555726064613534,0,0,1
31.237322480207595,59.45008247270607,39.769158706130895,19.791366230880897,0,0,0
15.277242718257202,68.86824699030703,20.10852135212053,13.819052864260343,0,0,0
27.987576404732447,72.98020792379315,33.267481613178326,14.79539263284386,0,0,1
28.377530620813708,71.16670995625906,46.71526343182367,0.6418228915897184,0,0,1
30.97311560713273,75.97925715955628,1.0313316006882178,0.427263261939248,0,0,0
33.655058781206264,56.92622341343011,0.5558391167186816,0.7222022396438565,0,0,0
15.402756978985796,46.953442493526545,38.51396260883567,19.83447804352464,0,0,0
18.075674110264323,81.84441477870925,32.31965257540391,19.59039521481703,0,0,0
32.723425881119866,86.79292104468752,14.648986025221634,6.690178515285236,1,0,0
24.170371243740306,54.13534277223377,24.71983513871312,5.819636325316577,0,0,0
26.291812778669268,62.390057588691086,2.096783279943437,2.9191749103568854,0,0,0
28.26054407446295,67.42130693299555,9.622280268062038,6.582805983295168,0,0,1
28.58133208991275,69.3329763514115,21.224818726358375,7.4029986109454065,0,0,1
33.634808066330166,76.27195940982085,41.70222081107411,14.965656335180672,0,0,0
34.938988348233394,42.28817783454267,23.98335914300424,17.325871058394696,0,0,0
29.403149218618804,79.68123955037093,29.318125226298935,14.934702394827761,1,0,1
20.744424184103018,43.40840538386757,43.68768959968902,12.92950202191145,0,0,0
32.59504804588687,65.75587122200773,15.440945679442263,15.318001561775958,0,0,0
15.984418290815231,85.52191245630567,35.03496605510279,14.769949583036105,0,0,0
19.621617057489924,64.81684223031179,43.08336293391267,9.514993874607896,0,0,0
32.94771434927429,48.19993618225362,10.130785034808836,6.717028049227157,0,0,0
20.123830288787097,94.17686147532778,17.823908257391626,5.655614337551991,0,0,1
19.413021192434968,88.91070041408449,48.990508694467756,13.587109190255633,0,0,0
17.762505862804943,82.42224982737577,49.16092823981055,19.186082488904503,0,0,0
32.18223515293833,62.63313815945657,11.161496514696895,11.621094378712602,0,0,0
25.001165183821733,50.11151497891138,3.322291944631406,18.25053004944532,0,0,0
28.497864061083096,91.77761497801757,13.546080565502644,0.2845874194589504,1,0,1
19.781327681500592,69.27931195844265,19.886597865184363,15.889412934720115,0,0,0
30.160808420224328,86.87955032131168,22.050280046558186,17.07205315920159,1,0,0
30.20011089924197,58.81522531676842,30.940315366521183,12.619876758873916,0,0,0
21.251960498166003,58.44085743937089,44.97513800657732,18.68121998723459,0,0,0
23.213652660205657,94.20472643707215,16.517400595358122,11.798259857625993,0,0,1
19.19380554860402,68.70081766721674,42.49922677496043,4.810738050534987,0,0,0
34.53122046645809,47.73824831234104,4.673946046331345,4.314344588963886,0,1,0
27.912051541168232,52.08210728970891,2.093734948660736,11.116725333854305,0,0,0
33.69087761431031,66.50693536659963,25.202259156173064,18.12967860992422,0,0,0
21.067710872582666,42.33590007686262,2.9831111665302448,1.4473589151015398,0,0,0
30.637818259937795,65.43936919580653,19.62449006171151,12.08781024421822,0,0,0
30.31717287769484,63.04174631440702,44.83890584346172,15.396069459640492,0,0,0
28.833113037330833,82.86349459257178,12.074151810373667,2.3080413924713827,1,0,1
34.31277950533601,59.5218080469083,35.29878875624516,2.3353938142402586,0,0,0
22.87110672212631,94.04018188467796,15.118269619503344,7.322559933391761,0,0,1
17.614346471795145,49.94234556154967,2.24600276210678,5.477623470994337,0,0,0
28.434177184881214,72.50426767324743,27.83452907051547,3.966283177873795,1,0,1
29.586196009544125,44.933461335454005,41.74267452683759,3.9738834722269045,0,0,0
26.501211469176294,80.362519119669,20.47342241713097,2.613380648496717,1,0,1
19.136357862667925,94.71145284340844,30.864691322904353,12.217080261639047,0,0,0
25.089118833387108,85.05262507633978,45.00117988288629,13.76251207168174,0,0,1
21.243794731382586,70.56369473961657,39.48472563684939,14.058724537580892,0,0,1
23.549330563333783,66.66077465698307,9.693819969640966,10.647079522772122,0,0,1
27.904371516893278,85.92664786967657,36.66919796825029,19.058125393311332,0,0,1
29.90429485381669,91.47857465908984,25.094651258007598,17.610655551801315,1,0,1
19.644493818026863,94.40635891889511,37.29834039430423,19.1526228533256,0,0,0
23.106507212939068,61.80965751604663,24.72577752611091,7.775909562543559,0,0,1
20.383231419832583,94.50046111369818,6.397908205415143,17.555663199100493,0,0,1
18.97263227723738,48.57594386956073,28.495472334461958,15.257493988137675,0,0,0
30.667744399916767,53.945237676255005,24.606699619866994,6.799458060680261,0,0,0
33.185053888739844,44.89588686036429,25.896086682072088,2.131865170084386,0,0,0
22.404643713691534,54.94561840664649,43.945122682293515,13.652424997936155,0,0,0
30.025578487475336,82.23656533899062,44.74185233531257,2.729046482437607,0,0,0
32.939905787288225,86.91083969981473,22.676855338285918,5.875516140022241,1,0,0
31.92248421060463,82.83909548064145,22.78660206400442,10.007291528875745,1,0,0
18.656267770784517,74.7086177992233,25.7593479436308,13.597650702969462,0,0,0
34.12583763026723,68.2681581887455,25.97946391671285,18.5245531439461,0,0,0
22.53352880858925,78.97873590675056,47.51935720895563,11.864800896979933,0,0,1
21.784813223476725,61.495845209697194,32.47002336887467,13.428261993441897,0,0,1
16.248626545555606,86.2719593324836,13.872849744397197,6.200277003019561,0,0,0
24.723473082097662,77.2454551687232,26.576839847699496,13.745852328570777,0,0,1
17.180272312818573,78.37925841719246,31.36117914539914,8.75580241460149,0,0,0
19.97079641854852,69.47647962209892,31.988586050698224,17.138623657675474,0,0,0
21.33885243534563,88.68759413161449,29.262711311909133,7.849010278029487,0,0,1
31.176526469833682,53.86081035234788,8.886807731076868,9.365440433131138,0,0,0
32.50977300791793,60.96312093485779,1.679659453975374,8.651755138205157,0,0,0
21.049326349229393,82.77034133227289,16.89215261834272,16.2224566861477,0,0,1
32.17396242489148,67.10118928711357,21.376107728012677,19.073983940238108,0,0,0
32.144618747395825,88.9067707383305,3.09021197880433,6.54552601966548,0,0,0
30.29301900769747,59.051962586956876,40.74836690099231,9.500558015241536,0,0,0
17.93390228030363,60.31315928508046,17.203871875513688,14.118525333864714,0,0,0
28.80645693801458,88.88046841626439,45.68163730892523,17.90763244069462,0,0,1
33.90048129161137,65.54036761001225,7.7205053921132585,9.874013936920413,0,0,0
28.65080957534314,68.38685213113678,2.8467478468656715,2.1778701645345455,0,0,0
21.63233698215668,58.30200434346237,24.115805219316087,7.373427670026431,0,0,0
25.011586348616625,55.21684681984951,9.456466841285332,11.00723770880226,0,0,0
27.914500867021072,76.07717909611156,46.86996377889306,8.350492119320652,0,0,1
25.21140817457007,46.59123638476621,0.5151699226869477,3.7311145357614017,0,0,0
17.399058834619396,88.35999526506001,20.63098375295175,0.7397899068643499,0,0,0
21.24128089304041,82.85617252208093,46.337388567258415,13.748173321597898,0,0,1
31.04792061107265,50.49115450381915,19.220910336488416,19.85474381554285,0,0,0
32.22836092191035,78.1710970203511,4.655464030023038,18.384132677932342,0,0,0
17.746000654311405,73.14481067070992,15.144747143089354,13.66541821721627,0,0,0
34.04773504797449,50.149427790515425,24.900519691721673,16.830596170328583,0,0,0
21.576452356972187,55.02619283276279,9.257584367166654,5.114552369343864,0,0,0
28.2462747746144,62.494257705360894,23.328085257163096,12.448688721568928,0,0,1
30.036502919133625,78.45835043850107,41.81715978929187,1.2120843079793087,0,0,0
31.238924692757667,75.12978748493532,43.63089850983065,14.143678546249154,0,0,0
33.91499404451861,69.27291662221839,2.4630367355366056,19.39744678048537,0,0,0
21.258390960576452,82.26257987127188,8.045167902628675,17.215946144357183,0,0,1
32.170129091031086,81.68657567833912,13.764506788340208,10.688817495432748,1,0,0
17.633738068724142,73.98225347342407,29.74329254438009,15.774804386255532,0,0,0
29.100818127071854,83.2844545861654,18.049737939623355,18.877976198963292,1,0,1
29.839554590279718,58.38448561285651,42.202045672303775,4.320351558784308,0,0,0
28.55446482402641,88.46872405774332,35.83359341414688,15.865170259547561,0,0,1
20.04629472270306,73.82005471910674,5.022801155675411,5.396939159377068,0,0,1
32.46086294030407,85.22999325968368,31.22787512560456,17.53894843879333,0,0,0
18.3771692674079,70.04535076346562,5.650631267348921,1.9670901138029095,0,0,0
16.072695830416617,52.01410347437742,12.751783481823004,3.5643683773968293,0,0,0
29.349299812238243,69.83255707730697,8.893531676711403,14.412329269436036,0,0,1
24.509514304654672,60.411141507712344,8.653097460035248,3.4955500772649795,0,0,1
31.98196039917352,78.3624469820402,30.819776238842962,3.1610860380608874,0,0,0
22.667942821165177,66.16865854541047,28.180246127708074,11.10933754797744,0,0,1
18.365571770154258,85.98620427102281,8.801407639386344,16.699744754181417,0,0,0
31.728843849397393,77.29398817770542,49.50864027092159,5.369348505492582,0,0,0
25.978192632801434,77.64994381672281,21.09183661841469,16.8227636541097,1,0,1
18.783915847807098,51.943543342008574,4.853466407746831,16.15906793091949,0,0,0
29.407679971728914,94.13373715702096,6.028450847755757,11.582108019186709,0,0,1
25.22227276979001,86.29213650993188,29.194685686329734,12.931255073745403,1,0,1
27.086259644806397,83.3952686508382,48.95347016917364,0.8088237322381642,0,0,1
24.21796676413164,58.16183738380151,28.597555080959893,7.342711166074265,0,0,0
31.574179676360128,69.45974090659776,47.45207383083186,5.267898622367051,0,0,0
31.591254313660997,47.54067534408807,22.206642537901338,3.000077214549448,0,0,0
29.187776436487724,69.61617871644883,21.7920551826006,7.793186583139631,0,0,1
17.108027547929247,48.0239085565808,25.000367965794112,7.098083926948657,0,0,0
31.777077238081375,70.41708141942806,34.871272907777765,14.57783356259454,0,0,0
28.420259610658196,75.6797034085198,18.380798322566633,11.961926809535067,1,0,1
28.94048332008599,61.460778198744634,43.19430163394785,18.262001376040388,0,0,1
22.25965680807743,67.41996830822113,1.4640692384073117,2.908151661116778,0,0,0
32.585591123140134,88.16093632210223,21.988209751422115,1.1949721064705199,1,0,0
29.50743200469715,45.970972958654514,25.549592498995892,10.692155749822573,0,0,0
17.25180933058389,83.54530911498091,30.35161191315481,0.020542772215701444,0,0,0
23.155560688123252,49.3915003047908,13.803595618293162,15.754378862699312,0,0,0
32.72760723920283,42.01893905425456,21.373998549291766,10.119457773700189,0,0,0
15.94393403394758,50.20660315097763,24.22688751070283,9.761311521157872,0,0,0
34.22833239284099,82.07737544837693,34.34549893416066,7.249919574483488,0,0,0
28.583251366391256,62.2819340335273,38.6772092367907,7.499476722975251,0,0,1
27.627519552867533,87.98862842654,36.89136636718936,8.622673565013116,0,0,1
20.41118512975983,68.85891476502462,17.079152614479266,0.32064688852060375,0,0,1
19.97583577478354,41.2237693559482,49.97252614959818,1.670915744324093,0,0,0
33.841164389771905,79.41924852810598,42.43326558935897,10.100960400224741,0,0,0
20.965449084682454,46.0628099796678,13.001168657248446,3.002445304396082,0,0,0
30.510105934379986,83.41587984040584,9.755290283641378,15.575252166939963,0,0,0
22.862435964141582,49.2456402392849,15.701062529169524,5.489703480090515,0,0,0
17.78508141569408,58.99955121930324,22.617242649982245,1.957992746986481,0,0,0
15.214305953907179,81.86992862939482,42.539968915980694,4.704198518068996,0,0,0
25.885146740305018,92.48272466120319,38.918113189726725,7.141964603115762,0,0,1
34.51557637097865,60.42886728557028,42.5623061752938,0.7063321718976723,0,0,0
22.382723876184087,85.61701211094146,13.597855745516425,2.8335104877265804,0,0,1
22.143846679860896,50.49357460117113,29.67306112259181,6.476935089550393,0,0,0
21.88183235698884,84.39488736113701,14.162453113868722,6.209609476195281,0,0,1
25.410876746097166,76.1621732590938,5.451158035974657,16.007733931196782,0,0,1
23.813297668485873,50.600892896680264,34.20988717373403,16.865109506253063,0,0,0
32.59829253454029,56.637717819327634,7.149877559771939,3.8683719828709995,0,0,0
25.110415834469805,47.24739887283698,33.384888085323574,2.4787976782569476,0,0,0
25.155156763771377,61.06318560853723,32.39821524527046,12.683249686428367,0,0,1
17.767431894411132,51.20067526178026,40.51242222120085,16.09247111390863,0,0,0
34.654790818207715,75.41988744967605,6.97773022817822,19.27446194448263,0,0,0
19.999457817376594,94.69778073213072,39.17400742544054,0.1359256949302856,0,0,0
16.467281349192053,40.660503969634526,49.963826297311854,8.27356226853609,0,0,0
28.262924979504177,69.75058973080142,42.55212242929511,14.679756681887712,0,0,1
26.90732740313745,71.55166286519554,37.590603816383314,16.57118597748709,0,0,1
23.302913079854914,90.28148343244465,33.10826773473538,1.2457189736619556,0,0,1
23.443844677613562,67.83029341218156,21.08907423427147,13.612290389282546,0,0,1
30.701278420928624,69.90357808047045,36.52500839458011,5.7787743479794,0,0,0
18.91425280199298,65.94090407306138,36.20890175702266,1.4919391866625076,0,0,0
31.405066378897793,54.789736750881474,31.574914134364413,9.782051635093346,0,0,0
27.97494227790036,43.08160232869025,39.813918914891424,3.1630668640829196,0,0,0
23.37939547559049,62.47617252154099,22.438194421341734,14.740150361233695,0,0,1
24.160572331677372,42.89253091823732,6.062635606619532,14.82523599398907,0,0,0
20.132944143721915,70.27708582062547,27.95338638046187,16.84135529975019,0,0,1
30.042286653939495,56.90115037832612,13.252176435567131,7.551373702955044,0,0,0
25.257494846105356,69.34813208389853,19.22165487145751,0.26619594461287255,0,0,1
21.41709085499687,47.38633304173527,0.8707451970613012,5.1947187674895945,0,0,0
26.921002315219006,91.29464811566478,19.13952939589417,9.356233990505539,1,0,1
34.91468904102646,89.19866839524641,40.440055306772734,13.880225588321009,0,0,0
23.705245593131075,50.44980800612565,27.136118346912742,7.640811713734827,0,0,0
33.41382801557239,58.889435581170545,0.49002634669855216,10.720967921342762,0,0,0
21.900336798491324,73.74210245185887,23.492191011992364,10.485271749114338,0,0,1
16.094654138499717,45.26274140182485,14.572582382270372,3.2996469871663314,0,0,0
19.084842127368578,59.50123016138829,23.877532769858554,12.460990001600255,0,0,0
23.373902866553685,53.811175775045335,20.23463607239385,8.785034564107956,0,0,0
19.39269857189138,90.35342007941831,46.598960977869076,16.15837403304986,0,0,0
15.00454076436511,86.88808499590628,2.0588649481507906,13.812224162577998,0,0,0
33.30003075495054,71.89080076967751,34.17940056409661,2.2293837239510927,0,0,0
31.87758822461858,68.61904852793657,42.55132981508707,9.77516820073137,0,0,0
29.84584462973894,91.18991869999684,47.96192923252377,14.049887169883748,0,0,1
18.35629191292057,91.28352806383484,8.881811327214795,1.7402345161468524,0,0,0
17.40727152419972,93.31315689434132,26.565240098309694,15.84994065113263,0,0,0
16.352094989447664,46.89583862595032,2.1794788658605957,4.440090292887988,0,0,0
29.480583775458424,48.83067959197436,24.959176222754426,10.061695909473794,0,0,0
33.576159213757705,77.22051842739376,6.272904477049096,18.811225749452724,0,0,0
23.61071641826074,69.77889621354147,41.89483373493567,11.42668469644568,0,0,1
17.382813439920962,41.01562476912798,5.693500130268242,8.481089034078948,0,0,0
25.24785641464213,43.408626979423566,25.664418019324764,0.1358985479828534,0,0,0
21.9766381491726,88.8444210242343,26.05480344963769,2.6682724554815618,0,0,1
22.496498486999954,87.78789375466624,48.58252489658027,11.573277701959752,0,0,1
27.426612483114145,59.649900709782486,32.74903470194441,9.876500813074765,0,0,0
29.374362265244045,89.0077839311794,14.392014653840096,7.276583512936627,1,0,1
17.212071977463218,72.6521290918846,12.039965496906923,18.464317707882348,0,0,0
15.711804616129527,84.3248105860396,6.412410282253244,6.649650748518816,0,0,0
34.886606053714296,63.50870891381179,37.82573620245297,10.743015128882131,0,0,0
19.65456697831104,46.23690800396998,34.53783280911693,11.374268190482601,0,0,0
16.07661049816918,63.85498844553089,30.493856365405296,10.549367801278454,0,0,0
18.797506581918398,65.15148888982938,2.0420221474994174,9.551707830801986,0,0,0
15.779156926969284,70.30193066123317,38.141443319714725,6.741274720238161,0,0,0
22.836217892343434,45.80704920974354,32.09437885742396,18.17527266079239,0,0,0
31.048035689026484,94.52710246772862,48.19444340552442,9.016065235182895,0,0,0
21.82488899515441,53.42752514437985,29.360106493840604,10.568977346921514,0,0,0
23.88366813756733,50.92038219454011,15.197595333085406,13.129559676604845,0,0,0
28.511735471348775,68.97416053707651,19.076027609466014,1.3531208486306934,0,0,1
25.177881401397606,69.54644986671887,8.792035268911624,15.625762829264904,0,0,1
32.22891372042648,64.19014058082843,36.145709110069255,10.25014620172071,0,0,0
32.32071350091513,82.454068047889,35.38608300108626,13.143538716899336,0,0,0
15.198213909823073,68.41599204007315,10.032500773883813,15.440241308273828,0,0,0
30.560926129663983,73.53325003297414,7.92446615911393,17.481987815284292,0,0,0
24.214672004833478,79.8060511974282,3.85024666010973,7.844408339058619,0,0,0
34.77681082607326,41.376380586012665,45.59878718408793,16.228597853645102,0,0,0
24.664641517508702,71.38543003997746,11.653491684742557,5.1767379113180345,0,0,1
34.73791890776595,88.6306959175603,17.208176337590196,13.206713019147326,1,0,0
30.091387224114733,40.95638086089887,14.025225418874532,2.054146013592788,0,0,0
19.972097692266125,62.28501570905286,20.681230130539554,0.4006093484815043,0,0,0
25.76789958573915,90.94250976132065,35.702439969124164,1.9152625222527941,0,0,1
34.84271278957166,59.42349212553958,43.52978168631422,6.387649731249516,0,0,0
32.15061215503847,65.23008533101324,9.129937476427008,0.6218922764932855,0,0,0
16.947337875824424,93.9847766174372,34.320617187058254,12.609825443745251,0,0,0
29.12743993619992,50.96281224228156,17.62810711212426,6.330890767645297,0,0,0
21.91159171741626,43.58903540187533,49.02635841486464,14.72752135428596,0,0,0
15.139645237606963,87.26824249737174,14.945957964203844,0.9183027253921128,0,0,0
23.06961938053999,87.76559376668027,0.35964780039299815,4.334031330949964,0,0,0
19.695088434499425,65.96428090740072,25.781998700992258,8.160068506593971,0,0,0
31.37738541040943,68.28139459625075,7.536554213796887,7.653031245880926,0,0,0
21.74661217691531,85.96935032898098,2.224721340919955,2.6199734567268096,0,0,0
31.550473879076343,80.62077239636874,34.91346159738543,19.882736271633142,0,0,0
15.011958776695906,54.58319512193559,36.61296412542283,5.688791616676719,0,0,0
21.156383000522382,40.92913452893352,23.034950655825128,14.42064169302926,0,0,0
19.82330428615524,66.38350893934502,33.84427583782886,4.400533944234364,0,0,0
19.67134722137222,87.24017793526028,26.911972412356693,17.55702421452168,0,0,0
16.363732395309253,89.27090721795892,31.490055386096582,7.755166202993848,0,0,0
18.742485408210033,92.59244083918847,29.83519865939806,18.01804977978209,0,0,0
26.110991397712397,88.37597806870296,33.29113820277962,6.836698392679422,0,0,1
20.82722145675489,71.9023955413954,9.981532433658563,0.17287642993826902,0,0,1
23.34789564658296,64.45330795798554,13.43533100183501,10.340408621569228,0,0,1
22.537337606943773,82.61674155937544,21.9981574753846,10.495758723021929,0,0,1
32.51809849999789,80.6901898901078,22.30640047095932,2.396683655772711,1,0,0
33.10597998021031,69.59788865447999,38.72058557934521,4.699271468385849,0,0,0
24.8591394331172,44.803005490715805,18.369682961476602,15.669911819626988,0,0,0
21.603119006312088,90.93447407328054,8.12525780295912,0.7351164925731846,0,0,1
17.13601408004727,65.05813956259142,12.573298524553794,9.790533733733612,0,0,0
34.0680575876419,59.983358005394535,10.73667511921142,10.608162468271257,0,0,0
16.20453889800595,74.62620673428245,36.5830009628011,13.77424121352248,0,0,0
20.953005551365607,77.06108786418373,23.516980731299103,0.7491253480027038,0,0,1
20.96132402340008,51.58783543666658,35.431534898549174,11.712926541809278,0,0,0
21.408025722804297,86.03163646454759,20.810984037881347,0.061960731563663884,0,0,1
18.285736865448186,55.94654015143078,44.48678012519526,5.303567345783813,0,0,0
30.663228618473944,50.267615925287416,49.176015386136726,9.993685106329623,0,0,0
17.449957239319783,62.351991906997355,33.49212543513058,18.225626748512344,0,0,0
27.698133183063256,80.1808044493606,43.190627861810945,2.5317963201107085,0,0,1
17.47692053411635,93.10019981418918,25.396663358603135,3.3857825800655017,0,0,0
16.41071275185913,84.51046954042883,46.731042017695394,13.385001287676552,0,0,0
33.188590073717535,91.71916077186054,41.5793242836414,7.497233876447977,0,0,0
18.802575326374114,47.73331922420897,49.588928588301954,12.468428038457436,0,0,0
31.425003091194085,43.914723937502224,31.154686766389027,19.94908334268534,0,0,0
25.892617422142717,70.67376190486692,38.960337013411426,19.737433226977082,0,0,1
16.55713039217539,55.96636156742189,27.143406998910674,7.074271589888427,0,0,0
34.10896382876135,85.54302351331,12.956005213571142,10.078507076496653,1,0,0
19.939223339837852,76.95933292712793,17.737758556487886,18.093803172587865,0,0,0
32.192906907052134,93.3900490192187,44.700270736565805,1.8433532481711512,0,0,0
18.376200115691283,54.01357956522173,2.7973973299310284,9.04607807673694,0,0,0
32.07885764283706,66.71812628953778,29.573994303720408,7.5515469663291785,0,0,0
15.26457625810588,67.56822625839443,18.624201625205433,5.897655453219945,0,0,0
25.235609131389616,53.15472371715569,19.334626900277783,19.884084238446963,0,0,0
30.388851588431137,72.45513697184043,44.228560320688366,14.670985879447558,0,0,0
33.695910349855666,64.38072923435817,42.69111872731133,7.774939847858439,0,0,0
33.18404272412974,64.56968557944305,29.942118778623435,16.580437833308384,0,0,0
31.392497390952897,59.9505156384866,13.645942370216696,9.793322014241138,0,0,0
32.76382699322608,40.93111438340443,23.772817308101203,17.456488247357175,0,0,0
18.98439371674153,68.7152380303134,20.4146696894608,5.327596912611567,0,0,0
20.683685914234573,58.43863096351821,17.680901460124765,4.472004547741308,0,0,0
20.77937049842117,40.07259279413813,5.1392789278648205,4.945733624948952,0,0,0
22.54107862003398,56.93690392140626,27.155694335766018,10.769611522501048,0,0,0
22.866413407703774,55.324558319936635,15.091564893724179,5.826267823102693,0,0,0
25.89110649309351,61.63964842729997,33.04039714637642,2.942393682927682,0,0,1
18.19759526732883,47.25185943038683,15.960196791276537,19.892558370114642,0,0,0
28.824933275719786,67.92261035492965,21.558174656740086,18.0086645488282,0,0,1
18.35133078609013,78.08421938849715,2.618018709720377,12.700248749861593,0,0,0
21.20616964209095,74.66020629800148,49.626903495273886,17.83085747847892,0,0,1
25.06690261212308,84.20652211630548,25.38051916375879,18.709254750156376,1,0,1
30.928811230469545,64.86045583928947,1.2118797082086408,13.522165837316711,0,0,0
29.789384664774545,68.55004516868505,27.061532938057205,10.373595573826165,0,0,1
27.910687128210444,84.57210674724408,43.51769996528249,17.640035844293543,0,0,1
18.115465211603404,63.523564395058116,38.62760671331013,11.35593993825819,0,0,0
25.940906912311554,78.58796424447783,35.0453342064727,2.5360108570774798,0,0,1
16.74893003599771,63.90313027948955,6.973232729951745,7.337120009150116,0,0,0
22.547263535933016,62.97549069813594,32.88685394937362,8.91841903470754,0,0,1
23.27033060579918,81.81130934910382,38.314918900613016,18.70738032271191,0,0,1
15.796228788915077,49.616030350641616,28.62095319827483,13.183709446116447,0,0,0
20.479761989399435,58.622228456786544,44.63745022601758,17.505551255917815,0,0,0
34.11298934532979,52.3294752210796,13.84948908924427,15.151834016798723,0,0,0
34.07265215659379,59.75104686321784,12.107234986962528,6.197217730453659,0,0,0
22.046541085050784,52.67061523013132,43.4784872471323,14.374179861283665,0,0,0
15.862002178966481,71.867309709766,31.26991214957262,3.9059947184774924,0,0,0
18.58189878656363,83.89939414398148,0.0723610260499663,8.162916234349353,0,0,0
22.844355868670803,83.2637183669846,17.656570425552626,16.121837143118643,0,0,1
33.9555939593846,60.04755305018358,42.89279929073373,12.238583238304566,0,0,0
17.823981270743698,94.3818223241844,1.3659755820871644,16.5082501190523,0,0,0
30.270316873364244,72.66199005881904,0.16239641307544406,5.0940716470010265,0,0,0
17.17365078749384,61.967016597806214,14.062964526256488,14.994976648545899,0,0,0
34.62515154782554,85.9546603582784,45.70000185046389,4.04648722883673,0,0,0
22.6323299821827,80.14307069534524,45.07387907350082,10.906083447960144,0,0,1
30.50469077798112,81.21014352532575,25.938097290075397,8.670691889088626,1,0,0
21.851821656222636,50.78766423536294,27.66184355698113,11.12951715541614,0,0,0
27.553377543176175,65.75783690527054,16.60040056585944,2.71066848056545,0,0,1
18.840321694800735,87.40054719535314,12.186833101390492,7.224557510260235,0,0,0
17.920420385939252,67.72209041958165,40.761092710605915,13.338076617323473,0,0,0
33.761282791362625,77.58990088815777,5.3147430249820715,11.170615881620547,0,0,0
33.35294555808867,72.33635531688455,24.367718543931787,10.979395178236393,1,0,0
32.749378804257645,86.329623324511,31.719862974854223,10.216602242625088,0,0,0
27.508669003331867,55.650846186888145,5.184014518551461,18.87769820077757,0,0,0
31.165364224325565,71.65114028375007,25.980354773617307,18.691393958794684,1,0,0
16.3807387382275,46.77790674053922,28.87606439562216,7.202899455965886,0,0,0
21.695780837813583,77.96159271847074,37.124803025368244,7.0379002316840955,0,0,1
21.274062495143124,80.25823110939916,11.741802457376643,11.097969131461223,0,0,1
27.712906439052265,42.35605266539491,14.666375164537914,1.912125682784156,0,0,0
22.11915546941281,77.16850299953919,28.47605733165167,6.060134015350318,0,0,1
17.970135632873617,62.80795847911825,49.15632049908071,4.617351316023455,0,0,0
26.929341508270873,46.82532818603253,10.874659141005722,4.46779336672857,0,0,0
31.28767841338163,63.09491512341572,49.2951913561732,12.770110517905358,0,0,0
22.642469889199464,50.68281113325699,35.71712665272406,7.687006686882986,0,0,0
17.645374301969635,62.855774266782404,41.30410348150116,3.423287495166125,0,0,0
18.933763946256462,61.138646537719026,4.482063411816961,17.75143689975519,0,0,0
19.749666103387682,80.61154003148316,15.021009371531612,17.482973758755882,0,0,0
20.997951859890726,82.58185569914974,2.8868139825490524,17.249258470644705,0,0,0
27.855901410126183,73.38657599115007,18.57734975015876,7.814898845155856,1,0,1
27.01890969075438,41.24777632003462,49.064482996002596,1.1396490702090478,0,0,0
28.921597231340783,91.20622534890467,5.263653110316923,2.134840357888721,0,0,1
22.250039690630263,77.74283040530463,28.118639118559972,5.520961595425984,0,0,1
31.479953037599564,41.88074974566538,0.30353114069061604,4.399400082173093,0,1,0
19.081753223115207,85.03580945677649,35.634140802203135,17.47971240297671,0,0,0
24.380814950363078,51.014638509489785,9.859634618602053,19.72716360778519,0,0,0
31.018774430828607,71.85716542641087,6.479226856238146,16.333473246636046,0,0,0
18.603172954652386,65.6648903472603,16.850890608039382,14.596978054983769,0,0,0
17.19726227481566,63.09113302952922,38.552214896949074,11.772482798546285,0,0,0
32.673679353759795,88.93425460684186,5.33065431556054,15.398165983597456,0,0,0
21.85859325518392,64.0548710359438,11.491949789934768,18.940666243847815,0,0,1
28.67740249818064,44.14392646652329,0.42322108086547683,12.02689339814162,0,1,0
15.50697208527877,92.06512999682239,48.4207431347809,3.092264880396678,0,0,0
28.800937768188994,90.62943771817952,29.607279999443193,3.2771663453743938,1,0,1
21.32202623093941,77.64379792698793,35.99498181923497,11.677256062571724,0,0,1
16.114817071748835,65.73408904726138,32.569158557800726,6.669370795696157,0,0,0
27.19625523096234,45.10727101189367,7.218227943483718,18.204947504899387,0,0,0
19.816076321463463,83.49114652176118,29.746996949699707,12.232846676719447,0,0,0
22.7361448410376,44.15128529332159,6.5707797570631055,13.529852268467206,0,0,0
16.61161624573027,43.77305416923301,20.061822698156394,0.11641420201805142,0,0,0
17.943265021898906,69.55611133416525,28.44815679626465,9.97697104125246,0,0,0
20.959544709916877,48.80705321015521,27.944055705107797,8.623294427778234,0,0,0
16.795190011203143,40.4251647037192,5.9536712991370475,14.11743713535066,0,0,0
33.216525293726306,63.271238704768244,1.721798482326109,7.652773206667314,0,0,0
15.120940863679568,47.54694773855363,39.91171569369069,19.531500637743246,0,0,0
24.67720437728623,48.82834784043802,36.296121849800265,13.404063631128036,0,0,0
17.464949162651028,44.230085130443406,4.090945228236903,13.198366662851788,0,0,0
21.15358178955897,51.280156454798544,6.370775940077672,18.386822895159654,0,0,0
33.52119119636531,79.35162988759141,44.629188819481016,19.904096677966912,0,0,0
18.23389106547974,84.49100189697853,38.456445081088994,3.9564137852422654,0,0,0
34.31664639436666,64.88935042161154,49.808014810833704,16.210662864294562,0,0,0
19.115887539788435,67.86045987347796,12.699372460251086,3.24638990644055,0,0,0
29.83132216933659,41.79602690268114,24.390149443440745,9.140869061084198,0,0,0
25.933545297946235,43.81239437542243,11.822978803117785,2.003708086649403,0,0,0
32.68957455193518,54.16622491072343,31.14000692386549,12.467419569343296,0,0,0
26.07986511006262,69.91441313922311,5.770711954565899,9.3703632681015,0,0,1
25.691184383126174,80.67531318042461,6.362158637151655,12.5739789665143,0,0,1
18.909160007367998,73.27516837359181,3.594394570256132,13.55921505230826,0,0,0
18.324587241033175,61.56703202427336,34.679304113208346,12.388645000624761,0,0,0
33.32978302231028,46.5078240151726,24.70362887166034,5.880582452147463,0,0,0
21.55676397700068,82.94252791879542,30.8865608177315,16.739183144873376,0,0,1
22.44164509925792,60.00823283794814,43.965052329467945,11.033723987502482,0,0,1
30.196473168567767,80.48297079655343,37.01642423776793,9.797023464336064,0,0,0
21.776469648456146,68.2138363052888,23.086145908334547,19.74127608469749,0,0,1
34.04124893278005,80.6264129459004,49.21779941971132,5.670158134129537,0,0,0
29.758555379976006,89.90092587989145,22.81280505709866,10.560606097903463,1,0,1
26.9485848514684,90.65662338295911,5.62253366167666,13.646491572159828,0,0,1
32.61790321089505,69.4308729000332,49.6327373626358,2.5045186586646717,0,0,0
15.992118166989655,68.13296006211013,1.141036500742365,7.0847944829307075,0,0,0
20.141253843784174,54.61231560265605,27.494177974387608,16.033774319946524,0,0,0
24.3007266844182,91.46899073411103,15.454774434985463,4.735164691996601,0,0,1
19.53957078943042,65.18555419597915,25.177607550849242,9.865807298072134,0,0,0
29.87810374604304,47.01751816080574,27.93564762972608,12.61261211965942,0,0,0
33.3841606210745,63.79877030446025,12.00479481392438,13.423247066152001,0,0,0
23.475402398618467,46.98792876309022,27.842937786863093,14.566208840956518,0,0,0
21.842652002237898,67.63924263413912,37.80305560027688,17.319546340858885,0,0,1
34.231014642751326,70.87015331709168,13.325491862199918,7.8571888606727525,1,0,0
23.897048656550815,58.57656688214719,19.171306665695354,14.132638519277123,0,0,0
24.780968008985663,43.94078378273166,13.412134658202895,14.64349295540503,0,0,0
22.03299744683811,91.89269445982815,41.02798654941012,6.0054826025398045,0,0,1
33.19096946024277,82.53442124158863,36.249112960479835,19.363159004232823,0,0,0
26.379109665637017,86.13845942778165,43.559821860920366,17.30438347044124,0,0,1
30.243491743632894,60.17776168574262,8.502494645082963,5.797226573991281,0,0,0
31.236134367017726,81.84570665106978,3.6789819079875774,13.501373533739752,0,0,0
21.836980838345163,66.69550923430569,5.969175192933668,14.35601268918588,0,0,1
23.6738866264076,51.059591862332525,8.050916641211819,8.629672725507586,0,0,0
31.969435488125292,46.84328572989673,26.65413303374012,17.274865718819328,0,0,0
22.265107033516205,58.97779781271313,48.54560351813824,13.804587070180794,0,0,0
30.878702669037025,47.565366131132684,17.861770830839102,13.163093703054363,0,0,0
33.81984645148874,94.90479369122377,47.925413468010255,4.416807445694364,0,0,0
27.46420746136014,42.70539446276121,1.910039749458986,8.15684622699165,0,0,0
29.832545749037777,64.2628979652992,46.34361014073291,8.678449782646997,0,0,1
31.1019462408227,64.86514373147114,9.05763036524856,14.67322193158041,0,0,0
31.900792977932852,56.534756071992156,45.62374928596744,12.367890905151048,0,0,0
22.90106675713592,71.42433611388199,2.8113715057730584,1.717211812525341,0,0,0
16.025269183519963,48.24873632833496,47.41097237475163,6.153959037744801,0,0,0
23.03752542473479,83.11518093229785,10.039913215943042,9.460950089230911,0,0,1
28.475124595681795,58.28462450362011,15.135703003658035,14.73465891713986,0,0,0
24.007007715615856,72.5238424389253,24.547117205147906,14.871382601593481,0,0,1
29.97926301720797,79.36015798368277,19.03604406177376,9.810866171432735,1,0,1
22.139648589373277,88.89731647295886,33.3763984631575,2.338647645213552,0,0,1
27.69488282208059,85.968309004871,48.740388362503865,5.858068067456781,0,0,1
18.728396097079493,73.45699654569577,30.321324540247037,5.093847644941385,0,0,0
29.987388732899138,61.36162492111378,36.07427047182746,15.620528206164824,0,0,1
25.913919376260516,67.67625685412301,4.400262515285075,3.5997262801130714,0,0,0
19.08128777093201,82.28041363583415,31.390621453500266,9.298424447903844,0,0,0
20.838223469956144,88.26500484077101,22.692488852320658,13.414376070287801,0,0,1
29.972174171636645,45.70800604971695,44.28911789598142,19.29572305900074,0,0,0
24.652024713230414,61.16709443711794,19.410554982155098,19.984811604488797,0,0,1
19.320628807861446,82.68641291274253,33.972707202495954,19.05844287110878,0,0,0
34.34542380740595,63.74084694266786,11.407686412953954,14.364846905070701,0,0,0
29.30250039633776,58.27252702364561,12.9686266762098,14.928816660441832,0,0,0
34.142696650795926,62.62274832527983,18.80612154611368,15.184201952180347,0,0,0
23.542100907206866,73.15646107324929,15.203176875325136,17.252097530925802,0,0,1
24.50200681383441,94.98928292735908,12.693941969503742,19.03570925704416,0,0,1
32.95910432370039,67.11458360074926,2.483435295040465,8.914122890406551,0,0,0
25.500986804907694,51.46719612248433,41.83731658762295,8.330217560842538,0,0,0
29.145578238113345,48.95656164035021,3.2150765445642158,9.209289247572613,0,1,0
20.0434575499106,42.32923611120279,44.36827578014838,13.196343429131883,0,0,0
23.93452937405281,70.73494792050768,6.273269453403013,15.508907925555294,0,0,1
17.4689973162071,69.95146503188587,3.2630868531329513,17.410887818026584,0,0,0
19.119600717539235,51.287865972917004,28.150238199034856,9.124215085652112,0,0,0
15.018868305352623,78.24311735489118,25.122089628736088,7.267452523602589,0,0,0
15.785301032973205,80.76088728963245,24.561728441594255,19.66705229404453,0,0,0
34.545676463538584,54.25040129601612,28.72521637506989,4.637752420144525,0,0,0
19.847073902735247,58.925487021635504,14.352830305957786,4.4400967050495455,0,0,0
28.26621419008004,94.4759419790991,33.14746367148056,14.308149096529911,0,0,1
31.78199397599223,60.584545731790385,25.12011098535916,3.5931459120528464,0,0,0
26.013209184731284,81.84409194658559,16.737173347866264,7.988179994922449,1,0,1
18.062890001679122,64.8998984646467,41.3250333490364,5.8477364462850385,0,0,0
29.562328746723328,83.63396553235367,36.38605481633551,3.3742091351389725,0,0,1
27.00502820199166,82.29627813304563,19.6805170972311,11.594144781957871,1,0,1
29.625011786947503,76.72658138591946,42.38088926144364,7.470229815092577,0,0,1
30.394932457141742,87.01280904625686,46.01291250558871,9.244683456968922,0,0,0
34.5082073536949,91.65701721827268,26.843313354218125,3.91726009651032,1,0,0
26.4712656005342,71.89908262486462,10.747622507846039,15.35733605343513,1,0,1
21.832822253812036,53.06078989725101,45.78960782734934,6.294241669014915,0,0,0
27.969291138004742,61.92459289042412,9.473981004775862,6.854363580537976,0,0,1
16.36881418485252,81.70681424323112,2.4211613208634573,5.043079242002253,0,0,0
32.94794636643172,75.79859168181282,16.374350443656542,8.688071442380675,1,0,0
17.387620226763936,49.77890862108868,36.34831722305199,9.27153254477344,0,0,0
21.556856757716364,42.81817476305336,46.16370431767747,10.593338326590303,0,0,0
31.31490761252242,77.56288764481357,31.864282340721996,19.351365639638793,0,0,0
26.946247566614236,53.809346321613994,47.591927348333,18.09383616091407,0,0,0
22.872710405548844,67.48186340509794,4.618541963794831,12.187852619741072,0,0,0
24.468713187500427,81.07107248819268,3.037686479401003,0.77806935526195,0,0,0
32.090947864043606,70.94667293609832,30.209597537183203,12.24520681753469,0,0,0
21.80008772119784,44.5816420711488,48.305816124637744,1.793372135282325,0,0,0
32.39299369624342,50.206913023095545,25.1360654477362,14.206884770374945,0,0,0
16.76268861953383,52.063050121700556,2.575761296965257,7.801552931618612,0,0,0
30.535968744172614,54.18253395046647,11.060932803872808,16.753929831370375,0,0,0
31.95095266109473,71.09718655727774,12.239645320788533,18.85058490530261,1,0,0
18.636353056746774,67.71811789039664,16.8928564568475,8.342206829312179,0,0,0
23.60693064744401,51.17380211003149,2.1801691793106315,9.211105909474924,0,0,0
18.309995493273114,43.71551639006279,45.244635024895814,11.802951620257005,0,0,0
29.132082579884354,49.42877124610949,25.778197236074764,3.9426544371610106,0,0,0
25.706955361233135,94.14097219402318,33.54653964770545,18.546656816567225,0,0,1
27.70646693416642,65.77008223853097,3.3586418447504487,8.659998530027453,0,0,0
18.92973933912422,87.70400275861618,2.70577339018247,3.3364067183201462,0,0,0
19.23491724104839,86.68138566678638,29.32338860202736,15.254636668377678,0,0,0
15.829946510198127,68.13357566045805,44.3648005252104,4.383027448879703,0,0,0
21.441350703914594,78.86782396532989,26.42410004797735,2.8705855014370996,0,0,1
26.1948932266735,50.60136057269918,43.890958628503576,11.257441509880142,0,0,0
32.15869827994658,77.86181877097997,40.54956365276197,13.429905105831816,0,0,0
28.338548949173614,54.981151859480924,3.792689289746037,11.391254813298326,0,0,0
23.70792646799503,85.76341532147829,10.097873719284495,13.130212978947265,0,0,1
34.062402287882755,44.60482732099005,32.885533457767124,2.310480246154889,0,0,0
29.38490401151664,82.52262700869026,22.175069127502077,9.520360757682147,1,0,1
33.603304057251,45.49652986127408,14.534990682346027,7.1403728817708245,0,0,0
25.55175946544331,88.46540802918699,20.931692802398956,19.467372324802437,1,0,1
20.178085495862792,56.731248497425206,22.25998231353172,0.9924786835893484,0,0,0
16.05653372729444,75.9916350656816,45.527612541079826,5.9658840611984605,0,0,0
29.52169702967701,66.81262532411539,5.1729141852476515,18.83724388183444,0,0,1
17.42605996011068,60.146672989428644,13.98653734038075,19.66992366368659,0,0,0
21.055502565439344,75.4993008250923,26.878240829135695,16.49803215454267,0,0,1
25.64941815767795,92.11376393031809,34.914346331529586,1.5199648803281862,0,0,1
26.288331755594953,42.2698361056042,31.53186444796218,11.227100566870806,0,0,0
27.01166393974272,90.53690707357075,47.082136886869726,8.002459853409343,0,0,1
18.325106606994012,73.49949102615574,39.78044624097366,16.129051353908032,0,0,0
22.594748096432973,84.40228654229787,27.853842098721515,1.1004847114266658,0,0,1
27.34388454233933,61.11312243888527,10.734134583675376,3.9425750328940423,0,0,1
34.396377292675695,65.95136361606876,22.54371157011199,9.78390132445259,0,0,0
29.552622753993774,87.78679134906402,34.66911220972387,3.152953258956539,0,0,1
33.452075141879156,62.81663833954027,41.89810874180424,13.854302853885965,0,0,0
30.24424116628354,69.40627617119968,47.98681122111937,16.415344422795965,0,0,0
26.83433937784801,41.11072076963831,30.27263830689588,14.090397872552868,0,0,0
18.840467382726892,48.72289032109232,26.345968365221623,8.805674272799646,0,0,0
28.33371303785026,75.29275793861399,0.8845961560574156,17.567753325052923,0,0,0
27.467591319198142,79.43372955851325,3.604953457508997,2.753722634398834,0,0,0
27.049383409145328,72.04305152314747,7.805249881870013,5.206771677980178,0,0,1
24.795717359764815,47.88205199515859,2.7379965594814037,9.790793705046067,0,0,0
25.573132079785513,64.49729857178092,20.043161940246325,1.2267719775850394,0,0,1
21.688850542362083,59.53021214997544,16.84392725694361,1.9137156313309456,0,0,0
25.386253852846064,67.26137392192986,31.867707893419645,7.9488674344474415,0,0,1
18.951118113569564,87.8680969004752,26.783255396670135,18.87772593469108,0,0,0
31.103487947207537,82.67237912622585,29.798537969392985,18.168273865540005,1,0,0
18.715539093974158,44.61942257640374,23.598860146882707,9.319497165568222,0,0,0
16.699325797789328,88.96700587760104,13.886857427712856,2.8431708902146013,0,0,0
23.724920527143148,65.94719331324029,47.64126574732385,3.5621531191687117,0,0,1
28.166148790121238,80.91241796872991,4.3204579880069485,7.550921092182545,0,0,0
23.754336498670828,47.702157719539365,46.94454997326536,4.201483901735628,0,0,0
20.53508263902617,76.88957391388765,15.561902343236733,1.6595118878075565,0,0,1
26.163423677808815,52.99793096852019,25.63307226836487,13.475549670399943,0,0,0
21.940046708243997,64.11094934275124,5.442116141377307,11.628972755853898,0,0,1
33.65735380253266,40.927457854515744,3.546553418550463,5.825935159561702,0,1,0
33.45290279207144,48.33858508617618,21.477272435930146,15.578967651046083,0,0,0
25.04743639944191,45.064427121799085,37.08486881898391,15.51897775411669,0,0,0
21.55767988036517,53.185929511604215,13.468238877427446,9.820039404255237,0,0,0
29.74264827913278,45.500994951337724,28.117394446766003,1.9306511102378776,0,0,0
15.734258869661332,78.0550514640759,13.932517026140918,18.36938800202715,0,0,0
24.495380120873023,41.597194621507064,19.43065304465204,13.373210470819426,0,0,0
21.72646788540667,73.9757275343749,45.322315923691235,4.941016383039019,0,0,1
33.410717702051095,47.73893069540658,42.79198127474598,12.209090940684533,0,0,0
15.240060545453652,91.98388014478434,25.800877170881492,8.100429916552605,0,0,0
26.05629751436698,91.32017402104199,11.905281373603938,12.70699279471916,1,0,1
29.813271621332518,52.40267063865294,9.659195636651141,9.477417914620416,0,0,0
24.700359750480825,73.79317140226662,47.70436765178571,9.709443004794668,0,0,1
16.708060603254435,41.540292570985216,10.135829825534376,14.717641838147186,0,0,0
34.44922780055805,91.24836986781457,40.40841554562696,12.274514921279515,0,0,0
25.360208627521956,68.76430195054404,18.448510476776864,1.5990538248845132,0,0,1
27.283724886380227,42.377273327977846,49.28299237791192,1.307471408926073,0,0,0
19.732195654150146,58.837499615447555,18.407787018139395,6.100184749934505,0,0,0
24.669961702136078,44.22672040236788,17.575831245536307,8.604919930774926,0,0,0
23.582989839166437,61.611944165534794,31.873181443881155,5.504451183585721,0,0,1
16.497916840039675,76.84594881887277,48.07584033134096,13.029197161398361,0,0,0
17.123207070949345,65.84394494227918,48.81048028982165,3.902158634512438,0,0,0
31.74945039237549,61.10471960957,35.36030732334926,14.082821927923394,0,0,0
19.796399044131803,46.553637504725565,37.73031828181768,15.463014837778603,0,0,0
18.899165429972612,53.4716475131511,28.170108798651384,2.4863861519130115,0,0,0
25.098229025002787,45.50788082560931,37.78878695661659,13.016124867259759,0,0,0
30.37494262725026,84.41243024111634,42.988982748524826,19.228719518002283,0,0,0
16.23893037157976,47.43819053915974,24.304765159751163,3.856476345266935,0,0,0
26.536158392765117,72.74553516018915,30.99311314150515,18.18605662232309,0,0,1
17.38420885681147,58.85072274738653,26.865834761652387,12.120958985480332,0,0,0
15.72922101651237,52.428811156035096,28.123530676433862,11.818897346634238,0,0,0
16.05487904324435,75.1707641720657,44.502395493697044,1.0384536464173433,0,0,0
31.683282164168826,65.13512701573174,17.78084151027851,14.966005567727965,0,0,0
17.359449672561233,62.008000700650754,10.40920128003121,9.565461052961163,0,0,0
15.90302728824584,72.60686026907219,22.814005513681458,14.423487836702682,0,0,0
23.757997742858244,67.01971956695004,10.404259524063258,16.18362206893212,0,0,1
31.879869438840494,56.69163147033584,24.920021283100958,10.475927467445572,0,0,0
20.248167529786038,70.74837082708885,45.17540526785293,5.272886265566283,0,0,1
23.434252350518328,76.82242171028821,30.87167602412389,2.831449827856267,0,0,1
15.798450651275024,41.468123722276985,42.771642665153884,3.2100625586482856,0,0,0
23.98157028269752,65.62294508992214,8.30954598077559,17.338693078915973,0,0,1
26.552261612742676,43.17258065209491,45.04367962685884,2.4715619126077737,0,0,0
26.418141075042897,50.25229777374611,30.089358220355788,7.693881460931369,0,0,0
21.648533843487304,70.82798037428852,1.58798943702399,6.685492925780617,0,0,0
21.31066361326271,87.64039033960694,31.65594776425184,17.309113334779404,0,0,1
17.132472378731958,88.55431235536668,47.5698478130459,9.553870013885833,0,0,0
22.335966412925366,43.84692055762472,3.9583500237681033,19.928928346962753,0,0,0
16.989893377459293,63.050779745768864,29.122806523478605,14.741094926062894,0,0,0
30.33191889424103,72.06535656525031,45.773930143485735,17.018471508085714,0,0,0
34.32548595496372,48.08884475026889,0.484758416718728,1.9734453205334979,0,1,0
34.40148913333414,82.09877192096243,31.54564632329116,5.062045105297919,0,0,0
32.30142198750788,80.93293921404813,23.745114591548134,2.708923911436565,1,0,0
27.015842986792382,89.6837557538737,17.34946593243053,9.272439448011195,1,0,1
29.0173139448776,40.46673066458936,31.376824497268803,14.365749763238195,0,0,0
20.70411605360828,51.917633419395145,2.6351047293708465,3.3812713640600034,0,0,0
27.615408403452413,85.49526928349269,37.65315231437001,2.603370891394776,0,0,1
24.11299098879755,76.88190279548144,0.22397384598538128,12.292174975608807,0,0,0
24.64034679553865,89.19144195341698,15.346787189617611,4.606255075268479,0,0,1
30.15553120750316,43.144880999164656,25.19793188423392,9.586501435074819,0,0,0
20.638367111945033,72.83301811440435,18.851112528327583,1.0223545545543544,0,0,1
21.360792233890397,71.29756161915208,15.373796760279124,13.612256241349296,0,0,1
33.49283582257273,41.96209289982928,41.541757273404805,10.826327632841073,0,0,0
16.124485897019444,68.2437142301866,46.741628713595446,12.948457979172655,0,0,0
24.712685968266808,73.52361712204583,43.68563424529444,5.508127601194921,0,0,1
33.25601600815723,50.5211245811159,26.121565652499985,5.572059507230622,0,0,0
27.20726015636314,55.03312707185646,44.20820875967415,16.027210661815165,0,0,0
25.92814148424264,75.21910404637553,46.043078259077184,14.371246259696523,0,0,1
19.994883584587104,65.7565521179977,20.4619198523731,11.594573023972291,0,0,0
21.865509781288964,87.19075116625797,14.17229297527227,12.56286951564161,0,0,1
32.04096831609386,58.83099713050536,4.913260290666016,1.8808835900221088,0,0,0
26.184362635369162,54.66628121135106,23.95459605246145,17.12342608902507,0,0,0
25.294843875135598,94.16762671896635,47.31484602192207,15.398140660233253,0,0,1
16.99159427080058,90.11246735715459,28.045376403518553,11.809830676468954,0,0,0
15.320563129102462,41.594600974943894,33.378105089308576,18.371902622018144,0,0,0
34.27370377374098,82.39007384186112,5.64419092459238,3.372758153987996,0,0,0
22.53972334573683,46.068412560386165,7.175983207112813,13.733147720683336,0,0,0
27.06426124199009,41.5116857156154,23.223663097983625,19.259635553043218,0,0,0
16.5943014637457,55.053253378149186,47.56323994918629,6.200179291398418,0,0,0
28.662285714460932,54.814023348360735,18.039232079576443,0.30584628135019054,0,0,0
33.651334174119214,85.06253192908306,43.87420206587668,14.697349339382662,0,0,0
26.513305059948394,79.08669852685594,6.014429671285576,0.13960648912254126,0,0,1
17.52230644750821,93.98851850326079,30.850860346685504,17.45067298364334,0,0,0
26.634430549469535,79.13320951715002,30.03064884552591,1.1260250420713969,0,0,1
30.326944262093047,63.004055429082634,42.99373750351342,13.055294597437543,0,0,0
23.128330731480375,78.44102135198693,0.16583522024507524,7.5436828884630085,0,0,0
32.59675495882936,94.97024869525211,9.496583359878608,4.066813074334656,0,0,0
27.97365906714729,79.05780354093905,10.984381271474087,17.96516799707658,1,0,1
32.98497836578405,81.8924745789175,47.49830440453687,14.924917038537245,0,0,0
27.470106224946743,91.61007583546427,7.684682813494748,6.8088113228652025,0,0,1
17.625759440096484,46.25081937214259,1.848117511028019,5.6830618571445,0,0,0
21.19383422210378,78.76313613962498,26.723074737090403,14.720245883222788,0,0,1
19.03589896504914,86.79432768820969,26.42792312168408,16.73141525212661,0,0,0
33.17652995433725,92.49082301214912,42.202348268393216,14.317009285916189,0,0,0
30.208001345749654,51.603310934143465,47.442982508890104,12.799784500714829,0,0,0
28.52796737820012,67.71609542483343,26.92727210700655,4.558494503772977,0,0,1
21.019326392632433,77.4305166204465,46.49970912098277,17.056079665529445,0,0,1
18.68089544100427,53.610725122573555,36.257957564991486,14.993239669167497,0,0,0
30.129021759778237,73.02600747876508,13.22795639977925,10.345485795328289,1,0,0
24.483158917581594,54.166833037389964,46.42103554719632,10.231755245335615,0,0,0
19.515791043012584,58.340136129240605,33.37215880909374,11.383460556146927,0,0,0
27.332439563305503,64.28352830809757,20.70479663713169,16.565527883573253,0,0,1
15.806677042769039,69.10545543106119,34.012104225846535,14.84519097675115,0,0,0
21.52340508256507,64.71512293938329,20.065641387187544,17.124899878917667,0,0,1
24.371139891822693,67.12575358833611,5.709188399397963,10.145655433174447,0,0,1
17.959166682188116,56.422381595856095,35.94893735884499,12.492981180365144,0,0,0
34.69308955181679,48.743080171244685,41.204380608537186,17.09143613791959,0,0,0
19.181947291792284,42.60424875297617,36.440309950969386,4.646401203534307,0,0,0
17.607062600865312,50.778829737041725,11.455733387833828,8.88041360512448,0,0,0
19.07069747773793,72.00690028281807,47.83175067388065,12.41304473958774,0,0,0
30.381222663194485,83.23634962917228,1.262728084557796,18.30292514716203,0,0,0
23.510113185436857,49.3086178593592,16.63426486878203,0.3167202209224995,0,0,0
26.30831879505076,45.97054467749567,13.004621726744775,4.2514631634645506,0,0,0
15.420183139727214,81.21096983020877,2.4063113807425482,4.689010155225808,0,0,0
15.688626171466291,56.78370817955093,20.286484649433422,6.532253605235885,0,0,0
23.916510996540325,92.33246915750439,31.155742008138727,5.6357324084135785,0,0,1
31.33310486403247,79.28748838357052,44.12764317425506,11.802775711244774,0,0,0
32.70477757415131,57.971582598366695,49.484485809573506,17.712405285094906,0,0,0
16.734131351912804,55.92485112865377,40.404479320219906,12.739556821447788,0,0,0
25.767262042020455,68.80341124492199,23.43402593564124,4.830531179087183,0,0,1
33.264593725585414,44.35295675530152,36.185221298351536,17.27505700140169,0,0,0
22.759455087957726,46.47220819549145,42.18118942948203,12.640915782950266,0,0,0
31.591316628567373,49.672183472390586,23.265359820934066,4.379242499758032,0,0,0
17.673913087988723,82.60979763175081,39.25272170127499,7.233330743330065,0,0,0
33.707889793355974,68.26215475980173,24.132620915643837,15.79929613479565,0,0,0
30.028466350626054,40.581191752594364,19.324799543836136,14.778623629742285,0,0,0
33.82668785573803,77.043409010966,26.30454188918806,11.531647390112852,1,0,0
28.53234467105013,63.30295982632734,33.79273688135724,2.8953500548112365,0,0,1
22.268078639988538,68.09688007300889,36.344102815929865,16.065785946290084,0,0,1
33.76362345049445,51.77639338771146,17.836813444605394,6.150850571054962,0,0,0
20.51133552618357,70.34802256167569,28.566012577801743,15.431958779983248,0,0,1
21.64345044123465,93.85342818633188,45.49354370402236,12.951327315245177,0,0,1
29.016168360034804,44.03945800531688,48.81564500553199,5.283405632870364,0,0,0
30.306325990507723,55.61545698154369,11.362404559197724,4.247384562653133,0,0,0
33.588069676983075,53.36486760734564,9.641558285667074,2.6181984651543755,0,0,0
19.09604818112419,53.67021209131488,33.83428167143243,4.838924731762315,0,0,0
30.95996070438448,60.82884966609575,20.73419429117219,3.1565804489827998,0,0,0
29.77092106793927,84.9960381609292,1.2111169209068517,12.341024955755026,0,0,0
16.275891125071958,90.20722794804131,17.343093532364207,11.97566237954507,0,0,0
22.74446282420414,51.12182981024353,40.33723717361261,11.723441202655945,0,0,0
20.655309141201972,69.8622465871462,39.871346519159125,12.837796184496767,0,0,1
21.08980848708061,75.02944346910141,24.734257440829094,16.295690679291326,0,0,1
34.658937591094016,68.70051109001147,23.628896744376764,18.271054230996068,0,0,0
27.855548269598557,63.87420168083058,28.975372121718873,4.607510758035243,0,0,1
29.353523155869993,50.55865282225808,10.9698355281788,11.755489803378513,0,0,0
34.532352746300184,66.85206475595811,26.302181244547775,1.5667244249454293,0,0,0
22.544035649152775,62.066815524123086,0.5523180028324193,2.4028487671119025,0,0,0
31.03680336905612,83.75598493762483,23.777977739156686,13.086786259227809,1,0,0
23.690619266089907,81.99823975396473,16.802552312529627,9.731611233809016,0,0,1
32.39067343629959,47.36992746631189,33.743480295182984,15.166641736688675,0,0,0
18.613150826226065,44.86854789096871,31.917679207631377,8.513549619811426,0,0,0
33.95372354128559,89.94846687751266,19.04179400914045,2.551968136658762,1,0,0
19.375434168217595,69.45296139304737,0.36364907392957835,17.441073076616508,0,0,0
21.52441013961863,87.17905155054248,12.613681469748023,1.6577694229064455,0,0,1
30.123844682135612,43.198311631152066,31.667392509458114,3.7792928507076406,0,0,0
22.875102831308133,68.95835890868966,3.6186671508752264,5.53953731923702,0,0,0
27.164227535328934,69.668458301693,5.382121091673192,19.905612141308534,0,0,1
23.89147002138857,87.33861178981824,32.35175122835436,8.337196403519677,0,0,1
29.847398741795637,45.368549902633916,37.78837004746462,10.034170609562299,0,0,0
19.566625047372217,53.22450600217501,16.077485400635606,15.39393501947737,0,0,0
16.16915974473754,62.35960726378572,24.483653275828093,12.728311706776275,0,0,0
20.998587949461324,87.62128114809681,47.28556824918293,16.82841383882667,0,0,1
24.486173297368605,91.63858232888118,47.27717810879847,9.728669171757875,0,0,1
18.36040104385357,94.59985407764952,15.375138723171505,19.44355374986444,0,0,0
22.095945793127775,92.75564175521868,40.49939375085451,15.93624723172616,0,0,1
22.99966036587137,40.326796571439495,29.69720264034294,8.027307766265304,0,0,0
16.14783687376547,42.62395877996296,48.774224667519,7.625436458904959,0,0,0
26.66614496368409,48.11837505366738,23.880678485554824,18.589823840884357,0,0,0
32.68686855942575,59.18741532236503,38.73534340077808,13.688312716294345,0,0,0
18.03485825906105,85.64549170428273,38.40685648074355,12.428672690512773,0,0,0
26.95616026803028,89.09609074345143,24.871643381653808,15.156612748676217,1,0,1
28.294784098216926,50.27589234620207,39.78150571486539,11.216676562234229,0,0,0
23.386693608385766,74.08152833908397,13.052016665349825,3.1833354617145337,0,0,1
29.0219517472854,90.45490917859021,6.112651814511444,6.384309241568622,0,0,1
23.21463086982024,65.50524547622264,21.258187232765813,11.158897274179395,0,0,1
25.0927457595487,45.69489645740312,47.181532831679235,0.3633564185433391,0,0,0
15.14706089108854,65.17975075465438,25.037230410126437,8.747014099264556,0,0,0
28.834402282693777,60.66871962584315,31.76295693234635,15.116057585518734,0,0,1
28.226853578894488,71.77118978363038,31.208122795393766,3.284680090325447,0,0,1
15.768017546526892,64.1262276423907,6.628643363476522,1.2911790031381143,0,0,0
22.36500214790266,40.95402597695448,19.514844118860513,16.72058281455397,0,0,0
34.580636815833344,94.6698753377519,35.34694864609374,12.34547736926724,0,0,0
23.414731251372338,69.8947130751814,48.599504929036314,3.5315794497892794,0,0,1
25.038908102636835,66.04969155165352,8.400886914851307,16.12609961166387,0,0,1
33.19860316319437,92.50395543272296,20.522094516955814,13.162589429744248,1,0,0
29.345237517315127,48.57232021728924,4.754689990136468,6.682385392968763,0,1,0
26.64140262248447,50.40806813998866,12.1188229824628,7.523925439234784,0,0,0
30.95609362682145,84.44081119845309,18.83796716630751,3.117763263740967,1,0,0
32.28732532911947,54.34570940137548,27.03216239761752,16.705111884174805,0,0,0
24.137761434745336,83.95749084603398,11.528344111954048,10.18013303287484,0,0,1
24.502167298636707,54.93434155996764,11.378133058934287,11.140381532873212,0,0,0
22.721018713036717,41.82531966237508,38.89149895701019,17.669838303954954,0,0,0
34.334122800369215,68.43580981376938,48.13208314734406,0.3166123290618783,0,0,0
28.943325085807007,50.81775387697738,16.18064838757281,1.338461250465841,0,0,0
16.664461324161447,81.68154611128591,34.39960093178401,3.2315796371963,0,0,0
32.25919246626037,75.26597982776815,12.904023067896036,0.6007562617629114,1,0,0
24.611198816725363,90.79814673878548,46.3976127482816,13.163123132487991,0,0,1
16.37507812844975,83.06435964961548,33.64511800826991,12.677589363766415,0,0,0
25.99434510326622,49.942677516239975,40.1338427318785,4.216038058579712,0,0,0
23.343285579514042,84.0087030165638,2.4677021599582405,2.988128897733895,0,0,0
32.5549880972525,75.29553746477129,29.925298412031232,2.9136940277321344,1,0,0
19.079892072187747,76.79234029683437,26.380616567919112,19.064828266372846,0,0,0
31.52929218984366,85.77445872835818,14.649845345576601,13.870090572494831,1,0,0
26.153773823709052,71.56032380539172,13.121499252865904,11.708576569301584,1,0,1
16.09220606426938,65.63019328941571,29.001240115848486,6.449737436101886,0,0,0
34.43690602650969,75.01525694473004,35.32428175036126,8.660863958175792,0,0,0
25.252304882064,56.38765859270975,1.658637851759448,1.7881176239841534,0,0,0
20.81753708463165,50.042842209790464,28.37007909618522,19.96303776110003,0,0,0
24.38813683978516,73.91233109391855,8.522976447331432,15.101709271432695,0,0,1
32.15715567034978,52.86166029970127,7.018136569305028,12.429063136564558,0,0,0
21.09806248770127,44.39533101406337,31.155974404734227,11.755343904557645,0,0,0
18.853527929734007,40.030480152188964,15.543505860873651,10.086287440663451,0,0,0
17.58142493861763,73.45756707700369,22.0440116567432,5.148548553493917,0,0,0
20.957187967804224,59.91818309141303,17.999940471988644,4.527808069194674,0,0,0
30.60096174080087,81.37710338704008,32.41681600762619,10.990649143784488,0,0,0
24.432527303905232,60.63470190722063,23.505988303323445,1.4040162911590337,0,0,1
19.5496320738708,66.73018965310247,48.17293310189738,1.4894159773707139,0,0,0
18.323699992194985,62.38967350484617,17.619137955323268,11.216272063207002,0,0,0
21.65458953020758,75.78161351101403,37.01421701314176,18.396240964204786,0,0,1
33.798487457714174,59.58765391082325,12.864628379152226,18.28543702259709,0,0,0
21.860534251800487,93.00722074682699,25.437654631307343,0.21656601321584645,0,0,1
34.7624815190927,91.48808426291916,27.62848759509785,2.1478843129489955,1,0,0
24.70460911530712,86.64153464615048,16.45546405313661,11.661553875173901,0,0,1
18.583278365803018,90.61651488150115,23.589026445631454,16.969514436123283,0,0,0
32.82280183587019,64.70268286526651,13.963931894924608,19.088981733136574,0,0,0
24.207107462696538,69.50367182342207,0.3000390836990996,17.211644520915584,0,0,0
29.19342687009049,80.81509259070344,10.782415081893937,13.552262705929117,1,0,1
34.67423166418304,78.28802587161977,35.00320862466003,4.010501551784715,0,0,0
16.00350700639948,88.98732275830089,38.54815122426885,1.452429479579247,0,0,0
16.933891195751343,79.39820649911823,14.010143356945997,0.9503156537128943,0,0,0
29.409134829255123,94.88365895256533,20.4021499409036,12.241535692508227,1,0,1
20.636500065909438,59.1678189907375,1.8682830069305545,0.7237720803071546,0,0,0
18.68602793900198,85.814875823168,11.85314505488403,14.784799129311013,0,0,0
15.78723759639459,78.36991525579653,38.96096416861496,14.249414747019383,0,0,0
15.436934239724035,78.02625448682602,30.299313513252862,1.5922164955335782,0,0,0
30.489712062395817,57.920957716474945,10.28852609771857,18.13244730073589,0,0,0
17.688668547391,83.20809858326623,12.872099756121608,10.438585772506046,0,0,0
24.35441231942302,89.52068122911795,40.84010114947801,18.088771346754633,0,0,1
27.11793630358966,52.02016538363096,10.45421014724504,18.03220112376644,0,0,0
23.567036011376924,74.40232604141872,16.707886292356562,3.940681277742366,0,0,1
15.542133046724661,61.56741560065264,33.21793458273222,7.6115525587256965,0,0,0
30.670030051758175,94.42514656121824,28.05561928540393,2.692526670076325,1,0,0
15.210264490833069,66.33580487074249,23.043510261690713,15.499560202726414,0,0,0
30.237797887549682,52.55760955883185,44.98705454898722,10.08249831075725,0,0,0
32.866089875762455,61.002169387200794,10.985523135752583,18.576151507899638,0,0,0
23.656798421143446,75.96111143991445,37.07099454314999,4.164304297525547,0,0,1
25.710849461955966,44.184915424226695,7.953192030909167,13.76735323038452,0,0,0
24.539667852353077,73.19810561216806,30.78669167410726,19.784736555454177,0,0,1
22.784172372468774,91.21736175483939,43.53117817056566,13.307625236419828,0,0,1
32.74849070740721,86.76995332118177,22.895089273906894,1.375478656614253,1,0,0
32.878670213399815,43.72204451618909,36.214725359566444,11.76848699390381,0,0,0
21.71632729283069,94.63644333064875,41.01966764994941,3.596854993624734,0,0,1
27.301395080293958,78.42998080371335,6.801321243880137,0.6100555483863079,0,0,1
33.53815124291728,48.9254453372713,35.2913447641055,6.699213946104283,0,0,0
34.24116997882703,40.68288490431829,45.99205119943382,5.322081661081315,0,0,0
25.17918080844095,49.42054499606832,28.81853049277721,15.775417976315083,0,0,0
24.056496105686534,86.09967563771562,9.3061122264378,7.4736108215620085,0,0,1
20.573886318570516,41.19016287198401,6.347126579447149,14.65917560770393,0,0,0
34.177437463808204,52.82310169899476,12.986766523337396,0.32477983898662854,0,0,0
17.85628608945735,81.65180774341815,5.175663450834128,0.296242668667821,0,0,0
26.5965915209545,72.23607947439743,25.669703579252374,0.586269150951142,1,0,1
20.651005350372778,83.05046406981054,3.4852341353367287,4.387168835651609,0,0,0
20.580165806955932,81.03827771047334,11.170231231811323,7.479755700571234,0,0,1
23.09937174752377,42.78307629169926,21.995522195610718,12.15691606233709,0,0,0
34.97585871631309,89.08812805017834,23.695737520101073,19.718277716539458,1,0,0
16.099326136796442,52.48675088552478,28.269924257348222,7.088191340286651,0,0,0
26.57083636407063,70.436584212637,35.28074813753633,1.1131781351433245,0,0,1
16.651443160705544,75.43584860902783,2.3614319832733766,3.8980032333169734,0,0,0
18.09041659981038,49.27455159868025,4.031047608789162,17.957036676297243,0,0,0
23.791258835457974,93.6927191185536,3.042957590239037,13.987583802954177,0,0,0
25.20920262692883,66.848577584802,21.157515773245517,15.804016480771196,0,0,1
20.175848167290482,43.17034825785664,2.0923972441467154,2.4833641134558526,0,0,0
21.329142617488323,91.54941246278122,37.30406334156631,2.6997397741501583,0,0,1
16.73934040511866,72.24473137562975,11.150009051923892,2.24492015089792,0,0,0
21.06439567688501,78.4556258889757,46.960624664497935,17.1433832861905,0,0,1
34.33116878761088,68.88466844638232,24.32018775485557,4.1993521738720885,0,0,0
33.894147633449634,85.91058751273322,22.31628762211008,12.863034907594432,1,0,0
21.6975658027397,41.8223404206266,39.02693463197501,10.32332732366518,0,0,0
26.41707872557523,54.760810090243126,35.65769919464955,10.887798237477073,0,0,0
33.19190782221889,65.83065960214807,30.365452047407143,3.908707167825365,0,0,0
15.123676452817934,44.21319889725405,46.7573353125185,12.70492186907979,0,0,0
31.213671406751835,78.8248668129662,21.11296304935385,0.8620106891666235,1,0,0
33.96739105577838,61.65148777306024,40.42658378861432,19.869445525152575,0,0,0
16.826514686671143,54.99673946474792,19.004647287290926,0.535178129854581,0,0,0
18.22895372065842,40.18583657446268,41.917283714805244,1.0031308143172435,0,0,0
34.21492605542711,79.59066714624745,12.97373144829843,6.492948397833627,1,0,0
25.750802872806926,85.8595119880074,14.463353641801625,16.632507115390766,1,0,1
15.283932689434474,61.72722946248241,33.8934767008727,5.143784235534858,0,0,0
20.15263997527058,71.0319887368351,10.635664747589818,9.438700275826564,0,0,1
23.998873485377192,52.522764426127914,11.45770935127144,0.3595466235238587,0,0,0
28.858178220495354,74.22087054540732,15.263121450870736,1.5775863296728843,1,0,1
29.66320756273599,40.66756020733603,33.946438483018795,12.159320970814143,0,0,0
34.90843025850912,66.87541434043172,44.469404621161594,3.8871693889885717,0,0,0
20.75022398767518,75.43130150123807,33.72838255634933,13.885091260390507,0,0,1
25.764402037369507,90.50054752763538,41.39071221720626,15.707823500343544,0,0,1
25.6664709571921,60.97346994172564,27.17802948472349,17.006683989445666,0,0,1
23.11290518894475,82.08546116395664,3.446161067257264,2.675986759986453,0,0,0
18.383237876848405,72.87278664689254,5.0233105754250325,9.110170980638499,0,0,0
34.549131263676855,90.98566621087943,27.719598918345774,18.941628998076915,1,0,0
32.06634373333172,61.91077216126868,16.39004843210548,15.441670848886154,0,0,0
24.966660565884744,57.55024369301434,11.028403681847132,2.3392076369229664,0,0,0
27.064908453680594,88.79280992817792,23.31284636513104,10.050004900367886,1,0,1
19.545221071193247,42.7084420774559,33.32483704521508,18.447611636776774,0,0,0
25.875741407834937,47.50119661135223,19.24959738679292,8.800776110463717,0,0,0
28.899402662429516,44.532243902122445,40.12711285786708,16.748352176819377,0,0,0
25.303340567731777,86.37104761170215,36.92616232856968,9.916874423771144,0,0,1
34.80570341169883,40.58340828536757,36.74574410797834,2.136233544915074,0,0,0
27.226833124954524,87.39114355233764,49.25948448386943,2.957098521190147,0,0,1
22.419474251843383,64.81972874541967,14.761498868581741,0.9335150561635941,0,0,1
30.443040552316763,40.22139033696839,32.23627931704476,3.9062948115112905,0,0,0
18.40925023163284,62.0904847466623,42.77391700801568,17.872281997408685,0,0,0
22.69031627412533,50.274046257476954,28.976221695695546,13.003960918865134,0,0,0
21.939179007551715,74.34202681096897,39.47510880576963,14.77713869765822,0,0,1
23.636141902155543,77.36473344569056,20.722609291995614,12.433229167866555,0,0,1
30.635596518574527,66.81401637227499,29.524567282740232,7.730785842766954,0,0,0
24.68346064326815,42.228573899181846,2.7833196402164138,4.337222655920032,0,0,0
30.880289005319256,76.0870842401961,49.28838029124067,18.512291680196615,0,0,0
26.52977806279732,86.31213309830366,40.000924072420865,10.29659563116043,0,0,1
21.841388693151107,79.61783525295209,43.44045358157248,9.621997624158787,0,0,1
31.199574873669448,85.64768554254252,34.714713907147306,19.922081771870914,0,0,0
19.765793411061832,51.02802379529881,9.302501640434974,7.678599767769532,0,0,0
19.487659595995908,88.88883668110654,1.5514221209016132,17.08250629784478,0,0,0
25.090058481096715,57.72063978563796,43.23283038680068,17.24688120633712,0,0,0
20.216984919241778,40.73726478385951,19.816532686806156,4.653404207155911,0,0,0
15.181740699024326,86.38654054809889,13.193243801995996,1.896793847003242,0,0,0
27.96595054597603,91.80016979305998,28.08364794194722,19.512402314317285,1,0,1
25.22187642944796,76.05570085795418,21.044926123785967,8.517937282711339,1,0,1
23.910356289863223,52.72901467548836,32.58329978437785,0.04440644020391016,0,0,0
34.33937029236631,53.84594553553917,24.18966165272568,9.980356676579172,0,0,0
26.423983679258274,65.66260803895906,34.86165702201353,12.386007274949007,0,0,1
32.26863155578769,89.38070937807808,42.67116347545715,15.521764948960683,0,0,0
17.789004724103204,48.22787108811571,9.777850547789452,18.85884236447277,0,0,0
26.38412926258855,85.42855182709178,16.47164402827434,18.30341257890926,1,0,1
32.35959253461806,56.02165447878327,21.840779328531944,18.80271640109737,0,0,0
26.66211514559796,84.47223931860039,48.10292240138191,0.6425029651894554,0,0,1
29.36028356254003,90.61491586808462,18.266680677374264,14.235482676609355,1,0,1
22.44087135624415,63.512162959687615,19.054992479631476,4.517159256113732,0,0,1
16.84899034074133,60.0777859758042,32.673626147978055,3.75105374411308,0,0,0
24.15800590254143,84.1221725434216,20.959985494497463,16.006371371985008,0,0,1
22.88958781677715,69.12155853086668,47.56118728198026,8.342593783457597,0,0,1
32.34120364757895,77.64469766547583,44.7234380237722,18.332001515646716,0,0,0
19.879906047049445,74.25560803286487,25.670438888783647,0.8487018159141324,0,0,0
34.334684550702164,48.4088865104638,32.23876169739249,16.043616589743262,0,0,0
34.162762396089924,86.46346981592589,2.9015280941810273,2.736688225651913,0,0,0
19.952632861428775,50.76763112772249,34.7865264016199,3.5315440312996893,0,0,0
21.96103910954641,91.27551792389295,35.36004364745161,9.547034310489979,0,0,1
32.911114817477696,53.78142102821813,17.959964782160405,7.91179881745599,0,0,0
34.33244441792215,80.3634535300558,10.984144181263634,9.72344612257342,1,0,0
23.86878205672088,55.65604664214756,45.75392009085083,18.800530440621102,0,0,0
21.419940912817957,57.478197472277515,21.335245040256385,13.147778711271464,0,0,0
25.52188026503084,57.05010190302679,32.68530524008553,5.806187636840012,0,0,0
28.755384127314695,81.13407397143459,1.666439748812798,3.4581742463569,0,0,0
20.469490307499598,70.62483148831662,20.703358328841816,8.400925502618673,0,0,1
29.729463492381456,88.56238507161234,40.862940550694,9.032820545354753,0,0,1
16.03314714229282,56.905499556222466,19.37880002003575,12.025888197990325,0,0,0
15.98588985528833,78.05958871312095,30.15805800684384,5.32005407079536,0,0,0
22.725754102910905,81.41217298147109,10.492790024226972,15.350184941936336,0,0,1
22.06946384121441,48.3315162166477,20.826282441977977,1.9692049095876318,0,0,0
21.312664307343045,62.032414652589615,46.381885902659334,11.209067272013089,0,0,1
24.8203952533782,66.55496218927262,28.32258748505186,12.470633064882225,0,0,1
21.414671646231426,59.562806444190585,45.096572954646575,4.136631621302906,0,0,0
18.84515836936184,57.7161927783026,45.100964974477165,16.52022700999242,0,0,0
21.189390981772018,77.75309416987031,47.20739002122398,12.30864250415355,0,0,1
34.4980854562047,51.87265187127187,44.76958300400526,12.914444292959457,0,0,0
23.22226833989697,79.01649098881208,0.16405645051503215,9.95487011526877,0,0,0
23.894255537166714,91.42743080149017,46.700744579079846,18.19188434352677,0,0,1
26.530899799022798,71.08586366477631,6.872971954268819,13.87855162975249,0,0,1
34.66681536828453,73.62888302067108,1.9963125555575278,7.636711297915251,0,0,0
19.83202552871526,43.7912986168249,2.7694267289026406,4.772117755681724,0,0,0
28.625642210648678,87.54622969898055,17.445809758821678,1.4212334964697448,1,0,1
29.319693870834485,55.6996282959926,31.04020426343968,3.307216743607191,0,0,0
27.14648833586132,73.82781410407107,20.115559825949873,19.853659041673197,1,0,1
16.77156679273288,93.85116933596413,1.2777142324689739,8.135337919832804,0,0,0
28.53744551655153,72.75264303150442,23.824131708735734,17.973744545548133,1,0,1
16.28189422072351,79.85902181054077,22.106537113519003,3.4113871377052885,0,0,0
26.92285299099794,64.49257900230636,37.842463275082345,8.507217426816993,0,0,1
29.791623544434852,43.32012139332816,13.980644921271917,19.210369340668972,0,0,0
19.21939781239901,83.86796422193837,10.876558689718358,1.8226450283859985,0,0,0
31.832440150855483,41.924936269519215,12.796947883831312,11.879685676250055,0,0,0
15.607076110660085,78.53618058883197,15.1869911314924,18.383438013926042,0,0,0
31.87625727316612,41.260686523230035,29.958243668358325,18.993667459085014,0,0,0
24.206581012855303,87.42678801171688,23.576274272603992,16.920149542235514,0,0,1
19.35175879863289,48.669981970813936,16.844728258952895,17.118688647202987,0,0,0
17.67556289987936,68.28493224934032,18.71570791418392,13.043659082349311,0,0,0
34.066143351647455,72.84328874657311,18.54618300794881,4.408462161899851,1,0,0
16.453311751623133,65.16499740553766,48.62033473551587,14.613570889698394,0,0,0
18.981868398718515,58.7419919141888,11.649849402647627,19.567689289174464,0,0,0
21.95644694866092,65.72978628995344,40.903078013612934,10.518670293456216,0,0,1
27.404696979222408,57.12786646346373,35.41054187940935,5.213947181538023,0,0,0
25.896021705521967,64.09672908944748,0.27850028017752937,11.469421355299955,0,0,0
17.51286984824628,59.74021450489168,49.6588109062744,13.812207124812328,0,0,0
20.794559674764294,71.141265292893,37.82196853167868,4.165606188488262,0,0,1
19.77503542172048,53.08582892347409,34.122479317539565,14.383786952188451,0,0,0
19.270857089806828,94.37611052027069,20.266235383831866,11.748657177687837,0,0,0
23.222886729599743,67.54784743601911,27.76015444571448,12.246998182961043,0,0,1
29.08062905183314,50.67891425779803,12.66354478337351,6.119758594796682,0,0,0
19.34905864434472,66.23867122619998,1.7741702572848739,3.1053362022240227,0,0,0
22.333577594059626,87.65283212386532,41.80108292229864,12.46899790611314,0,0,1
22.818348536823244,41.19937362184176,44.824224684058585,11.724659783051436,0,0,0
34.5291305887082,77.37547655090088,8.123531830711993,6.7602437542760985,0,0,0
34.093327137581376,70.13822882366604,39.35280479228665,5.917873350917744,0,0,0
31.002751655041518,49.32568969035745,37.05763366428293,6.944889233245681,0,0,0
19.833178416383703,84.96120416177064,8.918750096804523,9.797666769976402,0,0,0
16.360746281833393,60.288654230570316,21.09144012873969,19.496394702223224,0,0,0
21.338082754412497,56.15911158485291,21.13789604170517,15.271292440524126,0,0,0
20.335890988676617,85.54688555212957,37.99821291526243,17.034794783309767,0,0,1
25.118516002927876,75.11887754054155,41.88304528880277,10.112991378070621,0,0,1
30.55455820135586,89.40424960211534,4.7387560695685504,10.52247223557554,0,0,0
32.16645877757716,74.64360370191596,28.148461745210145,4.086493228740553,1,0,0
31.89728170821017,80.74497118626634,38.087424846444264,14.420916726021566,0,0,0
22.193511224461353,86.00452429427871,39.30952970325792,8.431680115812723,0,0,1
28.74468686921366,43.01067997504653,7.399676221520446,14.848937176354225,0,1,0
21.2566839504844,82.68269273781593,26.275257157539706,8.181107626252508,0,0,1
16.218110864703654,73.75385650172672,42.877935318135144,2.1703437442781626,0,0,0
29.031305312058848,43.822928808335625,15.925928829264208,3.4610737557176696,0,0,0
15.196551051395756,67.97178570277933,21.255844945589857,16.231401561493666,0,0,0
23.18365174916977,44.53519428911746,40.21792556681662,5.172329791178651,0,0,0
21.587585386041514,80.47709609477724,4.465976059188115,5.287088451341386,0,0,0
28.86755077037705,70.05759426438357,42.97466449444891,18.587361800046626,0,0,1
30.324909455207578,92.44654455767636,15.557835836540452,13.15271245733699,1,0,0
21.081892719425674,50.07244543644734,0.07251582955635771,2.2861510776871263,0,0,0
31.23254028889707,73.3318398886208,11.707957252817913,2.8717054026386846,1,0,0
20.878335210098676,51.63701740137702,4.475032044775324,5.447348654405588,0,0,0
23.926527199731225,73.77357416000692,4.619245349812207,11.879913756532655,0,0,0
29.54037054028268,79.74573362984711,34.641786707129576,15.056509398113455,0,0,1
28.858404584495773,79.72673811312463,10.69881678195324,5.48992886906394,1,0,1
34.747369446244,84.82906948754353,46.73711814884912,17.41284074829929,0,0,0
19.50322048431864,86.94526253770742,25.8222273295652,2.183603577682971,0,0,0
28.246358270791646,44.24994494469474,23.00491289774593,4.151983360863591,0,0,0
27.193638165515548,58.879693638982225,21.714175911007583,19.40929842285755,0,0,0
33.30196908980059,77.79173861978931,34.629381983581595,2.6948972730731535,0,0,0
18.1272428328975,67.42224580651667,22.61313812618042,17.762226154476217,0,0,0
30.03596327173866,50.48717707151353,6.430017811259592,14.078701508081908,0,0,0
26.36537232537537,70.39902635916839,44.008609032037825,1.4617418128341342,0,0,1
20.49331739575811,62.408960902137906,21.419767446282933,9.674136577998878,0,0,1
24.48869828294348,61.45210527098678,3.7002287849751236,10.379587062896128,0,0,0
21.675531941395956,84.53645445896152,26.468299374888055,18.64279262831675,0,0,1
26.586268055769217,62.41790836076997,32.36734292278517,8.422091861543375,0,0,1
32.780012216293315,41.45499780142333,13.779123207887928,8.935272309285518,0,0,0
26.38609968824404,43.19348363901002,40.01702038369211,2.2496750957275657,0,0,0
27.63444836653168,87.09342229303911,33.48879230186819,12.78345126875325,0,0,1
25.37495694229419,92.83304455068867,32.51705846322167,4.217939517781932,0,0,1
16.023310128909518,77.86251350506392,21.04124764338971,1.5506651644741365,0,0,0
19.657171137521885,60.04025617550441,48.09576507056439,19.93838000141588,0,0,0
24.840034588641657,91.62301736871001,13.709458397462381,5.392592559256104,0,0,1
21.204705674894093,76.45416975066547,28.88527505077263,2.821063302576079,0,0,1
18.635271955223885,86.43834520596357,15.45275787363088,13.989807491943527,0,0,0
25.082656838368766,82.12187672203552,37.240237648577704,16.433643118438038,0,0,1
21.456195868957007,60.852662367492584,2.389574193506072,1.281549862526934,0,0,0
20.162152863468293,66.3286210467932,2.2946933937524614,2.1078661493957407,0,0,0
24.279708348807617,50.23726849024547,40.54304847593957,1.8034764716409168,0,0,0
17.665685161643463,56.06077552424037,21.713408053183553,0.9391860664502238,0,0,0
33.55491466150815,82.79691137075869,17.059002730017784,13.189129572685676,1,0,0
32.354041958384784,89.16881155357095,30.376343108766925,11.766263794787282,0,0,0
29.152411714810707,79.84532327882765,35.09496719344868,13.25613313119866,0,0,1
17.124276551769125,65.5845533161151,10.06006734222033,10.113343265483621,0,0,0
30.51754508939386,44.75800979168611,9.271562070236577,16.350153708111634,0,1,0
31.15914656218038,43.13213717841465,47.907537387994076,10.933366049971509,0,0,0
30.355292354286753,60.58790605370696,29.483215319228467,18.374938695992498,0,0,0
17.279317742384823,65.51019453222148,19.505823864713406,9.712970650079866,0,0,0
27.878159141355294,73.50163422173134,40.07208473347532,15.813173224231976,0,0,1
31.686495914987972,40.35692367628484,26.25794793889586,8.147207073672682,0,0,0
26.547068024393354,94.43475897564684,12.083140518729069,8.704477895528857,1,0,1
27.928147504561778,60.01663858722236,10.33676528207869,16.979840904758337,0,0,1
24.167269588526125,86.64520650906168,19.842963308491086,2.1531967071532665,0,0,1
25.57414639768105,69.42316881159724,42.99479301299398,11.29835509966416,0,0,1
15.687537167034504,47.174169999334055,3.072395802212946,14.52672935557571,0,0,0
27.77926043946569,83.86610538939871,10.926300037738157,15.008412308341072,1,0,1
16.628944257823186,79.04048912059318,44.65759094262957,11.829870543399508,0,0,0
23.700291886804468,69.00898467110754,6.086728448462525,8.961289683190277,0,0,1
20.85310195334816,68.3004200233579,31.481285913208417,5.2156488773351555,0,0,1
25.908559004234263,44.811378316301045,10.675568406051255,18.188524707082443,0,0,0
17.668326710464143,76.07169217156309,30.293342375594417,7.395758950426508,0,0,0
28.832868039466362,90.11848356648649,19.155208342211605,15.979841770666916,1,0,1
30.900230738569405,45.12847055717471,5.083844821549594,0.6333122592527252,0,1,0
18.26708899486313,54.493129785689774,29.12375337770532,4.643384293732183,0,0,0
17.086261747037643,89.62693853931543,34.1521373542293,6.911695857682451,0,0,0
17.910309655747184,55.638915040088634,34.01363094829014,13.431481266204084,0,0,0
32.54255123797003,75.96690196989596,31.85172045363548,6.38661614323782,0,0,0
25.563785235127124,69.41499907187293,25.01123904677729,0.8272760163861426,0,0,1
24.34521992015005,72.79801827521241,25.973630842966283,3.4773503210803214,0,0,1
17.134236382047085,62.86838958674892,31.782005490397978,5.183307047386521,0,0,0
27.991120135139234,56.49953088045411,34.512968087332055,3.520949598716381,0,0,0
32.3599918379018,42.669339790131794,32.743836941569256,4.074491202822667,0,0,0
31.563717386469058,80.93545166117903,29.347278245672587,15.379138813467089,1,0,0
27.521094179616025,81.03514042068247,7.79194924020592,8.240672879009203,0,0,1
16.505574333033472,76.88991570432978,10.530826924643089,8.103584893358505,0,0,0
17.247940543520258,75.39985834657912,13.011201051767419,19.332126733189725,0,0,0
15.986179742196494,53.404442269213945,45.98308285437511,8.934036758884005,0,0,0
20.149584329849386,41.228971357146015,37.96975458984833,18.5531626506479,0,0,0
17.713229343207555,84.47934682869919,27.64334097684391,5.981261964333607,0,0,0
20.200960805048677,67.01261946327048,12.60284642720234,8.012525198083463,0,0,1
22.701161114379232,56.87609718864401,5.544576162208559,7.9256671213492424,0,0,0
33.85965568142271,45.60625487293135,44.93796129899874,10.921576646292888,0,0,0
27.20752119563384,43.44968749957636,44.63330079114585,11.684945817079043,0,0,0
31.699475713659247,59.18766969873475,5.534779784784577,4.9625005808453775,0,0,0
29.207030014246644,84.26053856218172,39.86083330482481,15.871685008342373,0,0,1
17.250062610532634,90.52980621336067,22.332253465495633,9.93051909353585,0,0,0
29.718408127478977,89.32132505371857,16.198346641527007,0.14087107037614954,1,0,1
20.501977631182488,90.60004591123102,36.95522681043536,11.826812666333604,0,0,1
27.78215693989413,89.92489387211384,30.716477053036527,15.961188830582728,0,0,1
21.81923947285977,68.99736133802178,39.00150537966687,5.009334756309157,0,0,1
34.95344526529318,52.06786012062971,3.7164430316468544,0.75742018723852,0,0,0
20.27102958993556,83.89256205602513,15.92935099787282,16.143573113014455,0,0,1
20.582609415485393,51.754213616891846,15.965842520836787,19.52553431943254,0,0,0
33.61344511124797,54.6964002216113,16.487654614388276,1.5312722932980471,0,0,0
15.492888092726453,52.82898770024016,25.123993632190274,18.76073614651442,0,0,0
28.933779757463938,68.32403220326933,14.150690154047368,7.1854882395212405,0,0,1
29.506527814717565,57.700512949299394,22.219180504375984,18.82879217176175,0,0,0
31.727571548207987,48.47858272939378,18.38887965577079,12.976786480048936,0,0,0
34.48878621276951,64.92453765416353,36.76480240102556,17.804886248968266,0,0,0
34.512038383133046,88.06489813318419,30.175039783752506,15.716660501028269,0,0,0
16.305535151329277,71.38040702224848,32.68147161586577,0.5599548564125367,0,0,0
31.43678645505805,88.30845832381729,10.529194704132221,1.3088500465010777,1,0,0
27.926198673147624,50.772970179352555,16.275108266344468,10.514892102370881,0,0,0
27.946842687461825,49.18356305199047,1.0582723806037142,2.592380396898253,0,0,0
17.566998532293894,71.65674191341311,5.418735364658494,9.22068478314303,0,0,0
28.003743328913068,65.48308958504502,13.252711599444368,19.092605971289352,0,0,1
34.649651612024954,76.30949529058263,3.2731860651010525,5.895145751089686,0,0,0
33.23637139078894,83.704473506473,30.131620017735123,9.778254276314817,0,0,0
23.782613216097012,81.32190126086971,49.90650579619126,7.685192601361388,0,0,1
15.798959465721886,91.82436455122087,5.0407607032694255,12.596539284964969,0,0,0
22.245869800004098,61.904102503635634,41.06151063346326,3.8768986130311767,0,0,1
31.527806232011105,51.35127082364994,5.940812363257359,5.198785802685666,0,0,0
29.02998202930332,70.30019519713372,33.4957009398218,17.175357027280203,0,0,1
24.18687311187913,46.09087161051521,32.15788015295086,16.226724477206766,0,0,0
16.102030703176624,55.88681178323973,45.13584674055996,15.783793777412809,0,0,0
23.537894556466053,51.43384303947295,5.6972806840256185,15.41839218635792,0,0,0
24.38049879435767,61.81100442383945,15.77222330409489,9.18874986923158,0,0,1
33.57111065788272,46.116911625121844,4.538988017734286,14.577815450644165,0,1,0
27.821722071643187,41.75129595014538,20.369166290221692,7.744096357442356,0,0,0
21.233058333092977,76.12367025465176,45.579658677872246,2.0141916037896035,0,0,1
25.506365289014425,73.56369380593927,39.076157553092806,7.867492832977847,0,0,1
16.3211061564432,78.95974148212636,36.145005022265956,3.1732608845586174,0,0,0
34.45136471299473,76.32125421492393,26.6513752431351,7.817033612650192,1,0,0
22.20119803861452,46.28620746283109,44.17428711677614,5.948504307257732,0,0,0
24.557347098262717,56.00933847566054,22.472089912066416,11.983213341358498,0,0,0
22.105679484738452,47.12396354451938,7.484283355031912,7.230808309968468,0,0,0
28.650234602324005,86.36348211267097,41.87926115603896,14.111793267583568,0,0,1
28.24464316659186,81.07970104455379,13.981916402586341,10.242933620952988,1,0,1
29.306446210582713,51.08398516050333,2.681677051222403,18.389845570307997,0,0,0
20.362864592238417,58.77200822694414,6.301901533439569,1.8205087070077397,0,0,0
21.313369623281318,93.16382457453179,30.45294580970741,13.754183772826645,0,0,1
17.505024621924157,72.67876468338083,30.354098196058626,13.447937551400793,0,0,0
28.11019943692225,84.06355785156364,13.009158554101724,19.012530948254014,1,0,1
15.79594254671305,54.5525069122801,36.35900739729895,7.431037340873051,0,0,0
26.95364671046918,51.55291060986178,38.682007769976714,6.108759394243246,0,0,0
32.39391769703268,83.11543108656016,46.02513130668091,3.447868884273131,0,0,0
32.81664296579267,77.72298503772922,29.246874933911847,5.305770307105872,1,0,0
23.980755207399234,77.453786106647,38.97116820737864,10.037815455102772,0,0,1
24.186073764261476,70.39490200060567,37.654983988581684,16.75425923919954,0,0,1
16.539383660160347,70.99680885271019,12.890452423359644,5.6857320696128255,0,0,0
28.415300508860714,80.46336279184396,15.511296396882967,3.1548423331478115,1,0,1
31.42518840745691,54.85013646166574,23.924119787643573,5.442569421483374,0,0,0
19.893101092094263,59.40226562213257,0.9519483764624248,2.0185395005696916,0,0,0
23.426017632667293,87.94002237860303,14.869888657886177,18.533908326159924,0,0,1
31.776786735305407,56.98758605566867,23.694143667211897,17.452483040444942,0,0,0
32.54240935324576,70.04702642586145,5.403464764057187,6.169834339703046,0,0,0
19.86359960528452,78.64517052036763,6.313794388756272,4.9397563186373405,0,0,0
26.011412690827285,94.9958654758247,23.161836786867056,18.10794628129831,1,0,1
18.84986301271654,63.94102323224325,36.54825157929656,0.03543902641911956,0,0,0
17.03757528279113,63.54510821437191,41.68744654603416,12.011550559826933,0,0,0
33.222410027839146,86.34236086885171,27.31569487523743,18.32007521891341,1,0,0
31.410150084642183,84.30267111929248,23.737449377336556,10.171149778127056,1,0,0
30.20069803606348,80.20917349540017,19.21402842298776,0.05933919199267779,1,0,0
15.975326376262808,65.47763005749658,9.64744962188031,4.377428587703114,0,0,0
31.874575854205148,57.816651608839365,7.328100140718235,18.448831877838682,0,0,0
23.760881518107674,73.48017654216667,39.594822583090405,0.34044848359658486,0,0,1
21.847902465917194,88.19228112224025,23.250331610616808,7.895595321264029,0,0,1
25.92952722050753,88.60776020147226,39.516012273987734,15.794894526659565,0,0,1
16.827064854471118,45.96740897887411,35.204151795031486,16.76181987370007,0,0,0
30.132930987047978,63.55926560972328,9.694795719168942,9.552158652573402,0,0,0
26.648701537765916,65.55970759093123,25.515363210561286,4.649675034657051,0,0,1
18.731801937463352,93.76884521380643,22.200831521134035,11.99409435372318,0,0,0
18.76464399538091,77.28989083834215,21.193675304534835,5.27556063114603,0,0,0
18.684973031453485,62.39855294941388,27.12855246019069,5.105285159918327,0,0,0
16.14004775103868,41.43318372920761,49.10409505377189,16.15199526794026,0,0,0
26.755968987433697,71.09618380545578,40.64502988353726,3.0853167059322617,0,0,1
31.806963551770163,45.28417866010959,45.185621581519584,0.11042956803981596,0,0,0
15.349964279747772,85.89474765412697,1.4819791588018771,6.735504340116982,0,0,0
15.980092899425472,81.38852633136992,7.016818339625297,9.8194790999006,0,0,0
26.455405533738915,65.32800379494984,4.238183011228175,14.101607837906474,0,0,0
31.389913707721046,63.606592874793485,13.161550253263831,15.622305152085772,0,0,0
21.53477781137267,89.35364310628228,22.094624598332523,13.270384222672602,0,0,1
21.992287976154444,55.86520927299706,32.10266238279448,12.530177606338533,0,0,0
26.92692994993552,53.69609791587239,25.0415633143301,13.314974446388701,0,0,0
20.484257782482942,91.65585880541691,45.15919574565699,5.4305303516219805,0,0,1
15.532167321553683,84.50852102144154,46.99279794469319,7.647226459291357,0,0,0
29.704570362031923,85.1344076186957,8.176047559872945,12.32873001999129,0,0,1
27.512998258829064,50.735659785175905,42.64564601323925,1.311413207079457,0,0,0
26.615119981113182,47.88127952870139,24.08611020066505,5.906507001357113,0,0,0
29.833682579836463,41.43162523994242,22.666473565869218,8.12837889515306,0,0,0
28.50461675124075,53.0372829905274,39.24696742422841,10.668813657078719,0,0,0
19.117639763566423,82.58047704428786,4.657025452243829,9.729642147219222,0,0,0
22.049620938867022,53.20211303202824,44.124656370957325,14.362637563079874,0,0,0
17.5222028335725,80.1006805977182,33.543167727380734,9.468533508329223,0,0,0
17.59714026835762,53.854954595208184,43.76308038289989,18.08259967649978,0,0,0
28.523914927130782,61.74108738728694,49.72387888538114,7.606366843048347,0,0,1
32.17200213964996,94.07392594512746,25.900222617862667,10.507434123523128,1,0,0
34.25465167722278,53.46464522062746,4.663109895446449,0.06420779204053595,0,0,0
27.56694235098889,60.70038450140472,8.326193146544325,6.209559128923788,0,0,1
18.68202646721914,56.55979492558675,16.180912127715498,17.331459546279845,0,0,0
17.113006908978615,46.02937424815013,5.177647106735478,6.671527891925832,0,0,0
31.257019430735156,66.94417781719537,40.76709130688849,5.06372666664924,0,0,0
26.575129527199984,60.82798648331513,14.843392551638424,10.870739248844432,0,0,1
27.365700420274397,78.2187897194004,48.794309400993264,1.5746019688414492,0,0,1
30.629241775094187,84.96770008233504,35.12957159659278,10.632102633007985,0,0,0
29.06554455464903,69.93373429726012,8.671518512777881,6.073315964843767,0,0,1
31.689165057121933,41.77080321480353,23.802132347197013,7.662057797487751,0,0,0
16.12427810919757,74.04072959290968,23.344211081666057,15.827300086742897,0,0,0
29.950412734930097,43.04649015115166,24.625582916681694,13.239280372282368,0,0,0
32.017055146441905,73.89959779794637,26.78455853214678,8.922121862476857,1,0,0
20.722700849166287,77.67664720980537,1.558654115886543,11.550326261698789,0,0,0
27.80894547986506,50.877219518963514,34.31505628718117,15.337175106404583,0,0,0
21.283241276739442,85.0640381796974,24.359588764422163,14.915674903923765,0,0,1
34.15942132964908,90.10968223657267,39.54826994343495,3.706434211023568,0,0,0
15.668471448710076,84.71978302626007,40.76747866302153,6.018384439984095,0,0,0
26.5958568766591,56.78100546166452,11.526756099585873,6.964738619320505,0,0,0
18.330070940990304,72.2653656845099,2.42114732133889,3.750845800100089,0,0,0
29.244404103543175,90.31483320551752,35.16169280561613,0.2432290801260839,0,0,1
18.517805668373242,57.636559942256746,48.888139423193714,3.479345375776244,0,0,0
19.707665237967152,85.10153022459838,22.332899329045052,16.164886541629745,0,0,0
24.887416220915163,40.52113221939331,12.980640479679789,10.918409027849423,0,0,0
33.29669899993756,40.2005686531572,7.833594729174048,6.833160539743616,0,1,0
19.234287442959417,81.78414131864321,14.372279869529253,12.166888912589295,0,0,0
17.88480042236207,81.87961701699166,16.39597756857249,14.796682506935834,0,0,0
30.179536637080613,83.39374533187615,21.193737171723225,7.088555660417253,1,0,0
25.012390646678618,91.15147608384893,32.77035616072933,9.32149683069949,0,0,1
33.23570224763543,46.484847150115634,13.658152804011353,1.2842643334023118,0,0,0
17.932291143196846,52.75917417410286,2.5488381734337984,11.941810724249585,0,0,0
27.918557860460787,89.70487062055942,18.663930578635977,7.128141911043693,1,0,1
19.6575829230363,49.74799087747944,42.781480807953784,8.670472952015754,0,0,0
18.135208573032784,77.52260971671211,24.91757554259419,8.452012358938495,0,0,0
28.668588303145413,69.17546500224485,48.23918788727049,12.648185774850855,0,0,1
26.873692398174665,44.5756522268329,25.181076554436586,11.449306979089616,0,0,0
30.096549167246625,55.68950140678431,13.794940846092391,8.44212095553136,0,0,0
21.18925152892365,68.62047190425324,9.665699862260729,0.3391004298145739,0,0,1
23.9594331276438,86.87925641761088,34.72622483927882,12.419252292627585,0,0,1
23.10943352660837,78.91461692880705,26.819064288871818,17.591549480686542,0,0,1
34.68178927933029,74.20357388002131,30.199946449772074,15.391031431877952,0,0,0
20.844979134787756,67.28180894677782,37.75633946670656,19.632312645001644,0,0,1
20.896344766935336,56.42761910977738,36.295173213244645,2.7815067604142674,0,0,0
22.090964176572147,46.55847012255936,2.168165008411349,4.450401055757074,0,0,0
26.291881625806433,62.49918190113526,40.12859526475141,10.785349304439581,0,0,1
20.046454885274905,41.568517165121094,26.63516535258557,4.717634046876129,0,0,0
33.305798807585475,51.60807390967678,19.58542654073863,0.6909956256337968,0,0,0
20.31371129732527,63.786585672996296,26.875971313403518,8.045765523278924,0,0,1
32.91631463120389,63.023285211955326,30.622572422866252,5.75289468307965,0,0,0
17.069501272931692,42.43624870483458,7.475315493689849,5.2752169131776565,0,0,0
28.131254047993046,72.39830844389101,20.87076976632225,19.063456340484972,1,0,1
33.139710368764874,70.23263407192799,16.77931050940919,4.769082325308991,1,0,0
18.37498876796459,44.295736721150206,17.52044724090192,2.5886514237479563,0,0,0
34.3665392019851,91.87396788532416,4.566746920365411,2.506385158157023,0,0,0
24.057667208310235,45.46605284229731,7.99217440001152,16.126481469770585,0,0,0
33.91430216882049,87.01587831805348,8.091603379311069,14.296961490534805,0,0,0
28.53640087260094,40.017035255325325,18.66123716108239,2.589723911341244,0,0,0
21.03173739747103,88.52546022749607,44.724577243739574,4.3950623772157265,0,0,1
18.76605049834213,41.08458527123719,10.301368596047134,14.946860168870606,0,0,0
21.07470092450199,81.67966175406639,20.809625383740226,5.492327956692282,0,0,1
16.8603481852535,59.89299462151391,15.580470764956894,19.630841503147042,0,0,0
17.877359326866596,80.60192400749759,39.36916562756691,10.811401332418175,0,0,0
17.093208806929624,62.095986298373816,2.5063216160408075,3.8401594082017643,0,0,0
23.458870874831156,43.89993572825129,9.82716977679452,17.176169090254664,0,0,0
30.911567525151728,82.21286824674502,10.53207711773972,6.389510917944703,1,0,0
17.827671084326802,43.918897692675074,49.64814001566156,5.776147101287556,0,0,0
17.606408663446718,90.71662397786699,28.53875089831518,6.548824669029969,0,0,0
27.868578990346613,42.80357196854138,6.947913219175911,15.363944964460753,0,0,0
18.943659639361325,66.36289027743335,13.609956963828274,3.464258994318963,0,0,0
16.95220076217983,79.76689369679376,8.391104706146212,7.63571560521876,0,0,0
18.336971564111554,61.628555563562074,6.2302284809724,0.6166554556882087,0,0,0
33.47462791753552,51.94784110258391,39.85910142039463,16.532532346992156,0,0,0
31.429425055523815,81.75000287678148,24.787631433017744,6.814375326140105,1,0,0
22.08129124710188,83.13620876337995,31.560506842439068,4.963458396167488,0,0,1
28.116415346547857,90.7482241174902,16.5625623495998,11.597864847509985,1,0,1
25.74551347336076,60.689081073709275,27.68475430336647,14.099837675027507,0,0,1
28.54248526965128,67.84384539735298,12.878451626184855,16.25792074365886,0,0,1
28.65342304925519,59.97206435653396,15.40181374641174,6.955698909981358,0,0,0
27.57468030119986,54.13950020182525,32.61189721833665,16.246017002981393,0,0,0
20.32202737074617,81.30681288456847,7.517506295961512,9.297620007429163,0,0,1
15.780128415256362,58.68085147593255,30.861092958373092,2.0228453509044986,0,0,0
24.111335639802178,63.548219309579366,42.61174082115636,16.926149654315587,0,0,1
32.81947769381408,62.202051169321535,6.021161309038453,10.952695642092287,0,0,0
26.38994517037152,79.19636741057101,44.87306402849895,12.04939143894771,0,0,1
31.647820834038157,90.47875943608739,3.972284014944749,18.749825393894707,0,0,0
34.83248685922456,76.67158337190575,17.44546134779365,11.183029698785106,1,0,0
18.272324082765525,65.9370427851828,30.525465761899728,0.11167061355978003,0,0,0
28.835552782839645,82.8562813106386,27.970738005926844,17.412316820062053,1,0,1
28.485871474000493,75.25342282671757,4.819553624721673,5.695021606469199,0,0,0
34.59910894716557,43.33356964147974,39.94565838929265,10.035338415680075,0,0,0
34.71201467905601,45.26149725303629,48.657664657262636,4.097732051228404,0,0,0
28.73357223448259,42.085431924049836,9.061414459188505,5.939671369099468,0,1,0
19.872295839643886,65.1248979413476,44.75654849077314,13.732976961340677,0,0,0
30.97111676261198,85.42193888864307,27.840472105587526,8.591467020758278,1,0,0
17.14058268422076,57.21957431432436,46.79668856226637,12.542612611627742,0,0,0
30.61398608343257,61.12881007008649,8.804297920838057,16.47151382625902,0,0,0
33.20392248289393,90.02124096023398,39.60106965897123,6.816440443726903,0,0,0
22.656667895368706,86.02968949241603,2.9890787722665566,11.36680076652082,0,0,0
27.61270589966161,76.57764618104079,44.15982234013632,15.551757867462726,0,0,1
23.602854641936524,54.67420801507382,33.707971109981685,14.302463855387494,0,0,0
23.75530109976257,46.437281547864394,18.5127391961215,10.796868719637018,0,0,0
21.207417782162402,40.883235247406255,9.523341174892508,7.667670214547102,0,0,0
30.24259240900649,45.88558699324315,40.82665492836024,8.15003962466035,0,0,0
33.723531283330104,56.09280439931685,30.16206606974058,8.662704239925311,0,0,0
33.815017184689225,70.34845349687227,18.020792647400068,6.976910578923037,1,0,0
18.495625697498678,43.52000455138128,22.191791240125813,13.981512697793958,0,0,0
32.494872993131324,47.4925278075147,41.327132803618824,2.508305045436594,0,0,0
29.748628828542444,49.95943862693676,16.946359667843385,19.349082414345535,0,0,0
20.056748013805787,74.75901511408185,4.481633905496435,15.579710039430804,0,0,0
16.34569225843029,73.86843894390685,45.56410861017363,5.963261043335477,0,0,0
20.35994533768756,70.2921149504684,19.36718698290173,0.8509513854127126,0,0,1
33.24416473563051,53.77757835827668,17.419375555760674,14.226063447578523,0,0,0
27.663573497915444,60.41158301703026,10.219980943796969,14.687180899396663,0,0,1
29.421093217957438,45.317934398575865,44.87112856141728,19.27245221055153,0,0,0
20.143047022181918,52.45533320669302,10.875266684391693,5.0741111515033,0,0,0
29.387763111496405,89.37378745599193,31.833643400069185,1.6545018040844761,0,0,1
15.562430125558475,93.88304605397056,44.03825058040515,18.302695154368653,0,0,0
22.506426915460274,75.6212772102162,1.74568073016087,5.172980692255504,0,0,0
27.535066970846625,90.4252810612881,41.43958526500979,14.430628946477636,0,0,1
17.921931310826405,75.35080452207838,20.529971084488725,1.2131927565535583,0,0,0
31.460071488938695,41.825806735800846,32.89872876326059,15.21169609952334,0,0,0
19.70062597623837,94.8219421742525,18.620228161277698,2.540517942742808,0,0,0
28.045622256368926,45.442376592759416,34.7758128173747,13.91172696083207,0,0,0
23.103942851506595,77.54529907947834,12.714745727884956,10.646860957068096,0,0,1
26.920871909552943,53.90599116911345,1.0965271217698136,19.10976260934521,0,0,0
17.149011052578164,61.55896120988281,47.38937573939768,0.7383528615468604,0,0,0
15.338255998432146,75.5263801640516,0.8183882020041389,5.840974916001162,0,0,0
33.19128854760602,64.00680421192389,41.204964481675354,1.390178346684876,0,0,0
20.392600175343656,53.78003324121205,8.45687966612369,17.583952704794378,0,0,0
31.393540055609183,58.39454027830786,19.611011430101392,11.878023073222154,0,0,0
34.987006009444,58.7851464307747,41.12461882530279,10.699392247157979,0,0,0
19.228625159978222,92.76281474795175,10.296607515617268,2.629157842326195,0,0,0
20.30341482366711,83.92371587578981,43.285380276251786,9.780645146261017,0,0,1
28.257195752693313,65.22018243136701,24.88794695509507,7.974073103516308,0,0,1
34.308972692012425,50.990150618775026,18.307673135863826,6.315037362780465,0,0,0
33.316286963814875,84.60588606444608,33.121887336816805,15.443779109971887,0,0,0
25.057510401311696,48.645035938460545,17.069486099047875,1.2255207966688952,0,0,0
30.902205650534494,51.57542194281019,17.364417949817852,12.933714547244035,0,0,0
17.714917061998023,60.130736551208315,36.67631954691516,16.459860624044236,0,0,0
34.54876368408024,88.41915077185945,15.491611226955392,18.14614565720649,1,0,0
34.28706468071973,47.248266774876065,10.038632417721255,14.918331895108203,0,0,0
18.274579157583418,46.722880606998935,40.38230639982861,5.649113577164311,0,0,0
20.988462496062134,67.16862435678962,40.26855168636159,12.010149210474069,0,0,1
17.00309995013534,55.202579760152105,24.879285185343463,2.8280722182871054,0,0,0
20.434351977963594,71.2800367906488,26.332780808147753,2.34121247489552,0,0,1
31.31911578830413,64.84001765757729,34.80383128838193,12.772482842770291,0,0,0
22.56631214330519,63.92275084931693,25.46371458812167,17.022153091684057,0,0,1
16.76793934293517,46.15851337678463,20.851997948461626,1.3449625139923782,0,0,0
21.844510495578092,47.757732963741205,49.74470966483729,2.1200746426659745,0,0,0
34.6276666848256,85.15932175957676,7.382021392627946,11.31214614858714,0,0,0
27.59367190518406,88.72355056644594,29.63639896199303,4.364237220386804,1,0,1
23.323218928123154,52.907594308688765,44.29315130378301,12.236362455552957,0,0,0
18.3307702699454,46.240327583862296,34.36075205905574,4.290876505106798,0,0,0
34.723535945673895,42.937916956398084,44.04616495441192,2.329639486121189,0,0,0
31.416980185262574,73.45636875580433,16.81673601773363,10.911499643296548,1,0,0
20.629546049018387,79.34442668751132,13.59964881301196,17.243902760652375,0,0,1
16.40137391442379,60.5045494061763,42.56361934510524,13.702439443010599,0,0,0
16.13251114755116,77.38217271198518,19.705728809273026,16.374502750719294,0,0,0
17.407562990110677,79.21273485577393,35.48411615286556,5.326703487800966,0,0,0
26.615371672288433,91.4438254768298,7.387428920705713,17.719573025940512,0,0,1
33.57526842410985,43.568050080930895,37.791906268833735,7.5407834915254135,0,0,0
24.93486856011969,50.576044777709384,27.449132451243468,17.048953357139872,0,0,0
31.858909649123945,43.76892931783435,13.430581995523044,9.423511802974522,0,0,0
23.917732397196154,87.73966633348607,24.725198197945254,5.357152947209924,0,0,1
29.171670915356504,83.59229380184627,34.84718129198517,5.205176620535859,0,0,1
29.637454745730018,71.60531388420114,0.5943204423691839,11.353357687293057,0,0,0
18.479274118066773,44.60148755281507,31.87335294070647,1.5802054041369162,0,0,0
22.224321179516235,55.03217972595458,27.07953891366372,18.601123891770172,0,0,0
27.746043130760476,56.37459164321843,11.01430838733663,5.429269913970714,0,0,0
16.413932163687324,70.84087578084794,37.64905369880984,6.7124963569171054,0,0,0
22.23080375525913,54.192414172019355,15.173049231660057,4.666031074824655,0,0,0
25.69598932562385,44.01279251521252,13.843046577328238,0.0601592112144278,0,0,0
34.92448986089278,80.19192660193147,23.560917449966134,13.851004736175955,1,0,0
24.490671252448813,56.44941164104762,33.807483921118234,11.81105802068447,0,0,0
31.321135142286472,64.88057973628153,46.44229879381272,16.192890803942312,0,0,0
23.641345701332355,47.021664924026794,7.067862156605198,0.8202154690196095,0,0,0
30.927814452394177,84.14015668670189,19.823406037586683,18.573112894666405,1,0,0
26.90829603240217,71.10425323082316,3.3494796256314965,6.617738801207311,0,0,0
32.73190883004797,89.58720944154246,37.92753737358712,18.261397250115877,0,0,0
23.218851047002197,67.25093596859334,22.386644484068036,2.1426296413507906,0,0,1
27.086088396429577,91.7784119499834,35.34645675940926,14.878411629392822,0,0,1
27.600373612376547,89.05275124097292,16.109721198814363,11.587164628646532,1,0,1
23.347658836009465,71.70529210525787,42.21586207031617,7.16382430505168,0,0,1
17.88624087374963,91.36413909824248,26.741403912005733,1.582847918660386,0,0,0
16.871188138246712,57.769881101200376,47.180391091182756,12.094730196934812,0,0,0
15.333431011992662,60.110318948731624,3.9407319572017094,0.5287976614782619,0,0,0
32.47068528490429,42.50128732183203,25.713841227103718,10.02564198292015,0,0,0
19.729498244773893,72.40604987201192,38.322762299884936,12.084171515873098,0,0,0
19.23013498563536,79.70581834609133,30.007632403680734,14.65047494575044,0,0,0
29.72070800852131,82.54355546331567,1.1597070213421379,19.82669268449692,0,0,0
21.400322261747835,48.239895732535686,48.61693391719404,5.201874270155297,0,0,0
25.120893848236733,64.42874897718752,14.91318465379492,6.447796427469501,0,0,1
18.250221305949125,49.72747666516536,12.463893318319103,6.82290693617984,0,0,0
34.19491442923939,76.41700418698369,24.282993780328976,14.6316542371767,1,0,0
32.031628000344746,48.68705048319725,27.107905376167444,18.636385365122276,0,0,0
32.275792459300064,89.72900261758411,38.31440687949127,19.486474991631177,0,0,0
23.135474971440104,52.684905511377735,19.663682882949455,18.91622733116258,0,0,0
30.247224274143456,56.02712464585346,21.99801882311061,17.587660154304867,0,0,0
17.877523107795604,86.79984771830499,26.747995796691548,19.81954747641262,0,0,0
15.172380051835606,65.21571855801481,19.71935498708203,7.5189145366899375,0,0,0
15.399458651560563,41.319777019004015,45.7274039550578,18.96642639997413,0,0,0
26.73203474809121,67.20224381614551,42.56259833171261,15.220399247918232,0,0,1
24.107898104958814,44.64988344590677,22.748684753893915,3.3691971905595652,0,0,0
25.360306978170396,94.1939595278021,0.009743116865856827,0.9093037575440466,0,0,0
15.149262808344389,72.34613637505814,45.04672477646403,4.289679157406445,0,0,0
23.453732393148513,54.109293968603815,6.216828671973262,15.575022485752523,0,0,0
29.361363224017218,71.00447237511898,12.225620759702311,12.633937624517683,1,0,1
23.853874039348717,44.227690685996514,7.61806421826991,4.487125146933703,0,0,0
29.644384126244447,83.99402173478494,8.990778499051189,14.838429089427185,0,0,1
19.660379287936696,90.893042962529,40.14387689449174,2.82644478876406,0,0,0
31.26284008963451,88.09444135133877,28.97507208329621,16.43682787717389,1,0,0
26.768624809069046,58.796668126420954,47.804758156267425,15.883219519414641,0,0,0
19.215261988598122,57.91724658038527,11.572675616185823,19.451519414120966,0,0,0
19.734409517076656,41.9298186168965,24.2817454065617,3.0055912925863626,0,0,0
27.56060929139074,75.82701972855043,48.8714184541235,18.132259888292005,0,0,1
31.598791864248867,69.41976313043872,41.32217571373849,6.822053274436771,0,0,0
23.312555640583103,65.26405042300377,36.430783956024555,8.321197295906233,0,0,1
20.166008582551846,89.91970243340889,9.448760068539597,9.36890125773539,0,0,1
32.34023213821201,49.23333955955655,38.470270045485805,12.538081064051116,0,0,0
28.3853658350167,40.53164466796003,17.378256129795886,19.895267402360854,0,0,0
23.96170974566153,44.032404866642096,26.526844852337884,11.999176061104663,0,0,0
24.758003905586037,52.28542908050529,30.45806065197701,18.534317300808144,0,0,0
19.085129358727926,41.830705209490134,30.468185576212704,5.10056404169446,0,0,0
27.53605260129688,67.65640408537246,36.32617359567582,7.968233236302993,0,0,1
22.174850210857773,57.274975037846794,33.08510463211028,10.089990588771617,0,0,0
34.91290353348698,49.92656544374729,3.4185439655294916,6.458039795733415,0,1,0
24.603670305237756,81.25462412217641,22.867351297455365,19.5373420592866,0,0,1
24.717712123792264,51.244822942789156,33.20108033599896,14.513671077944544,0,0,0
26.31703574821344,77.81828055465863,14.799649108286433,9.577627043651201,1,0,1
33.33512006237493,59.209569821620136,15.652834360819485,15.026094024195878,0,0,0
31.016361997195006,68.15052683644049,6.228377387730777,9.348849981653025,0,0,0
24.022601395956826,91.36268719182259,20.930749298742768,0.3445065473585207,0,0,1
29.37398531945592,42.05433991486971,49.34152171530874,10.863868156206722,0,0,0
26.724709975615234,67.51454791126041,14.265968064401868,12.503704375224032,0,0,1
24.84734097402498,86.993262818019,26.571844634304902,19.624148374371234,0,0,1
18.846315455687012,72.33858366036917,37.16186263895422,0.8158569652123537,0,0,0
24.27872526909782,55.22787843308362,0.6748635442135331,10.241939149102677,0,0,0
19.916371740451492,61.87246243297689,45.02197797991494,1.9630951341672365,0,0,0
33.296842997033096,77.4146095800716,19.327509236246925,2.9799180314192086,1,0,0
21.70813626992694,88.99465418725916,43.45579933554911,12.209266779369521,0,0,1
34.04528029066745,42.258650556063635,1.9473829449739022,4.6313542453299466,0,1,0
25.661105801894223,43.9346352039707,7.283177593183793,14.983482225900492,0,0,0
27.630887573523207,57.87783379852732,16.12647272387796,10.283973851905454,0,0,0
25.858808889786555,52.80288264406134,17.27308865316394,4.3642577033147445,0,0,0
17.58761233933402,54.57119874223233,42.389711151400824,9.8758335520213,0,0,0
22.516424380158817,52.16984992442345,0.5600557694117603,0.017634538162414337,0,0,0
16.98292224555248,50.77037768703367,32.05558882348398,17.254800873156817,0,0,0
27.459080883667635,47.18431817781105,6.565621808927514,0.25356754111525603,0,0,0
23.93748390400878,91.36747724873808,41.16078253555247,0.1401978498436507,0,0,1
30.559699431418736,47.93042051483842,38.92866329789562,12.230078863592942,0,0,0
19.409409619987397,51.242207612104494,24.99605137056003,19.470418515801658,0,0,0
18.2913211685867,53.54461481894322,10.634361275618758,17.118669687079574,0,0,0
23.126644619275357,91.31581802217312,31.724769548277816,5.040378251789033,0,0,1
33.53170766436762,81.56427734805966,7.812915882882282,3.933336222953714,0,0,0
29.208436300248234,83.43346866735331,9.501189629632673,12.522243612669108,0,0,1
23.378472495858375,45.761704274617394,31.334495111267884,16.452754940441547,0,0,0
25.34544339508621,85.99704312586195,49.56142230443122,7.241573418000595,0,0,1
16.684260223541965,62.45061949995799,44.55304186262731,8.647091807341518,0,0,0
34.69151792752226,54.45526644168138,29.655367884183853,2.3097902735550235,0,0,0
28.32814609389838,71.66625459361708,26.92683843837119,3.0565284251071834,1,0,1
20.70808136926845,85.22005981992037,49.91924400040543,11.367031900520416,0,0,1
26.716167884304888,82.82586830912001,27.369857381694686,2.053122914968739,1,0,1
17.18964732137988,88.94986154196226,21.005826097972196,4.04092249591802,0,0,0
34.316733376151674,91.04727023084942,45.47777678876707,4.693540480237681,0,0,0
18.495699757667317,53.09671392852623,11.709214793464412,8.878490664272608,0,0,0
27.960606361104283,63.31218417930994,4.876299514840449,0.9122392824727243,0,0,0
19.909089250778607,40.80456965627885,31.704501718091514,9.995419433858771,0,0,0
29.351227652970714,88.3626912595783,4.79248168843745,18.57348812788163,0,0,0
30.53642734480562,48.501468331112214,18.657426847648008,0.4892732223814522,0,0,0
28.468394578228654,87.38111467884818,21.178869279086026,12.619697304149307,1,0,1
27.28998920510385,58.1163027092628,27.376903352461657,16.716847303030846,0,0,0
32.84938187904024,60.2473474489626,49.582977287398116,6.249216850983544,0,0,0
16.57253421979516,42.152273996612266,11.04908616665904,2.6303709003844977,0,0,0
21.618295315603902,57.97833343709257,18.7878189253456,0.866795752185261,0,0,0
19.96574959261692,88.86000255406952,6.612006220532901,12.87806118871605,0,0,0
34.76027924130843,41.40510706168823,30.380676301661737,11.044687604581366,0,0,0
22.78779559333747,62.348011017569895,36.38365911539167,4.585899767839951,0,0,1
29.652253984807974,41.726979639700765,24.103841161793945,16.63234615263496,0,0,0
28.694503277620093,60.40078838099858,12.291563414498551,14.710127043046867,0,0,1
19.241624749547555,49.49523524291602,31.044413459087384,5.528575699735663,0,0,0
19.779953604231025,53.872011629760465,26.957886168442474,15.067260457292678,0,0,0
20.62569127106068,88.26791052387804,8.559286170185887,4.899884270015451,0,0,1
23.222545565187584,63.982707134204006,20.284095025106513,13.505349237327218,0,0,1
19.686501313010538,55.05888952710517,21.759854581759747,2.3709008214775884,0,0,0
15.393029654936957,72.41361078728013,49.13088768857165,13.844789266664144,0,0,0
32.587861136143914,47.81588279079203,42.46429160777609,4.775488379645205,0,0,0
34.31219662761768,54.26653840814707,36.71853941367969,11.449387084834282,0,0,0
21.83140774063136,70.04363821815886,44.43885127514737,3.4492773370376506,0,0,1
21.770137588509456,53.063767301643786,36.774220291435746,14.519338951359046,0,0,0
15.14183625548742,77.35202555704802,45.170092756286664,1.2175914878610339,0,0,0
28.60501376660748,67.03202162427374,2.727655743975399,3.308355736054376,0,0,0
31.508797914972575,82.459398864008,22.803310463345827,3.6827295974167296,1,0,0
17.932166007200063,92.15344946473577,37.34491676209168,0.8268717170799711,0,0,0
18.193326987343013,46.36926891410742,29.164789830500677,14.900250323204913,0,0,0
30.801664999428755,58.40657554914996,8.758308207539333,19.619050094798656,0,0,0
27.32581496708289,57.57519845831236,17.02460432642671,15.567955768233649,0,0,0
15.897211152554341,48.31506056354898,15.888718751334563,17.21263924244791,0,0,0
27.450939809245632,84.5666725533409,13.0673456592168,0.12015320676554309,1,0,1
21.178354456875322,81.79332872213345,17.156777675698304,2.357399275491865,0,0,1
22.37450310941692,66.64340089589194,25.74266442305605,11.180406785897247,0,0,1
30.394628365937603,69.57739277870353,42.7434512391638,19.55737769588335,0,0,0
31.21870385345221,43.274927590137295,37.10163311968782,13.214258620964072,0,0,0
23.00713253679661,70.55290437798752,41.76248520081168,7.4827338747615535,0,0,1
33.9430587201271,83.52378382108,44.18018722815432,2.9229861096291843,0,0,0
23.129254359041447,71.56051654711214,20.807522804880364,3.0567138876530153,0,0,1
30.436720704602198,54.59185035662304,17.30131420133736,7.255064046335676,0,0,0
24.67754529128518,76.71515497838854,2.8811690842080906,14.276203946880146,0,0,0
32.95064653044168,59.881863648088625,46.524581093821716,0.6363858204982131,0,0,0
33.155224873003576,69.96803063571544,3.2911508969071965,17.04355182923277,0,0,0
16.748336157421676,66.81609498034086,37.05677576852352,18.831028713796115,0,0,0
33.72986662620451,60.9646250530849,18.90541522327936,17.776329210616623,0,0,0
31.510696830408314,79.53828892167743,47.43903872495932,18.26053818793786,0,0,0
30.82621428625334,88.61318615922349,20.98010104670645,0.3067855883652748,1,0,0
19.018226793710447,40.286688516230875,40.83041756773582,19.555846318997915,0,0,0
31.1023841750933,91.3489085576702,14.13274160818383,7.327142297806977,1,0,0
32.002654693700734,68.13333248457738,14.954435862192334,17.385622367303494,0,0,0
20.783006689083017,78.54025341997959,29.77597049392171,3.736177413992283,0,0,1
34.04520156724648,87.05935113967324,49.89913168537369,8.930514853244738,0,0,0
15.997202927983285,65.69070307728485,25.878620898959813,0.8832877724795329,0,0,0
17.998185064942792,85.92357403506897,46.815431819664525,0.8015199368565451,0,0,0
25.751622761030287,49.76909007003612,39.31249141243639,18.865522015392763,0,0,0
26.515849422446195,48.7542143963898,39.793215708861744,16.212132250580783,0,0,0
27.903001666018067,76.16092528708845,21.797999456438205,10.596520888275867,1,0,1
15.339382586309329,87.85786530534554,19.32711250864003,10.509163471290757,0,0,0
34.20733549244261,89.08343976448216,9.59609040454077,14.975092369523725,0,0,0
15.89176185468288,75.40572521074856,48.19706334918268,6.833375631409801,0,0,0
17.861239054468047,68.90190766151247,47.969680622191,15.23738551723904,0,0,0
15.28029035052114,58.22661982330839,37.35338671550914,9.700167599865448,0,0,0
26.337168665881894,93.90002285796322,14.812622492633476,12.758348058229299,1,0,1
33.645337678419445,57.58326276664378,12.258977017114109,19.296589002062955,0,0,0
28.318943321609282,80.93023589773762,49.430512119348144,9.426311150405231,0,0,1
31.453149369608546,69.25899899477504,3.327140755408875,8.368093194929003,0,0,0
15.2656240691716,73.46817883889406,42.17821460706545,18.11498347882717,0,0,0
25.84030596959452,61.64143028237444,17.772900024123732,18.05160989832688,0,0,1
24.191259550110438,93.06527190097363,20.943485986361026,19.84837403766352,0,0,1
24.97935888441586,71.4425279354599,41.59888243744186,11.017259986166184,0,0,1
16.444263706703758,91.57831967523344,4.530150800267902,6.885230820532056,0,0,0
28.68870722138615,40.41752788956528,17.708483926012857,4.807801263554072,0,0,0
25.06440829717269,71.49688207551165,47.60121385847865,0.681927139033236,0,0,1
30.30297699722528,79.44527893488993,34.95329563856282,14.534572484217708,0,0,0
24.705812681234306,80.97940941392199,37.74695824029452,4.669523474708934,0,0,1
17.98763272452864,89.77372849799247,37.87526504777382,12.132817704513146,0,0,0
27.96513908155644,40.24208849520824,3.028504158197226,18.33184730728791,0,0,0
18.447727242103326,40.0181587592712,10.160379663021557,19.004272147890536,0,0,0
32.447891267096296,65.97449034373685,24.56316280406059,0.08820267960620631,0,0,0
27.26232478138483,41.611153775295385,18.40751162376876,6.341500627527128,0,0,0
18.144077671139087,93.5992904514306,20.545614656642673,16.747560589304538,0,0,0
34.246761149624135,52.21358459977656,39.07236893128363,10.728904107030706,0,0,0
25.367309266706414,65.99656011506646,0.7339617533867637,16.150174669643057,0,0,0
16.4579690374331,43.3625696506723,33.02459631606194,17.06646565675876,0,0,0
27.536658088301344,68.71266288941922,0.005511590091122898,8.852524398826455,0,0,0
20.063978140256204,60.897586883107465,3.152926278812185,7.179658760495711,0,0,0
31.07386903754605,42.45630158824731,20.4143059918812,9.108665321010509,0,0,0
31.356441471323812,58.43183466829236,42.047425990241074,13.055904052485324,0,0,0
34.578947117093236,61.52898111225706,7.249788278223024,7.343183057736367,0,0,0
25.037390620490072,94.4456820201217,27.73107045643058,15.499765773955055,1,0,1
24.09913759455474,51.43372295556565,33.92526134133721,18.07985587370045,0,0,0
30.06951210892961,69.96287884535548,11.476644208608027,5.646224043174531,0,0,0
17.64941312683853,94.30235520592458,25.61651276347915,19.29979288348479,0,0,0
25.938310275862484,83.56105643670743,45.57036415690961,12.454504934506211,0,0,1
25.92495200261702,94.63521254851489,25.611426268276638,17.56337542439482,1,0,1
16.789462456207744,93.25640730630931,7.866153089382399,2.0783287054421096,0,0,0
23.359681710138272,66.92467481517849,31.39071483437724,5.029982741124774,0,0,1
32.06569597134404,78.30067174288112,29.610009000425702,6.4203815886518445,1,0,0
32.12307243989321,46.07437198176331,1.3477379899065611,6.0564430234902655,0,1,0
16.98475329839362,64.2631853775741,4.52972028737833,3.437223131970637,0,0,0
16.814417654956618,84.49601982466837,7.839067757050539,17.364018950496646,0,0,0
20.253909540038705,67.79344265374289,6.814453878093496,8.372242825791002,0,0,1
32.49532125107987,78.64844680494775,12.973288528046655,19.262604249335762,1,0,0
17.578051701469978,81.01632314913523,22.705266161778397,11.669447335802943,0,0,0
29.399936052548924,53.94080276835916,18.58581489494922,2.767892712897262,0,0,0
17.023312392262063,88.16346551184111,44.532494570229844,10.918094196679142,0,0,0
27.462757074956507,65.29023370000485,30.605470470316853,19.870902954484848,0,0,1
22.1213459823829,51.560180699184905,43.80721749809216,11.303433741985495,0,0,0
30.77827925931734,87.59787349836441,26.351966245879943,0.0373869025912521,1,0,0
19.673808976507274,62.98003433584395,4.4935235344669975,18.661598071808385,0,0,0
27.784036587799196,81.26718411088459,23.16437245332174,4.697888122563787,1,0,1
19.7136506915177,70.14181897218761,41.10162734211825,13.770581061379133,0,0,0
29.273205662243075,61.002946372897526,9.705188358355404,10.301603099108853,0,0,1
32.47356069121497,84.54320282712132,4.560713937632488,6.508675136817724,0,0,0
17.5360359825352,72.14584624045372,16.471736916913006,5.652790473527773,0,0,0
32.33191377191007,61.480915633486745,19.44489153200698,18.575197250142097,0,0,0
26.871505088285957,46.02788286843199,15.31288382029522,18.238517918396745,0,0,0
17.542209817340478,89.24949225716892,6.7620392812278,10.262696801075585,0,0,0
23.55083710719424,41.95082719379166,12.541992986085726,5.169903910702784,0,0,0
18.217205869701957,87.4753041602431,34.11412023010551,2.0468406434399555,0,0,0
29.00695777733139,59.79788386857355,19.296425814658196,3.131527657181712,0,0,0
30.177362688358993,75.16363199257732,31.62747223092779,10.44503451481209,0,0,0
17.11593040545598,90.72098481096269,26.815188995936623,6.156599211580183,0,0,0
25.12279705389289,48.343863852714414,27.45264699288345,0.841362845199134,0,0,0
31.292501120518345,71.18227616013456,12.4274778973898,9.103347706222003,1,0,0
33.72326083101993,82.04380743036056,26.07715163840908,14.923785849286272,1,0,0
25.270357334835403,81.66711079954815,1.1797356931600889,17.83390231919975,0,0,0
34.005584472228136,68.90975530297271,21.58718711624631,11.705680913661787,0,0,0
25.713779409120598,74.3606702948552,28.631141159495755,14.46584247684892,1,0,1
22.88380989199816,81.66398467730644,9.099781067705464,7.281409417298647,0,0,1
31.96406257105791,86.25652007665764,12.827925312447569,9.92476358433879,1,0,0
24.859654209161782,81.8997203281725,10.97655099078097,14.592537130200585,0,0,1
24.43805021129046,59.47027187496835,3.527897763271209,14.553164547445888,0,0,0
24.806249788196567,94.81995205817532,17.392866057004504,8.490525291390083,0,0,1
31.93570003739491,63.89764815456174,48.94828832259697,10.873346831166455,0,0,0
31.63883083376104,41.345558651741335,17.694020323180503,18.477106791019388,0,0,0
23.07039984880422,59.94393233720041,23.02683109184878,12.639952098864672,0,0,0
21.6659971974105,47.02806250156138,32.654362547818764,12.851492513731792,0,0,0
24.838560480782586,46.67934386506062,32.42488755845535,15.6924058477072,0,0,0
26.45545019474218,55.484427205879186,47.49474900093121,2.3044579263194565,0,0,0
19.76674421255994,42.93565217974935,42.878207019956264,10.457685832974551,0,0,0
30.879101694311814,77.86817036252597,39.697534355257616,19.18863472541964,0,0,0
24.729655314648458,44.06938863110478,47.58136128891553,7.233207843521978,0,0,0
21.680910968399193,51.18092554897759,11.53826927415858,5.898522928441821,0,0,0
17.136419859279812,45.109484297176564,30.85270973108963,12.024159312095152,0,0,0
19.776903208072138,43.47422519966671,44.35983833610781,4.4223884913060685,0,0,0
33.98562343511968,54.72634160467479,31.20690791390509,11.11890313047298,0,0,0
21.101993736390533,71.45444322132035,48.871023730343474,3.1130402171528115,0,0,1
18.377185787340707,93.0577056045763,5.01763569531895,11.595869213958112,0,0,0
24.213455833099864,88.15561598922835,21.966525139660014,12.04758367290355,0,0,1
21.141754867204973,88.17636589949286,48.86814539543181,8.368009580245257,0,0,1
15.703185005423883,49.683686982071166,18.978401428496287,7.654928508773771,0,0,0
21.462904345588345,54.569895642380104,36.97781875496522,4.909165568008986,0,0,0
25.88217247878937,44.20163242374181,1.520145053932459,6.618446156671887,0,0,0
26.03424744039934,82.81575869533518,34.741855731515656,9.966919343827268,0,0,1
22.131178423537776,43.83989658170591,46.73133662637892,4.953178020582021,0,0,0
23.946055125052013,70.61826189514693,19.135314259500134,15.656689267437251,0,0,1
34.31035836469533,53.633156477817295,1.0649918963464733,14.180704826515434,0,0,0
22.546969544606235,53.38950987158096,1.3954902197741925,5.38611734291991,0,0,0
20.164536265199658,94.48987803861829,44.60116528555445,1.9487032620309597,0,0,1
19.8693408813352,81.62288938381955,36.12580535481309,0.003600779679255872,0,0,0
24.15529225408268,86.03166470600776,5.3343192113289915,11.934377047629779,0,0,1
30.19040297433888,71.4590476939207,2.7295138525598284,4.227274929072977,0,0,0
19.119763683769463,87.90578580665621,40.24126818077397,0.25164940203078245,0,0,0
29.185922542815362,75.50197965414941,40.49303164026795,7.181705411840453,0,0,1
15.422996466988327,92.03955376379899,6.02609198960245,19.239969246348668,0,0,0
23.378659559678923,55.473622232510024,15.076020194431837,13.798856152596347,0,0,0
30.517301304055735,72.74257501805923,39.001303228694475,17.155274058449162,0,0,0
21.774659115488628,77.95722413652906,26.270603547700315,2.894781965214601,0,0,1
26.274742028907987,61.61155177652937,47.82924303626497,1.4657630923887277,0,0,1
19.099584656518218,88.38393903222293,24.05313226730025,0.23059527019444914,0,0,0
29.839907822523447,93.88917397072849,33.84789687827563,19.11324580038974,0,0,1
16.045582065375193,67.15732202549638,25.48916828707921,6.004054707070969,0,0,0
32.05085289751001,61.48523601423865,47.14827478425229,9.190098846817161,0,0,0
18.96392772843336,65.95658607060523,19.93295460338044,7.890472472035491,0,0,0
32.48796063416661,86.90052101525623,11.489822758930002,14.609138707857186,1,0,0
22.050584826010347,75.50076340349922,16.33169301404966,6.199297639054862,0,0,1
29.453671489489732,42.46248048849523,42.63876020826146,10.70905765228103,0,0,0
21.384505955723768,69.81934507451432,24.896928175606668,19.911645299109352,0,0,1
33.11823342469295,40.95150675075334,17.71261517511195,8.881271026884725,0,0,0
17.532742510367488,82.8194454051873,27.213001090474144,11.025430813995111,0,0,0
18.570395785451975,58.0571750448355,6.661485363842118,10.050561246216756,0,0,0
24.860602503176047,65.96041151645312,0.2679652312798042,16.063723162720645,0,0,0
16.638768780762923,83.92729582491975,14.029234184674538,5.3367930806715,0,0,0
18.91960369403524,42.55468495071688,30.250285989177115,3.4087603228559393,0,0,0
33.875327644240286,48.71978445753857,35.584038483069364,15.08186316529724,0,0,0
34.52979322295774,61.887820704481314,41.33054831759833,8.312363727373084,0,0,0
22.525186586608438,52.64588399500583,46.33317796972348,18.274520179533745,0,0,0
33.465720420278714,58.58457841762847,20.605617348238404,12.883185715867953,0,0,0
25.896493513468634,94.89961058408558,37.025839977872735,11.286862234234851,0,0,1
20.39484931747534,85.39779406655958,3.733646509903127,1.4091410965175433,0,0,0
29.047974421611972,88.61459982280597,2.8764999386040047,14.608238102755958,0,0,0
28.178036131497144,91.53800484611764,6.2398995993078294,13.720807310259165,0,0,1
34.78250638217467,58.751473417280764,22.42845489153812,12.801438489743095,0,0,0
20.300945748185665,56.339232678806,10.564071924937496,5.358190471413811,0,0,0
28.441190053234706,52.87343709146412,14.34624709689079,18.934786433488892,0,0,0
16.04047510058894,85.65643012194674,32.39400867561513,6.433102540656401,0,0,0
17.272920773934388,77.37535242568518,17.9261089401423,3.0446191350786855,0,0,0
15.078367499021866,52.98945903655825,27.868577885901107,19.744023098700275,0,0,0
34.989213621193464,60.73466060657502,20.62018783682961,14.92492558247536,0,0,0
31.045473942949556,67.86914701630391,8.448462775990977,8.295737646523627,0,0,0
30.734460294670818,69.04770315005645,3.7009995127947057,18.718328617774137,0,0,0
25.194521505763596,88.88002507034432,11.811574765494392,1.8223474873239454,1,0,1
21.0013416581088,60.931137312096894,2.8850234745522174,1.7532243285311555,0,0,0
18.02528568925352,89.96882167752818,30.930597994490345,13.649020372571709,0,0,0
20.693494776929274,64.27521581758843,39.785880073305016,3.55944096757687,0,0,1
22.51942443858278,81.05049711357947,16.987038411870042,18.342790303865684,0,0,1
30.12620193960588,91.16398759917809,19.35555276761791,16.80718348597742,1,0,0
25.79323577806305,89.91666371797965,40.80955313796533,6.127344482023728,0,0,1
16.549672531109653,43.132407701262466,11.130645618678015,17.776791645387405,0,0,0
15.360580179178244,51.313736223711345,5.95801325974371,0.8577537401465674,0,0,0
17.046643590681263,66.22979840427513,25.055905866554323,10.972757054749877,0,0,0
23.209974273947587,63.7354859474209,32.30950847666186,18.711255474176664,0,0,1
33.66385834098037,75.24904156604639,29.982721252323962,17.107659578713964,1,0,0
27.748049624184432,91.95899779539766,35.69365226370904,7.1214664760199,0,0,1
31.036517997510302,46.182259120287185,2.8375591086511944,3.6574087046926973,0,1,0
24.327491890090972,64.85222658238322,21.410080637918643,4.210811768074891,0,0,1
22.233321663900856,50.58260708379267,11.928526197284656,10.290157561568105,0,0,0
17.168007454332454,89.17591791188711,37.95606297730121,11.93545887672948,0,0,0
32.5186604437241,93.0519102190909,43.63652420301748,0.6562863324727286,0,0,0
30.663200580558055,66.32859250396926,14.066787040320744,8.271031184697762,0,0,0
18.3623619519545,45.72056637504774,4.760903953470414,16.60774231287809,0,0,0
25.24521127752521,83.19120666974703,12.671398099569842,8.886579004715943,1,0,1
24.747496158424898,78.34277427708194,5.200424452945985,3.3835078189882095,0,0,1
27.501831053730573,59.506895463567076,16.12110830567269,19.097205860381937,0,0,0
33.923737879825225,88.80741106829299,26.909928916091285,5.325510798529334,1,0,0
26.595428835249592,93.6707539380489,48.684047719910325,15.96856531268121,0,0,1
25.80434533557237,70.68196170216075,19.968512717567926,3.8758833267786974,1,0,1
16.00645865869328,71.11503512393608,11.001996192731056,8.463454584431798,0,0,0
16.25814952036048,56.36324278125778,8.340087018541753,9.808450795496238,0,0,0
18.74693582653578,72.14783197908228,8.6519883069338,10.01270591896489,0,0,0
15.649415433834966,64.18032762886656,9.62988416307296,10.329477362014096,0,0,0
29.86705791140025,56.62050648104285,38.11335112687235,4.498950813795228,0,0,0
29.466606079879263,43.69518580881457,3.0513855716209957,10.318310439216704,0,1,0
17.72112468863286,53.89893228400187,49.87013534715171,9.634255077555085,0,0,0
31.721578015905617,50.882005732271544,26.134319558313056,4.174389942525265,0,0,0
18.09572069692224,69.81230915046719,27.213594715041285,19.763831190074217,0,0,0
21.023511739947175,73.09185119699765,17.878193934980242,17.311267855731003,0,0,1
19.9795379832273,73.4714448368309,34.51276797060602,17.75152702044966,0,0,0
22.446141971460953,61.34995505751235,23.572817044039883,13.711421007657897,0,0,1
20.09327531779924,63.16763535270228,16.453064248227488,3.1979406138351307,0,0,1
24.779018528769043,85.8831136302352,13.256920185402144,11.361841277994976,0,0,1
23.14815762709371,66.19280474344393,46.282560346662976,16.428792632547722,0,0,1
34.73138981558653,94.32753326754172,14.54947575262101,0.7747297737732506,1,0,0
16.118527002564512,64.17894765048757,21.8196629714921,9.916862065752394,0,0,0
17.84362752774703,75.72695195398114,17.51707010582341,7.922457599898363,0,0,0
16.05651787817205,42.76996494463677,4.308941371401797,4.2424945931860725,0,0,0
27.516823899647516,75.9336958430346,9.296719724113355,7.565000075306354,0,0,1
16.09018554827439,86.82845169282534,9.475098766319102,19.669950217389058,0,0,0
31.728794747522468,91.8351811193313,34.68247571948274,14.464866527235552,0,0,0
25.238772613638556,94.85263364018738,20.32927049829046,5.990741600298827,1,0,1
25.540152491630675,55.51982551070782,39.098378153532934,12.107101029616592,0,0,0
26.231890154243885,71.64535356541442,35.44754621670785,4.933124805713596,0,0,1
18.416274126124215,64.78948920426811,9.602488319801882,12.216878180485477,0,0,0
18.95380606228975,71.00996143163441,28.145846006005034,17.923333789698635,0,0,0
21.376346457460095,48.659912645441565,37.14544230244014,11.137535998851046,0,0,0
26.86992831643703,87.08822649277678,31.65214617378615,14.666799509053654,0,0,1
19.20235551880429,90.02629188395233,30.000825404399045,9.066779974325936,0,0,0
17.326634542665225,64.73139147121074,36.9805443700384,10.482478353279932,0,0,0
34.40233772836864,55.423642386546724,2.8390369628153445,13.901501575097573,0,0,0
15.439636296192457,47.745838520915676,36.57109736807164,16.248100101027944,0,0,0
31.053948106720433,77.60706536277925,13.632763157671418,13.189027730508993,1,0,0
30.76070299150044,57.172751179140434,28.593612725467704,19.54983987780186,0,0,0
20.94428227690192,90.02462134523637,12.115249734825372,16.396451755965657,0,0,1
17.712532320146266,76.90568611646785,41.94087861034188,15.543204092157502,0,0,0
17.912572934108468,75.51269288458323,24.0279677150378,16.90203157962051,0,0,0
28.94863234474385,70.76711637440324,32.14706060124918,5.624218708486981,0,0,1
27.856131821723473,42.51769866857991,39.704102173836404,8.640943078967613,0,0,0
30.654913485027734,91.25573396270728,44.76576275356822,11.289258367891815,0,0,0
33.74962344798209,74.5365621314703,36.60310485346705,9.247726368853712,0,0,0
28.83854726533184,94.67340908607108,7.438428809520286,16.949156364481595,0,0,1
18.11703073102887,69.55460226250878,42.72661847928932,0.5413703535846404,0,0,0
19.868852335308212,79.05609905484172,30.928895793275306,4.183508344656417,0,0,0
31.84387461746229,43.09152568264222,30.47248791901368,17.634130820037097,0,0,0
19.18612151668417,74.7454897252876,46.06702799024608,1.182002753539344,0,0,0
16.450446339089627,82.05572863746966,12.441577783294155,4.539766072175961,0,0,0
29.06560108084501,82.81828621689064,11.979380924701665,7.025006607529725,1,0,1
23.050527109802843,82.35614087266569,25.659677734748094,15.014811216233818,0,0,1
33.400801050918076,52.44554450115172,37.54315332674326,11.203613923336968,0,0,0
28.00510142187323,93.64691626828743,22.362035411425456,19.092094055606623,1,0,1
16.808379555833216,94.73501663437163,31.69456949462011,4.55750030145947,0,0,0
33.957131345073215,44.15777313388807,22.626236211135943,17.44240809977459,0,0,0
20.171145272804917,91.50455325464665,30.519359024348436,5.658269794984976,0,0,1
21.744249808125716,55.919705686740315,41.11311513068556,4.909965182531204,0,0,0
23.04520827367084,77.91062449630306,9.023834804546166,9.967503961987013,0,0,1
16.024485928086264,58.596100640487265,34.768926700299204,1.4240901051298738,0,0,0
24.930308444612095,93.22648778552168,39.37128696690916,7.686140259865663,0,0,1
17.466369821505843,45.58271220669445,22.355570374089123,7.113519362194873,0,0,0
23.019406533767036,67.37607493260069,16.161678853392715,3.2020311140354707,0,0,1
22.014195759841684,63.54262855681411,0.677216196220104,17.215896905498212,0,0,0
30.45680166853007,57.93128987528917,39.85525111670468,7.717792874187666,0,0,0
31.063410232654622,75.50436949840818,16.396932951799403,19.63840359027365,1,0,0
18.06825764778176,47.20806588819171,17.86547347040251,17.994158980755486,0,0,0
22.331023747584524,79.41643299735333,16.800308154940613,3.8962139913985094,0,0,1
22.467063220636632,93.9325668092633,24.936966540616908,10.10244344675877,0,0,1
18.0282088787217,84.25072929577466,35.12497866095386,12.036082767331058,0,0,0
30.96907010102381,87.300921410025,38.59315655002554,16.379210058872424,0,0,0
29.144566566708466,59.780020874845135,19.628536020157917,17.712854993027896,0,0,0
18.807635725940695,57.86876335646703,33.15510175225845,12.480360423109797,0,0,0
22.33443817187598,68.43765950795733,36.03421251356576,0.7026840628443076,0,0,1
17.116100497130283,42.514963811925,14.845866583869077,9.625528990362586,0,0,0
27.56413194186088,91.99469739510928,4.831073476854664,17.696070723726645,0,0,0
17.427438490972392,47.90818451589057,44.73328603222313,14.281792050885198,0,0,0
34.718683372498354,89.66571715424507,33.85579858907965,17.402838828189154,0,0,0
30.613641493757246,44.59702221001956,32.405520443814574,13.481595794454147,0,0,0
22.804770991679902,85.2443710223208,2.945125760598899,0.8807001962994532,0,0,0
26.57127864558709,48.35793892330183,40.893652875196324,19.36013312413221,0,0,0
33.226836324328175,42.097238775031,28.302707804302656,18.360370811393572,0,0,0
26.081985607916522,79.57191976426748,42.39422086587831,2.5315907982524655,0,0,1
18.489969727959103,55.414591509593556,48.728059186838074,2.253823336874976,0,0,0
22.574067111623187,79.29728840313922,47.8550160440121,10.781570009540403,0,0,1
31.86289730059491,70.52968877600509,42.80446731951037,15.141016691137665,0,0,0
27.884260319792357,45.98440646265361,0.547368691568445,7.643464238765074,0,0,0
28.014487686676006,91.267154031564,44.286360411847824,2.7276432708648413,0,0,1
32.33642971376978,64.87727961199127,3.753115691382275,10.21112197562709,0,0,0
32.87946114925009,80.39460027892784,42.55969850883836,6.751322724379449,0,0,0
33.395851435588725,67.55613146085938,14.008703430581182,7.035439111026493,0,0,0
16.89698386506312,73.23988112286625,30.50341692666838,12.899710736807643,0,0,0
25.88252003926202,56.65254757961809,1.9034115574939836,17.71216198459008,0,0,0
29.810190424366372,51.019816720189766,38.559084805911404,11.171834617112886,0,0,0
30.138536902540274,69.84136118744374,5.585306111648575,13.752050216592712,0,0,0
27.134324039400077,64.2120435134051,20.534408583788593,13.19893983042483,0,0,1
18.335746703673482,61.45622673886632,40.87230011626507,11.0229238511386,0,0,0
30.94841107883329,76.99119573020427,34.767449825416755,6.215162911662602,0,0,0
29.402226670298916,77.97786476061248,0.30213484290334547,7.5558836982047755,0,0,0
16.722715430980728,42.52560308501947,20.15161672712744,6.314075969808323,0,0,0
24.276196493487525,58.63094718340197,2.096375848225401,18.349961929641097,0,0,0
18.47954799043607,62.647050262450755,33.674993040923454,16.532373410208862,0,0,0
21.749540914259438,45.329068864029246,48.44742458766607,11.586947457024415,0,0,0
15.361621844113708,52.97454766840586,32.76306311503796,18.24486941948401,0,0,0
23.006597368215164,42.84029884725162,11.218621555877789,17.728173862959558,0,0,0
25.997538423124208,94.79331542393614,17.761651603327007,18.553887995036703,1,0,1
27.391651856541735,80.51064616334145,48.832527782923385,4.435477153110659,0,0,1
28.269806902574203,44.80975860765145,11.202620601617502,14.350060755277894,0,0,0
31.7258262620492,41.11371588845507,28.076453652722133,12.184489998470037,0,0,0
19.3092581455146,79.5608290083754,20.022690434087238,14.676612756692142,0,0,0
17.40963644876936,64.15556911254669,38.41576489641108,5.267587278365744,0,0,0
32.03074343795851,83.27381899855169,43.36946359899436,13.896181428765955,0,0,0
18.132256297852997,90.79118208001111,17.041863717514836,8.19657030508774,0,0,0
34.495201626723905,72.96152139590049,33.01981818496913,16.681835926126006,0,0,0
31.85076458797274,50.29096326044892,27.452384875886366,15.907314503235462,0,0,0
25.017532117791983,83.02067198255489,13.922224502771668,4.227152217178343,1,0,1
34.628428498440506,92.56964587459059,13.597040140650085,3.6771055280660603,1,0,0
16.947534582160085,71.91272078829758,26.9315823766152,14.354634425697322,0,0,0
21.061315223502035,77.50985960044034,7.70014367661499,11.009497894563209,0,0,1
27.76448830081223,58.561108227017016,40.54049482412358,11.14411821364098,0,0,0
22.000137369463573,60.98402320631712,3.450241960020101,15.050306469187092,0,0,0
33.56745103961583,80.40599738191852,4.728724310415816,17.0994158604358,0,0,0
16.31252176355635,91.02741041237505,17.111315446363378,4.779278012174335,0,0,0
25.98823664121929,74.59436129733938,5.904587909856668,11.110790935811004,0,0,1
26.81732534790229,83.44163496669411,23.785001062774626,16.579094189841545,1,0,1
28.054562475544483,49.43992595784552,19.98379452209352,17.45588342390005,0,0,0
20.11332446663629,51.65774996418855,36.09048979428585,5.748187766770332,0,0,0
22.29132855039729,69.26190777583645,47.65020776048602,2.0830771319502506,0,0,1
31.873610593299553,49.71048057335623,37.677929236956295,4.656465077555598,0,0,0
18.898855379403198,74.9247288621508,8.972433144030218,18.909990280290543,0,0,0
31.53735694346724,56.04092519670844,46.77606427322015,9.249594248704284,0,0,0
26.253108458054847,83.53429402667905,19.60667162765336,8.371475811120497,1,0,1
30.24375022388164,84.44606906378888,23.709468046345645,0.2616869746842032,1,0,0
29.27214732526943,65.50831006654442,21.078811868531776,1.0202936584270228,0,0,1
19.15022990769758,49.94458492706994,14.027351164385948,13.373918589494473,0,0,0
26.37625472867746,75.57262285950628,44.7522143898742,11.79654137449993,0,0,1
32.35446305610185,94.60328600449725,16.611943294830805,11.510565969908075,1,0,0
23.64232473603859,74.24249938683877,28.92982348397732,2.206457520489431,0,0,1
34.33181540446633,41.967607989270434,12.001679218716511,7.04122339130707,0,0,0
24.04430200203436,40.95116866718954,39.86876873850902,16.24716277280296,0,0,0
17.855712733357695,57.61990837707684,38.70993297645933,3.4982244783327454,0,0,0
22.788693601553465,50.76810937732227,14.815606922352199,17.653745019648728,0,0,0
34.03404812781074,84.71781639288196,34.077703657172684,2.4295660069780634,0,0,0
21.394416986797083,86.46431168698003,35.193676654747485,3.382986602479763,0,0,1
32.361963197341254,54.22403242207619,28.125570805238308,9.554999223074569,0,0,0
32.62501363363779,57.9104627322441,30.02991911358351,18.905998088970748,0,0,0
22.00373048663922,52.9935832243313,28.72273191453979,6.590953562908473,0,0,0
16.665153161012643,89.96104010541953,4.093220199742281,13.164359871160977,0,0,0
29.491158183176367,67.64571340422552,33.51326723568925,11.773425119781525,0,0,1
21.23024598027972,76.0875374245111,23.488750491934564,2.9924527300111503,0,0,1
30.658472285151447,62.85151476847818,21.922864027070677,4.963338027883266,0,0,0
23.853096965208664,74.7057806427492,42.99996093909004,18.60305545287644,0,0,1
24.70533484685243,61.22204571969549,1.1613356730558855,3.6965924730619903,0,0,0
30.558188134970734,58.6823140751074,12.565745897937758,13.900197795102265,0,0,0
22.647266621232557,74.89640402454141,6.070174992137317,19.29388965200609,0,0,1
23.86254690645829,72.50841429269441,1.767052230486288,2.3901198440455618,0,0,0
22.523809375392442,56.14403747923723,13.783849883797378,7.983639803746289,0,0,0
22.3468103055456,48.214164767571035,49.42381363973388,4.478642888854745,0,0,0
25.518931538029186,60.27171816109757,13.51145866037869,4.431230348090858,0,0,1
31.175988890023014,62.83587015280501,33.18529098978857,2.3797168799936164,0,0,0
22.235366238451316,74.57763833835327,5.914944502036073,12.991023679829317,0,0,1
25.485094410754733,90.29908200002751,30.092381502361498,14.926870198214235,0,0,1
28.414546508852016,41.99016386431088,49.22407415691566,13.535878200461124,0,0,0
20.3887889260731,53.40135568980147,14.591876173023266,18.493129152383055,0,0,0
20.550456098047853,50.65437682537582,42.40378081877914,2.9135761743610833,0,0,0
33.6682625404691,67.6261924781581,49.87856901832677,6.396907467700124,0,0,0
29.470691466621773,63.63354438737379,29.4277044360372,6.89145619404912,0,0,1
26.543733524466177,80.09706931011036,15.470055021401768,4.641642076938092,1,0,1
27.95440108841224,53.33287518996751,33.67656299495781,2.844098883139332,0,0,0
15.585988862068367,72.69741011623671,42.24241031343094,9.734069518525274,0,0,0
27.362059311233935,88.61214949799776,8.567512148098915,16.68879256094857,0,0,1
25.190177464484037,90.08727569550676,22.625788192072665,19.090794512066363,1,0,1
25.91499359558871,92.73315325987672,15.959385506192048,2.5868126443699535,1,0,1
22.188476536616342,82.52936336439937,14.167949848118994,16.46314456145472,0,0,1
16.62947795425884,89.82933484424032,43.041063037008634,16.491622459305496,0,0,0
18.866784672241042,52.89919795919008,21.082700341091925,7.779562431051339,0,0,0
34.014894264253435,50.866951939276234,16.95381709019564,2.200592482909083,0,0,0
23.17399124541868,40.356844607928956,30.175527071300685,19.80016013513796,0,0,0
24.333663116617284,78.87643965860042,10.970078981869063,13.111860610576374,0,0,1
16.05419579706878,91.56069532975594,11.494674528403948,19.64391390083161,0,0,0
15.751324590879612,50.2814439772922,26.014436543575233,9.673110313693169,0,0,0
29.343628940935155,75.03189664847834,20.463636432309208,7.903859998734575,1,0,1
25.761893282422225,81.05528675719776,14.749119196116222,4.943709519409076,1,0,1
25.174119684325333,91.01878293314311,2.69755661370511,19.67144003544039,0,0,0
19.862490608453374,75.57731232094719,26.038711931926077,5.065145389245473,0,0,0
29.895014632598446,93.36615530118138,40.83046028005376,0.47525512436100703,0,0,1
18.36473158216984,58.957022755690126,42.56886026430289,10.249368271769557,0,0,0
18.798694873220402,59.246069357427416,11.77199898630401,7.541009861018308,0,0,0
24.21424342696551,69.865688050789,29.982060197374416,5.22765006858529,0,0,1
20.72559724223882,61.09260346137489,42.79406547314702,12.692162329623468,0,0,1
19.94925962466293,40.0784150558143,20.43629641381324,7.285372297956445,0,0,0
27.904752891066632,80.24746137978431,46.60684086537643,8.045017766337457,0,0,1
28.01943490437089,81.34443728131659,45.148926456477646,0.4609120778808862,0,0,1
31.490341395998584,81.08360325777238,10.40669487094047,11.78141857106115,1,0,0
23.35417133945952,58.97613666357566,12.948241645010189,2.4414205969408553,0,0,0
16.461701820523004,68.72592103211446,9.022099932298444,4.276097177908436,0,0,0
20.473327698429152,59.79854349971682,9.802717572735114,14.342356412252764,0,0,0
34.60010926393634,40.882002001685514,45.393104358674904,6.2648545236782205,0,0,0
26.925171504654042,70.93469176992804,46.55689545963115,3.264203948767619,0,0,1
29.194741696020404,46.80683663462061,2.5948620592565472,11.548482941249617,0,1,0
15.14715659250829,44.402272825029236,29.68016778361024,4.298089898758812,0,0,0
25.364114643650417,81.5524487783233,28.21157814287858,5.4195642791741,1,0,1
15.750573150636063,40.52284113299581,19.527382336222992,12.426786199557476,0,0,0
26.38460424182896,92.74546439847994,31.58487964115535,14.797235627278297,0,0,1
33.415416992721504,68.33904502619173,47.36839127554251,14.793193703911543,0,0,0
34.368382610008155,94.06590368883816,8.512744136107308,9.644868237416608,0,0,0
25.81105350777848,43.18986648599896,6.020545485822781,9.085938220188709,0,0,0
24.16409610504432,72.09412518762522,1.6695285414487837,15.752903684625148,0,0,0
33.900341884969876,59.21298697867512,18.191665392007174,3.8606945022503414,0,0,0
28.4721966399339,86.39153710478573,16.881423853893303,3.044048950569185,1,0,1
16.29798559076819,59.867250437885744,21.540984407932196,13.293901320590196,0,0,0
24.314511553349952,54.3268168481542,25.165501544047448,8.190138687785106,0,0,0
19.804900369286077,87.16542199049523,37.89119970152273,14.199969211403618,0,0,0
24.396086428973632,60.605920040929355,19.605669522875917,5.13200446926472,0,0,1
24.109311440127236,40.92583259233088,16.530655468061678,6.497437621335338,0,0,0
26.64289605629484,61.465900546163354,41.34394101298135,17.933552983707813,0,0,1
22.135409806985024,75.9987247956018,42.489833532682816,8.433130536431763,0,0,1
18.28540898911856,53.989774634351,11.638298214667659,11.819069394407688,0,0,0
25.074388691799125,63.75931758338365,15.733591135565417,2.1336438823661896,0,0,1
31.60405768691524,43.1193326055224,41.25581854550441,3.5765834438551747,0,0,0
28.280244561352045,72.34510353326765,3.9704122148882415,0.7177545764528848,0,0,0
21.767357318504317,81.59622081232166,16.292339019536893,8.487416235233331,0,0,1
33.71046045517714,62.732190877061065,22.41750535204306,19.77840008990048,0,0,0
33.24415142498364,63.1127948040803,9.353580760028551,17.47746305302932,0,0,0
19.186967987681975,44.8555374221704,8.99570983053491,12.658178298810139,0,0,0
15.78835170240726,51.10674754815904,21.243102900676437,17.221929839149322,0,0,0
29.826174167015246,48.507141672035196,37.72608623674279,11.883387127048461,0,0,0
31.552205226983066,66.49282727638459,42.01164897738137,7.375377606682754,0,0,0
34.357291319027105,69.10905475229126,48.96175462680867,3.470928022022306,0,0,0
32.796727881766216,92.1917072206343,3.6992025045859522,13.060974835204483,0,0,0
27.010695364128296,44.02773273524787,10.834110057299634,3.8610255278149075,0,0,0
25.601046784247615,72.99273852352759,37.831492119209884,8.348568344001205,0,0,1
15.556821025251725,68.95741900305327,27.02993530278309,16.51603684310526,0,0,0
19.933128936895557,68.3928203864706,16.38398869812091,2.5845860512345697,0,0,0
24.192295034658528,88.02376080605546,10.279483062362177,2.580428381135902,0,0,1
27.570078001671355,51.30461588825176,14.023877582122402,4.488048311831947,0,0,0
26.145036666368213,42.24253008877543,21.464447515047596,11.038346142445981,0,0,0
29.85271979363381,76.97493291988059,8.857560975301638,5.034469565198261,0,0,1
20.595338617740815,58.983660527478904,48.21129779383753,10.063958745100015,0,0,0
26.299052153049466,40.967445391688855,5.379422229993719,6.039652221193743,0,0,0
16.762844867815843,53.82557040097276,49.278871724460956,10.124844098168111,0,0,0
23.27331047166414,57.01297258192466,42.09466430003363,5.552628980034604,0,0,0
30.00321665909202,73.92611072313332,21.157580875686953,19.600247512171304,1,0,0
28.86801706858088,49.49221867270997,36.99081671941051,9.854358022839357,0,0,0
34.81285474344358,62.71798913743689,33.575762184819304,14.872868682164802,0,0,0
20.55782251975512,66.53614944298079,10.664345897446548,14.010931177964101,0,0,1
24.963785983479582,65.258056525025,16.95350430594732,9.811187496287223,0,0,1
21.590608275479934,93.566742166673,25.656128140272894,4.777241233358504,0,0,1
23.812062281183493,42.502733078466285,31.892208994386344,10.214365558257297,0,0,0
32.13900259738776,92.30325025488196,27.144749067831075,13.61943247440869,1,0,0
28.684181503769732,72.00654676967183,23.649373050323693,9.198385411264237,1,0,1
32.648823826951634,83.76502432334111,22.157613672745008,1.6385021472548322,1,0,0
19.070222166637727,63.67159399088415,24.913224964750896,0.35966459116167915,0,0,0
32.467222356828756,64.96108346913392,21.717575992298517,6.55753616935677,0,0,0
16.19524548356769,88.36295744587031,27.066503877285797,3.0044785218662384,0,0,0
32.77198560874305,89.27639729605463,44.39926495233334,18.123804918519912,0,0,0
21.58147558921456,53.12788847872137,31.64146565273058,3.5166534016984974,0,0,0
21.29175266828133,50.958303322153995,36.13104374942701,7.885654280231322,0,0,0
25.241771533973278,67.29293456284731,29.87415668653883,14.241550241429628,0,0,1
33.81380375446464,89.51523649202304,32.15088412070011,16.30843320032122,0,0,0
15.955627293628108,57.729530137339694,28.917491422409007,9.554263063562619,0,0,0
22.044619501414907,75.86080384365222,1.3433261097911597,3.6227001921678426,0,0,0
32.13143977366671,78.94834282573306,49.97991911000099,5.417904471517061,0,0,0
22.921089548709332,82.82710656917857,1.6804620106448342,8.379368952822944,0,0,0
18.98313795194134,71.01584518565298,19.757400411682685,7.291891786511659,0,0,0
23.495883626628235,62.135034805343324,5.255783914946671,6.97345514339313,0,0,1
22.711050029833387,93.1858793839435,4.846422522046623,2.6370760351332856,0,0,0
33.308324029334074,73.62319143165689,39.67634758372418,18.266205043418996,0,0,0
30.238687514861944,80.0710866398299,21.29628896790385,0.595132128354301,1,0,0
25.102311114880127,58.97405651327331,40.056935414938245,8.800042557515024,0,0,0
34.76741133443142,76.8472049551694,13.639323534041575,19.606429850061733,1,0,0
24.305550625518464,54.178871419026926,12.823139590311738,13.194478776482041,0,0,0
16.164756616405505,53.48033046407499,12.561569090723108,7.108213274661665,0,0,0
20.2454864362997,79.30972109951844,30.807281320395962,2.921951689063398,0,0,1
23.721409604386253,68.67671049446143,40.74996949228,19.27745211291522,0,0,1
18.1380524829224,77.58021357323143,22.61305050376203,0.27972723746299444,0,0,0
33.95130252648086,54.819116991145044,18.962444532054118,13.62775141226287,0,0,0
30.33697795635546,72.92978375812018,48.678977710082464,17.602749428906545,0,0,0
20.365744008555453,64.4163507336712,5.83770180058194,0.503209797724844,0,0,1
26.816090670358317,72.83281577650403,24.331634102244625,14.503497281810024,1,0,1
29.42898314219144,55.99838527343206,20.42438765907172,19.9767552250947,0,0,0
33.82557857813596,79.34980300070181,4.906329829344519,12.792849371466987,0,0,0
32.632706983508214,84.3261151387706,13.410018104410959,8.293578956867975,1,0,0
25.303844522764273,54.2954060621748,1.4220606289556015,17.488014387125638,0,0,0
30.493052395860353,56.53413079206031,43.84771444914785,11.083584928452566,0,0,0
26.2428950765517,76.36348483455012,30.392476449520057,14.988816935798802,0,0,1
26.054077800910804,78.25718458669493,40.75092489351253,11.755579836370098,0,0,1
17.294839166763836,78.72548264185976,26.07772262014949,0.7658218497589853,0,0,0
17.52275316032304,77.54841776267102,29.975491471094717,4.262899764106951,0,0,0
25.59067230044915,61.604424432389635,35.04272389045824,1.575271479734992,0,0,1
20.377230899580134,61.716952092202305,45.40058137321075,2.1337552476644595,0,0,1
15.420738049209373,54.01496930044098,4.587594391292288,0.30810987176143945,0,0,0
29.456784078004247,48.62585349429996,16.547419736786345,8.423299580283059,0,0,0
15.649731933803299,78.09175586682981,35.45130953500003,3.573032635083302,0,0,0
26.90553682208109,45.125383228477205,47.917528150069636,17.113930409879433,0,0,0
25.783875882546287,91.57857577327299,49.04037142450027,15.000750750813207,0,0,1
34.37629381155609,85.46774670192983,31.90515045686312,11.46353989630992,0,0,0
24.684262786952832,87.16281569764908,9.679923887743364,9.780426907007909,0,0,1
16.27202872755595,89.86678480383546,5.9604455706978365,5.117372811519516,0,0,0
26.033759356129234,62.4732733897782,47.30218221402127,9.49902931749971,0,0,1
31.82192341232203,86.56853978427205,21.696384473125374,12.824585517288217,1,0,0
34.9369856856288,48.69337151604071,9.74080166313424,15.64457720385551,0,1,0
23.606863473781452,41.19029870345296,46.69462578888005,1.633641325191868,0,0,0
21.40597484993485,83.16902670651176,5.226213578215594,14.169293774911,0,0,1
33.13306593903998,44.113815639831664,36.478554842853754,14.854597535225707,0,0,0
18.82484258152243,94.36885670292568,31.263151377166707,11.17944401849713,0,0,0
27.30857830065853,77.11380362808558,4.386733219044592,4.286383914064025,0,0,0
23.114288483618957,81.4397340633158,16.93743978197211,10.7836917500235,0,0,1
15.821647299111106,53.519212095282626,7.496534477000533,10.054097636306206,0,0,0
21.945769486113953,77.06259666558284,30.224929626658064,9.514201927735924,0,0,1
20.30457045005349,42.377096549022646,23.855651583871442,9.212798309343682,0,0,0
28.721823078869736,86.08041459579805,0.21375623302454794,2.216511325830395,0,0,0
33.975809953838365,49.329325116736484,48.7855283141954,3.657849697147295,0,0,0
20.360943747572755,78.35469367585739,17.47923249447702,1.9466417690268467,0,0,1
31.229318783033634,52.346427567800056,12.9102196418525,4.8495565533596885,0,0,0
16.10719633876819,43.76492431843235,11.122147789705133,5.26953565461346,0,0,0
25.762420200796264,66.48215232021668,7.940794808678392,4.901517229860907,0,0,1
16.411001274197893,49.31074156500342,49.95685381082549,4.218581363712069,0,0,0
33.68065982261278,80.11941935796024,14.755473394080242,14.70844090969578,1,0,0
30.327025611147803,53.066121386091666,20.275674861214082,16.371307991962357,0,0,0
28.158998224091846,58.83599059297059,43.56779580890445,6.542184331451397,0,0,0
31.477927632493284,71.20915881954602,32.09437517714391,6.1025778336889775,0,0,0
27.950395911403263,55.673255266752136,18.434720587263627,16.88064699505016,0,0,0
34.37888794348582,60.789346391547895,44.91642179619265,12.47847803331582,0,0,0
29.27915895729543,84.85919740722127,37.486210110680005,5.86876649578115,0,0,1
33.49317219164493,49.85654172585642,11.395025377084982,14.272245851731643,0,0,0
25.34263784021276,44.52108742150635,32.18694972999602,6.8918562046633465,0,0,0
17.341288259637253,58.05967818231606,46.11992491462008,11.731112286843462,0,0,0
25.563554428460343,63.3407221857633,24.823043922520625,19.85268059975603,0,0,1
17.537456561261866,69.84626051751123,36.68062014158336,6.0318875043206654,0,0,0
26.8498695835281,60.48330328962538,48.55518719945796,18.610520014166664,0,0,1
24.649861210553258,83.44514351225428,34.52070704476065,6.413048285693963,0,0,1
27.451507956655632,42.16257182176603,5.1219344883040305,10.805734087496468,0,0,0
15.200939621096632,63.747214600920685,12.227977546564468,9.199675791980798,0,0,0
18.896809833107284,61.024075306102255,29.754821867132446,15.663191246878723,0,0,0
24.826608638242618,75.61681699437725,13.777790768595304,1.221853989639896,0,0,1
34.010071231782696,93.14519385435678,47.87708526945699,12.542446081373278,0,0,0
22.672180807103167,68.07064736458742,20.26760170110869,15.213338886976457,0,0,1
23.487440521072692,94.27822658179463,22.86152028661825,9.442897027642385,0,0,1
29.293921780132443,56.62371672022586,35.080104673505865,2.1058521307561073,0,0,0
27.07585514572236,41.697747289835355,26.212486567093706,4.896100269696262,0,0,0
20.978523001966664,49.111474211202705,19.107298344438416,13.593447402017274,0,0,0
23.216327911348557,61.7318686626012,3.8318937577289383,17.908747710006303,0,0,0
19.35399597714465,57.39836500537037,29.82227947539319,8.432172140009772,0,0,0
34.32042918260417,45.337977204085774,43.37900153970173,11.208240701565185,0,0,0
17.612687631147196,63.796305922989426,34.28812208800281,4.567700734537241,0,0,0
22.436735691328387,58.59636744127595,19.07475050234761,8.24426628073743,0,0,0
15.516779444400225,46.74405712515912,6.386303231156471,6.73579615540983,0,0,0
19.43558983867093,56.28644218365499,40.816909345212196,13.110510959430473,0,0,0
30.6094227676031,88.75398304454649,47.08741811156024,19.69397903350222,0,0,0
19.02350464577759,56.612687601913706,19.41364953981324,16.266069039713724,0,0,0
16.60126805057931,79.26754827831283,36.432109459203076,3.843291698523703,0,0,0
24.489063596890468,73.66258938117656,20.538171994537784,11.553571866135337,0,0,1
15.19938469469037,63.49496393246045,25.113346942609972,1.3282342989680318,0,0,0
16.695323088526663,53.146410024201806,41.82381903082049,4.938309736852711,0,0,0
31.1525173912595,60.295808464027004,4.171217110557679,3.444353521207808,0,0,0
30.42946689719213,72.56589674090736,26.516767439335254,6.710910752789259,1,0,0
33.30277640809792,59.29142681121452,10.731013733561124,13.576279380884271,0,0,0
32.09030871821499,51.81930384658275,16.99029727478812,9.987866338336534,0,0,0
28.663511264796362,46.405451189039766,32.22144123211371,18.658185196584355,0,0,0
16.046657146013256,88.3871815850261,1.361420616842418,4.2549767969701735,0,0,0
30.65697235973315,64.21721366635481,29.691254948658134,7.284182925078804,0,0,0
31.910216216811207,74.38645769586115,14.172111972687485,6.59705153584939,1,0,0
30.98164291543909,66.9725698625243,33.474218040403606,4.719272519198599,0,0,0
25.169580706160524,87.99115850968798,7.0790675956527105,19.86341538252489,0,0,1
19.658036772989632,70.08141688465159,36.79058019080893,7.744510908861089,0,0,0
31.906599513774534,66.44297798720123,32.28198598814891,18.81017960999197,0,0,0
29.54325619480277,90.85305447319419,48.562091644017556,7.809469477059789,0,0,1
34.61522348777703,79.5829277824945,45.5617681629074,4.081833574813219,0,0,0
18.11385195511866,46.135244904077155,14.165143159985117,2.3841266136542227,0,0,0
19.5132916610411,49.77374536582477,1.3658286362718486,17.111263863510104,0,0,0
19.235962997630054,83.2917574616693,32.76842805558789,0.6419528097015648,0,0,0
30.850795352426736,85.97182266489749,30.144369450233626,19.287891766785627,0,0,0
18.738145929002364,69.9854955999663,1.3714384383223033,8.363824235710968,0,0,0
16.333196596466124,70.49503753266515,6.133876460129634,4.9474870216871425,0,0,0
34.97121613171257,74.75631295682945,29.235085226799278,12.34892264430725,1,0,0
15.496344228902982,64.15136758554517,45.5913632021746,2.6582598367237265,0,0,0
31.70488120317731,77.41095179161472,45.32501382567035,1.4429114713271152,0,0,0
22.307336831013057,45.96646916615286,7.574252730603742,16.555667038191338,0,0,0
31.832309195156306,92.87035833020624,19.228697320262476,8.493415492506536,1,0,0
26.092409824222898,81.25851530872069,2.160143217608701,10.36509824209064,0,0,0
33.032624589727206,74.71458122049538,23.463592318146453,3.5339201775012974,1,0,0
33.523859728292535,57.39771313552144,37.65417298366028,1.2284848905388457,0,0,0
15.18196362561552,48.852551810120104,39.49863556828057,7.355522653036934,0,0,0
16.508243519855764,62.513863010591955,24.94947332982865,10.122925047601788,0,0,0
20.00717459141711,76.3867207315732,4.79348373541092,15.308612437560559,0,0,0
28.386308327270033,74.8540358882711,19.06819875907832,10.021040004709267,1,0,1
32.76544393023012,61.045263528606434,46.60509799871822,15.650140353718058,0,0,0
24.198839025879256,73.73075166082214,11.480627825985735,2.3086555934862774,0,0,1
27.139462325485308,84.75615625621512,15.987722495636325,1.2792554408790324,1,0,1
18.769997055911222,41.44566247856839,37.341358773153544,3.1772192828690327,0,0,0
31.09933667763371,64.78415763616516,36.679039444296905,15.440242537774571,0,0,0
34.3465622270694,81.72053756567351,45.61011440124662,15.186604616774028,0,0,0
20.37197865829195,70.03794587548575,19.40593453601877,2.827356090212829,0,0,1
24.89651903201093,75.83118483609886,25.729936193714558,0.6197731650135951,0,0,1
16.722322210127476,68.41720159329381,23.36962306102388,13.705638724243304,0,0,0
26.18273312925937,94.55309995752711,46.38760855112265,17.10563566485955,0,0,1
25.055668836933613,43.004184506897104,38.46652944123174,15.082153910203644,0,0,0
17.888729683101552,67.00746519748076,41.57208899169241,4.055979612301563,0,0,0
23.8413242623615,45.027910201298475,6.654913441470544,11.675357944506713,0,0,0
21.682093041731264,48.78820591624637,39.592334643407995,15.147314412510823,0,0,0
25.436617506103786,61.067109273004405,21.64893830287485,5.116574090940791,0,0,1
26.713086708575986,48.554705032526805,1.1669341415323553,10.55441602738906,0,0,0
15.16991157214419,93.0027941276158,3.004417637164231,6.289208079475406,0,0,0
30.22011965899111,92.07343771988374,33.89539698674223,4.511508346540422,0,0,0
29.260285837234818,58.48603054213321,18.600622057298494,19.39178653541705,0,0,0
22.325727724130445,75.18612416207237,43.40577866117402,18.251639207738528,0,0,1
16.058718711376365,69.35643263265824,36.713656693793325,8.913354619029741,0,0,0
30.09865079570101,84.85728392836728,1.0840005833480881,2.7355612212795277,0,0,0
34.103503209562646,74.50950853993183,34.3444155918001,14.558146066412974,0,0,0
19.803031920440283,40.01388499698091,9.617623636617811,5.114022602564406,0,0,0
21.470492274740756,81.97459120853563,21.129128435195604,3.37035611676189,0,0,1
18.6762577896363,81.0766466712865,31.236760106148136,7.630580354763692,0,0,0
26.538722466896793,68.03474880615646,43.63589206478464,10.596996183334781,0,0,1
18.0968278929491,89.66054352781796,22.80489441959696,1.9488065964082923,0,0,0
22.12387886922759,89.96454131297209,40.42452270955672,11.434929460970531,0,0,1
28.94026027868526,68.81514221874184,39.148283140031644,0.3069674952524304,0,0,1
26.202319660186966,73.43935271580958,20.726925642562914,17.837381211861732,1,0,1
22.729251286558707,94.80871395585697,25.04900817164514,18.414833785577333,0,0,1
23.404992036150837,56.435112914627965,35.02425050249066,14.66141547023703,0,0,0
26.24221765246459,57.853948327131256,1.5574217323469863,9.330988171483552,0,0,0
15.117294557743225,50.0525646464923,44.5405706899623,5.097925411266225,0,0,0
16.570197369072197,89.27268165368274,38.49080797188467,14.88224181422793,0,0,0
32.62516135526023,80.94686144720964,12.47079407011652,18.635944039041274,1,0,0
16.557579781825815,45.810356687863305,49.05899765944878,3.1706740979487913,0,0,0
29.136071924210103,93.99720431588811,8.969517629480938,9.31643978595396,0,0,1
33.40076328218105,80.20289394886137,45.70433368522009,6.305232720718563,0,0,0
20.413672086034623,86.7787160282736,16.223672916155557,7.134835780918198,0,0,1
22.409828741190285,42.64829340452605,38.15733550820679,8.11515562645865,0,0,0
26.378428116894327,67.77285054181922,22.818829662397256,19.03592688742677,0,0,1
32.63417939277169,78.42290576998715,36.82336937250011,5.172743357361873,0,0,0
33.83811174520841,69.86206215145127,7.789152396968313,9.853516781870134,0,0,0
29.791264962225362,76.66561061346026,13.475322919324139,19.029749433235807,1,0,1
16.73239521709388,84.983073497476,4.992891223601282,9.521137804366347,0,0,0
28.383083110697015,60.58853846281079,43.257199071890156,17.271990438429068,0,0,1
23.20607443745324,86.67677715902903,14.814649388474965,1.1752954865056187,0,0,1
24.41401998982123,48.96038576209099,34.72381147083317,19.06060836926472,0,0,0
15.982967806903542,54.898733026450614,41.01105988707641,3.750622940521018,0,0,0
18.821242786927165,42.38400909600292,45.070911818967296,19.598700694625684,0,0,0
30.810272150672954,60.04347462343881,5.314855765585891,3.5115373051709686,0,0,0
24.079176660957195,60.89502496532661,44.65074667563063,8.887318955899485,0,0,1
21.033244832622977,84.2898828463988,9.862638886535974,6.17228983145089,0,0,1
22.680381479299164,75.92218686593108,36.84510057954808,8.664628421900883,0,0,1
32.0879902665136,64.01974069856166,36.44245096823056,5.01049479851051,0,0,0
29.97998034809914,75.86626882430616,0.4251570870477117,19.306348248552837,0,0,0
20.446307943621655,42.90308427836301,11.031195415512713,6.114499681461833,0,0,0
17.350036804247466,49.91493448101068,24.595425733243363,13.065498241284459,0,0,0
20.039964432881433,74.48213203829653,21.001735333164106,2.74894979197577,0,0,1
33.41512902109467,75.27517505739162,45.92867399423048,16.487749696997675,0,0,0
26.63177675699511,82.5774062289085,17.987043475126157,10.850158870190267,1,0,1
25.669604174895657,62.16498674794812,46.84918574179812,19.588922490626317,0,0,1
26.92787199384923,79.7404753138886,22.971465919626553,8.468044336668703,1,0,1
22.320565314930306,77.61891829081043,48.21764483200829,3.9089574995332077,0,0,1
31.142140406390254,92.9866358103417,36.867740501243055,6.920379988819672,0,0,0
25.465724986004997,51.832162453357356,41.466729581607794,14.739312121869885,0,0,0
17.33495805537591,70.34237600639517,5.24384441745005,13.18213041991752,0,0,0
17.58130249658126,73.09704431607581,29.30707166211839,15.566948152354502,0,0,0
25.737182930052366,94.92563367138214,7.1350179914675405,1.4694058440841817,0,0,1
33.73140436141678,51.065127819165845,14.881050102548704,11.60737550689573,0,0,0
21.167042433523974,68.77699109820108,31.178270308363405,18.643373540726095,0,0,1
32.39082337718436,59.04019192425014,36.31128523469454,2.158038389631547,0,0,0
30.281911731577587,68.92411327184499,1.9591891005625417,1.8867051782595778,0,0,0
19.95624885813814,52.767073115670826,26.547186553618236,14.332087290390279,0,0,0
15.726814966324849,42.618680813511844,28.26569931449432,6.3036491168840385,0,0,0
17.036945302847656,71.49109996437289,3.941399855510058,13.171584207218139,0,0,0
29.569878676948804,58.471987372345765,25.03440171003818,10.907690261007199,0,0,0
18.993394760812933,50.00677709616385,35.69211400249132,19.72133316679811,0,0,0
22.425418410107874,57.816456134291855,2.661364243776548,17.78112833909748,0,0,0
25.0339833201285,42.71041107962597,38.0133888161981,13.561455631234233,0,0,0
29.509363369003257,92.27432287495569,28.821325245206843,5.23349252206301,1,0,1
17.264624465182507,71.96313532352933,41.66136041358954,5.2381632430093905,0,0,0
23.127328105549232,84.81227747408636,10.903128642703496,17.64487601137892,0,0,1
24.70145818285391,63.27150086512518,41.66368421065592,11.706821305507859,0,0,1
25.816541279430794,89.68230671614022,4.728048763373399,15.785635641042045,0,0,0
31.367212827904332,66.58250218537393,20.19148482223357,8.997284130736602,0,0,0
18.43356390086434,71.56699272103683,9.974239576232424,2.0614727330305316,0,0,0
31.156629036532447,67.04866890344613,43.801041614543706,6.653729164792521,0,0,0
28.857568553933042,80.33030627272083,35.24599081508869,3.2229838857672632,0,0,1
26.11741628397919,71.16608426811342,1.2680888580364091,15.636656328510046,0,0,0
28.990557408051437,54.93794079692188,0.47616778069780596,14.010239793141803,0,0,0
23.240354779033126,48.00467422274555,14.562462724083487,1.7682584477608132,0,0,0
17.767951719362493,73.33684138856378,7.1641557140282695,12.42770797523754,0,0,0
28.315304805307346,66.904897885087,31.51522387800979,17.48271013989591,0,0,1
25.493446133712446,45.27866331828621,33.189846694127986,13.947285907999332,0,0,0
27.78749601085551,61.75896061862976,47.09754518306838,10.222238259688428,0,0,1
21.7599756205698,68.31270321002495,47.60199622729204,6.237265698777746,0,0,1
33.137331546796716,85.47912786040746,32.94483527056728,17.741934991717912,0,0,0
26.74739737151154,44.18555807083493,0.28375564263543596,8.456097642820398,0,0,0
16.70804968581748,59.16724415353016,17.949895828480717,17.107871604675708,0,0,0
23.996079814088574,85.2460867490712,25.65707566236331,15.659996764363942,0,0,1
30.127121094872685,75.66331624743682,24.958987825423296,16.324539305617193,1,0,0
30.88269123464545,55.94770769920827,30.167031475111333,19.795950403232926,0,0,0
24.891941055275176,86.49343171124534,48.02757414023802,14.97517031745929,0,0,1
32.89495141662602,67.13114693094808,44.25963459775769,0.6808187143729683,0,0,0
20.35336874388595,67.40935402207533,5.445401672524413,4.108678699614899,0,0,1
23.211973944765333,93.71230365602113,13.299019569669662,0.7039030065032903,0,0,1
32.9719382113794,92.09140767800082,41.655470870981816,3.7982713988338124,0,0,0
32.92513432943158,59.719297585341415,41.21534544096035,1.2287902137222662,0,0,0
28.714255376493618,47.73185207646953,13.768536206083548,10.03234082372506,0,0,0
32.1796109424444,57.91167027529517,36.529401534305975,0.5641242626615561,0,0,0
16.775465339124654,41.67657931712634,33.60186893589287,9.45158199230519,0,0,0
32.29989952415553,41.14223376907152,23.676198248498075,17.97681814240024,0,0,0
21.412398131004537,61.753717493828056,10.072747633951467,14.97152025149619,0,0,1
18.566630248564326,91.75609024834787,44.43215904470431,18.87911847303512,0,0,0
19.787396726840925,87.92465376777142,33.89255921534174,4.532935475130408,0,0,0
23.35937016027774,68.12935586546926,8.449646243918735,10.621716328105874,0,0,1
20.023840092089344,71.08745096439569,35.24011724204304,6.371589063316776,0,0,1
21.411351720329982,40.32634232103311,37.071685978849,9.876395913840682,0,0,0
17.69956972143284,51.8525635708571,44.344014256052034,11.14151659168577,0,0,0
20.92353531117997,41.36257698139111,11.141962762096746,0.7237226095173033,0,0,0
26.445676290840023,81.4996742982463,49.43770527067033,4.665122704299662,0,0,1
23.837074161821278,48.01051878145738,7.669671126346062,14.095455584879948,0,0,0
21.934375224718224,87.79759063622492,30.034444592979153,15.458560490805993,0,0,1
29.92904257714228,75.38283725216834,32.85882526367392,11.389027349750066,0,0,1
32.87019942786635,52.61802720836423,20.947644763293027,5.416580558973534,0,0,0
30.13578445804794,48.67461743957874,23.751885438519327,8.1016823344548,0,0,0
21.640014042353585,74.51935855076792,44.54550483610687,1.9207362376276915,0,0,1
29.888843356751075,89.5460339155278,32.26371148327309,19.063592335851833,0,0,1
18.039603649481023,79.509812040291,24.850047911734315,17.373549424205763,0,0,0
17.606359761825818,59.170065838185764,6.417478121676234,1.3120469381492672,0,0,0
21.91254074072318,72.3060977397756,0.3668812611567318,3.3298133131666097,0,0,0
31.15404738088114,57.09189324548318,6.248430907591674,11.62188882377507,0,0,0
19.926964944846038,94.95322617282623,47.80922837382527,4.6486014825843185,0,0,0
16.265068177973593,81.18615536540182,38.204339149566536,18.688013960282564,0,0,0
17.6341907041271,73.79099018662146,48.35581637551239,15.111811617421491,0,0,0
32.1748993705916,63.27925285212061,1.785435485408593,5.465830258221656,0,0,0
27.675665694945753,73.99837596427565,34.011020192931966,0.12202822380952272,0,0,1
20.064023267399534,58.78888343570341,2.2146763201708994,15.988947824059494,0,0,0
26.105916506563627,41.58756617019169,39.10282344344116,8.481794192021312,0,0,0
25.55159244850701,61.72986872961481,19.047508636759712,12.84755423715554,0,0,1
28.108719568813225,91.17644507689269,4.788268005324742,5.739496508425949,0,0,0
19.663751088432328,74.44656021256262,28.402332089375765,2.8574651871634194,0,0,0
32.288059743887956,44.61756366889959,14.006009830069404,13.506231835714914,0,0,0
21.187371241600257,88.67464873672643,32.978697093590924,9.006491762933182,0,0,1
28.882633079524737,54.78811671378332,32.90873797568952,4.703394021399618,0,0,0
15.322492927444298,53.40732211955001,35.25037370603764,2.752559991324064,0,0,0
22.453142597882945,56.34000328291765,49.62325393888795,11.609591888832668,0,0,0
22.034196359176164,71.74612298692766,19.33488549737027,14.510998804151487,0,0,1
25.86968857166029,69.95784513886872,23.265773724255045,5.677739242462305,0,0,1
16.45472523554393,67.02775650425849,40.23058505126704,14.702850706942478,0,0,0
30.80262747452217,79.46452749319448,28.91850115109427,3.6624439746554383,1,0,0
19.35561603535137,57.40957522342275,1.8628605343899818,6.7683138219021854,0,0,0
28.540756297640204,83.01354868648372,42.15392601299283,14.89764573599911,0,0,1
31.064242464881865,49.64269231082295,2.5749340969020484,13.202870392941586,0,1,0
26.237539124830263,83.04414339923551,8.541006824589214,5.410472538078251,0,0,1
29.81766413443971,76.50955578876555,5.10399834870936,2.4427000309386626,0,0,1
28.23720624430011,77.57645702511726,3.8963566440560093,0.8494684989448387,0,0,0
22.110595943040153,66.4854368419993,1.2842437652355099,16.758303598385712,0,0,0
31.177170780671307,76.68508429744756,2.7513856986183693,1.5028389913572004,0,0,0
20.89402739771056,44.388837560770156,22.1219594589405,2.296903044127756,0,0,0
26.424258355030343,86.8353114377152,12.642613499130695,4.754212605506673,1,0,1
29.907954782830792,43.05509784182053,6.326844170940937,8.913394084796957,0,1,0
22.57911819625015,48.18078304293236,32.9352771363263,15.79574160472992,0,0,0
21.0553521523485,71.723433967348,11.305595531712925,4.9496065188221205,0,0,1
24.186920203456452,80.66763005011804,0.9474577672404727,10.870164967195038,0,0,0
31.35926988698307,44.193836039043944,20.920989188366384,1.8074504410008618,0,0,0
33.5984352629133,90.64206477672758,15.521649598915255,9.290220102730496,1,0,0
25.901668257197805,93.54842068403843,15.930221567324637,3.5527798675461653,1,0,1
28.229324106473037,73.32725951542412,22.263501409078074,4.223831177811301,1,0,1
33.06547244477828,66.46839004572601,33.445696361713885,7.336568682178588,0,0,0
16.97093702825885,80.77672347538623,30.8239560018997,15.226953974017148,0,0,0
19.641571557323303,58.059654377996296,46.863080489443774,14.879728598004693,0,0,0
29.178000125031648,67.12954387578085,25.88583331512607,8.2994595297064,0,0,1
31.474889238245993,90.38830647479207,23.62849548625361,2.373423083848172,1,0,0
32.14058056661156,92.56104838828435,10.670721760844849,5.613832400478927,1,0,0
23.30214353709865,90.98880138281518,37.76906444240784,10.107115530602764,0,0,1
16.786798045837337,54.43464368301121,7.038788810714236,17.388235573902463,0,0,0
23.7556295459924,52.78579721192199,24.556644491024205,19.36509229626661,0,0,0
19.614691804141074,56.371547826112284,21.066109919372224,12.74941870047827,0,0,0
20.823929099932485,64.27211118136532,32.915043920220164,7.0137298099480265,0,0,1
30.445351136750116,57.279207703558,45.88107349783294,13.869069073887575,0,0,0
16.510541720517736,60.581703765648186,47.32977957491112,6.7246027164119715,0,0,0
31.55162434961404,74.13503236664178,8.389963358157921,12.509469068332129,0,0,0
23.55338171648338,81.93891224016868,13.09086091335891,4.875331433913532,0,0,1
26.9212786220119,80.45570090473544,40.58176599823533,5.339774024627559,0,0,1
16.79304462471358,84.79329618935336,25.913988122459642,1.5045117808224617,0,0,0
21.747181567145592,41.770142176847116,22.651728417786593,8.4028230442635,0,0,0
16.794018380296915,42.62535843233158,35.53127261903529,12.363490401913355,0,0,0
34.23087445762219,83.41606283787462,30.09624763034859,15.775898876212421,0,0,0
31.14523298652501,69.31933522785475,48.535702721066734,16.206970896753873,0,0,0
24.192655087129204,71.79773705691662,29.19873261441335,19.848888990143276,0,0,1
19.47205096647342,42.89227731179074,23.298691317362664,1.755114516739238,0,0,0
33.669102104997044,54.042259064419895,27.140868103908783,9.862735368916574,0,0,0
21.891931914539434,75.10948676870127,40.42699083484867,10.427491508048268,0,0,1
18.219688633747495,87.2550039560872,30.633752839261042,16.090668527557845,0,0,0
26.2632877690791,90.43408684497714,32.35240456933589,5.327170311776941,0,0,1
33.875482406896325,67.52307227092949,48.5719440018296,1.3874463987893404,0,0,0
15.076605810006452,70.00108280060087,30.919774221272867,6.2751762053683935,0,0,0
19.762496865079974,85.8177297087945,19.01426241672699,19.678556581285218,0,0,0
33.768952808208155,69.5693530411045,34.566301350639826,17.988823956491725,0,0,0
18.42171933714324,68.42721890455246,32.97296984886557,7.904939218933031,0,0,0
17.264869032796398,89.77962207685246,0.6923817753190953,17.52543997490121,0,0,0
26.40374431599609,83.4462996580734,23.366464839291655,0.6550896823331742,1,0,1
32.2368764658966,89.9989889498712,37.14518014411997,6.284081549284011,0,0,0
24.542196353878523,52.00358801296346,24.95207288605645,14.536236959750891,0,0,0
34.891285133690495,68.84065176604462,38.98105679676947,4.42904502033678,0,0,0
28.583433990759858,86.33596707263469,22.544184821380718,3.9678190297461335,1,0,1
16.481498144208956,46.11313051069099,49.16607988186178,17.236150919287468,0,0,0
34.85664263363951,83.7064184861679,14.644579460194434,12.319079221534876,1,0,0
23.15788473560381,50.06353608781782,4.606130407303677,19.780454366240715,0,0,0
20.74805067690965,84.44653152419266,21.500590057704866,2.69339352558297,0,0,1
26.15758367155771,73.66005156562775,27.085451243695953,7.122568144662933,1,0,1
21.086151836417287,50.62797953166769,17.454686584123074,6.224267436073689,0,0,0
16.729150142403046,66.03447986330406,12.114058005897949,17.602644754378193,0,0,0
15.028566861583535,77.50478415534243,33.60293456927445,5.105930400860212,0,0,0
23.99166705840525,74.86190954859484,18.856254992812605,7.069219953483401,0,0,1
31.737268444531846,63.49859579274374,31.568426455031844,2.85667751350855,0,0,0
26.44630371260153,89.46515909065099,38.953572429938795,15.508019652983743,0,0,1
34.98414597886882,68.55948779683143,38.05013138800118,4.7540656791770575,0,0,0
20.736932912944,67.82270141907786,18.765465531784564,1.3664054446443896,0,0,1
20.609101295201107,43.42378244677998,28.394911447508736,8.702174653817934,0,0,0
18.194989204678883,90.71662143887005,22.48291122213712,7.8291624792306935,0,0,0
18.281271765306705,49.74141127731052,43.54026263548301,3.5521840861075105,0,0,0
20.70373192020096,69.05895813901049,43.93792398999996,2.6719511979203103,0,0,1
30.856800905470543,84.19621807701705,17.18707914440184,17.931144267665214,1,0,0
33.11513581272896,51.84993023256038,4.586872393936536,1.3568897310246109,0,0,0
34.50174339415362,69.00553094839626,8.379124166200974,1.986219133926399,0,0,0
19.645793081929053,53.23767000728375,18.350087106544187,4.90094562276812,0,0,0
32.62595091228184,81.78322487899516,28.212497738149533,19.056783793130045,1,0,0
21.56510178554674,71.03876423302329,32.83935054822146,1.7076849903971025,0,0,1
17.25681089033769,87.0786723217329,16.56855231430001,16.320296534857643,0,0,0
32.40049851040331,89.20069015825607,33.37495598119929,17.841043066376542,0,0,0
27.722112692872372,75.6803415344969,46.8869991836878,7.557354829017708,0,0,1
18.294617921621235,79.89651853874194,32.600706358447525,5.877887996636848,0,0,0
23.596625150260053,70.2071054937775,7.928261472217563,13.547554565148161,0,0,1
20.745153897541353,61.14358031870606,28.98344564888138,14.052692012204457,0,0,1
29.735891374203938,75.6464857661459,27.09477583834914,15.599543256483111,1,0,1
24.068324612485362,89.95587429180308,43.535005544921034,16.611335626578516,0,0,1
34.7855989021277,62.91742092372908,17.515152760648718,5.367909120246801,0,0,0
16.0948996451919,57.29255145055875,21.147280502833997,13.73923203773298,0,0,0
22.100305322724935,61.36403162039157,29.932952774324683,2.69811448569351,0,0,1
24.638003342199546,63.946869661637976,26.22126558710127,10.214626630883073,0,0,1
25.062671094966397,44.04585659377439,35.95082962025871,12.257738330251888,0,0,0
21.318716447712735,67.4143012239247,2.0194495456247905,3.234638733530959,0,0,0
29.58480498195136,67.18728364275327,28.175800960347992,1.530130794390816,0,0,1
32.49494146977949,72.36441052022877,6.083594650193763,3.894925725523859,0,0,0
33.77438603955726,59.95510167592323,15.760449625986068,8.411774957047342,0,0,0
31.101867535990525,73.72091777755743,33.08134307661952,17.756819556307494,0,0,0
32.011603946131984,88.30189706508116,7.870710029608885,10.638288490694542,0,0,0
26.01090601239991,92.55090447723404,15.442091775231443,14.96985783467981,1,0,1
31.51776452853629,72.09867188775773,35.1503241417656,3.482890565828931,0,0,0
21.070078182959044,42.34250246836722,32.540262126341695,2.119563961104509,0,0,0
22.969575242184288,93.307979849691,4.551983460486903,4.792347152644796,0,0,0
21.338260276370885,78.8224133492941,28.863424674616194,6.277608255807181,0,0,1
24.34774670895851,58.47800067045087,7.3627230959319725,10.962040376443989,0,0,0
20.711592324772727,48.093673553004784,12.613568935724635,17.624866407288813,0,0,0
34.23222884508894,47.888023672995125,22.960563931788936,8.521852335547308,0,0,0
21.256892560113364,49.22594233767815,5.467341164909456,10.375963756899402,0,0,0
16.960890762218796,42.506488688760115,49.68234839592834,0.09227071969841294,0,0,0
25.536343321008268,89.61848037591014,8.268478052700058,0.6662412578257326,0,0,1
16.141981568903528,69.7422528055035,39.06563142143022,1.6753839985509522,0,0,0
17.210863326171612,78.49776769926105,41.49194225116125,13.979881709580573,0,0,0
19.387787783924928,85.5459680097569,49.72319849480007,9.723827375438347,0,0,0
24.287004997642832,83.53475534832602,21.43266089261342,3.8592239706371623,0,0,1
23.665018646180556,88.54330930508628,43.70472600696701,11.851988773796382,0,0,1
30.993837240055825,93.19900423887236,47.87697195084255,10.892243036380723,0,0,0
29.789493077682266,64.14888381080667,8.644707244733357,1.7759860361999147,0,0,1
23.526365879814026,92.26845066676148,23.97180445297663,12.808255454342925,0,0,1
21.6740841515126,79.7809471588549,3.000540942804386,15.343097452610204,0,0,0
21.329375681229973,43.886750466944314,31.03620060121008,5.731088154181938,0,0,0
30.47990174588018,77.498071666679,29.07030784282832,13.749777239886152,1,0,0
16.041448124425393,77.76941627826668,10.206314233159858,3.9943903401756797,0,0,0
15.256432990212117,89.82233100858899,39.895137944706306,15.134576274234897,0,0,0
30.91088783853296,60.51126728585506,1.8634361381769937,18.235483382454404,0,0,0
24.542927519780985,72.17013251494998,40.311366206377855,8.83734247603294,0,0,1
17.61762277107152,40.670315305645836,1.332264558193369,4.892441564232357,0,0,0
19.711318691890025,58.26413831997348,32.841440606817514,7.983534043953997,0,0,0
33.65007906194765,43.42340493873295,3.9384756957450637,5.001549453114338,0,1,0
32.19005951249796,68.70301350206933,12.561275965616147,0.024787515327509002,0,0,0
29.195701004479453,84.95962077788244,36.09566746559179,13.009132236088902,0,0,1
24.64450460674653,51.35434806709879,14.02023998126934,0.8505328392439382,0,0,0
25.406472523827716,69.00925750567782,25.558692435886737,4.20781480434462,0,0,1
34.50489070567917,51.22047500809219,45.76241347600572,14.448991122596421,0,0,0
34.31540887768574,46.63786573154322,2.4817177018289174,13.314500278315668,0,1,0
19.305380915716686,68.10482355638884,40.55398968678367,1.466578240923313,0,0,0
31.222091326106362,44.35317415223502,3.2635999284244765,13.20109482158154,0,1,0
18.944853323340336,72.30450471258942,6.339742216833832,18.611497791515653,0,0,0
19.27074955767903,41.72356033721994,5.965955194460543,1.4900493803636627,0,0,0
28.521860683291536,45.86932345276065,49.705114160536304,8.313764553532724,0,0,0
23.10002197175097,70.24986170180468,9.00931596657667,14.588677802282827,0,0,1
33.6308881421304,72.52740770944027,44.83809231281341,13.354460063558268,0,0,0
16.780194697920177,41.59428115515669,49.54660814732771,4.530210849389967,0,0,0
25.23051281618986,71.53572334008571,19.1892385206149,3.261345549934127,1,0,1
33.37043060886242,86.11763889280004,31.55242717643427,15.684940080818638,0,0,0
33.0822732095901,79.72738975116746,38.95456268818063,19.124893104775932,0,0,0
18.130584268314824,47.215180715643925,19.632254091810413,15.351669350856582,0,0,0
22.33275400192913,72.58610561599882,8.090707024890364,19.264089643955003,0,0,1
27.382428000933924,76.97388750408174,21.68813718962806,12.099908482740855,1,0,1
18.187897695428042,42.04771609637605,38.59438225014723,18.581977213838343,0,0,0
34.36044344091478,87.04412177759924,39.038138137420155,13.808713890897737,0,0,0
33.29498657455321,89.84470685094067,11.526939608545666,18.177695004021732,1,0,0
18.339003580689383,86.77487503492422,8.748281994537328,3.2317793593918154,0,0,0
17.423109225219708,85.35473073940122,46.02803510501749,16.311304314878978,0,0,0
16.708169656165307,80.97308591534913,2.1999515279155277,3.93491601906905,0,0,0
33.18887328073262,74.8387617205078,36.736923788254344,0.5485820389191454,0,0,0
18.872476195909215,77.32448527435386,2.3210692723377004,10.35172268085926,0,0,0
23.325698570887095,84.35174113342407,41.895002543049394,6.365035611236887,0,0,1
23.97702731304006,76.43741520987174,45.2707406668051,0.8706272357603573,0,0,1
26.98022088427135,58.0249826175139,14.87095621145495,19.606087574563187,0,0,0
16.4347068749485,60.67786061887446,3.6967821758348784,13.329321909799855,0,0,0
19.53517234801032,89.33816076047607,24.03422681737143,18.036243464311973,0,0,0
33.62980773837852,40.941714718843905,14.92315183727384,19.981651717438965,0,0,0
33.16820214537139,78.43513196843551,20.856807140518953,7.8393347334218415,1,0,0
30.625812948113843,92.51276538338685,33.24927267443401,5.094740574682303,0,0,0
15.388024912364308,78.84254934768856,10.491301797435849,3.6776878537365754,0,0,0
21.54013536992204,94.66515935274802,17.847578475704317,10.303742155826852,0,0,1
27.55917470685816,77.8149698040582,39.12812451463368,12.121615550043149,0,0,1
20.503804235469513,41.88996660692736,32.18809749764108,9.448454720650496,0,0,0
33.19173390107555,85.4855434905808,16.313774557561935,7.745040296913648,1,0,0
27.677789236648838,55.65464515666255,33.21508001299643,3.3654512691825667,0,0,0
16.438134346328912,64.53314741154425,38.26564614459833,8.83719247621248,0,0,0
33.18011177671406,57.16505537488952,29.624279047639373,1.704862741581299,0,0,0
34.155333163524446,54.770475841532374,11.974841625050425,17.300955177751838,0,0,0
16.55424836783451,63.7273137018382,0.012264525599653409,0.9380530419591881,0,0,0
25.6472046972263,60.83132966423706,40.14245534941407,7.612921234631093,0,0,1
21.06728564428341,74.83362200134242,41.13167776580822,2.00275738085937,0,0,1
22.856781529628048,84.72331605431307,34.8802250697181,15.499609989341565,0,0,1
18.59302435910684,56.339875925298244,3.8290465683806896,6.254739576558537,0,0,0
26.561442040248252,51.75466340521096,29.261114375402308,2.262112253051096,0,0,0
34.15958706497781,76.67923989786883,41.05103356358036,10.629825977290277,0,0,0
25.06145200543218,76.86760362069299,19.483416005408284,18.325540144590803,1,0,1
16.658291627889625,89.56221816073945,9.900036711012705,18.172897422384068,0,0,0
27.40002666954817,40.877012754932096,29.381364862073532,4.993020822655798,0,0,0
21.80445988902514,86.91723641640806,41.315331365043896,14.39319351920467,0,0,1
32.11850379182596,68.65511951215963,2.443497935353278,0.6056838568198253,0,0,0
23.693562966329402,74.17161490446543,29.847560858036786,2.637035930068492,0,0,1
18.856792178844913,45.02542923087781,32.1586897669671,9.989447406275591,0,0,0
18.8221124538229,63.79382130796251,30.118351967413982,4.575128689767043,0,0,0
30.375283614423207,52.50163239811881,32.50168421185243,15.965237079202762,0,0,0
20.3117519661472,53.982376654538,31.568765380207726,18.621443441053223,0,0,0
30.34466788318446,67.7252313071815,6.520194249017452,0.08666632965564469,0,0,0
19.117746215331987,84.68507727217118,11.746838847445767,4.658316592019595,0,0,0
21.433727374026187,80.90795115796709,30.94970026445051,8.791066921524546,0,0,1
24.309739448793987,72.50499774972747,0.8846580568385387,11.26158576704777,0,0,0
33.86391699386901,69.66800060144068,31.737225936162222,18.318055551842022,0,0,0
33.63462849507649,63.501832377896946,33.2693311892516,17.83766981030587,0,0,0
19.137437508445757,93.49904854587625,11.958737993082924,12.743401989359317,0,0,0
22.164380824861457,70.81059048288283,29.906641487656984,5.147760281677691,0,0,1
17.987987769075445,53.968151907172214,26.704503036188225,15.665756197567227,0,0,0
25.199701586269942,52.65499356220218,13.03457740765569,4.0530354257446355,0,0,0
24.21165101389333,73.62441669263279,23.148700593737733,19.303446481936334,0,0,1
33.01520324901465,68.75551400210108,45.48122647060907,0.11679831467996005,0,0,0
33.60010755582145,40.42337916250921,21.330139022994143,11.39541007815803,0,0,0
22.67134782014584,85.65359547076787,31.492208843975085,1.7679449384325552,0,0,1
24.83475886037979,78.7267294827839,1.7675410520347101,8.151990603640426,0,0,0
32.92472498292266,76.40061093229569,3.8900056661049396,12.698670806208343,0,0,0
31.13415615490123,43.78293617337124,4.065403665165923,13.791969911838326,0,1,0
15.073126226892985,59.913071759487025,38.91203818132227,15.711389393478703,0,0,0
21.40119128367165,91.44602434030324,17.512844740172635,11.866554055295403,0,0,1
23.435484838722516,87.442408273775,11.380584418290669,5.02638702571989,0,0,1
19.594325673664635,55.704861582824336,37.36622842258613,17.78506485869743,0,0,0
18.991432317918775,48.63823862545263,8.498003127808722,16.22214826027375,0,0,0
15.755690131913592,64.69983764427174,12.324626253514031,3.2010463541370004,0,0,0
27.86739450139521,59.57067082672135,21.546572163501043,16.53022368415698,0,0,0
20.250205809663314,77.5224507188295,16.571903450730662,19.452890318209633,0,0,1
16.04694356862626,93.15391455463758,29.269610551832216,12.744382336158353,0,0,0
19.619586210561273,59.96507974904088,16.89203095374238,5.636104462277876,0,0,0
31.03827905672253,43.42232949587331,19.647581792944596,12.131876625468285,0,0,0
32.02978363293093,89.3687704588312,43.1443304124743,6.85070138296598,0,0,0
24.661324903866053,42.087235163192894,44.22657198140012,13.518929412846125,0,0,0
23.321413408173726,92.40212434343331,41.38555954067037,10.895999189117468,0,0,1
34.55707387003564,76.5518685404972,43.24154663523163,18.589812241795023,0,0,0
19.011293191761396,91.79290646430721,28.48643346695585,12.358170864016056,0,0,0
19.30718565709217,50.981282765693805,32.3116607375692,4.279633674543382,0,0,0
20.837343540727993,42.23848873895942,27.858658327747026,14.502197466837695,0,0,0
18.455146365621747,66.85154880520705,39.279404202646,6.017566357217639,0,0,0
22.58731196408373,64.78428780135688,27.550024288072212,5.447819058976087,0,0,1
33.216684539795075,58.23207502901856,5.553848227539026,7.835532511490069,0,0,0
27.306956812571485,92.67110609137836,40.479006022842995,0.23993358125351305,0,0,1
23.23893097224527,85.24210526887877,38.02925853387682,19.382813203225606,0,0,1
33.68821589142429,76.38701117565763,41.01502976413126,10.646622227173966,0,0,0
15.969284649516446,48.95720604008052,9.521473169488093,15.469877877459206,0,0,0
19.20552355803723,80.38778745201886,13.580852635748354,5.157044447557566,0,0,0
26.31777210203518,79.98568500848482,14.7875848631765,14.932362632672511,1,0,1
27.311052463863582,63.37874954888041,25.404026809283682,11.343410045562708,0,0,1
15.791150131252262,90.86322503427076,6.693854208172989,8.482883475590048,0,0,0
23.060775158142643,49.183783522595576,19.269087663743367,19.41338452392924,0,0,0
27.983079296617454,54.70356593264154,9.10790805395148,9.876874282928117,0,0,0
28.961410928068034,43.47733865878485,13.238135651636822,13.149171637793538,0,0,0
27.762798050325387,83.74980269976732,35.31938172792137,0.30684382979759395,0,0,1
21.41126448721849,74.19676623524686,42.74055781586406,6.029104129972966,0,0,1
16.87040247195819,57.32171681246872,1.1452933298591927,17.77383132320133,0,0,0
23.542248928386684,49.00975149768735,28.29484816775002,15.179181222320377,0,0,0
17.57508874736111,42.20812735158072,1.8029881031133566,10.735080723512995,0,0,0
33.95247317041334,49.17100627442651,4.2624622505775145,18.00319414226571,0,1,0
24.503417320452563,64.9306555485712,35.254201730705454,9.724410264151116,0,0,1
21.34518348713735,53.59473329558334,36.78040532510583,11.330141283755513,0,0,0
30.326081422378003,54.24401975875817,40.69903365863994,7.643056943950912,0,0,0
24.958971851645277,88.15670016672428,23.712075588515248,12.400800734457684,0,0,1
21.200680480249,68.33257204036053,42.99037410080941,6.380030618417476,0,0,1
31.239354847816035,80.1088585220628,8.341914582081216,7.709843550847144,0,0,0
32.343043020022435,41.96410219654787,12.485820681750132,19.326525264145374,0,0,0
28.46016332577354,60.083984562291576,6.725107380098566,2.2261735959918028,0,0,1
15.939288448153345,66.3543141067493,39.876863029093826,2.1051069049208193,0,0,0
26.326457603330642,50.25292703656016,11.433755919330945,0.8663203891003146,0,0,0
30.26589823994563,46.610534779504626,7.775562137914783,6.4008903952053515,0,1,0
17.730060241671644,87.86670781749135,31.15553437940281,7.964584849358484,0,0,0
19.573415027692068,91.6687394904888,3.8541013180337202,1.8903128813909253,0,0,0
32.64990210136273,44.33436839249741,2.2450138610086268,10.982619907336593,0,1,0
15.40243443706148,59.19602918983437,5.335882427622946,11.666030581097381,0,0,0
30.05454275651952,92.70570954794606,0.012044199358379748,15.020533872266562,0,0,0
24.475465850288458,44.573895322285566,34.84950771108962,19.51936233231603,0,0,0
23.935443176792138,75.40027550832994,28.111766085723932,12.387044945847991,0,0,1
15.141930649897743,93.4721754031853,10.493755451886194,2.233016133618908,0,0,0
31.387964619329857,93.8023017719756,11.650247398879793,1.7704848649156557,1,0,0
22.19649801273133,65.91728319970588,40.548429923501985,15.550937273007424,0,0,1
25.815312626010858,48.951200928030936,25.09100579301502,13.006682570718535,0,0,0
28.546013726713188,51.11463732375914,34.926417854086985,3.2382878941312354,0,0,0
29.052591528758317,88.92807673184171,22.637772563745777,5.067199453670681,1,0,1
34.11960117652144,90.14256523813548,11.885901301039613,15.004807745850366,1,0,0
25.626799064732182,73.43338041304551,48.52014003414534,11.32311563611293,0,0,1
22.994391019488553,82.13970197084512,28.282378168769874,11.70000125005078,0,0,1
34.074072529834154,80.69621883087245,6.54909518839562,4.200173425758191,0,0,0
27.842204700510422,76.40018788940088,20.304502109195337,12.58115963315423,1,0,1
20.963007125531114,85.50023251795665,16.466870597345036,15.412571908145106,0,0,1
17.529284908071425,77.69736426721767,10.704373429426067,17.705044509276938,0,0,0
31.851090029303627,69.37012681611246,46.67199946201298,14.734346496360985,0,0,0
22.243632055883033,53.032599942348625,44.04599977298763,11.527513020180322,0,0,0
28.209394427288622,80.91384792652406,9.95735582600582,13.465186144935537,0,0,1
24.41632838731796,66.0390827311051,17.607394452775836,9.702229250277554,0,0,1
18.978595595900767,56.21354262041301,38.11576958354108,4.5379648623524504,0,0,0
27.0337321724093,84.10704516579764,10.425302407010783,17.644139455438708,1,0,1
16.213661379013647,78.31924801941656,29.578243130212222,10.652452663348505,0,0,0
23.266849197423845,91.5536759718585,34.98969710624083,11.8863662229447,0,0,1
25.93229879327342,49.09929020103827,32.69861628553832,19.802178275063653,0,0,0
23.72093948237158,75.70541065500711,35.320432013775026,19.70031356545281,0,0,1
29.973443505019816,53.433170744849676,35.334979451438144,11.726219699998746,0,0,0
31.55849909090625,89.6970641915903,48.24029599244642,0.6791452403493237,0,0,0
30.42486148066356,45.47246778411386,17.32494447601598,7.9229507608968675,0,0,0
15.776258956236042,76.08889935446825,43.929521218791976,18.745865601017783,0,0,0
18.882575408919443,83.50971468404165,1.090353125755339,5.7661318475201835,0,0,0
25.732150185275486,59.5204812200589,14.410148166164161,19.98537370392632,0,0,0
33.69644080887603,92.47759436610951,2.432789099956578,1.6863505371310494,0,0,0
31.69913550104234,86.79018765223205,32.56019799779201,11.362283620103744,0,0,0
31.850690167036035,56.20400648266968,5.039518536580978,10.308987203493885,0,0,0
21.064163875193497,40.414760099379926,42.28534318260231,5.107058267354001,0,0,0
23.58895794157405,56.316144686493345,32.329584189512985,18.972142612901997,0,0,0
24.414118946318748,55.47207587589084,1.4407700526802847,12.383424199946205,0,0,0
18.14743166699821,88.94805341255,35.73886827173115,4.604565668893523,0,0,0
15.621362604889127,93.19166480401111,43.10174736284805,7.680963956766725,0,0,0
33.938057989210336,43.87419922836432,33.05605038310747,14.424588537641252,0,0,0
19.814251713270135,65.92121556933242,1.5262107967516092,5.953934253926272,0,0,0
19.798978074472625,70.15825991913877,42.89597742302033,17.592124041223624,0,0,0
16.66758107537519,45.11014137313368,36.62319564670175,3.313477959152482,0,0,0
33.57015503887557,60.762374002563746,18.922565624199212,5.290101797296973,0,0,0
26.59474229879544,57.43953295661228,16.43151291577513,2.897972267322,0,0,0
28.340737142507077,69.4830994879898,23.991009070372005,2.083576775189966,0,0,1
33.23153774526105,76.36549948525659,43.35508754689354,6.006308469278537,0,0,0
21.91240337801579,78.69168107731116,12.602967593477876,19.98357492670881,0,0,1
27.43014622276168,47.52152629873631,5.048190562060056,1.886588265233362,0,0,0
15.77598909457775,84.71212360695418,43.231818648052496,4.260043836945766,0,0,0
18.735450564622585,77.31981163849174,1.3144924440361472,5.432335981560041,0,0,0
31.62491610179885,88.89912042106957,45.54985111220323,12.382593689444077,0,0,0
30.335367126766712,64.71348326894888,15.287259715070034,14.906913928157051,0,0,0
22.012853829142937,89.16393694972054,25.411135084413385,15.038673497080914,0,0,1
22.536212555484248,87.61757672958416,6.6147762376114025,0.17271963877662388,0,0,1
25.671088671071587,64.11251327975982,45.11274846883426,13.037009175989304,0,0,1
15.00482009370269,60.962882341113826,37.491811169220234,12.61473758734206,0,0,0
19.824886720760556,91.30466082336412,46.20777933040171,10.353093637797544,0,0,0
19.16463617216429,79.33406039961407,34.16145255590812,7.584171228075183,0,0,0
20.00965893499527,91.05349405409416,9.234688837116305,15.948883949224598,0,0,1
31.118116850668827,83.83361283926972,15.413350149312466,6.877615908667045,1,0,0
20.593477130928864,73.5113591610278,24.342428755173668,4.6002454421320245,0,0,1
18.830426441002963,46.371902735207044,30.362910268010346,6.201903491352258,0,0,0
25.08526921586063,56.03143699185041,46.32297186681368,8.792958342463317,0,0,0
32.31290072745464,93.28633239041153,19.197573289456948,4.281147760054791,1,0,0
19.826994076749997,57.568215429281246,35.153601095357295,12.15142492410973,0,0,0
16.570724855855975,45.129017838195395,48.050442445541094,17.684184050237914,0,0,0
22.128094716993296,78.91543457556259,7.61870317077265,11.9092024832415,0,0,1
29.953036491299557,80.37023399990264,43.135479438977406,8.933366149547625,0,0,1
26.013810893895894,55.700174615793294,21.03530351965993,15.93737532449808,0,0,0
31.33586739148695,56.371958864046704,36.621088796466836,14.960772457490574,0,0,0
34.19184295218468,65.78911420298311,14.676916936854184,7.341162430613924,0,0,0
30.85324953503234,41.19839223692406,16.699210913300078,12.083069413307237,0,0,0
27.07606157687507,83.412765569864,1.3566612434033065,14.596857206359823,0,0,0
24.86683176104761,57.43988330007691,48.57020765834798,4.90926516038882,0,0,0
15.801381726965333,86.95697061010877,40.67262876153922,7.325477581683797,0,0,0
34.686439576280826,84.14467318800186,4.695897896311024,2.1155214109994103,0,0,0
22.66962245150085,76.37711182153308,49.975439783188726,19.753605566136667,0,0,1
18.044564278337337,57.86811769046088,30.25122986014707,1.7175530084627155,0,0,0
28.334177107929136,68.39741089136436,42.686431898219155,3.3721225024715484,0,0,1
20.685765781909186,64.46560916788775,3.3330381638934483,9.596638993282795,0,0,0
26.715565418620955,58.63850374367708,19.472558924596186,17.305436670890785,0,0,0
26.735358156891824,86.64749591167481,33.48255611518049,7.117640458959189,0,0,1
23.914596418057386,66.59288910177159,5.3216859349850765,15.371922950626917,0,0,1
31.72237231090085,85.79977037884305,24.445141932700032,13.520681466324723,1,0,0
20.299341231108862,45.78701607780034,22.133893727207077,12.773281543193578,0,0,0
23.972651832354686,47.756363373018466,10.802011223678987,16.900345019336804,0,0,0
25.75384257181943,93.75261678121372,15.013491792590111,0.2834057925725131,1,0,1
28.272494415345992,72.32726544333494,48.35591772474912,18.583060771207833,0,0,1
30.67943701011179,68.0373320424477,14.432424300496798,16.584523606725863,0,0,0
22.89614565756512,68.77358347292613,10.671306698420551,18.757344393036544,0,0,1
27.92093888193192,51.83978257180729,26.810458553416673,15.871757677133742,0,0,0
18.01221906137038,79.52871722260852,33.547901703514896,17.571828149085448,0,0,0
33.65296201084957,44.66293430513649,36.254655553478244,4.061560963989583,0,0,0
22.66117612842007,71.53280422066628,37.71235922484581,6.384581337541011,0,0,1
29.590428439528768,71.39228381222458,1.8416245757376548,6.304420269414619,0,0,0
15.406821637643553,90.28036332734311,19.688020018978165,2.183334917561135,0,0,0
19.10374285809614,68.94005455576732,38.69790398915451,14.591585105691816,0,0,0
24.74165088647156,47.53844827857987,45.24260509000647,2.7234178537414566,0,0,0
32.56504935464693,71.50142925864894,30.110006166639163,1.0501833215812129,0,0,0
25.545102999013544,45.023020440093276,2.6153426754842837,15.508937401101278,0,0,0
33.597409645877576,51.208660941495694,19.83229029275656,18.093263394638587,0,0,0
24.675937931655927,41.71097213030789,3.7113557934227326,15.282466959302665,0,0,0
24.808981934719,68.23114703527241,37.426893134229225,16.507044256639528,0,0,1
17.394935770010637,44.64929384114648,3.1752734640832614,11.912433556615426,0,0,0
31.053124883044397,65.8166908192231,9.286553336758862,17.754926758295063,0,0,0
19.939308249341252,91.31197694282793,20.847921198238712,9.934069647157102,0,0,0
32.9922497874463,79.58687771606327,23.1324183557436,19.7664523697493,1,0,0
33.21648440660792,44.257642082391115,20.324085015750615,2.068300855388978,0,0,0
33.866202237482995,52.331539671486375,23.1698323303,16.18361413402768,0,0,0
25.4046097820618,77.05143309413887,35.661957601009995,12.827788320225507,0,0,1
28.541875695672886,89.2086023563301,18.463441147777075,11.612921364423903,1,0,1
30.57031760123327,41.81052227201746,27.387522957530958,14.516210617222427,0,0,0
17.620292373009313,84.68481224463267,15.168462876436612,16.805830615976976,0,0,0
27.019143899949945,70.89976341860698,17.681374754524132,17.257681336810197,1,0,1
15.685958026066233,70.0350228913016,30.689947952104042,3.5076192588796995,0,0,0
24.95132166777452,92.67972505143469,24.524732581851,3.940718595059385,0,0,1
18.09685363240455,81.12045369282251,36.151814742964056,0.3233301902719421,0,0,0
18.658458519241695,86.75653774308616,28.026929402587484,2.6368491558454554,0,0,0
22.30095133385203,59.46975632495667,40.178704269193645,5.277649856998492,0,0,0
23.64874333433006,70.49002224556254,22.170410649735828,14.420716451005656,0,0,1
27.463448490643746,73.84731225852738,24.551680993340074,9.515350180050202,1,0,1
16.488568368770313,57.687116719935574,33.49856744504698,15.158070711680347,0,0,0
25.07383522474889,71.36364687210697,11.062197220602442,9.730716956397814,1,0,1
18.652502605062022,53.016045871384264,19.296476846563042,11.111949058199366,0,0,0
26.479503500634838,47.88566190875318,31.24206220058539,2.2213317318716497,0,0,0
27.74809224522367,60.56836426025329,1.4438134632868194,15.53116569352065,0,0,0
26.134185131057077,80.66092958105403,21.84857168169708,15.162530643991097,1,0,1
29.76591020956615,90.39029314406382,29.94249681530584,6.151231833612392,1,0,1
21.712184884818026,65.17427283240279,48.36877659890989,6.571561556008039,0,0,1
30.302131832662617,75.35530285514875,43.85082808088356,4.39362901146271,0,0,0
23.655341634163875,45.66704220363053,14.037097647132907,16.276793520723054,0,0,0
24.683689966451936,89.74550672037807,25.360505201446237,14.940136039235608,0,0,1
27.96204254522143,71.2732317463464,2.8207186330045655,12.182954763685053,0,0,0
15.36716767998448,82.91860361938365,12.037720740890357,4.776442062593949,0,0,0
28.079884428404966,83.69426605067666,38.742793403404505,3.437066652274885,0,0,1
27.371702981442308,54.10642895024583,6.1657006137672274,1.005377023492262,0,0,0
21.1969423350656,69.10459492500172,12.88452624169783,0.9122296355703896,0,0,1
16.71588569798979,92.82638633585375,47.202125086790396,3.74272279616654,0,0,0
16.818708998260824,44.92989996514553,41.1927900246229,2.0106506464644425,0,0,0
33.46447493970457,77.56774439162598,39.0913856324456,11.12215345844886,0,0,0
28.785586424516744,92.92452429193446,43.22787451510784,7.16180255588954,0,0,1
17.542052275414807,56.53174094297122,37.480284329117694,8.898915643362926,0,0,0
22.134463386178126,87.37963567723915,6.029310805911747,11.881343671743796,0,0,1
26.84965987803193,91.35116499745493,25.828066324261567,13.182034907070273,1,0,1
31.711434101812973,81.08974151671538,22.2121960401161,12.96403439765156,1,0,0
15.873218574260171,52.723057176882705,15.557578913519004,5.217131736416649,0,0,0
19.732662629400178,58.370039535462666,41.70202048598027,16.192540405922053,0,0,0
32.7949798059076,41.96951119297519,23.206960118711685,18.3541933983846,0,0,0
15.18331100367633,85.72992788349454,3.0148800678774847,6.3187669444639045,0,0,0
19.02798205587775,86.72861525810939,13.748279186013413,0.3413083313213594,0,0,0
34.180483519459315,74.7990670481406,11.431052901472254,17.9830837329701,1,0,0
27.268036930443422,59.38903181951183,44.37394424056418,18.470974659069523,0,0,0
20.23342733275013,44.22460652019563,32.37190503194999,1.0189288082606707,0,0,0
16.33982188791695,81.41816854532001,28.018813294103754,0.09913183718424534,0,0,0
15.563826808944443,79.95894064854576,25.332462083935255,16.328095659854846,0,0,0
19.894901592738545,90.19313869563956,32.50565137707328,6.029267089662131,0,0,0
32.62971639177821,80.17926115529491,37.74377733885624,18.29164334591977,0,0,0
23.31827308595019,85.57822182342011,27.719235291575494,4.334871465390933,0,0,1
29.40666738331986,81.02750398471997,46.914270757630526,17.22309232253174,0,0,1
33.36570070759916,74.68779535717741,48.84170853251923,1.3728853945007335,0,0,0
23.16080923205633,63.48315168050551,49.76711583044115,5.212736946279472,0,0,1
18.82554742074794,89.61645197532528,33.469555504432236,19.46257758291282,0,0,0
25.342358617138387,75.80327145491084,46.63102333779392,4.623933086625646,0,0,1
33.16167374119709,61.909542708125,20.223984765397734,2.660259681500823,0,0,0
31.087488282754013,44.59081123500765,42.979619562369265,17.141093049459904,0,0,0
16.316596867263076,55.98876707474102,45.458714936984045,2.3560158352295812,0,0,0
28.851456001551636,69.90497041565906,45.20702361661378,1.9491221715900697,0,0,1
26.437950449179077,55.1599453508907,41.54231414541908,6.468502683790716,0,0,0
33.14926352692851,52.16794413548462,20.32995808206252,12.70657013193919,0,0,0
17.449628337005944,69.00664327483159,7.945374099036718,14.214927475573912,0,0,0
25.680722264093134,49.340119024265405,16.697817817222294,17.624775676547916,0,0,0
32.58925387023785,84.02255348288068,38.36442846490465,10.818230519182121,0,0,0
23.20047573483486,66.6402483238462,11.644275566498763,7.868355735219508,0,0,1
24.63989835465734,71.56245256794575,23.91360324129862,7.176675236689302,0,0,1
16.409213553339164,48.10607971785417,28.2699758992336,16.93805456954948,0,0,0
20.562872808978216,57.85169845961521,30.192928121893765,14.47630618965331,0,0,0
21.49013298337895,62.55493257936341,46.78627741893993,18.108580274502785,0,0,1
33.90244897489774,84.45170567840766,33.074651020715876,19.28070911463228,0,0,0
20.65334721082318,82.35877376973839,39.31494080386511,6.001016721676149,0,0,1
24.21737470539304,52.263761113322474,29.09391739458167,10.593482374016789,0,0,0
28.426088471285595,73.88984948838542,41.679015943098165,12.636416147296659,0,0,1
18.24366744815755,53.390099677459865,13.183180653488142,3.276978935529151,0,0,0
24.728847742837488,94.3535935629635,10.493883583439462,1.0669406784996949,0,0,1
29.770780789518152,92.3668132971979,46.31600243789848,17.35527828230627,0,0,1
32.337104260541324,70.97955962863412,34.67404381786892,10.710470215107463,0,0,0
27.525185493248536,78.43964145417786,33.57627885291106,11.415484327200785,0,0,1
28.38107030633896,84.07867102147549,23.364761931422496,11.098286908559096,1,0,1
17.52566945169138,79.65491310246972,18.834862964675526,15.099214096653808,0,0,0
33.915529944926945,78.49057800953315,27.784559723931938,2.910038893640865,1,0,0
17.65148154968965,92.72047043722404,6.028317471083355,12.280968815430652,0,0,0
30.493458743635966,72.80508584690058,22.735628054155388,9.389590231552603,1,0,0
20.296326435566378,74.99664695004806,22.768385223274045,17.939163190154485,0,0,1
33.67186287402503,86.70978127409997,26.916825647213262,10.392418757926507,1,0,0
29.399190787389593,76.84399773221237,31.734280718360115,18.858699481483313,0,0,1
30.076274259567377,80.31129421096374,47.86591829926811,7.065059883598133,0,0,0
19.381183461197665,52.87927774081533,32.608456354587844,19.33789412779981,0,0,0
23.86079953270322,60.4196808263289,44.186257597670576,17.503158961835354,0,0,1
27.35626389178573,48.10157401415412,27.81519307345819,11.685265794707094,0,0,0
30.399472364132016,67.8170993284143,31.34639413137449,7.074198666380491,0,0,0
17.079187518247792,65.06500703741355,3.4918476554784803,7.518467149051197,0,0,0
34.24730632909056,94.84395478537013,6.663186144220779,15.455041729165833,0,0,0
32.80441341109112,73.61647590485484,28.98352175987698,11.61262702338089,1,0,0
20.40697180991169,83.25446527569329,19.78564349790146,8.03175170938642,0,0,1
31.45520486064664,58.37080689167098,39.94052599327509,12.721099228243286,0,0,0
25.36647846079647,85.7349932238538,27.158893743708802,14.664667958018887,1,0,1
24.236129631240374,73.8296731568226,44.114551947566895,0.4580102511693185,0,0,1
21.28868211622811,78.33457823791412,48.61658392311456,1.797256022350202,0,0,1
26.619371732631848,56.19369278721999,7.3817592560742495,1.8897088081415836,0,0,0
29.597782354071956,70.17511154325675,19.74138758278133,4.638676105266695,1,0,1
23.218658099255165,74.87203353774848,33.24905126190154,8.53980878454628,0,0,1
27.584383860165843,72.40020716991197,15.274437770017485,16.07299798585109,1,0,1
28.986258423106076,90.33565412835117,13.351616886074758,7.021980699991149,1,0,1
29.22243634030572,89.40499654709043,40.68692803144183,0.3495557676120953,0,0,1
16.039321962623603,93.40412318322788,49.018923452937145,9.66723705903458,0,0,0
32.19495611370134,76.70854033038441,38.69016656237407,19.932571908492438,0,0,0
24.16506629530096,93.45527715691264,26.183831140205676,6.980419913098381,0,0,1
20.248321633924288,85.78629000175499,22.125561597265737,19.225090375346298,0,0,1
19.835290149593632,54.89576771869776,26.982386026518245,2.0269026227284526,0,0,0
24.660282256879007,63.508961825321336,23.14198510938679,3.461993158106096,0,0,1
32.736630789379184,53.11158432039554,25.1444028392834,14.482441402914166,0,0,0
22.566951633652938,40.230843845681086,10.172652526461384,10.024248979414125,0,0,0
29.994514935670864,50.34268142307997,45.18709746546638,15.302436069317721,0,0,0
16.93637461974437,40.22333224577816,37.726750076163405,17.2711669005778,0,0,0
24.521134043021235,79.59111537427695,34.048871134661,5.021697521220691,0,0,1
34.83372280785471,63.404386374665975,47.496248548723656,13.656583408794837,0,0,0
30.408756055846737,57.191609989282206,14.219716595641902,12.152024732675121,0,0,0
19.21056976881226,81.89464901023533,4.057970544680711,17.230700583842623,0,0,0
25.028829473958215,85.78677260408048,41.30693301776658,8.602078012197653,0,0,1
19.672495272971332,93.6414746257434,49.92084818246275,1.0374086142132,0,0,0
23.191218545250187,75.31074715713827,28.92162190100997,11.483722545450238,0,0,1
30.601680474699293,65.38409271970285,2.9404693956340933,19.177566382369157,0,0,0
30.424496305808074,56.78953658840898,39.02340200774706,0.29262359010446826,0,0,0
19.562007558047704,52.227501506782446,3.687452442292077,4.8051597684490925,0,0,0
33.444466363097206,51.71092727654307,27.00069931296406,6.3213557992824,0,0,0
26.851363655296538,62.50541560958894,13.876623710526353,15.31677775781951,0,0,1
22.598485819240288,94.54824954083614,45.75133902961977,6.465538449363237,0,0,1
25.038711615617213,40.04695335905718,22.56656066297425,4.781677263926278,0,0,0
27.101425068754875,50.84632434770504,44.923167423927666,12.971160289340823,0,0,0
26.197810636915708,50.36161403219656,14.954054262728377,0.928105779219992,0,0,0
24.728100710723563,79.44157170427607,19.368129191067563,3.411937199174939,0,0,1
25.098656081788,59.386660017893405,47.355959412354025,8.160604573388873,0,0,0
18.528238208557724,65.14934425255014,10.065722546581767,7.111999246800622,0,0,0
31.25465808609359,48.17432717584477,28.92505758255726,6.9433163836672644,0,0,0
25.835206398820308,62.27483713823212,19.42551642800557,2.171100262393235,0,0,1
17.62159723409406,45.67598965482098,38.708344253436366,7.216800388995932,0,0,0
30.323142031655557,69.31738083387208,6.4648185585678695,15.959855439828054,0,0,0
33.64887956754701,45.386610096057076,21.860748450233423,8.276884035947905,0,0,0
33.94613798473924,83.47796096452359,34.94663134226316,11.723423696313699,0,0,0
22.380354648223456,71.16309446472692,20.35081175030799,3.2715881863463503,0,0,1
17.71033747121508,79.81823305754344,2.926586963768835,1.3942272693715219,0,0,0
25.367992532661304,63.01840126589761,35.2556130667672,17.59912083863121,0,0,1
17.252184586984413,60.9820211283225,25.159916384249154,6.627451922919176,0,0,0
33.67974837025234,45.4014888976875,0.5654343340050272,7.006744661362654,0,1,0
18.671592547102918,68.81205838735525,30.63279476141865,17.55375698957717,0,0,0
20.055317199023282,68.29761906714006,45.994051126439324,14.155426978174878,0,0,1
23.13273053769941,65.7456124447283,5.551297410584449,15.125254219752257,0,0,1
22.663289371182515,80.7285100575347,29.533561750458446,13.640069683353254,0,0,1
30.89325784795778,85.78774200177949,36.433444088131516,2.1158448958307274,0,0,0
24.126336411019246,81.29343212216796,3.5386835070152722,19.159916421124553,0,0,0
18.415365200066738,47.91261585437641,1.1307729082093154,18.182725742558553,0,0,0
20.34419790972148,74.21327301051593,23.209793332247365,4.724402536629089,0,0,1
25.18226770375044,44.41777081292434,39.55933436171819,16.079883822876827,0,0,0
17.949078348522697,78.20422580922622,8.035970504966416,8.187928629946398,0,0,0
27.233113512920283,61.001150310861966,41.83186361074615,13.67533935728966,0,0,1
26.314946131022918,47.28744259464576,32.82886277117981,3.31205999626468,0,0,0
29.294046327645155,87.41279713368704,16.608664389424284,10.771085013128417,1,0,1
33.75409230758736,73.77045864714155,25.791289924622475,2.532325991198121,1,0,0
33.24509122202311,59.509873237114014,48.27874898633692,10.723343307162319,0,0,0
33.92151236137663,41.689994880777476,10.82184853161694,4.871879121144255,0,0,0
19.89431194047402,69.55206424519858,24.97676988720201,9.049330575376294,0,0,0
17.631306132787092,90.77742331674278,31.224327805381037,13.359387343488615,0,0,0
21.04553400992897,72.80089079863012,6.900730273783312,17.541491633212377,0,0,1
32.90170345532629,93.44078325407213,2.176104431165482,3.305780061705561,0,0,0
34.441069492469765,47.50481150487522,0.6729976465735643,17.865382308353965,0,1,0
32.18649902140952,71.25678075271603,16.234642830000812,7.800752958545802,1,0,0
17.200354422550873,83.89687764035362,3.6973647242432683,16.87593137211762,0,0,0
33.94855996119586,68.90474021191439,40.18849762705573,10.25095836835526,0,0,0
23.46716054701572,45.00864957931099,49.8659763580873,17.244171435258796,0,0,0
15.186205815247074,72.05873008509698,3.0651910867232015,13.256481350403993,0,0,0
23.847874814963873,73.64558482133594,21.63631379667198,10.174322812335365,0,0,1
15.921383393509352,80.07900866614439,1.2866061491287384,6.250772660006576,0,0,0
25.87755842322235,81.86663333410107,6.6995445378631615,19.378181752373106,0,0,1
21.771080548741025,82.39249785158339,16.146128045533704,16.017953153328357,0,0,1
24.468698671880976,76.48944165014314,19.684910652882493,7.623743703445227,0,0,1
27.26340721486234,51.8696152530262,46.98914732143201,3.334471861180921,0,0,0
32.37602191635641,62.23296657117136,19.791840437844794,15.590708371865876,0,0,0
28.238031529438572,82.68714849379192,24.81388295287011,19.798885756218397,1,0,1
23.680977369563614,92.43848408704473,12.27916841369332,5.579499075849441,0,0,1
31.388557073407302,44.34208306601421,0.006256937828774678,18.317261446699916,0,1,0
33.11164275146264,69.45451727884571,44.96672283665676,2.5074141117584037,0,0,0
17.395199328643944,57.188724922836855,4.0857378518152405,19.04412508503708,0,0,0
25.63865955105583,52.396664187425635,48.21244205181146,14.906778248861269,0,0,0
20.690239194848882,67.81958759358433,6.542205205013013,6.93192458527407,0,0,1
15.941223957538948,73.33491373060951,30.243924037522014,6.092636445924677,0,0,0
28.370933902279706,40.53747272807147,49.97052939283185,12.868707078787025,0,0,0
32.25541554918451,82.9113614710655,6.923229803483793,11.870142805174,0,0,0
18.258053089547882,85.09351721926961,21.19715424699121,18.37873402987373,0,0,0
31.24827315247801,93.10309535123632,39.02118344857383,15.324862684184284,0,0,0
32.06791467073883,49.935405327358225,1.6095074924984132,10.807297451478536,0,1,0
33.286808853329674,72.70039092985215,34.48913755700222,18.55131683679309,0,0,0
20.305701781721048,63.4643955412017,4.018666894539974,11.854612626664377,0,0,0
33.079061303797786,58.415531835544286,11.82600711366132,16.993696713213545,0,0,0
21.413255094728644,71.10983982906276,8.003808124668021,16.818853041957126,0,0,1
26.046760269110056,83.03107012729527,45.36682158234681,18.383897178990726,0,0,1
16.010149416645643,41.26790308948656,9.022835839084042,1.3520406255820916,0,0,0
15.877621767374873,93.31700619114028,2.02170477575786,11.676393358935556,0,0,0
29.407464254644058,84.5434872138141,29.381283922388107,9.367851823420983,1,0,1
23.88959955955582,81.31345370050681,17.3090462704851,9.81084766929345,0,0,1
20.12584750738435,81.82130601992769,20.28531103206832,9.198212072404058,0,0,1
18.808269920498205,61.39833902902589,5.953137243127349,16.74933378844682,0,0,0
28.399069817184362,81.33913029646476,37.411724571659725,6.368657948338776,0,0,1
15.008030880506798,61.27236147316267,30.0776824821759,9.255021632595568,0,0,0
31.117823383937086,89.42887562661362,18.210852237414,4.013650858021713,1,0,0
16.584992122598578,49.74723108185583,8.578747188156798,5.034332318494695,0,0,0
18.82979229816239,56.07910833183333,29.67258695852802,13.208401666877501,0,0,0
22.724727905981794,70.32356484844918,38.92986397536887,2.338718765013239,0,0,1
24.697174794322073,57.55660697379999,15.619864193359746,3.7564362198935464,0,0,0
22.099902316278836,63.333048491240035,1.293019176929855,10.560691191426281,0,0,0
21.41424329968588,67.08324791692272,10.7171992376492,0.8754605592602704,0,0,1
34.27832024146377,87.09943418474298,34.11989094464146,2.538539988407831,0,0,0
27.831593624867885,68.7755739484781,49.45481887284613,17.267058779334977,0,0,1
15.468659107347765,59.935291673800826,0.6688119704388262,16.922935315899913,0,0,0
23.603518168886264,53.62548902193137,15.307678106605039,6.955522100939644,0,0,0
32.500173994879404,62.47717883357085,3.101043522441943,6.959826306223689,0,0,0
21.02912372821336,68.36548574279034,15.817464388151608,18.73030898528007,0,0,1
16.891126895487766,81.03631714617799,20.29571715637106,0.5168227814404647,0,0,0
30.167695431798357,46.65768268947863,46.04310459731275,11.605910261705416,0,0,0
27.120276638721627,52.188505353153296,4.028039970248937,11.947811580814546,0,0,0
26.406250156530078,60.88097087277703,38.8567026532885,15.757741343633224,0,0,1
16.071531192148157,59.821912281573304,19.77671980314817,19.035010316452016,0,0,0
17.809980195910345,61.54614481828665,40.56314248334639,7.116551740866878,0,0,0
27.450987924262275,83.64366955521785,25.670109266281067,8.756669469120023,1,0,1
19.156476829176718,57.82849216291952,1.9641019421705042,13.425969610403548,0,0,0
25.081401594968487,67.60439992214656,47.31029423574194,19.34543244688353,0,0,1
25.89763372058787,74.31488680718431,4.136703171726092,17.81584707473415,0,0,0
20.67014380541879,52.769820260098285,29.884175126687808,13.341060065400892,0,0,0
33.96850311082986,79.52824629311465,43.88338814667579,17.13447143342044,0,0,0
31.8492821367115,70.09112258560546,3.988489887509694,1.7040886178287251,0,0,0
29.44747015265597,64.5729639667258,27.694669420800643,7.542538857037053,0,0,1
16.559877328188183,84.53812147060725,41.21449377622261,0.2618499139769437,0,0,0
17.122600386180387,53.39223925518501,49.31623543228979,3.5494447652190075,0,0,0
24.855626917299112,88.57467838378778,36.216370040701065,12.60985142404804,0,0,1
18.214266983819712,70.85768044516871,13.916718773164682,17.711232474673334,0,0,0
34.56530927058948,73.5046183658812,34.97851649227047,12.655606199835908,0,0,0
18.170404680548188,88.12824302929185,35.28833846538197,13.282762140171334,0,0,0
24.749356709279482,84.96704783171347,34.99830060523087,2.0764321051240375,0,0,1
22.28242113683011,73.08591378520453,42.71302185465529,13.297209818267596,0,0,1
27.78772842908196,81.42532371164958,4.3690031259745465,9.086934347383819,0,0,0
17.580728177788497,63.832571962809325,5.420992270771668,13.028804631636469,0,0,0
23.606328560847817,70.10577644248605,32.0308562112779,6.523462190596547,0,0,1
20.494100656142873,43.413857518968115,47.69405480490939,11.629718833263404,0,0,0
32.755030493433765,44.94218549000257,23.291931945962297,8.481385936619787,0,0,0
15.811714242693903,85.61839723024826,48.02813508128376,11.172741108701217,0,0,0
33.274549880129186,43.281941062537314,46.9042629758077,2.941790366596,0,0,0
31.65988277106001,49.3169519097934,45.14548691171598,7.916497072345701,0,0,0
20.95141432881631,83.77079624227429,45.49254874320427,7.4855731451370815,0,0,1
30.785813093542096,40.063027284554096,44.915939666399304,14.727890413056166,0,0,0
15.624271206774951,55.53223808652254,40.99446917695911,14.12819027936131,0,0,0
34.337311005867875,72.12212618046419,34.74894793026652,18.17717369462666,0,0,0
25.531898851795788,72.74974623081131,1.2204089296304121,12.64111184566395,0,0,0
21.065620521308905,82.74340995262105,6.612679607802624,6.290942595869467,0,0,1
22.25166425189354,67.82594399706937,6.711602726573357,15.664493264706627,0,0,1
16.32810706920995,68.01710282420336,1.1770142139794937,9.939952870672528,0,0,0
34.78699028084078,79.89208165473852,5.835088421181833,3.8698642125815708,0,0,0
15.785838903013849,67.4243454796456,45.987321678355315,14.94822936654253,0,0,0
28.09814246295718,73.46700976099893,33.190214345539296,2.65062791438458,0,0,1
23.854718554129164,89.37757375402781,15.603650914771123,3.563066624922584,0,0,1
33.978324363774306,62.07980541868046,39.668000611833996,15.175118568702946,0,0,0
19.919994806135904,61.18187890055722,24.418474347742546,15.402893881425761,0,0,0
25.641736478760226,40.19519455256242,7.106351845793829,15.815625376084306,0,0,0
24.647124171655058,73.73844438366775,44.225104061324636,5.866502488342313,0,0,1
29.05732888100203,41.63745490739226,16.933097311823627,17.33174914743038,0,0,0
16.360204639048412,67.7281669350574,34.942961526494706,14.453362719241456,0,0,0
18.875782600467097,84.23285839677246,14.52970802498037,16.67934819102681,0,0,0
19.291296401856997,70.24565887858147,25.003562533689998,14.1721096949378,0,0,0
29.763015096833794,54.82998908691718,40.812635576520776,11.591929174926811,0,0,0
18.7827739265348,83.23926317971542,7.838867321218385,2.1878954314803867,0,0,0
26.469835277819534,54.83443522453963,48.86256976196392,14.218724239038984,0,0,0
19.304876410019073,80.31674795202443,3.51079614303631,13.809215509163682,0,0,0
32.23249900167957,73.56421503546272,26.700445487025203,6.249822665737208,1,0,0
33.84370908979277,49.34979632114007,45.8012759675974,14.716395380928521,0,0,0
25.36985949884481,89.78236311643022,47.28469424412627,11.009091068626551,0,0,1
22.046177684183565,51.035402562645764,11.6054481439888,11.1881247708683,0,0,0
19.68115550034998,94.42728907773684,7.199249060740431,7.352093575714251,0,0,0
15.995620030460875,40.402076876021745,36.220150015894546,2.3357008268027313,0,0,0
20.37000152394991,54.49158574285967,2.0986784138118555,4.33856915731978,0,0,0
28.084715598906357,50.99231635008094,24.261948451515714,15.376633066721164,0,0,0
25.672338626184217,40.76963755937545,39.8177613396591,5.428831009937878,0,0,0
33.88082556561855,80.28023450810235,28.012736225841696,0.0450610867122303,1,0,0
22.925545249834013,78.1384191154778,9.400663288700251,19.940348422631004,0,0,1
28.877266846567892,83.57930303952118,24.35221497349816,4.213644677007418,1,0,1
24.786454949502428,54.118420055551084,46.06373582244465,13.107662977407877,0,0,0
25.251524318484233,64.43843418956334,30.86064890221384,18.538440091499876,0,0,1
20.35548629208235,76.25124368918512,36.07453137845099,11.99425469267874,0,0,1
24.099015536839993,64.1872677138479,16.813193983125746,15.980612301689147,0,0,1
24.415699940254143,78.35291736748536,9.424188758380886,19.527434242976298,0,0,1
29.13285043497868,74.86853746422432,12.78211149498018,17.207268518595715,1,0,1
33.81279998372228,46.3056291662197,26.658879688014746,11.158081773567234,0,0,0
21.586425549650087,82.95737165923325,14.011007680535187,7.274058609641523,0,0,1
15.844009371625969,79.63719975008851,27.098239371305056,9.649288983279192,0,0,0
24.925902510012794,76.0708913189573,35.389596368808846,16.836523363810887,0,0,1
25.889226642983374,48.53014834490513,36.71979380851507,17.067092203012805,0,0,0
18.368811022638305,54.739804683745,8.234246983054671,16.917098447167273,0,0,0
30.209292125521333,61.624736737318024,37.52154244169316,11.94448805500022,0,0,0
34.69858216882983,55.396129191104386,33.63440697961796,9.539118355152258,0,0,0
33.91549434016922,52.529565987187226,0.6002566684353339,6.226761121913236,0,0,0
18.942120776473043,84.29467185889766,2.943608754487542,0.06721710363858602,0,0,0
32.507264798015214,75.10277354981113,32.31247509301902,15.289705417219118,0,0,0
29.089872728233694,71.10096723526377,19.185194978185482,5.539965600281094,1,0,1
24.076931276138232,52.427399096928966,7.305199978783294,6.5935579077067485,0,0,0
25.81221988649458,90.49421092477527,2.2198279584816625,16.86962449694088,0,0,0
31.99200349964916,50.515067150352394,7.9699170336215435,1.0450231424524126,0,0,0
24.602698792767463,83.72230130535723,47.87569821608083,18.552406629148773,0,0,1
22.46414738210254,93.16699666879111,36.37828207854849,0.027238448770128265,0,0,1
24.864949860519715,79.99010010733298,26.385271046714692,18.783382296508123,0,0,1
26.58259608070098,94.60723263515465,47.07702500272959,9.095169821668328,0,0,1
18.781553075566976,75.80781143378707,30.955521884080195,2.0424525030363916,0,0,0
33.01815460533982,51.960318898214226,36.28225941403336,13.483227344823748,0,0,0
28.483738976592278,51.210072154408124,14.132590925293604,17.917128514424437,0,0,0
27.665378346749776,57.8510356340512,29.44909217945979,8.7614563369524,0,0,0
16.989924523612764,40.39215111215533,7.173862214892013,13.827158080613327,0,0,0
27.083478763451836,77.4934158545559,20.22415725988877,19.587254403785877,1,0,1
17.419213244769846,54.77672815453052,1.6620162493305057,4.814016474260101,0,0,0
16.57395350390798,84.8350777761014,10.831404379134025,16.408989138453762,0,0,0
25.546217912847865,59.754495780761516,3.743431471133735,5.904742186943532,0,0,0
23.0557106809299,66.3976071404822,19.388940975361567,8.5267519998032,0,0,1
26.776205403124465,93.11289041082031,42.15175823192451,5.635317369945216,0,0,1
16.78444336114477,53.31946676760024,18.896705317252653,8.920234968682447,0,0,0
23.619661256945168,79.66897535863568,41.58198129973217,0.10178064856565028,0,0,1
18.49573430090316,81.53147841179793,32.82491562894437,6.06877694660543,0,0,0
34.74200171848233,52.15489866379993,25.476472331541387,8.905881278753915,0,0,0
26.22300424870349,67.55482601367076,11.844584663066527,12.64480367412192,0,0,1
28.748737218817347,59.26110589221326,46.10780464220762,12.747227823518177,0,0,0
21.508365613652156,82.4548433870049,2.710040442101663,11.675712369409856,0,0,0
16.89477829558688,74.23658254659705,34.44565088494077,5.860636591845938,0,0,0
34.517417255670736,66.17906801733008,31.061994640468445,18.94808631871491,0,0,0
20.725180707663664,82.8649795776245,22.05207611282634,7.839396474821987,0,0,1
23.476163703471485,52.933556350462936,12.016047764630267,4.337878824781156,0,0,0
27.997278434051502,81.44920343213974,21.534796842263344,11.090258793359746,1,0,1
15.493945953722225,87.59558716510534,43.63863627767103,14.978573397618272,0,0,0
31.205182610345737,88.32418782441648,41.83830551274771,0.2446714564453245,0,0,0
25.731563800572406,83.10204761607821,47.06906249885146,5.526880147910949,0,0,1
20.564343741376444,62.440779184904784,15.3896603312624,16.499557052000597,0,0,1
16.232159705849384,93.99944124948048,19.355207918443647,10.140421867711964,0,0,0
18.24996830948883,60.877650410234196,0.9363076329931663,8.16976609159828,0,0,0
32.90067717706874,75.12439695063341,47.14749973600041,18.618025591646237,0,0,0
28.72048447871782,48.859079793820776,16.469504590863444,1.7907019424567738,0,0,0
19.998034432737796,93.9246894250016,20.208191076649662,12.311404015556981,0,0,0
16.31201529890059,78.71922570255649,45.39023057236973,6.84377432487554,0,0,0
28.812306247732728,81.43576498855026,26.32992150834066,1.4164679658585144,1,0,1
26.448154519355302,43.61771868761296,28.3087270877739,4.274890172216404,0,0,0
23.0903904891647,81.98797978213695,8.811641907545841,12.558664260345687,0,0,1
22.272228983801277,82.60978860713308,24.933001040932723,0.5655386770911486,0,0,1
19.336285518582166,76.94749994992264,45.91043004543871,11.844976307787018,0,0,0
28.392225130750354,56.0550287584689,27.9359044053963,19.137008424346085,0,0,0
34.41336055587741,66.93295231884848,12.755818231987902,15.901921247405387,0,0,0
18.514304916736517,46.07389042197941,1.5590432067381421,6.911941586676913,0,0,0
26.942332400310068,65.9372886552534,16.8150886727034,2.7641529272321663,0,0,1
23.483701114919526,53.41031189302227,28.6295457032229,9.30128867825957,0,0,0
23.933774434893298,59.20033425717452,2.130664418541506,7.859008723568108,0,0,0
20.082945602556286,48.94302246220342,30.48962886455781,19.43465920047704,0,0,0
31.50269751322838,52.65299022607934,26.17069135590564,19.79736109016844,0,0,0
24.705112082944822,44.211275300106394,39.171773458328545,8.211693126475822,0,0,0
25.86811704396528,90.59457515403068,1.4444086135980916,2.9756796705987365,0,0,0
21.095218255946513,69.17258783864719,39.04236724093687,18.212190992858105,0,0,1
18.636169313338996,61.820808419450685,26.043852287905345,15.870845513339866,0,0,0
16.71820776405641,69.42660670228311,18.52646663898557,10.225484133113952,0,0,0
29.28238281849832,74.5561275664854,48.26914881794121,7.307092860302826,0,0,1
18.92468563375711,90.70333363531421,8.005977361802652,8.963316551994549,0,0,0
28.801507083775952,49.82811237574723,27.066255954555324,18.037623506102207,0,0,0
22.807528920939077,56.25538742493697,16.04907367962392,3.6928689552707694,0,0,0
23.31549601979303,93.6684134989263,26.374318939766788,16.13567042246942,0,0,1
24.383549921855433,60.41561426566884,27.613772629020605,0.3638126565431077,0,0,1
22.354170162550865,41.24089079165302,4.472412421242289,18.4114398628417,0,0,0
17.012399544451803,48.120392095043734,33.05675734591749,10.005945592924114,0,0,0
21.192636200056917,41.44862859617036,31.724074795950592,4.534956526823444,0,0,0
28.27468721387877,94.44577283314007,38.4733637317232,0.05713005634364832,0,0,1
28.31568802937742,55.33789669451727,4.53292468295855,11.190929374895484,0,0,0
20.724486144799886,90.79485163149243,14.86292734518439,4.889757411196762,0,0,1
24.20205253115376,94.77374516678437,32.505529986405065,12.625286720216867,0,0,1
18.86894456023875,72.99126716287128,6.836541295780424,5.6233856290409445,0,0,0
19.207441630596715,41.825797328605894,33.87991053942211,1.7604805838045379,0,0,0
15.460941768132148,44.487539671280985,2.9513355410211495,10.101032596871187,0,0,0
32.9349309981549,66.48739803093328,16.746577647981386,11.289714725762888,0,0,0
19.214133301498123,62.33946071013173,42.33555611662595,9.051800510791015,0,0,0
19.550677538729268,73.33975181799721,38.71456451905801,9.160711086595628,0,0,0
20.592028652902634,64.13662953412502,32.238035761354396,11.793002558000307,0,0,1
17.54816143390858,91.37422670993163,43.52292083125506,10.52707018820307,0,0,0
27.785257663627256,69.41068434774311,35.46347720861002,2.651350777253163,0,0,1
16.502859063551732,78.15493338043433,25.96875526054015,3.941712929700647,0,0,0
17.684048526527004,89.30668999533731,48.98587501928933,2.8358208285810016,0,0,0
27.895134531801858,48.077953170826405,34.742803989465976,13.865911644394917,0,0,0
21.793212409628854,52.63540597651907,30.068358840650156,10.57196824333932,0,0,0
29.15895653402378,45.90252632607083,20.44352804767823,8.597102470618566,0,0,0
26.14849489340284,47.680111957645174,45.120624928952516,15.966779905456987,0,0,0
20.12042346123026,68.19211818138282,14.78545478024964,6.515893195216103,0,0,1
28.01655900978656,57.66485924321052,0.4609797105451341,11.36213326181922,0,0,0
17.325473605857614,63.27450617397152,9.837026121617997,1.4881520298039685,0,0,0
25.728207661600607,94.0369407486734,5.475874597117958,14.888081676502239,0,0,1
23.74296210090069,48.61873912877714,15.949688708653603,13.903848896311796,0,0,0
20.357471656348814,69.74466389389416,41.29393387292275,16.04759258593764,0,0,1
27.08009995479,45.437913527950805,32.57648426825037,17.689519160331074,0,0,0
32.42667184680565,57.517297229513325,8.449029461685626,15.160565345908372,0,0,0
34.97809399526153,69.01392580210293,39.441086054616925,16.889797802545875,0,0,0
27.15525537486849,92.06474602809357,25.210993304970135,6.913091979234491,1,0,1
23.094117486583404,61.517552170591564,25.635731205914848,6.866747240298794,0,0,1
19.50414200432403,43.56986829180684,18.105609049043665,18.886016397996325,0,0,0
20.141921787902234,61.34887963781743,43.23081824110117,18.291490726524096,0,0,1
24.589099562995315,48.01576467306877,15.916365192789634,10.96994682210445,0,0,0
22.345554025614184,52.64942873102949,4.706988033484433,7.331175705452917,0,0,0
33.276290452498884,73.99498427407448,15.136449698597254,17.320030605176008,1,0,0
22.36590935311419,43.70831264120249,35.76767731339429,6.468222648547323,0,0,0
22.46889182290871,65.55980659375206,32.87909434016644,3.0727016578888877,0,0,1
22.67069024867954,73.52038723059204,9.400857677678893,12.7898535001096,0,0,1
31.732404207353163,63.20221158021233,5.589214955247101,0.8524361946593384,0,0,0
28.015766416938035,41.05194928430517,33.043287920087316,7.58203812332976,0,0,0
27.283377006377854,94.20356462965759,33.818841782745615,16.15327631389244,0,0,1
21.682860447677243,60.19136720372944,18.307481860528537,5.904323913856695,0,0,1
31.35808353664879,82.82174528132968,42.140069176453984,18.626309581470665,0,0,0
15.767277227114022,57.91055707030993,48.91026018999584,19.116493332332748,0,0,0
32.41594344676226,66.12592163463803,10.28226117246977,16.31632601530238,0,0,0
25.25499799587859,61.36550034360481,28.853435785301418,19.752866379841254,0,0,1
22.965004697268256,58.83965762302842,0.26731645019695827,10.615282230228754,0,0,0
24.943345614353714,41.20182574642783,35.65271980131437,11.383991042779432,0,0,0
28.34831061067662,59.80115158199769,20.71410567816589,16.723336305409568,0,0,0
15.255308530357947,88.92194947197416,9.663461345158241,9.856105115761808,0,0,0
32.431037129164956,77.9716336226526,37.61109608821881,8.134400136661391,0,0,0
23.934790506227856,47.99825725024919,40.53243987780403,12.29507182349078,0,0,0
21.859330394001564,72.51352525425065,5.558325058796864,13.15319021697764,0,0,1
17.764911312681143,89.07269729718794,2.0497880919017,15.017916433923325,0,0,0
23.78930748716884,78.50187225306705,16.703922083455865,13.364013945201707,0,0,1
24.92645542568758,48.177641579618324,31.299523288051777,14.91443590526657,0,0,0
23.072933889869557,87.73078732039733,39.670976359431656,13.491193417775047,0,0,1
28.573201876537944,56.584920730887596,27.303124831522886,9.608904770003576,0,0,0
23.41793057518452,64.9741879371788,29.03743881534903,2.6986916867294064,0,0,1
34.22835155693147,68.93785178290305,39.99291108764456,15.708864578705168,0,0,0
26.985550356471837,86.77786324080074,26.44216871093797,0.6155830277536611,1,0,1
31.14955871303818,91.23841223312135,30.557724511315026,19.85000183522679,0,0,0
17.187118062189576,91.13090827848058,25.810866998827965,16.569169798793595,0,0,0
22.945825858918113,40.437479970319735,44.0229116683852,13.4182121596261,0,0,0
21.736954028943053,90.70386670720015,11.775830929254443,19.332135437089065,0,0,1
26.389647762731837,42.99128313008648,13.199679227025468,12.249405629124187,0,0,0
32.22227040122851,54.61755112495894,6.3980730800912875,1.128657614886961,0,0,0
16.56676435524013,68.32433201003082,40.973337574721086,11.1876434802904,0,0,0
16.451495960894217,66.39591289524168,20.588864528117867,5.544083713138857,0,0,0
32.00635416315198,73.25903866380656,17.39469704406219,7.389550559688736,1,0,0
19.25700172076715,66.36954258053532,49.06743585435781,9.191703117000579,0,0,0
28.375065088996273,91.39066238022315,46.340168321989275,15.49201492777567,0,0,1
25.857562647216103,53.230186651802285,48.59938410623807,10.058584287419123,0,0,0
31.657871897744588,55.07135817211672,7.114949837934642,9.493605816501576,0,0,0
17.501778196728072,90.6405864631181,44.562590657408315,6.039442754836921,0,0,0
17.595659314452227,44.22067325598909,16.435479969372572,10.79744483705406,0,0,0
26.136367205566152,73.52584520476455,0.6328385105931256,4.967817088706312,0,0,0
33.927573067167415,77.49547736360859,19.564916799153437,5.21987630816456,1,0,0
23.299955167415085,67.80479478863568,25.459817656902985,15.145175502890408,0,0,1
21.538842005093898,78.18275333527254,5.411021178370268,6.8509452901818,0,0,1
27.133786463957716,49.501505530658186,26.883880843712816,1.027993458782237,0,0,0
33.60897201090062,86.89477280243469,40.97317920883658,6.873545717899616,0,0,0
31.738556656892474,47.70141292084371,18.8825475419597,12.771444157332379,0,0,0
34.9096722146644,62.04468443736623,17.63224032671511,16.279711733546446,0,0,0
15.451371664047542,44.13916807195132,16.94052101153387,19.238733627847225,0,0,0
17.257162894255245,69.98660933495701,46.154722294184594,14.924408429499518,0,0,0
27.189355267332438,76.83601940841015,2.437904939509955,8.577032188336737,0,0,0
31.411528786676996,91.76718993024099,22.253807099647766,5.982385584099152,1,0,0
20.70488684613533,80.66349077428005,13.229972707485842,2.5925998034177877,0,0,1
19.784221760684375,69.76066040497831,44.69035126937471,12.553728688922288,0,0,0
30.739515987624017,91.29393594436836,4.802613179190196,10.197666282180126,0,0,0
16.12763707706463,66.31402609224821,20.57213833402054,13.554030328882824,0,0,0
22.387652951651702,70.86631092043781,20.340807601554285,4.742663129101392,0,0,1
25.116184451846593,72.78541902185526,44.41972087735113,6.472883362198911,0,0,1
26.20697348700647,62.54888492376118,10.774672252048473,5.841906989972781,0,0,1
29.572303135855538,86.11654798112033,32.24477051508055,15.95303684348821,0,0,1
22.096914468613164,50.18467663647825,6.720306344389454,3.4245962972669353,0,0,0
27.253686893492144,70.51632047043844,47.69878570402714,12.169442340489912,0,0,1
26.707508455819127,79.72282909029568,29.650747963614293,1.0271003151821345,1,0,1
25.95232201307494,89.71868945321174,31.312836516033514,10.990551518034392,0,0,1
27.809665862844245,88.61551180388531,21.68867008302361,1.2782795150611181,1,0,1
20.188983421361527,67.98071591865781,17.114135633316113,3.517531815759747,0,0,1
16.69297507169258,75.37387981398379,10.633821474743815,2.260506041071244,0,0,0
17.38543344079487,61.68307548711155,30.199387691612944,6.93450707766853,0,0,0
19.491647653078022,65.74977695841102,47.7280872674119,6.874628354154582,0,0,0
25.003958710455706,89.84461859151773,17.98954770462015,16.528385614565128,1,0,1
31.808855010920404,91.18871962558606,44.15784443310271,4.513749027610574,0,0,0
29.02586684176768,89.24777319368607,7.438815642362484,1.7277348354795397,0,0,1
30.780812084040942,47.6103973997501,46.806301044090034,12.070235816282596,0,0,0
22.019512478521825,86.754621173185,17.524314194903827,13.749013992000137,0,0,1
23.093074832971006,92.16000520618141,18.986360579667284,5.896472320429076,0,0,1
22.87363771981226,59.86873320154825,23.142112851716412,12.056282327227542,0,0,0
18.83746368809003,68.52554591819181,35.91221349738251,15.52113136013288,0,0,0
16.22433316287144,82.85023906971477,35.98267168445176,6.951058781522246,0,0,0
26.818321856544536,70.91429756611068,23.97942923598326,10.507076798662236,1,0,1
34.78433366841172,94.64159369384372,26.157644965696797,2.932665473446401,1,0,0
18.336594099005257,65.06423508362556,1.5005243887070585,0.47293602140360713,0,0,0
15.933696397985475,79.26684911640578,15.214835077916284,19.62735949621659,0,0,0
30.590633636478657,83.59251271080993,17.300853711530472,5.994617010727399,1,0,0
20.051720133694484,67.17552286671418,27.93636343628797,5.578041014436432,0,0,1
31.59287610705857,87.13410931412567,27.914988368565226,19.464902663461753,1,0,0
29.078733340690306,70.03850251639581,35.494989886393654,14.564670475262334,0,0,1
33.91347074101609,62.64079382408973,35.851364810904045,11.705957758809664,0,0,0
23.17854471513344,45.930302061857084,11.76053621060415,13.986467901867137,0,0,0
28.239396789012684,61.63774669927333,38.50935755524124,14.198531333908054,0,0,1
24.297095616265416,80.36650501033063,0.9801784023141025,15.26671760585965,0,0,0
27.61177394617087,90.6707526424059,35.808094230336025,1.343784628398399,0,0,1
23.991978120154748,53.842367212317065,5.103055175971155,8.25662839565776,0,0,0
18.772644928481498,59.53795345317764,36.48241042106095,5.902606356660329,0,0,0
25.157948320067618,48.46785467574344,26.355904528420215,1.4113927703401097,0,0,0
25.571684028748848,77.98975918259327,21.862725034154607,8.251979936928574,1,0,1
31.21207696520322,92.8103636505459,34.53331948807145,12.323469708262936,0,0,0
29.71041411587162,75.25237209164965,1.8185416873616356,3.5699535994883758,0,0,0
28.27583247882888,73.93920915034245,11.173516283778916,6.100534877757076,1,0,1
17.267741911051452,70.44194617752387,30.8220071233827,12.78341643834308,0,0,0
29.4123258132743,44.86506573770451,42.3607703315409,11.586493151144268,0,0,0
25.006103127090295,80.1227104536161,19.05538184725585,17.37570926346448,1,0,1
32.881990722123184,73.11272489521428,12.938073631677854,15.82461939300767,1,0,0
33.397418682610855,76.3812222870958,25.936821789449716,19.31222104572059,1,0,0
16.10313181203571,89.4346101165082,31.115762619342068,11.943866202267543,0,0,0
31.412831207089575,83.11784328835599,21.00515157028732,13.969347328232526,1,0,0
15.753947808453413,82.95033886849893,43.83553413298775,17.21012517628806,0,0,0
22.343392513900454,90.99510728836412,26.17193544300067,16.79984889650536,0,0,1
25.84599951242158,94.44642233046497,1.7911793785292507,14.374432840524687,0,0,0
17.96201597254255,71.97055025785828,11.15269773530952,10.005124187479502,0,0,0
29.926276251381537,45.98848888171412,22.532351545890727,5.464137764614576,0,0,0
15.167094083442771,65.252144927649,34.88627595084667,17.54431507870812,0,0,0
18.371980968680738,83.31806305539044,10.987612189629441,15.5331088447461,0,0,0
26.615936597069513,41.524892861901705,48.812871985871055,16.758139039169585,0,0,0
29.28775124074585,43.1288091095882,15.927912909404174,2.815786362944084,0,0,0
33.33286205387832,43.69367803105517,26.62401034302942,6.296257563785492,0,0,0
29.109933038692475,80.2069667080571,0.9483192365520587,8.497700757993023,0,0,0
28.43558540509732,67.56416457097447,44.24453607154022,16.767039446011214,0,0,1
22.886822927013284,60.289386893632646,39.44173267625917,17.85773345429311,0,0,1
15.025688510536028,45.808937489395475,9.772900214779634,5.697854285105725,0,0,0
17.40318517471244,80.2732137613239,46.661834561992144,13.728583345315295,0,0,0
25.691090895120784,57.65608958029948,15.791988189870231,1.556284123051268,0,0,0
28.502597716888395,54.592823853556695,34.609314419005855,8.191465439375223,0,0,0
23.34896567792925,75.87755608544529,40.94881590082999,9.733382155037702,0,0,1
29.613580230567806,70.7455990928263,37.04572306185904,15.312656297982317,0,0,1
25.437245906643575,59.932585299731585,45.87913920149206,17.839444736742408,0,0,0
16.483523911886245,75.28181089430734,43.213738017035425,6.745664716489124,0,0,0
18.84032501935898,54.9171836211265,49.7305757045805,10.554777798838026,0,0,0
31.799964464878858,83.71566438823797,9.130570628807277,12.948964447350484,0,0,0
29.49825493248879,52.61254226692097,15.238090061335003,6.573744578936294,0,0,0
32.8952397402499,48.73607324601086,31.8112933715815,19.71076426348089,0,0,0
17.35114498241873,83.03416752243811,36.652359294579185,17.515487591400493,0,0,0
34.80445069230148,78.93406168838632,26.73025272778546,5.928056577332333,1,0,0
19.18813427899867,50.045143663598914,3.696418244330746,10.158924619980967,0,0,0
15.23559752573284,46.39351639794659,42.079761340019104,4.616812264944887,0,0,0
34.94845878107108,86.11194986676807,48.0437178010636,10.290078378066696,0,0,0
20.621477708902262,82.71291652081784,20.275842191319736,13.666646896465696,0,0,1
28.3603890502512,57.99915555348153,11.240624084942302,1.7104218558597561,0,0,0
18.533646283526103,76.20085745173517,0.9656877481043769,17.402344096145434,0,0,0
26.604570643982832,46.82881026012959,11.864951804679263,11.87491736893167,0,0,0
33.08069972909119,67.88762124762229,34.995938741921115,19.792057971540032,0,0,0
21.40362334856877,41.030166063323094,45.57946938363652,0.5118301449900642,0,0,0
28.405079520887185,61.538103450685554,4.675653321588291,16.629967021964642,0,0,0
18.75807177596833,44.11635518092728,27.662959358096494,15.83926096509095,0,0,0
27.495907974374504,66.13309490862854,34.77656242559162,2.657050240800647,0,0,1
21.729007036350204,63.19249057690919,13.81904105531343,6.706112701668134,0,0,1
19.224165171759033,64.44117646509308,28.4948519585151,17.695924060883456,0,0,0
21.263641014072704,42.49322161263967,35.76242130028864,10.369085901445086,0,0,0
18.576821370155987,59.88889877050078,41.88596215676884,8.02562974934478,0,0,0
33.03832215675766,81.6066117004954,22.624992540999045,18.109928645016836,1,0,0
22.943737726342576,60.290290534449106,37.39286094594803,1.8668904895412286,0,0,1
19.905586099487348,79.33445739352695,15.089148586992485,9.462455658045128,0,0,0
23.968156820318658,60.32132979985533,10.652337338607932,13.047481959507046,0,0,1
21.410723336129912,63.27816928196025,9.36568730453337,12.170828780300251,0,0,1
29.88838507626652,71.01406620560964,17.94363659128631,5.28552908817783,1,0,1
34.42439823770989,92.28750652438953,1.793984089442452,11.26625809068673,0,0,0
23.760673133952935,45.987324565566034,14.149591883262486,14.171235285719634,0,0,0
32.22066799944481,41.81025727636455,32.61114122216141,11.697708146533968,0,0,0
26.31726147119239,73.43764510955248,32.39595235800684,13.689244519546445,0,0,1
18.14471330188467,92.20033989106345,3.677690324574562,5.121574787775809,0,0,0
28.81245484162683,94.43477229050933,14.370780854031008,16.65697900543565,1,0,1
25.268689942516403,66.6290336065601,28.477883233896083,8.993790739699396,0,0,1
28.01213046504207,65.74448915968041,15.927606875155142,19.744476882091377,0,0,1
32.7937482514333,75.4730073909858,20.899401209443674,0.4657064133387512,1,0,0
23.808691413120922,70.55991164627333,35.6405378557882,7.606307424952867,0,0,1
33.02355246434711,74.8748431687765,0.4633414728315022,3.609501046102217,0,0,0
30.013380285633097,88.06996840458419,13.819677204421527,11.112190539881068,1,0,0
24.772098517559694,81.04683932181851,7.118612189250833,4.864101887472254,0,0,1
27.064442713159274,67.32825654277376,6.3804591382245865,14.749558931349636,0,0,1
21.51162265038023,65.40254524500932,47.952010822362354,17.637317246750374,0,0,1
34.671945994775484,75.17809616822137,18.828016578120888,4.217687071642217,1,0,0
28.34702326100792,65.06384564311637,26.35442924548199,3.2135523660359677,0,0,1
15.876937049932598,65.1778643196102,36.69109435348163,17.507143714569573,0,0,0
21.532438114960176,40.896824598257766,2.3723737430025094,7.225438301770113,0,0,0
27.46628867518115,49.57352755740196,12.051131927884917,8.6916726991806,0,0,0
16.126665555984797,66.86825019976642,41.607389367185625,4.419390048870713,0,0,0
15.477683826382854,85.2459402477703,43.099530658894054,8.506297361022943,0,0,0
24.00048479055605,55.32998536999183,18.6475460320401,4.626001461559939,0,0,0
21.6538035938534,68.7453888222132,18.743079982588412,13.31854881268362,0,0,1
23.765972160663317,58.97291466175777,37.8448438554441,9.977528249601743,0,0,0
20.253866197600104,45.76421942467739,14.753511337493459,15.761208919258179,0,0,0
18.29435493885962,92.70641656892153,5.854704056999904,6.2545623213458885,0,0,0
28.782867139606754,87.00706286376659,12.876772512029172,10.111900309180754,1,0,1
25.29142232535601,44.317083345679855,19.367236581788745,5.190466459542689,0,0,0
19.003084224987337,79.58829943575566,2.6102354797549134,18.68947860493263,0,0,0
21.391788525199967,59.11689473966251,23.93401271000874,10.438713355822063,0,0,0
26.836158153266517,94.7167393883986,37.00037563863892,3.4692499263588616,0,0,1
16.444586965449556,56.63191859059377,25.68725722402308,5.45531318420058,0,0,0
17.949060185323592,53.130614494942996,3.594767025725348,1.658039282481203,0,0,0
16.4649120821478,71.23398015679729,22.007481567297926,0.556319911954668,0,0,0
31.246346654282377,85.93193898387622,35.44523040214164,10.518436521413419,0,0,0
30.048184664240186,50.58853795008889,2.9048326995094964,6.742458450512105,0,0,0
30.066258637585143,79.01715233456322,2.9923594863444256,19.275469105206128,0,0,0
29.32650686952056,43.37736207276169,18.530070159049135,3.426627927229684,0,0,0
28.38770847339738,90.54141087107735,9.748198206185455,15.878253054738906,0,0,1
24.5398383075635,44.45912038810143,46.73903956542102,6.319428843858055,0,0,0
27.8455632701423,90.28272569892894,29.06718018698716,4.470747721174105,1,0,1
15.767231095759493,66.99439871989865,14.366269970294809,19.392736380026147,0,0,0
27.42928845313569,64.6450112037756,35.23883645574754,16.051531974915314,0,0,1
30.55755411073754,93.53188937252071,18.746452567966443,12.612417828906633,1,0,0
25.007167207687804,94.47112977340205,6.605782218950501,13.942420744475042,0,0,1
22.150266568544737,75.75979692785566,11.86161149217902,19.827629497011795,0,0,1
20.548534696019583,46.99156105213767,32.137364222968785,11.864148176497736,0,0,0
27.85604100324165,67.83935471103614,2.593805299849583,2.0380090161392017,0,0,0
28.856023972598173,69.10397055256144,13.634452002403187,1.2973225340276273,0,0,1
32.41935199725085,68.29455354744204,10.415573882108731,13.332135549477469,0,0,0
21.846681649219814,71.32205111860054,10.0567555338266,13.152022878502965,0,0,1
30.39544614771171,41.02985925869149,34.13812059879856,14.963475859561772,0,0,0
26.22711648378676,79.11750048087762,41.29084583771822,2.175574604652275,0,0,1
32.65672981356158,79.18168660741435,35.793330403212934,18.898045495103435,0,0,0
25.556242165912415,46.35083763478384,32.28639079002561,11.023168278212896,0,0,0
25.352596567959345,71.36316933451904,45.8225885908932,12.991110420424308,0,0,1
26.557541628818182,71.2598650339676,2.9196190212148423,0.6970476675626047,0,0,0
29.986307102848688,77.534773110472,8.374154298812037,19.219484290311478,0,0,1
34.29380957656922,44.69687306742946,20.720342783526608,11.251836974878973,0,0,0
16.471267084315315,74.4576818996353,18.622582175193386,11.267262259892572,0,0,0
16.068692047820342,55.44135729104877,20.902580148151124,18.871106324607595,0,0,0
33.75100674814677,67.88516447728946,10.322745252135302,18.58700356367335,0,0,0
25.597512510364123,82.53279539872422,7.475165779011417,4.405971836344833,0,0,1
27.29806029133872,78.81052649996573,25.459662372896403,18.621976438118587,1,0,1
24.648472031894578,46.53966597228963,46.40262620343968,14.73242578760123,0,0,0
16.87314905214949,72.51516329138403,19.59847311749585,0.3780145466283491,0,0,0
30.36178756837333,93.30140920174063,2.167660705976404,4.796862974766767,0,0,0
29.94449290177174,48.62231905342512,35.30836714447623,8.259602909428928,0,0,0
21.23406642985624,86.90988982489782,14.555245276358747,11.656449110115094,0,0,1
21.12478490456801,78.64014443045772,12.254750365244604,14.02659460977378,0,0,1
31.75682761811037,82.57018221003679,16.212900034898105,4.204207879137987,1,0,0
16.447145154826533,55.507707992845496,36.190776195393816,16.73401028547378,0,0,0
32.62210296713131,55.83389111589133,40.940969343515206,16.914306477783093,0,0,0
20.133233797918287,89.83107006770685,29.402803366948184,12.699976385211546,0,0,1
26.85969495510988,59.79076176509072,16.12393768597758,18.421878210313967,0,0,0
33.71988358003556,43.465846488104575,15.523911655863909,16.259648537943757,0,0,0
28.56245003073293,73.03281869686975,6.215417495273151,4.432473185870817,0,0,1
23.28859624934073,46.864971797301344,46.665052411759724,15.973537326207211,0,0,0
28.790684178108304,83.81279327743495,31.906969948440977,19.0640415750621,0,0,1
21.879592726327402,75.29605433755816,1.3487309927932012,2.752128940368619,0,0,0
20.54516832698372,88.10995778716645,33.11835475933403,19.57395769582058,0,0,1
34.93366555869359,83.16604873804494,22.357671209675395,0.49985593540180506,1,0,0
30.015804623595756,46.16625065860079,48.62789815234597,10.443344895475446,0,0,0
27.894399547636354,60.95888720389323,40.95344124032035,15.477862779569683,0,0,1
22.105792864386373,82.6008137453023,8.565787691639908,15.808762050925086,0,0,1
15.983216583100964,62.953781029647914,36.005555943743325,14.693451382925357,0,0,0
15.621137520703112,93.4801016628988,24.27830019176317,10.587027455063238,0,0,0
26.083625108975976,80.4657247441397,9.35225818349641,13.019286441407909,0,0,1
30.24065442078102,40.85249541796766,34.936995366497456,13.998643713062275,0,0,0
25.747583808877103,88.399213035846,27.36937893471227,9.890784484277912,1,0,1
31.81570143878229,45.544263167770666,1.5186939385785247,11.91369950269275,0,1,0
15.668530661864432,47.728804829904725,32.3293975264413,16.927361069151463,0,0,0
22.3350415285188,80.3970820336078,31.749354493122034,6.257580422916544,0,0,1
19.741407823483563,87.57327076867642,7.204258052573131,10.464126539372646,0,0,0
23.94545936314244,69.49922953447557,17.449386349834644,0.16959442051015738,0,0,1
16.44752786388245,55.89773531201786,29.294948537551996,13.748727995535862,0,0,0
34.08263283142145,59.32235498892466,6.939150705336495,3.907709292296835,0,0,0
19.465108021387216,58.85891312778308,42.636168891737825,9.620025074275379,0,0,0
33.4461555096717,57.96729570952317,1.3743023143851896,4.204104325609186,0,0,0
23.517863100733635,53.36003195019074,5.141870748467747,0.47067429156984586,0,0,0
34.710482665104365,73.48769020460782,5.805345992744204,9.66441103396033,0,0,0
26.081167669204213,89.5222925210787,26.405356298752757,8.49667213221414,1,0,1
33.61665728351615,56.88953271958376,31.005700608431262,8.502990270487613,0,0,0
15.106979773884458,50.26818636037767,20.187039825074326,4.176123198577406,0,0,0
29.964776123618,86.12177165042837,14.43334138340831,18.944091794963583,1,0,1
33.06101306205031,80.79808319893368,40.46586878127787,0.07014303621388995,0,0,0
17.79441133957908,91.19603673579508,3.4142991863210073,17.83090899994677,0,0,0
16.92251703464303,49.10358545827003,14.014593056639585,14.738038462789643,0,0,0
23.491452143719112,47.933822276412535,1.9557789401985382,3.44144067066543,0,0,0
33.673578122658704,69.77861668677482,0.6945067483134004,9.44383972607109,0,0,0
25.847731203808774,73.79385101593024,17.668994346610063,19.77700163016545,1,0,1
25.54912927443464,66.40953930227742,9.7411831222466,12.873964739686146,0,0,1
17.822522365986437,72.94316499781314,13.418292741912314,2.54753447637335,0,0,0
15.015790221864375,49.920887288128924,41.04735787274841,9.152844777128637,0,0,0
31.202801814909225,66.37875647902459,8.149004812461069,9.364061931456247,0,0,0
16.751491259724766,76.19509085168173,39.01166835759005,16.045266657662168,0,0,0
27.67699637470648,63.798854708678704,33.752531157318174,18.32325865652311,0,0,1
33.29232909030383,77.36960346991287,16.322276257041636,1.6448308657746913,1,0,0
19.17303826316862,64.81552043046118,27.327807258814392,6.280745739056646,0,0,0
28.305456724738214,58.34797694632525,22.22178048872694,5.968762537702299,0,0,0
16.57397153415019,56.69827758979008,6.419765774883269,19.920962498380366,0,0,0
27.07510287675226,62.599613244372335,45.359266086708786,11.184542333827993,0,0,1
18.278634419064055,41.26992924752105,28.480898379288007,17.59662992239969,0,0,0
29.71907121030356,76.76888261453625,44.012002289772745,8.520656988896478,0,0,1
21.024625895878163,86.4808102539144,41.19132559066451,14.454463008178728,0,0,1
24.267820176092926,59.50449019437152,3.9887962654711617,5.731712846082921,0,0,0
26.988610840552433,42.53182248779452,10.363533300922622,18.235720469784667,0,0,0
18.42546821332479,94.27265785620567,7.2630557187415405,9.102924819730676,0,0,0
29.832756372352417,54.50340404980868,41.53897663934594,16.074509946321744,0,0,0
21.052806812736293,46.96416169299251,43.12233132276012,5.116337666851296,0,0,0
28.24743719825507,60.33638793851654,26.398575490418295,13.872086838437582,0,0,1
18.165661013987474,80.62063723484562,5.208903625400346,8.103168088000716,0,0,0
28.762353184127004,56.16541282898112,6.78083092715081,0.628788459490941,0,0,0
17.563761456209235,71.60867621557183,40.67744062191337,8.26016507518127,0,0,0
23.507129925399674,62.85579969404282,46.45950682646651,11.000432835108409,0,0,1
19.944121474777535,46.477019575214015,9.973784255532836,3.0352322782635044,0,0,0
29.96750498856365,58.16578568706606,0.556878823608653,3.678262103852301,0,0,0
20.24070009013749,79.86787781427367,16.547645257538896,9.297255966463139,0,0,1
32.634346127907925,73.66021435322952,1.5249694823940674,6.854594248668134,0,0,0
32.83640422813225,46.58781089359586,41.398745803901896,8.814810760067253,0,0,0
18.92882630445572,48.98273253428697,24.575612861312578,9.216539786454456,0,0,0
27.276918900154485,75.24033476190951,32.09303893815099,2.8015208740551123,0,0,1
16.754352834399285,84.73784778764778,20.57424380682711,3.6238915054022947,0,0,0
22.830741992032586,59.221097277699315,17.275377350624094,16.963307869589887,0,0,0
29.266434590025447,72.74209135138976,11.110020653804241,3.254373786209681,1,0,1
28.188464936998326,49.38539738136579,38.52662735190728,13.318286660165217,0,0,0
27.49401338813216,57.125698529792814,34.77737922077647,8.370560935355842,0,0,0
20.650817273248872,41.114861312017894,18.036449224804308,19.364733719392817,0,0,0
22.56049898868804,82.25517712897374,16.055806714959147,1.3220872377647508,0,0,1
17.058922894005725,62.05554008751317,0.06214393243395011,16.607777320615238,0,0,0
29.380456408672018,84.88690655096747,3.177606502273622,9.828984622052431,0,0,0
25.07777593582547,78.96051478124994,31.16277624463174,0.1070474172837721,0,0,1
29.175312646913092,85.58093461506624,25.730365511773083,5.273204378791075,1,0,1
19.978870495937457,55.71122682705855,21.740160224251127,8.15393705098539,0,0,0
21.488764572701324,50.18098017353149,41.375112040082925,6.283895068978502,0,0,0
21.684306745202292,93.45481254584189,25.19491022014233,7.248989280278666,0,0,1
15.514848194944324,79.45302828724783,19.224679070365998,18.3334381827436,0,0,0
21.82095745661247,85.87232473596687,8.062817376249248,7.218680647846554,0,0,1
31.06609147036067,40.72233555404635,41.03440041073096,8.376587588054656,0,0,0
32.94596991499477,59.495389116273756,28.81241250605939,15.222631071562256,0,0,0
25.36436631271855,80.85491798175325,4.622998296137864,15.876671314967503,0,0,0
24.110033904384405,44.289055814449085,32.444919899853794,1.6817930357338917,0,0,0
15.616492373987406,71.20369612629146,21.2535372744205,14.081400691340084,0,0,0
32.58408675170765,63.599002210025176,40.56931117939979,9.651439073535515,0,0,0
15.260204268517455,40.9689078927609,45.94572984979981,2.677077864753108,0,0,0
33.89500160420424,52.97865674156983,30.0232906588123,5.294211278937686,0,0,0
24.784324973761812,55.66355939866928,36.58064096566832,0.9007099461303736,0,0,0
21.83868987149453,46.15229704904773,2.8295423801082853,7.204743776236704,0,0,0
33.4843686968532,74.73453003584632,28.012772750057863,5.108128806680483,1,0,0
15.487819862201935,53.3318831938539,37.766998917773705,7.642067947600353,0,0,0
26.62849789738174,55.26907247906636,24.838107473905186,11.606810950615136,0,0,0
25.97865048998675,89.4031229010081,29.67750447521686,14.6467910407324,1,0,1
19.38640802422764,65.69177009812267,44.947409279052216,12.107039731190595,0,0,0
23.577748627004212,61.56704808330998,9.904978601559971,13.567546045198915,0,0,1
28.045280118875404,79.81290710730946,4.912325377595595,17.312782412375867,0,0,0
29.542623937638552,90.02875882856017,34.53218065697505,17.476488869230216,0,0,1
15.014337174131596,41.37699849305941,41.1424452761222,17.21438696718348,0,0,0
33.737068601820305,64.65313656054681,42.52450942912817,3.063378309590532,0,0,0
18.29050744785625,73.5929745842871,32.08222485456101,5.021382671872907,0,0,0
19.671608684447186,57.52097039692943,41.66067090854017,10.046506098551442,0,0,0
20.269468913876963,82.4824247167783,35.03321028616451,7.17478588032054,0,0,1
15.756402731040707,93.43123886486507,4.368845795339538,2.6333793655992643,0,0,0
17.461042471806497,91.88850514376557,38.10217539424941,5.755004692113028,0,0,0
34.726998458883244,54.629039665896805,8.967984477516483,19.508575233312783,0,0,0
21.30433474754572,52.44860531406173,11.830467129548639,6.938535109930724,0,0,0
17.306021806780986,92.66197920616716,19.73253134993324,8.378281365919229,0,0,0
17.139825223492466,65.22456680873063,15.728353316316845,0.12802843714593948,0,0,0
29.389199353399437,51.45637476965805,16.0825869151456,14.388297595803973,0,0,0
32.09137328065282,78.884832999673,8.462976210202289,8.271001310907595,0,0,0
20.139045990169397,55.64311781470854,14.693552355477218,2.0628012579032218,0,0,0
15.4181902467047,54.698583628907876,0.9831294987940886,19.371134766093437,0,0,0
19.461800368907117,88.35869736927816,23.6455473344163,15.548664251701735,0,0,0
16.130313815935146,48.936353435729686,38.42954793849034,14.523001788654536,0,0,0
17.06789873260083,43.541612055643,43.112368461241985,19.15744669683339,0,0,0
23.630162396952848,54.8052542094428,41.02142794797192,8.149601690342756,0,0,0
19.59836741723265,73.3819977061012,20.82288594975566,14.370670805848968,0,0,0
25.318917570508468,46.76983193717988,36.52132405819281,4.124157947709022,0,0,0
20.06987506514381,65.93770697522365,14.394538704760624,13.9424109490424,0,0,1
33.81074602205895,74.5035410733926,2.778123635880897,0.28158184375205675,0,0,0
33.11887935852529,86.68053459262457,33.79857626956333,2.5261076088122825,0,0,0
26.33612210020932,52.64282751612399,32.4398082368203,8.50517837205697,0,0,0
22.088479839747723,84.95404778605342,40.08146977314378,0.24185389612016328,0,0,1
22.622937640694712,52.91984436221812,30.805310335143993,9.239317109008384,0,0,0
23.23704566288994,77.22215976818023,7.84458124869582,10.455834981300079,0,0,1
29.55158644269888,63.68704643153503,42.658119602509906,12.43213195174164,0,0,1
24.03277991037676,46.30746833082686,31.362639400935038,2.0077335398723273,0,0,0
32.134598930117946,79.28449045520168,40.3804849517502,3.6202382625442464,0,0,0
33.88189571860729,51.97694402019598,38.70535601880204,12.265667414343902,0,0,0
21.71892306757868,49.71428843135253,14.89322436125442,13.163754249252786,0,0,0
26.213889627513602,59.707761072416076,3.7276487426026184,0.5180045642055253,0,0,0
16.90113073665129,75.9309634617716,8.825220454479243,10.807347242300764,0,0,0
19.00938095532718,52.86980633348453,4.643116715662537,15.69963463997665,0,0,0
23.269315334203203,50.10138463300372,12.17062160400682,1.3820175557078818,0,0,0
19.124054318035576,40.54744941423504,22.976613651299648,8.263457304930395,0,0,0
32.531209815774346,65.9403703405948,45.340530249064145,6.530225460602037,0,0,0
18.16572512118196,63.57550631233505,43.60093779603173,18.273312507040334,0,0,0
24.11321643106184,52.86272590005569,35.9299907547864,3.716047864129106,0,0,0
27.11398480919751,42.95086902053299,1.205617977391299,6.367208262889603,0,0,0
28.837278163216887,63.609073102771035,17.069460066027673,17.96889489982606,0,0,1
22.661387394530134,83.35128110893973,34.11742132422599,6.613066121199456,0,0,1
32.38198137449457,79.34051722299473,6.4514448419534185,10.626948811711888,0,0,0
26.366383021558512,87.34371894230937,40.05439250079543,0.6607067446175874,0,0,1
23.790155608951036,40.52704782422356,45.72868399937968,19.698048723500722,0,0,0
16.344812681040732,93.15306242425291,17.705222331891274,16.49893415742379,0,0,0
24.2937893689033,58.77767389450966,35.29215309319167,12.688018894933526,0,0,0
31.414716816314606,94.47187878505807,7.410206633435667,1.215105461799606,0,0,0
27.29082036442631,53.8940703330976,34.54082245565135,1.4973992274556136,0,0,0
31.643249074582368,65.93450131680346,1.0727706143521643,10.899472615813794,0,0,0
24.88023341198611,59.4660222116417,7.538575340555048,5.701288724068685,0,0,0
17.36923410188964,59.56683932468664,35.494072330433504,12.455788950063466,0,0,0
15.27279691671762,86.32551543115187,35.59251114381531,11.963849636955448,0,0,0
21.064390934371822,81.05304168555364,32.058135292258854,16.773027965585957,0,0,1
28.95980942995585,94.56832893765264,23.86820121921016,5.627541214252847,1,0,1
30.805198078833875,73.7433075494632,33.74540455859725,11.557270489819851,0,0,0
20.915056692406587,65.47911324169765,38.69003991443941,15.54726637677522,0,0,1
24.91307841766494,44.95406246207901,48.32408295183719,9.815459726446525,0,0,0
23.422378088681633,94.81087807326213,44.43205157743025,16.61287329877889,0,0,1
23.210455687028556,70.33418591127555,39.72671012830623,2.625524031475459,0,0,1
19.62697426400301,78.5262608329578,34.73787583571865,14.677955302942866,0,0,0
17.727422100589166,62.37083129552212,28.70777727161836,18.85964183041957,0,0,0
18.93377116462426,70.12436394985798,6.0304411675958125,6.637666419871322,0,0,0
16.106647743266922,91.8417752541088,8.277842104919648,7.3267288482392985,0,0,0
18.96261483647154,49.15306908623815,41.01397803354497,1.6709935438170942,0,0,0
15.184017952507588,56.080492138164004,40.165645610361025,12.829855591494235,0,0,0
27.545168012719564,48.363285027791775,30.72294629866815,11.049014512697404,0,0,0
21.327508147753658,83.5718747092626,21.94200663580767,0.8069151746473557,0,0,1
34.462894228538175,43.412489323200624,1.3016324911802823,15.044240539426234,0,1,0
18.874341015525957,44.48974074182361,16.358847126427197,16.5856899149005,0,0,0
21.916571406191878,56.417176203305274,21.031982878265893,18.142392082815082,0,0,0
22.156823172830663,68.28034995065562,24.290814308671028,10.914681723412842,0,0,1
15.16902992124921,62.34511403077726,46.46622992806046,9.051600698035147,0,0,0
31.78415906078918,42.464897086894396,5.4354699900071415,17.522743090641548,0,1,0
15.639889202886494,92.66203568290234,25.94334598898852,7.973936381362781,0,0,0
33.803596694584826,92.4078236196946,18.396114847913985,13.108862504691235,1,0,0
32.84148702187241,55.364597778241794,49.50490596080258,12.307245128018527,0,0,0
25.710438321719273,80.23390883977198,43.09320081414526,7.443221996370237,0,0,1
25.871911498225842,71.82164762607731,21.939292711946045,1.7377987513209625,1,0,1
28.075558459123126,53.061218225309325,49.98478046773802,0.4283107734137137,0,0,0
22.74100023869774,54.41943534578885,25.70316232357482,8.564754810707743,0,0,0
27.944445667957112,67.01342458707478,8.355889829570035,9.624031496467136,0,0,1
15.895367773769738,63.0580317823548,27.793734591335728,16.45356536379784,0,0,0
16.08095254699453,56.01761305271953,11.31028829018233,8.288232998229423,0,0,0
24.144608392390886,84.41313779678319,31.8156420038126,5.623197494669386,0,0,1
25.9924460221207,66.48046047005617,46.87200874419628,9.241929361503065,0,0,1
32.75635280671638,76.01664343140203,39.309928841751415,4.759809608480423,0,0,0
17.093212678157926,50.41004250923315,13.65818452095276,1.8272122222991305,0,0,0
31.452958543877788,69.34292143840676,14.842931248300356,2.260860673722145,0,0,0
19.200946745841392,57.48868271956418,3.464410154515601,6.383089197938552,0,0,0
22.881672970200636,68.9527485717183,14.293391782313869,0.25352835116981387,0,0,1
21.332048696548256,82.94542083760105,4.631239983890861,4.404065733624762,0,0,0
23.00310545730798,82.29022655501939,24.97243596628214,15.750462818647078,0,0,1
18.00990996145171,59.48213729188518,35.41735397491288,4.6923438486062174,0,0,0
25.0714014880711,78.18524143938015,37.559058074957925,2.214590220790318,0,0,1
31.032851796627344,91.77094727168523,2.976461612408954,18.981611199890782,0,0,0
23.830680207577938,74.41181314586984,16.997794911910102,12.449402327032388,0,0,1
24.812271517963982,48.162556786045045,14.408588327371685,1.2005189887133172,0,0,0
31.975351705626284,77.38397461035024,5.21501614936673,1.2448793298980565,0,0,0
29.121162292760616,45.769741249212125,18.123565546600283,12.242442513983393,0,0,0
24.809088170395697,87.9660724836165,14.966005456961806,10.802576041298233,0,0,1
20.153912963783593,68.41632726910672,31.724961466963837,1.3674954478596968,0,0,1
32.698534936899335,61.18274049713688,44.165133186685644,4.486309499466707,0,0,0
26.54040803381117,43.13536270573308,22.74208604366079,18.580858289711767,0,0,0
19.422952202213867,60.94310540256603,37.33325863834093,11.440216209620345,0,0,0
20.38239505276021,89.67636673536842,7.300518355533714,8.806507962956605,0,0,1
31.06266177872492,41.15406479574668,44.74831893219323,5.0031082384073216,0,0,0
15.88291124174911,66.10564867799927,7.629736910754614,2.67396084603742,0,0,0
34.8418437405764,91.21369501108423,9.605059029969464,8.05263368221362,0,0,0
17.607033594295835,61.716254987076155,5.3231901793838245,18.44733118662601,0,0,0
30.921370507938747,63.54966281041827,15.483975076026823,0.9742279135508336,0,0,0
22.89550633543366,71.8208030359516,27.620522335776304,19.819576318857333,0,0,1
24.844323665749336,65.46155334674509,49.399705570316335,4.156254404040157,0,0,1
32.613011549291556,49.27309301806538,39.66840173287719,8.175347207980186,0,0,0
23.258223791784264,41.02055464884232,19.0217901445991,0.9010261633143513,0,0,0
25.74987507346469,73.5396411888286,28.792302895178523,11.695644062160627,1,0,1
15.985993248183398,90.64436228542966,31.165401546960386,9.671105308019833,0,0,0
15.046949477349063,45.850027316494106,41.13636106236736,13.334140694695598,0,0,0
19.89599746003452,51.60239955890144,36.82258927099002,10.853562545829451,0,0,0
28.611661858375346,60.36262172037354,28.464556348557018,7.96355569294138,0,0,1
17.425297867182735,84.48082259616157,33.45915135198283,14.755133956233415,0,0,0
17.275239176090988,54.80931740590377,37.295880548144986,0.5004225557391551,0,0,0
23.219212160718065,88.51299223533226,6.657202956670217,10.820580417491904,0,0,1
27.95674077216453,43.02268310575365,10.022773065268996,2.2775240765801863,0,0,0
29.24143984495861,91.75261416924141,34.42921444537584,8.720166661716666,0,0,1
18.569013481967495,70.84108928305707,42.521278099381604,15.822506337160329,0,0,0
16.59176294744085,76.23277231682374,20.46311413498839,2.8492149252080035,0,0,0
33.80794067891088,60.22292373949942,48.9945161235603,18.716206975449705,0,0,0
20.213327651242032,83.00968570310832,10.803586633668644,17.77009384782809,0,0,1
32.066929952174476,49.16114375464233,20.834964102171945,8.298101417333969,0,0,0
32.26982900925637,42.69015039031679,18.92615217316266,0.1194968145187314,0,0,0
30.450451835250888,61.75343187091564,46.514797036321454,15.79489653348972,0,0,0
18.3766721330514,86.95326426895717,14.268925878626975,17.61791606824566,0,0,0
31.436029185084006,81.52097601507322,23.539538902110777,3.4947618471086517,1,0,0
30.385011184831733,68.44357837689269,9.361691980766473,18.323844176331143,0,0,0
26.934459802124344,71.46757609409444,26.06331192812219,18.28194554589392,1,0,1
21.744040703379056,47.144105446431546,42.87020847317955,9.425817020683809,0,0,0
20.25017208533088,86.23748297396702,15.20197309452821,15.960696215956837,0,0,1
17.43778424160718,83.28278256303082,40.53960360814141,8.898959565439768,0,0,0
25.19514133801743,76.10587166378184,45.5655791087813,11.280925318372358,0,0,1
26.70521751019693,65.64050699809161,3.647894485728181,6.396780196195266,0,0,0
22.186779810315745,93.0452597553732,37.82122681596255,3.1893869064164893,0,0,1
24.50718135361737,88.34675845320591,12.76717180752454,14.930731676280637,0,0,1
22.270289147385334,75.44367714330403,8.766383126831457,0.02785689038271366,0,0,1
27.820121146414024,60.44905487445084,30.0561196012518,11.591053792975629,0,0,1
33.02518415593127,73.99122532748318,35.28013081143499,17.293720527569274,0,0,0
18.2784052409389,71.64925095918659,19.73804928676069,4.425545735529011,0,0,0
22.62817619806247,61.6833093309204,1.9586853541095295,6.657989135960047,0,0,0
17.817372079017225,56.867068442844186,45.435226209839655,11.749717057289255,0,0,0
27.49887540815664,62.38559357305273,36.537345842374755,4.937404930622802,0,0,1
29.577410189771918,71.56512733183689,13.583340334150733,16.94973714661566,1,0,1
33.63825465194912,63.547416459110195,24.843192787236994,7.3320633422511,0,0,0
20.5774385252193,54.49659685107611,1.3896394983539007,11.632274396397724,0,0,0
34.0042241173086,81.85298247684449,16.964139090297092,4.522422951984176,1,0,0
16.265253436413495,69.23071227765772,26.126761779255915,0.8277267398197141,0,0,0
27.060277267291763,43.722133977408,25.86118075581251,3.4740053202732124,0,0,0
16.1426543868666,60.2574078094369,10.409243900427057,0.9239787521760645,0,0,0
32.875483755238896,88.67024014665964,38.83736830919454,9.372077992264385,0,0,0
25.596181141401082,81.53800921599736,14.943107926332171,11.73274781836099,1,0,1
28.38696701525592,57.778573116920384,29.020501158898632,0.8935041537090549,0,0,0
31.63147851820905,91.600073362448,13.57611127689874,1.8096444307586568,1,0,0
18.006212449679374,44.21315995970156,21.258393649338508,9.710500536207018,0,0,0
15.771831238762676,92.86790871407038,10.375731262511511,15.983598644019523,0,0,0
32.57762291825704,53.513780086657164,31.650389626601914,12.560183578314385,0,0,0
21.29866454917865,40.50017991663306,21.279218007067534,2.0942044020773887,0,0,0
17.579578158543306,63.85944200850797,0.8058652243882136,17.750845476829895,0,0,0
24.369224741741732,59.74337363278548,1.4082497008383044,18.349004695794935,0,0,0
26.966121513920378,69.64989528637366,23.556715923571108,6.499136556989217,0,0,1
15.619412068450202,83.8225073313415,9.161293345267719,12.320355837627243,0,0,0
20.497913165141753,86.3336941182746,29.252102407237118,9.846543003694237,0,0,1
15.65599748553792,62.06764997864305,20.409589088601066,18.840475372596444,0,0,0
23.40670778390998,63.64151590384926,32.72099177698614,10.174970658974715,0,0,1
32.902000581324884,48.14977516812105,47.619758703197576,19.199316274241284,0,0,0
34.65304822987139,42.61511848846399,26.43680673976268,3.986851010604122,0,0,0
27.74095107007255,75.26682446292637,39.36893017950498,6.910735153913599,0,0,1
18.232753875691834,43.544069405398076,37.65204981579686,15.626904801922748,0,0,0
33.11698779998612,80.36065656818008,46.08955521619326,15.672214711867356,0,0,0
25.32495646400121,69.64995797622362,10.70089336190031,14.643665479134103,0,0,1
18.074986242058362,50.922063802434586,41.36634853924704,17.192229293306085,0,0,0
33.43453338903323,69.67376189319573,45.27601892523434,14.050923458876243,0,0,0
30.149381014462058,50.06487441311543,19.63814904737888,12.721702889444677,0,0,0
29.634105454463032,64.13054641307266,15.690809729948407,9.178500261550242,0,0,1
29.183614075888094,83.97581739332259,47.60179548391439,9.341754866586538,0,0,1
19.006796421928847,65.40556113758505,31.3816411069434,8.123229864084834,0,0,0
19.220133834150523,48.17846250636515,19.033824262073416,12.404235994076407,0,0,0
28.7658599685451,79.81057750026199,39.59138604658151,8.133278584659871,0,0,1
19.394455002207938,50.272262894850485,15.223695080785754,2.9498862817319393,0,0,0
23.773433936060975,80.62024309035601,8.820379303493104,2.130592324172935,0,0,1
30.640036511878826,66.36437590687083,27.198481789885275,18.489445504875558,0,0,0
30.67905036195682,64.95579675018658,28.31060224553017,0.49477815075766207,0,0,0
24.065235450517193,86.82892708216112,41.2873241133669,2.1093452361130494,0,0,1
30.8437987655049,78.97319383873679,22.8513677510215,8.906097492911734,1,0,0
31.772435923961137,41.81009383252166,40.72932697526708,5.258525338087596,0,0,0
28.095515025685206,56.289587303088126,15.566133967416922,8.116978008042919,0,0,0
19.568517046168402,87.90063634674442,28.768410108889597,2.348947631877667,0,0,0
20.480235607710952,41.007939269985926,10.42363894503579,2.6181387369474796,0,0,0
21.296823108174706,69.98893954440837,19.27229754582982,16.01315817450231,0,0,1
17.33608215467904,80.03041180456691,42.87698489164256,15.182174882006077,0,0,0
20.463192407398903,74.20208470165167,10.799409671787751,2.085057314492287,0,0,1
19.190384486250643,81.829271115744,40.511973144963385,13.355808297980401,0,0,0
24.106574996172043,79.91305169031102,14.14358289237031,12.186226467109666,0,0,1
33.1687509574453,78.06168823342124,1.7244859839726845,14.267254453604593,0,0,0
17.08960633507916,85.18469235091086,5.496728502842313,9.488978091249482,0,0,0
29.40535847894791,75.51298676472462,37.293977266039406,5.399736550668816,0,0,1
28.745660088262554,62.13301718413401,13.103546325107413,13.273583387130559,0,0,1
16.91508397326715,65.95500104530231,32.70727961206361,7.42714853045644,0,0,0
33.451448098116,79.41986304747978,34.95994513786165,4.3790580202432094,0,0,0
26.36944404313639,88.19683163167366,17.255923221734243,8.172580274385663,1,0,1
22.274510422713686,54.97203404618766,23.745949360557013,15.26539671201908,0,0,0
30.13077166990613,58.81422377840889,20.18835452279053,9.515863930724038,0,0,0
20.14730916803268,91.1906667999327,47.3674498177267,5.997285268668442,0,0,1
28.87019674092641,71.8181485825195,15.997443117579369,16.637372296476563,1,0,1
15.794224151444944,49.842899942425056,9.166152111248039,17.632875103618694,0,0,0
31.78816075218544,76.50323264018105,18.27964214377891,8.665008475453496,1,0,0
23.96341694042637,94.49191855466589,33.47578538010061,7.493760414537894,0,0,1
27.733858287158835,85.289946045872,34.86813451807326,12.2539789403793,0,0,1
19.424756396133674,81.01576251032715,46.20286576800034,1.1594889211582604,0,0,0
28.541474253168957,51.44256598464481,44.08772424379046,13.826463211351943,0,0,0
30.444805517865532,88.1876881576204,14.416026020863775,15.645752107544936,1,0,0
24.464263737687975,68.91838639445506,22.75816244837982,7.948838545143433,0,0,1
27.354538481235885,88.91095121395756,37.3634494091717,3.4923170001479287,0,0,1
24.12651847644797,58.14053061836836,45.826864030101255,0.5763675028172699,0,0,0
32.88182738515691,43.4128078949488,16.85825064284459,12.744911989741999,0,0,0
24.957383610286385,66.17867827628604,22.222071708849793,5.379868132698196,0,0,1
31.83617418057638,54.84106826498327,44.97391352268044,9.277791742425684,0,0,0
31.02704116540497,79.3376109376964,17.924193657921133,7.727110433150617,1,0,0
23.21009642696713,92.64086040708179,24.02564930958679,3.497695918949253,0,0,1
19.6016898371495,78.00357831333602,45.22520706090394,10.167373369214081,0,0,0
23.12164265119542,88.78136613400619,40.11216089949241,9.191870454814758,0,0,1
31.524347515504402,64.91632074806635,12.17154625049014,12.482952457396646,0,0,0
19.552650716387845,82.4402405457416,16.23975327059667,5.037699890595735,0,0,0
25.488726917154985,86.36738901694369,17.647936372966953,4.292781597068116,1,0,1
31.12193495921495,79.09815951709483,45.636923671552985,16.286901195129442,0,0,0
22.069549502567575,67.92775073382606,49.94668685522696,14.043844899280831,0,0,1
27.84419274005395,74.42263602884523,38.700215107771996,15.444129033831267,0,0,1
19.91263148097629,78.52788476233842,24.21631512467533,2.4657962351005613,0,0,0
17.185588907363197,53.91964217717848,0.5086909033739484,4.480792866540353,0,0,0
30.887684501857127,84.52685935032417,34.874402829897875,11.510630324072796,0,0,0
16.979372468174137,92.26784964320004,19.468058224889234,17.14402693745816,0,0,0
20.42762790159169,65.58816233489648,31.64932351143027,17.8422928633694,0,0,1
32.102188439948804,78.55869507104325,30.33469817312144,16.638199245098548,0,0,0
21.929385741573345,80.53642481846947,24.041602828719366,0.8679589216885475,0,0,1
34.46090699028322,76.42361511368142,47.21936988631615,16.417583693114526,0,0,0
34.59468669547719,70.09133095807496,1.1573172677670829,17.981823550421634,0,0,0
20.365520409071134,88.49063750161459,35.60662422362941,1.1349818030530412,0,0,1
15.819564444997809,64.6909690097892,20.4919934149773,8.325617875539761,0,0,0
29.10126568410758,43.3606626067632,35.68952252458056,10.732206465934034,0,0,0
24.019730052966874,86.4506006641688,33.760982376981595,4.655007457669993,0,0,1
17.015056879191526,77.06896997741029,0.5119001287997693,10.333713120742212,0,0,0
29.150456379560858,86.70922445748056,14.266924758733563,17.719115759221292,1,0,1
15.623498182238425,47.620109334458185,9.45457602518902,17.33885012691529,0,0,0
32.403933809844844,41.691411728034396,8.349317647124616,18.79674562514962,0,1,0
17.773050582266073,91.39059972103757,36.42383420605664,9.682195967890841,0,0,0
17.5462375749345,48.125056821781584,11.97756745465623,8.211338905878403,0,0,0
18.51344595937169,84.53087826387485,23.736880749365042,13.315756380647068,0,0,0
34.20532716984133,85.27654681993496,12.349449764283976,8.335211552020683,1,0,0
28.86338720507692,78.97878603019517,29.011691171766497,0.8388919200171552,1,0,1
31.027430709272735,47.2194216101079,36.0286884029984,14.3984290434091,0,0,0
22.95269971465506,76.70692435084442,16.553736934908827,5.619678825656475,0,0,1
21.72625455009911,88.89976208297762,30.151042414356098,0.9817062453438097,0,0,1
19.689680135663398,63.40424046404858,41.24273872068695,0.41242153053808295,0,0,0
24.612960566248177,62.74342699082294,4.711214258224583,18.627225371546363,0,0,0
26.036574670683372,64.35720702686805,35.53352995206356,5.041520172883378,0,0,1
27.635496873055107,44.52495398719135,16.157247221769012,8.957983850461272,0,0,0
20.14237007997389,89.06140629664854,6.132497826247213,19.011529057977107,0,0,1
33.97308161805981,87.80505751892807,27.28271038071744,9.350339575614504,1,0,0
18.395169964142717,94.88501269846574,11.313115963386588,1.5721864705262267,0,0,0
34.31306349532825,72.18507278241273,41.06808963345788,11.038720944933186,0,0,0
15.297122450150075,81.31554000482622,2.144795476553807,1.7639730690813038,0,0,0
24.622513836336914,51.14695484690176,4.932644813544873,1.9017575674707277,0,0,0
21.667356762331256,76.71408500232933,26.049806299290847,17.029541476049197,0,0,1
23.982468278605015,75.73530668165648,29.44708920384784,5.7884308672917895,0,0,1
26.41329157961578,89.56648047128868,36.49433322613734,13.573404002248726,0,0,1
23.71178316025418,85.69359975614907,12.963036412609691,10.178486706573235,0,0,1
23.2969370060319,91.61565544397698,42.08802041066459,4.4465338240882835,0,0,1
29.654468308266132,87.78584099858841,47.65711698868916,10.356405973064152,0,0,1
28.71752550172929,87.77816421943686,24.95196517974318,1.3798707179950553,1,0,1
31.665425640716958,43.50478296787951,38.02656824849006,6.944246991794188,0,0,0
19.99917962478991,86.52790739827756,26.242417727189636,10.456724500409834,0,0,0
27.19057019508127,73.4113116976715,3.4733514706105306,4.567886761713041,0,0,0
26.70389570785708,60.924444847127866,16.305575642131053,13.20376260362721,0,0,1
22.394756217453775,43.10830434134343,4.3743344813507505,1.0362384339261355,0,0,0
24.721150838053617,77.27205761224258,49.44395596275067,9.696197957412538,0,0,1
21.275642866114573,58.05109627956896,11.451295603668859,14.299915625787667,0,0,0
17.836887952339705,65.72769457423192,31.795020970785938,8.598921179135457,0,0,0
19.276024213254658,77.49506403803238,14.217255097246866,17.49172830637876,0,0,0
17.11027292802402,90.14760008632786,32.66231076779629,12.643855624813312,0,0,0
28.661391503802484,85.39903035827491,10.520084543524122,19.169858321174754,1,0,1
28.214547862183032,64.78284210069799,39.263503295503725,5.682436255499574,0,0,1
34.012127431597456,61.32807365955084,5.540580141831775,18.775786617094944,0,0,0
29.593568272944825,53.18788563642261,44.757520004514014,12.136451797713935,0,0,0
16.04091677512263,60.483471314678255,42.02108462703972,14.903577984267972,0,0,0
32.68490347857909,46.10755130105441,33.94036718191928,18.043222340868937,0,0,0
32.25350325891452,93.41080296006149,3.3707313571423922,11.023943759836419,0,0,0
23.866406415453973,71.56545941777684,10.428451416446416,17.243615838993307,0,0,1
26.71726101055843,47.02932135373671,42.9680797845538,10.833938791761106,0,0,0
34.52156664945038,59.40433050962481,6.098721715129757,11.983978552344754,0,0,0
25.646087276963325,70.08715289913607,7.796604815401004,8.90197145794771,0,0,1
33.1064365675218,69.30871001524783,27.200166187776038,2.9127710368020576,0,0,0
16.66077515620373,41.95268527952478,13.708871983717186,11.070064666977332,0,0,0
18.821037374173656,92.29625688260113,11.103784997196476,19.548964605323622,0,0,0
23.815098868826357,55.14566248112195,28.79067159240903,15.743719914645686,0,0,0
26.695136166746096,40.890156791254014,18.628833822901452,14.949969695068727,0,0,0
31.324557037256003,44.204420492265534,7.027994838483437,12.866176054592591,0,1,0
34.76524230286374,71.91071967863873,26.742688377273222,6.9581734697448905,1,0,0
22.777029929482328,47.57820363713033,19.350620163931136,3.3923038895675695,0,0,0
15.948312722801699,42.294863606942684,36.72583871368847,4.491032032853797,0,0,0
31.023430065906496,60.87945565269912,5.13777211602946,0.12644179085300244,0,0,0
27.087614381656163,74.25186557871038,31.030662197298692,13.469608417967095,0,0,1
18.97085717736403,46.15118926628868,21.824666347162385,16.237551171128676,0,0,0
24.896569132428404,57.23303076832235,20.303093752620207,5.378227023961195,0,0,0
29.846204910674487,62.97683693934982,11.61438440041706,1.8370079928854377,0,0,1
30.408235741372877,48.7703053782722,1.521301410135556,6.714541356438357,0,1,0
24.992368239975242,67.83406441566906,42.38445971823228,5.841024588339558,0,0,1
21.104290602577183,44.6867747795974,16.320504301721293,9.017527215554637,0,0,0
34.47485164076987,42.55851729897878,34.054551986492356,5.28204108642022,0,0,0
28.26725221912986,68.5909451935324,47.37936998883537,6.794654106900582,0,0,1
23.164750386925974,53.63433350129816,28.249514904106583,18.15109558698485,0,0,0
20.609264484093046,45.24555943439151,19.857345125993316,6.696707057792124,0,0,0
29.622059660071244,63.31519231181977,13.413678317435185,15.71036093459794,0,0,1
19.843668911875355,90.33274067345671,46.70218963237467,12.516674004489188,0,0,0
18.434199779473765,79.83058456597851,34.103840902557145,6.750758912627477,0,0,0
25.596677779241404,84.85887534408653,33.26406966282798,16.35576539560701,0,0,1
20.799747852882838,87.955269381725,21.307916257263848,11.901521391925298,0,0,1
27.578102898472302,93.49452577680304,42.252435643371534,0.17237455197800733,0,0,1
17.35877349748467,81.97856154327951,35.683609350474356,1.3745640314479957,0,0,0
28.09882209134643,73.46243570667139,14.159163589050806,15.052791189046378,1,0,1
20.665930559954045,60.098423416623596,29.9789330012524,8.930555791703886,0,0,1
15.004858688690256,49.990378010674384,21.50969773006328,8.110155834870811,0,0,0
17.53872115348353,77.76629306908119,0.32950814148565155,2.9165436839161596,0,0,0
33.67230755670188,94.7222492367068,40.381171575089866,3.1463718792254047,0,0,0
32.34709278230716,65.70472765404054,6.1415174459850395,15.955049001918011,0,0,0
19.672180640724736,79.80236524510443,25.497725300130707,16.580342679229105,0,0,0
30.567438090909825,67.23008474962359,16.81130965424078,11.200050812774585,0,0,0
27.171431863479484,63.756338284991216,17.104452060033875,5.902556196113748,0,0,1
34.41809422899739,62.56680874579533,23.8682441706904,18.654016333356605,0,0,0
22.47211319068118,67.75435756124337,49.85115520098725,12.479247819904533,0,0,1
28.629212250343425,60.17926140259563,20.41898403157379,15.932842389035764,0,0,1
16.270714448478373,81.18253270019943,9.11646149082862,0.06565840576430837,0,0,0
22.92494693632812,88.08496146253341,30.680316902468448,9.00639201750721,0,0,1
34.27635322376361,88.55869186548513,11.814385401976063,17.418981726399117,1,0,0
25.779617489002412,52.52342923842043,5.27745683564752,6.764665664654426,0,0,0
20.757590066696892,89.275002630232,2.508708603296456,14.53102353744562,0,0,0
17.40541926257214,58.78531775203078,1.1440637009841936,13.15349650257291,0,0,0
29.07056680363061,57.01192160169137,21.558232415553185,3.0443673270859883,0,0,0
27.897120868594534,79.97158315690297,21.336288993669683,15.498076545088102,1,0,1
22.47877427207549,56.75829870474592,9.277270003897648,2.2505358062559777,0,0,0
34.01882703731668,42.91315230853406,39.20095268856046,14.558281931438815,0,0,0
15.444056259757007,60.54897747706694,6.463531395993938,19.819366735581887,0,0,0
21.074477032636516,79.68060801970918,45.76585963196512,19.159628636235254,0,0,1
33.42138972599163,57.982713114859706,29.378798882163622,16.004834861140093,0,0,0
21.418708766388807,74.62574807973306,1.380818805246481,10.690348484594043,0,0,0
20.045056677103407,76.30656943447218,48.14863128713583,13.4964915164148,0,0,1
25.684408198624947,80.35548064494958,15.39706297729268,14.562167806881854,1,0,1
31.476034998410757,89.3421756471015,22.49874797889267,0.16803048556477407,1,0,0
17.062935217567222,63.79104745976373,14.213434649727608,2.047324419059129,0,0,0
33.860414192914725,49.153764216435135,36.42106490168888,11.941182641577248,0,0,0
30.90145762362328,57.540914348753915,24.28401103597693,0.13069080285818213,0,0,0
18.62500511103104,63.769199034569226,6.61864797012513,18.178113015469947,0,0,0
29.240159223963254,79.26403081304622,5.210197617972689,9.793254264501556,0,0,1
22.699174452751144,40.72171690588984,36.26877066622874,5.155341512102433,0,0,0
23.045893561526373,57.36819608919334,11.854070246563575,7.8764233919519855,0,0,0
30.665801848777328,82.89134195606243,6.889668731923626,17.015528212800056,0,0,0
34.255696159614644,76.89717368318824,24.971379849892138,18.543857475282316,1,0,0
17.533117456943877,80.24569854720829,40.1382643768152,2.324699609546401,0,0,0
23.412604737576387,84.64959231915572,13.939137293656522,15.559212679111534,0,0,1
24.618832161686072,83.07796453828792,13.821580585040389,11.564542364330606,0,0,1
22.526236339099952,77.52007413840279,41.69406301301885,11.710055153289733,0,0,1
22.2637824743245,64.18138428038247,7.3916897284391325,15.589042437916527,0,0,1
16.04537335123193,94.09790808829847,30.83637958932736,4.45689373571915,0,0,0
28.710772411252464,71.29902575745406,47.750674149129274,10.620899359499166,0,0,1
23.724288342400907,51.152306515286156,42.06515747886538,6.387052309016184,0,0,0
18.895876052878535,56.10470703076314,3.0907616889864595,1.8902468995302968,0,0,0
31.320670046041368,78.14593507837586,15.99554382808127,2.1015889111320774,1,0,0
31.051214963032557,90.8606760859705,7.118723279630817,2.729429412503015,0,0,0
24.727832561777877,49.82960710632436,47.46203188435699,12.297996978096759,0,0,0
20.969013222955212,44.52905726601825,49.29707831110406,2.1166039675462,0,0,0
27.76185451592905,88.48420764231034,11.749651027001896,11.402076851803471,1,0,1
20.76304271554806,90.34028884020589,33.484952241437625,11.765941159545195,0,0,1
19.720158606474243,55.20086399237447,42.08158660235592,18.077930202437823,0,0,0
29.61029308052653,60.7507148404182,11.684014220723826,12.527531926510285,0,0,1
15.806504794419014,76.31033986238222,9.384031716048874,19.711756817630025,0,0,0
16.89536942069188,58.14615114633611,0.5605511623640147,0.6198515988166964,0,0,0
15.135763480471795,88.24372895485291,20.598122847076294,14.082922732902379,0,0,0
18.058863729508523,45.91682864926245,44.971873119735825,0.5296015610608662,0,0,0
16.37980017420919,42.089022152810735,45.14898245281744,14.587551557494072,0,0,0
34.91604735559837,51.46674137085343,6.3871563754508145,7.717004184080709,0,0,0
20.77619939908179,55.7348278012733,10.217624026419747,12.22615530785179,0,0,0
17.985360253384947,46.21096252088813,20.40236654672668,6.190761441766755,0,0,0
19.81992515991836,43.61297361373557,39.0312272581851,3.1821007830529813,0,0,0
33.7225114308027,81.5584242425989,30.592574176586428,14.470250361785649,0,0,0
25.403204460487913,49.035211124624155,25.692487176010818,18.092407605401736,0,0,0
22.29636192615714,90.26572094864673,29.596594211130157,3.671648874000699,0,0,1
32.46782915818439,60.239981379645286,4.809984690114833,18.41406002407201,0,0,0
22.899805410980647,76.883319534674,23.88318211274535,2.8036421840908754,0,0,1
21.700171399153916,52.39711631228401,49.603164476956415,14.713237650990624,0,0,0
19.14565045099471,53.217752267052674,4.4223073469543905,19.18890316358012,0,0,0
22.55593647818823,71.60900615771664,25.96233388174432,2.947417635124754,0,0,1
21.33368712033852,70.83536088302924,14.78246308286873,8.701800935107066,0,0,1
28.54607918596282,82.28010754066447,26.99566484309795,6.7491496471679895,1,0,1
20.791654093414543,81.67973181318463,28.690938001687332,7.769555003681963,0,0,1
26.543994928451227,76.88782705650135,28.873644905973794,15.062794782635532,1,0,1
16.317843300639453,64.702181124142,42.61043926554433,13.223778651111186,0,0,0
18.825783133930287,88.98522124543393,19.487370733683047,19.373739289256385,0,0,0
23.148105432226977,74.24181696217144,25.817708133324796,3.7095900671284454,0,0,1
33.73898507817391,94.46091697542965,0.5464199483874277,10.865217386517603,0,0,0
22.54503971431391,85.06533998638972,39.47753007898834,8.982522908380535,0,0,1
28.28148242399668,42.437039618107946,12.974385368792646,18.377122178514995,0,0,0
20.101744448427965,57.63266488941748,40.82775120202582,0.212384649539199,0,0,0
17.540671519464635,71.45316440590234,13.28193331901586,19.783408015341884,0,0,0
16.170732001601003,79.68082458293179,0.5394248131246115,9.594686287450575,0,0,0
21.108269970855027,70.26850737690678,7.741565909672338,12.510792944671948,0,0,1
18.15322053593816,83.23717323541999,49.2841451286084,7.20105111611431,0,0,0
18.480208960322486,55.54606090165395,15.990062297399426,17.050533393909976,0,0,0
30.215186167739,50.11516281780538,5.4411951006373585,11.239758902367655,0,0,0
15.316761418897485,42.965417608437356,5.9379401812875265,13.256218724995296,0,0,0
26.15620251470869,71.53225595143371,15.51713570286119,12.97809416121353,1,0,1
22.589227611869298,77.87297363715223,1.8822520558381517,7.279642797954651,0,0,0
25.130999998170942,57.93823444156489,25.574429406097686,1.5198199161323167,0,0,0
26.25660474429206,73.74713016707321,10.687045774466009,16.154124521881002,1,0,1
21.267353889145564,42.86864769693311,25.96553206984361,5.79431838368635,0,0,0
20.902177203685707,45.4611340463242,7.038210934961009,16.97860456955409,0,0,0
29.668036986698112,78.5965124742174,21.492861450874617,12.172860175816528,1,0,1
32.42553976242314,60.24383378695143,29.895842920062226,7.074079161949561,0,0,0
18.851632649170558,76.92337171066531,3.099996916905401,11.884942979472456,0,0,0
16.95237521070298,85.7446616153955,19.93746546255293,12.909853847228751,0,0,0
32.95591612784052,86.89423406118644,15.126191049484389,14.133668155173446,1,0,0
21.99790927294797,49.4692205005448,12.0179908244317,16.446762690141426,0,0,0
26.026347813256283,66.74570647932406,30.226731304224824,3.195098844359694,0,0,1
22.19086289040007,80.36596979978675,29.427099288270362,18.882887695372332,0,0,1
17.516046726921026,82.56893279468008,31.53499033388468,8.216812288550218,0,0,0
26.78663289895456,83.15717894008827,7.944133521626068,17.209005967527546,0,0,1
25.502817035392592,52.54920339093215,14.285462243116386,4.409591907355703,0,0,0
19.059871183823944,50.58941497480753,10.483938899753936,0.5805794440942957,0,0,0
24.037380893045558,72.45068575505329,27.025180249892095,11.466880872457015,0,0,1
30.938950080312917,80.75971887560209,23.053284460480818,6.493325581448779,1,0,0
26.808522062157827,57.55267335438063,16.5146868796375,19.689240098958987,0,0,0
16.938346541339897,45.75878362743318,39.30074044342165,2.0890690943076584,0,0,0
25.9604299445827,79.42105106005427,4.69868722041914,0.9460573200704347,0,0,0
29.05476598579174,56.48338072590025,48.74483443778211,0.900356371062665,0,0,0
30.85406811561503,49.1499498371447,5.8272038907659365,4.337473904475891,0,1,0
27.582351572685333,48.12479406184224,38.65354062841847,11.583822327306768,0,0,0
18.053163290815675,57.32002511396939,18.411509458041593,10.111267472893834,0,0,0
29.203465331803216,72.597293625256,43.26311145659028,7.00151609667123,0,0,1
28.546836921630327,59.71212312815992,3.7084974392081027,1.7758621483381853,0,0,0
15.488537658812664,41.136401837638736,18.73608550961689,4.674741895886376,0,0,0
23.23495335180486,45.329963907279605,16.772170325011814,3.6829412956943375,0,0,0
21.659004939247467,55.97767859592405,49.657851911276765,14.913336743120968,0,0,0
28.38824128507287,76.28374651809006,49.27744974448128,15.598927660026282,0,0,1
19.322716246218413,45.418329040769365,9.4901979333194,15.540280261236393,0,0,0
26.81743845948517,70.8361269425375,31.497348034916943,19.380810888282973,0,0,1
33.26411923628345,46.593722895320234,26.77597099554701,17.68475892668064,0,0,0
30.956047444172157,51.638843004215985,7.718674562036937,9.956094943570097,0,0,0
33.42915472433061,49.47036901556695,8.388985305221153,8.298720418183303,0,1,0
34.5701193386538,43.697574956394575,49.46258642397773,18.315370354189234,0,0,0
15.213402540123255,76.92313995626247,22.636499681046633,12.224505040962935,0,0,0
27.454825527549552,65.4871951062319,6.290064600003675,5.8879733405119055,0,0,1
23.25678795517813,85.7079392493536,10.739501936962714,11.289280554303346,0,0,1
32.19708980670244,45.43899619902743,13.417403362427482,19.842988453922526,0,0,0
20.036294040182632,47.96031133359397,25.545863165930964,16.989401203047244,0,0,0
34.62058978230152,56.85517522427479,16.777406475315466,5.625594321190832,0,0,0
27.274159390874946,82.12262928163445,22.75058929449605,19.05908851834434,1,0,1
30.87074804457662,56.81673527356344,8.324977555068136,19.629242229582317,0,0,0
16.711991056455368,62.46302891242809,16.33643452937531,4.623339188308304,0,0,0
18.6691576951773,56.588196146344046,3.5158296358877017,17.911842370026825,0,0,0
30.168073460684063,44.41233604905665,44.48551367379244,17.664054353976642,0,0,0
15.439730440786473,91.66884925929031,9.937623858428912,0.7950714646808121,0,0,0
31.337559717875656,70.16964456391538,37.84500677143694,13.393783861233741,0,0,0
15.278980373838229,83.33082535020232,17.477589410167298,6.105614260623387,0,0,0
28.142376781225465,76.20964007019128,23.719865946989664,13.492252529837517,1,0,1
22.301878404636117,68.28398534840863,14.563051973061341,18.27117388380487,0,0,1
27.229897054383983,44.932304116265904,34.822063555368494,9.97558495979037,0,0,0
28.920628139782274,75.35034498986674,42.22732096373537,8.288256615773054,0,0,1
21.849504383726085,48.545369576525765,14.313509236979405,18.430625423748346,0,0,0
17.15924896221671,62.791074314595214,12.110882183179623,19.482298354770652,0,0,0
16.392917354965313,74.60122289142367,34.07201327319485,1.2447265558760545,0,0,0
26.778720451250955,83.02259502596678,9.757653028386043,18.456961382964145,0,0,1
25.41310707468223,77.67748466397407,31.991988280488613,1.6553706704377769,0,0,1
29.84402018242265,76.93434409800459,4.721403984681777,6.745724267671793,0,0,0
25.19471020007874,48.19732150463641,31.00685799803436,15.251482448606534,0,0,0
23.448915800617584,59.037069703937334,25.670336700521656,15.540739638793905,0,0,0
22.961743564724618,42.360174996310676,5.695285778815418,14.516437813583325,0,0,0
15.52893805195335,79.57122912470555,32.455181743229986,0.7822497612213675,0,0,0
21.711144033933145,92.39222897245804,22.32785785170379,2.6593209604818657,0,0,1
34.520403150489884,54.52607145984917,10.855752540854285,18.72432996439497,0,0,0
32.471111524541776,44.82331900392701,17.669207785108863,1.6292277679178158,0,0,0
21.587561340684353,66.15635422145095,24.605105281946482,1.5709183394623327,0,0,1
26.755908101327442,87.11840227201628,4.5777113632191,16.712918755157403,0,0,0
31.94593491070988,70.35858073994788,47.88047415641771,12.825315064457723,0,0,0
23.825486735001373,42.572743260456235,33.27810781060606,7.033121116903591,0,0,0
15.35915727500302,93.58497322903703,5.1267490643848,3.314209741432528,0,0,0
16.490209236372802,85.57574504794303,41.14310921642297,17.683408397856297,0,0,0
25.20785442697413,47.23767423783306,16.12774654730727,19.770755152570242,0,0,0
34.38878751351757,90.698876607693,29.839976835659193,0.9994345688565831,1,0,0
28.864190844377354,64.78785587328537,13.857142078978663,11.082267641804036,0,0,1
16.418323828771392,60.45438948162177,36.67029724573036,5.226071698116302,0,0,0
18.787217515837256,65.35793317899535,36.15044875000512,16.64773667099408,0,0,0
30.426462864337,85.90145762790209,27.6021728436209,6.921461835496114,1,0,0
31.828795199124894,76.27138230577322,12.046279623578904,14.292585783726796,1,0,0
27.353891723771817,43.25866488198501,12.685190375607275,10.790468430525541,0,0,0
27.888463392596332,92.6682404113894,19.143139834747146,10.830467631899406,1,0,1
15.566749007667692,48.128127341307476,7.250608369814265,17.159988623608427,0,0,0
31.57060519163017,81.0062373454443,16.88278565954618,9.408088518491285,1,0,0
30.765504163416594,74.98750917354721,34.217730062415626,16.911990682889613,0,0,0
20.180702882066942,50.31404263706085,41.542264002971066,7.2685365607515084,0,0,0
29.17353439931014,49.39026418621773,16.629114524668072,3.4956588492861007,0,0,0
19.297092128499962,87.86801765375806,11.679512912718199,9.109547553132302,0,0,0
15.80660322103026,63.083220792477846,41.63212891675671,9.967115627540444,0,0,0
19.022730851807545,76.00170827957763,44.53520136929606,9.56766395275583,0,0,0
18.57257753508599,67.72390521211703,20.501076165603216,16.166608237585645,0,0,0
21.754959934696945,80.00444343917778,1.3452076924816925,11.293578829201943,0,0,0
23.368989943509163,66.35833062716318,34.7480810447076,17.76888143517606,0,0,1
25.170777829954158,55.80589533905626,39.20166180915648,10.283709898318843,0,0,0
24.535077510166563,59.986085404807305,0.9012126582220115,4.494301657640085,0,0,0
20.413492119305786,87.24927319476885,29.751542667075658,2.5899168052550525,0,0,1
15.58341337148149,65.74190811074999,29.418437912208752,17.367256418892417,0,0,0
27.102032444743013,51.73971327345351,18.9353954373957,1.1234559780442344,0,0,0
22.914896596947088,91.40329634424893,37.48836629254188,2.3521922383952454,0,0,1
20.973443147750995,83.81302510741074,21.408951905718034,1.2731703783528214,0,0,1
32.33882085661025,43.06163803309095,33.8387975895682,8.474683943636405,0,0,0
29.934866155963196,94.94186290892847,25.855865231757598,10.652312327871869,1,0,1
32.15531096744884,78.22096830420563,12.423230235142196,0.39749462045201467,1,0,0
24.89965589424922,48.81466294723228,30.325043150506588,10.311723337832087,0,0,0
17.618625042535548,53.044222471422806,36.84542474229208,7.875189425812521,0,0,0
28.924428722425446,78.08450146828508,48.695283671850184,15.472903649117962,0,0,1
19.121475598743505,82.88685804035171,19.005447340120675,16.599132434924464,0,0,0
23.824593381834337,53.14697687323934,3.223627233317555,13.699348727724107,0,0,0
16.30001577897777,54.1332869644599,49.39856106106759,9.469910706332477,0,0,0
31.50616804845965,56.89163821796335,31.190332971276813,4.322971900839763,0,0,0
17.51881282095001,72.89101006601501,47.32252290803846,16.942297346051202,0,0,0
33.0619501409862,49.44988980657023,5.191354300555967,6.833382800888337,0,1,0
32.28461204523114,45.73337593866276,17.101691993522884,7.125837743898984,0,0,0
24.291655288784924,77.33752489970325,6.696834943636215,18.320230943740896,0,0,1
29.887364086079813,82.85038668862435,41.775507729102976,19.51194511195826,0,0,1
27.388901476363067,67.5511172429078,44.017137071465804,17.962619127690083,0,0,1
31.061512846754898,60.010799064761194,25.065584993751024,19.964694471221623,0,0,0
23.63610201571824,63.7623492439562,9.330310883101522,17.37817687802955,0,0,1
30.716169684887,61.36243086295735,6.355948451985427,14.087150352401636,0,0,0
24.249136341302957,92.79916995307214,29.408205504010336,5.876387991429457,0,0,1
33.81931575685587,82.2449447870527,25.31881622926503,19.059140977997522,1,0,0
24.727442016502952,51.44479681675607,34.739455118383376,17.53253663227507,0,0,0
24.25238543867459,61.130403362968906,15.26036313099956,4.814935848313064,0,0,1
30.701437231270255,69.92067602497104,20.118399751218114,9.783249464836539,0,0,0
31.43155383521676,73.71422241350287,1.0680536925578688,1.4011132125110026,0,0,0
26.089782286423414,65.75011428158219,30.507152253776447,19.066177265344344,0,0,1
18.595956269901507,84.55696492565775,21.157176067323892,11.45536655442912,0,0,0
24.35516461915159,82.21833107020274,45.98823169067239,4.9040109185633085,0,0,1
34.36145005819357,67.78368552454917,32.08931488524024,5.847986272477515,0,0,0
30.059723860783702,86.99361627299518,19.93472457248469,19.61312745259719,1,0,0
31.223252077582643,81.30992417433123,13.179459043667519,12.312285836083953,1,0,0
15.656509976384802,82.82200167963538,45.26424713038194,8.413662482128075,0,0,0
24.3571892526832,92.60204286883791,0.8132537058721634,9.996909235710763,0,0,0
27.93242267315111,54.65568176650615,16.34562336261961,1.9710014475468673,0,0,0
31.600653672561492,54.72064893017671,47.17527918940175,1.50045520145752,0,0,0
15.985473071655429,88.8923740629852,32.701650349078704,11.854154866007697,0,0,0
32.04877771283746,82.47245053621236,26.635953564164954,10.24008072880633,1,0,0
25.968018734838232,90.9600047789595,10.176735896021372,7.183063826068823,1,0,1
18.9462794115212,43.47215881784492,41.66873871271935,11.32227905022729,0,0,0
21.345104328994,74.52663924938781,10.209953129638805,1.4535189887434452,0,0,1
20.638591035031215,47.95455859678961,12.412676576062498,18.879823428630928,0,0,0
25.617180685769515,67.71434590609203,9.592557143592762,5.874233755684437,0,0,1
16.033713598222636,48.56608125193944,7.9074730284760975,1.4355758134399776,0,0,0
18.17072316999847,47.04431799416836,47.665624798940144,3.390085451482081,0,0,0
31.253860867515648,40.66925899601182,30.10157980706542,1.909478289650337,0,0,0
17.652079814936222,74.66313468105974,31.8918566005047,3.5720900871936245,0,0,0
19.66792538916254,59.74624391795473,47.716273283939174,8.335081096532237,0,0,0
24.067412112083147,45.78535566834344,11.528752756278132,14.761017878710415,0,0,0
25.34241776226661,57.75607777522204,0.2958769298846031,5.446966949100796,0,0,0
30.272209592283172,49.291925029837174,29.94418247851456,8.718532438832877,0,0,0
23.946648533323756,91.79321573259128,25.39224266120793,18.575145757764727,0,0,1
30.797292420710775,57.60026871687415,23.882518869914705,5.916434786519509,0,0,0
27.36692614090915,58.367443780916446,3.0940105623099567,15.894395065294196,0,0,0
17.26199478847645,86.1921901869772,22.721743328739226,3.1563374496473284,0,0,0
18.126628767856772,75.62656687073023,14.377978254534945,3.5664349251449523,0,0,0
23.74067450899542,79.05943840716508,13.728233861215655,9.123057469525314,0,0,1
22.93778786178079,74.98009921939283,11.11907900895464,4.682045009327727,0,0,1
29.87088539274589,92.04079561717109,16.626417987728537,18.060561475885205,1,0,1
26.614742795947038,51.385045735692486,17.65665375717062,1.0150458224695558,0,0,0
22.762661620044987,94.39715829656876,15.438788818099875,11.945451322876792,0,0,1
18.41520566900771,85.70258976560822,48.937635785975445,12.084587922990398,0,0,0
19.536742046509904,72.39349238819882,46.63655427547436,1.3205185503889538,0,0,0
26.51002036938118,76.43043934179369,28.72550497624311,14.651284297417826,1,0,1
23.46877609799585,75.68542320753377,49.052741920515494,9.37795089024392,0,0,1
25.298550177213443,43.21179232325346,49.559900515959505,14.46146746989617,0,0,0
18.413548706044672,51.99090741925662,17.796985500865127,16.5384997187014,0,0,0
28.258125046891315,92.8808986488612,22.259377286987224,6.457987039813878,1,0,1
32.05077481711934,69.39004358726586,47.953088849233275,9.689717658709753,0,0,0
20.158790135738013,60.809448179405166,30.43130996493433,5.2152155953602275,0,0,1
24.83028451663653,81.91211548639913,10.646454141863625,4.0302692704467,0,0,1
34.51054658041804,68.84854184606952,34.46903341682502,0.011895160853148123,0,0,0
21.66483481101455,40.723952428754366,10.287309102304377,19.272630241596747,0,0,0
26.900926898475223,80.49306781933149,16.96788718359229,8.818569386592966,1,0,1
16.803914004004888,80.27196580290737,11.378008154767578,0.26139546117748047,0,0,0
27.120300049588863,49.083179166048595,12.249010796692112,0.17877155136096334,0,0,0
16.792635466092356,92.61630486333173,0.2327790783391126,5.767051371023902,0,0,0
34.18470870647644,52.31494723476129,44.035441609972594,0.27875357420236835,0,0,0
29.313253041446227,65.17621520602096,14.79952476378969,7.490292353170966,0,0,1
30.763195762714126,46.31047786935031,4.318718976139724,1.2587700287789572,0,1,0
29.082087215432736,73.18052756978236,4.349370284054427,0.7850318230061948,0,0,0
26.794580721529314,60.64981160314669,27.80091382304761,13.387627881491,0,0,1
23.998255621710108,59.424540421533806,49.646027526696855,18.136825788857692,0,0,0
32.16746759522125,85.4837282471521,7.251123363509581,8.187731666045586,0,0,0
34.13671335086126,40.5258942067763,4.981089047482973,16.73540860551865,0,1,0
24.980723458081627,83.88707239908324,21.915194020104533,0.5853092227149426,0,0,1
33.63070098310524,71.42967111614433,28.166562692039772,15.55380111940365,1,0,0
26.66665819977035,94.23541824141094,14.719017943897022,1.2559998464578181,1,0,1
25.767683737928664,72.4193771332337,15.126104625693321,16.768788463947033,1,0,1
24.089654659107133,43.04585237813769,21.223825092447473,17.647326897441282,0,0,0
19.185755230602396,42.785492954404944,15.7072807575303,15.719476847646286,0,0,0
15.074393216361184,88.57341425045075,45.766579178425836,16.41498048822578,0,0,0
19.830124537121225,86.26677800310793,2.0977285645314483,11.229691326646378,0,0,0
25.194463432071302,59.023954157011275,11.728507993513732,5.297698851653038,0,0,0
22.59919904519505,73.99178662996255,40.427639811371066,12.864620053219333,0,0,1
23.969704560052676,66.92752463805802,41.69790623324784,8.790832981527227,0,0,1
34.61296439128099,93.19402303248287,5.577753948210057,0.10673121838091992,0,0,0
22.005447413386552,92.24784954822903,48.68817250063584,9.5365141286967,0,0,1
24.04365878720216,94.11114546974261,34.66774249495545,13.023758491010911,0,0,1
17.670311027056393,87.65468293488453,13.62965279917978,0.2776731938264154,0,0,0
15.959154648739753,90.02533749263057,22.801893240722727,12.427206722163152,0,0,0
30.508190291849893,51.9503328321925,14.856930978398358,13.050638124337127,0,0,0
26.413663501439572,85.7053733944376,7.501112492720968,3.1621515647779352,0,0,1
30.2140961208779,78.98714122623511,14.558903237445758,8.62148370313019,1,0,0
17.997255977731033,92.95325798554386,29.00459687448092,19.28665201778265,0,0,0
26.43657542365382,71.41940056434407,41.298484741773436,17.68378455599565,0,0,1
20.07284948682751,44.6841941690806,18.17645374447886,8.216428457165055,0,0,0
19.5612363380004,72.85693901529342,17.395077027392087,6.996925360483111,0,0,0
15.230520281059706,77.76195104117082,23.40003505406613,2.4816136195371197,0,0,0
17.606814471381437,52.11765657918356,32.227779998217315,0.7037816908031957,0,0,0
21.185362229993906,61.67623609320006,37.58081312161546,5.949255548841574,0,0,1
17.33757521181878,72.9176877728424,16.339975239973693,18.805666941644766,0,0,0
34.71716880821875,60.5758155524078,29.317623391256948,19.172269026673344,0,0,0
21.172652970479014,60.62212444812651,19.468042064044123,16.250386811525527,0,0,1
17.606478934046564,47.319765154503855,35.8199925181693,7.01649627039719,0,0,0
18.981646256559156,91.74106976927163,8.23374602585104,2.8725286576422238,0,0,0
26.75406456682953,81.27719114723031,12.846243252564804,11.910669512113586,1,0,1
16.28087047729577,40.06838913763561,21.30302099213749,12.930100144123628,0,0,0
32.24868260282314,82.10873062121908,44.47073949606838,8.491471384912082,0,0,0
34.22999358474294,80.68872459618223,28.66628946753451,13.832935911172806,1,0,0
19.93494841334762,40.53520280855376,48.26980594907058,14.933637713034706,0,0,0
24.001905371817188,60.32823636875705,5.163884264054191,15.6612332714956,0,0,1
15.442689020589942,73.37112296790418,23.008770682546743,10.045962227150145,0,0,0
27.81420449454443,64.90128585219198,20.95392650226921,15.832815551194667,0,0,1
23.278521161051778,82.7892365296279,30.01030882029842,0.5095285253891357,0,0,1
20.401169322031116,63.40020829489387,40.59823043537891,13.608087334777393,0,0,1
19.13674221233217,48.46246331996104,42.07240127915301,4.7126791410095965,0,0,0
28.08046155317521,93.70285933506057,33.509730435275415,5.410405833753065,0,0,1
23.32434062064629,53.31219960268256,32.07681821227768,1.8260341321346463,0,0,0
18.59318578059824,79.47307707977328,47.451477102240375,3.847845271863586,0,0,0
28.78218162973648,47.87359714152396,19.18437008192123,19.84016466004006,0,0,0
26.301445660733872,58.0956937581163,41.63916570942441,8.307802611269505,0,0,0
32.17344109858992,64.31151846367331,46.07518635461471,18.555307973773708,0,0,0
17.349517977529857,50.572760248988516,24.576962213259847,3.2579905638559614,0,0,0
30.71333203888912,64.74777670027352,36.45512893016502,4.081176841970391,0,0,0
28.47033573634518,48.64395526454625,18.850992833545305,11.156267076301425,0,0,0
17.300218736561956,70.74535964422395,7.943950709770204,6.990650817581649,0,0,0
28.896414597434415,76.50422888861067,29.32519407362126,12.878304171495923,1,0,1
23.830945777596607,43.43388562154059,9.823582542476593,8.440931514408607,0,0,0
33.89969571111686,87.91226665951925,22.87995654019345,16.23194474930924,1,0,0
17.832227012357986,50.182748677311956,43.64396566641666,8.631181423421674,0,0,0
27.85666781631476,52.39493339261781,4.300909378184025,11.44698364876528,0,0,0
22.639600909258917,76.37424120456846,1.5214267832324824,6.421464000474575,0,0,0
34.136293411817554,65.78130832389277,30.32389236909438,14.08081974877308,0,0,0
21.599497905805528,67.46675795440862,16.553066329744752,13.094684179314282,0,0,1
34.243718189836,47.0485241509723,20.89688534629576,7.940020655481154,0,0,0
33.02971702201498,84.31547020320245,20.285529432916576,5.520642055811931,1,0,0
20.407664706213126,73.93798353573155,4.3310114504781785,12.28208749640598,0,0,0
31.070835536528556,47.44601238202008,0.17832163397972778,18.863032984220155,0,1,0
34.91208403607012,60.569965186407785,44.921162143213216,2.652860480532031,0,0,0
20.053260043425645,84.57254630042667,10.88992804518732,15.982332366911209,0,0,1
23.735543386466393,71.25952752926413,21.303949593214416,10.859835456161813,0,0,1
25.403614731335193,45.975682852311174,48.59628983355393,10.511193903477183,0,0,0
20.898622716077284,60.50273751841077,41.338129099182616,19.233682951519583,0,0,1
15.305296792920595,53.3481919150654,5.396542763135109,12.117495951371136,0,0,0
19.40258488395053,68.46060545095494,25.425951580629285,16.61035655497036,0,0,0
20.63873768683517,86.38486208795942,36.5039513247508,10.28954497751393,0,0,1
23.871994026363744,63.99469241424309,34.919639249960625,4.997067345101787,0,0,1
18.422049568268037,63.833811670257774,38.042092620223514,13.889805429162191,0,0,0
32.46508713383345,89.79429962798703,22.872732744401763,18.463538088880078,1,0,0
29.098222654626724,71.69019768789998,8.796146466514104,16.824601912201512,0,0,1
16.704009551193238,71.14050980685738,23.243622195968634,3.967272124801693,0,0,0
28.00184902279863,54.40504405314641,32.3943624586646,6.337782381243004,0,0,0
28.07312952811241,73.42475113104194,30.429604330258396,10.337613479473553,0,0,1
34.12442347287255,71.67507570795681,3.5261026894303713,11.432065904721306,0,0,0
15.060417427123225,61.82683086880252,3.247621704109588,3.876282289170565,0,0,0
19.958648996116146,94.48825612445492,48.2628915577606,4.6002468003032915,0,0,0
33.55582958750631,88.50400307214477,7.590272751988553,15.176621380708728,0,0,0
33.64267830796566,81.22724595422486,14.723123200586096,14.606348334298849,1,0,0
29.411728387412747,69.55400736271503,38.381724107808274,16.784176292577822,0,0,1
30.3152664209508,65.41328910420467,20.483853791158747,18.658596145604623,0,0,0
16.829659158592943,50.16935673727596,9.073242663001635,6.1652223780538336,0,0,0
25.27751669556467,56.81556107080431,23.361619115489074,17.19189913141159,0,0,0
19.631659825779987,82.56784399027656,28.447498538168293,13.320235825523728,0,0,0
18.624360872272344,64.95619246656533,22.638330463903785,19.15540847783599,0,0,0
31.20606598246665,88.52482341132257,45.947303773605455,5.441483120468318,0,0,0
17.700762733610947,48.13511249900408,14.234964754975216,5.393430032790512,0,0,0
24.373032739927705,67.95909028075,33.066608034983545,14.085868973854534,0,0,1
33.771564791720664,75.58311262117198,5.614736070494885,18.568215480765527,0,0,0
18.71664111130685,68.42666509693592,19.614272883201327,16.491116495728694,0,0,0
34.55986847476469,88.90747903717428,37.04966257924868,14.540791155867122,0,0,0
34.885759715221184,94.42598050060269,11.240847029473272,7.746183961147766,1,0,0
26.112343093648057,46.37090620877534,29.488552282720633,14.35534669403948,0,0,0
18.402854803543157,47.147519724230655,7.671851460453016,16.02191152861629,0,0,0
21.32209775881791,47.16782624580666,5.135084568068554,15.065713595812086,0,0,0
23.4898566535307,77.46474028387902,26.161637446252133,13.53621596572246,0,0,1
21.186484487164456,60.49718525227108,33.750549804301436,0.9426250338140596,0,0,1
20.612711597530314,80.33230636962483,5.6683533117241724,13.194298662296173,0,0,1
34.44459418432715,62.300931008783834,45.88881261864575,9.565893109658209,0,0,0
18.067296548314914,74.51836967326349,11.288613134873343,19.23138543099371,0,0,0
29.666558174337247,82.34219031233914,5.998765407965001,12.14379766754142,0,0,1
15.008205788783497,70.15187508602062,10.134945417510528,12.164545124705985,0,0,0
26.923653388047537,69.67269747475034,8.478622826592098,19.881103747394995,0,0,1
33.31886007908105,44.852887890709894,4.53373253064745,1.8717557956181086,0,1,0
20.75868188186438,62.59299586001892,39.89196173893537,5.526325702007058,0,0,1
18.710519505154384,70.01774342737157,24.77688873720555,13.121588779380513,0,0,0
28.03359589756854,65.40894541165255,19.42597201893414,6.304725120687493,0,0,1
29.252028145967863,89.5430100103634,47.53139634920666,6.923002958582439,0,0,1
28.760610379039626,89.85918476657191,18.55041935323954,17.85289879594217,1,0,1
21.38633760042748,85.2054559323819,8.34863630235947,11.587078100795932,0,0,1
20.044048043186617,60.6413941455216,13.702144596329813,2.0573116560830917,0,0,1
34.11837599924088,79.45145334281439,11.948326679429822,6.217251714652436,1,0,0
33.465990165398594,61.74086535882854,24.93706397816524,1.521167529988361,0,0,0
24.146332197856406,52.79264794366675,14.575256197728697,11.122598668942905,0,0,0
31.923877323087467,58.859645395298486,25.803058609318093,3.4653639275197934,0,0,0
24.04646955268592,43.90305483070445,33.464671247339446,17.142303000502125,0,0,0
23.487780361450206,58.2477629952556,38.86493928566289,11.546280529129998,0,0,0
18.135258951985893,65.34082194936444,35.50788906336154,1.1875128386218936,0,0,0
23.528121129839455,92.55144921294564,10.279535822818048,6.017513272486379,0,0,1
25.74833877199614,57.23758224207937,5.794985962137689,12.326753344722537,0,0,0
15.45008654857373,89.63494465630363,27.122507955062545,6.709966363876565,0,0,0
23.88226010350813,52.587205170292336,9.945589560407258,10.263533371879115,0,0,0
30.627124367904006,50.503289376758715,4.246686088575663,18.187245893654712,0,0,0
28.600921127485396,68.54475010376908,26.354717148970856,7.0007194101255665,0,0,1
27.7031397772787,76.98812531135732,16.339709255389774,6.71745724939576,1,0,1
33.19110856874405,42.43827379412548,37.80745059692519,16.395136826253975,0,0,0
15.360640196504601,52.158622577596915,15.709581527420902,6.3751304583353985,0,0,0
26.140951723844683,65.0626016575724,48.935856852790685,1.5591668828078453,0,0,1
30.74697696819414,58.20523847907498,37.926159563035405,3.618899084749898,0,0,0
25.826707654025345,79.19415936415771,2.8846610744431067,18.97600501592602,0,0,0
21.477911051607585,68.11383278227242,25.44363701781381,18.665855851554426,0,0,1
17.725011301839558,48.81975080821451,28.131025060705518,4.496241815562955,0,0,0
32.75126143632383,89.19559586232998,34.76513553407988,11.070037461973715,0,0,0
24.41524784775206,56.10981215158478,24.88983985168791,2.747362008460057,0,0,0
32.56230393971403,80.2122109930433,24.17217992072866,13.493552570230715,1,0,0
26.717042448663367,82.89536785079754,18.39693058388064,3.7061159201962135,1,0,1
28.483842332300014,92.97367351408562,13.573069194958688,0.9958084584320792,1,0,1
31.085223087569002,67.41791065882558,47.31001059883672,16.497936144175988,0,0,0
28.183110892002688,73.87095335054377,15.879833481718597,6.5080076544725145,1,0,1
22.961096813578756,58.41819614137435,3.1710662290165335,2.1704480712019403,0,0,0
25.272667678573022,77.29986113766365,8.364236964670614,16.678079017244507,0,0,1
31.060910493517596,65.48609172264759,42.86383180206448,15.247949550922968,0,0,0
22.473005927459685,64.07088005984322,29.331672956169196,13.675169008639363,0,0,1
22.762429135369942,87.05071410138581,38.93902746885328,18.224974196890585,0,0,1
16.913802321160023,42.759286392427875,40.439077306984714,9.784521737412703,0,0,0
33.291688704434954,88.50793353075277,41.16182196055366,2.5611299517359543,0,0,0
16.820726298908834,86.86384108057064,27.530685387230434,1.2269281979023905,0,0,0
27.964183548971118,67.8501439458984,8.856029784955243,6.3688203591931725,0,0,1
23.263889576055952,66.96115698130956,7.4116376118070875,1.7366166027483243,0,0,1
23.112387805108845,59.89940524195196,28.699221018755622,10.710188806941707,0,0,0
28.591036731453677,94.67955854249539,18.32571768428382,0.28998035646315756,1,0,1
16.341874652597575,46.114313301461266,27.902412062288366,8.875266030187518,0,0,0
26.874115659028693,72.46183795957339,24.92389221189324,3.5692057970717084,1,0,1
30.440635719447094,77.49248745618294,30.109903984877423,7.365360877343163,0,0,0
31.564255157731886,91.38815045193195,1.6055895368282669,13.500681495413783,0,0,0
18.410607787875506,82.91119232712188,1.6418340315061675,7.019275421014031,0,0,0
32.948381001563476,75.41159615463508,36.07975854242544,6.826797744004304,0,0,0
28.122921836948844,46.42467742466675,9.656362191135992,19.81501465679004,0,1,0
32.63709601641366,60.555343425730705,32.60992310960282,14.376294454525723,0,0,0
24.705614342203965,47.63629034013919,27.328795539572724,10.277234237001027,0,0,0
25.84066690194404,88.46670028560325,49.08972357023117,11.58751301995159,0,0,1
33.38076554057342,81.22916355600037,41.77029394415312,12.403652630376218,0,0,0
32.998190867093435,81.6645232738476,20.656726066567472,0.4915079788168386,1,0,0
23.96321746738004,75.87410847754492,30.82064100465825,1.6052918105049518,0,0,1
20.488252632713635,67.88739453151904,5.864472861273601,12.983787027133037,0,0,1
22.863408691285283,48.24840827049235,19.31930214811905,7.2893771769662745,0,0,0
22.755286570594997,58.13321876877785,36.69438705449372,1.1088808046385012,0,0,0
20.73733749965588,47.53036858622898,31.13357920643268,5.950264921032522,0,0,0
20.371592086659334,79.87022285687888,24.22356621886789,2.6056684084278037,0,0,1
32.22125872959439,48.81258268121027,8.826455202633454,18.326276844526426,0,1,0
16.397238413693234,78.6162452594427,40.15729630787723,4.0585078510623,0,0,0
28.552223641991883,78.07404642777476,13.658330220578845,2.873823947881049,1,0,1
18.456401029129047,65.26174634452089,41.023954083095475,12.523376341772332,0,0,0
21.890117867881266,47.43757597649288,30.580453139749675,10.438238605536654,0,0,0
16.230860682696736,57.314045437372016,18.636571397439372,11.51864908071584,0,0,0
20.399472737109242,57.60512099915533,2.030261097999575,8.718962960806305,0,0,0
30.36842142234484,78.52118232288115,11.620942217218843,9.343386218642591,1,0,0
32.700306490945174,46.25586606775484,44.4535462744082,15.57595111694259,0,0,0
19.43054303804734,85.59877554188499,40.898717194785874,4.398443696513348,0,0,0
24.270956785178438,81.85540096022527,28.742665646704896,7.930586056624682,0,0,1
24.406480958744126,50.24688049958507,23.316123198106347,19.156507698558983,0,0,0
32.471506115194686,79.55404099783891,32.35713396650546,3.7997140237209037,0,0,0
30.25598105751611,76.7682249807302,23.312406392165073,5.875471900837342,1,0,0
25.261544367360997,81.14664400610096,32.21524203595701,3.8313384857198107,0,0,1
28.414944009435466,50.3910705496782,15.370204983007895,0.4099099271627127,0,0,0
31.947101078187337,48.66746771860578,41.92486089557376,5.396598500833408,0,0,0
15.190779080510898,53.00661922575148,35.09589467326333,0.9293489192447835,0,0,0
23.057800621000972,60.12294367319366,16.49878142138459,3.093702528132667,0,0,1
33.14486334554157,83.65157395696906,41.53330574117206,7.253641401352294,0,0,0
29.80626061687903,80.58581656133674,24.367126542658944,0.41442434137916484,1,0,1
25.856827486681492,90.89983757531932,8.731943236873075,15.059131318614332,0,0,1
25.59289054070267,43.22462575042385,3.885623100176333,15.911780275390937,0,0,0
21.955401952088756,40.635595455780205,34.98028738186102,8.228276048367258,0,0,0
25.410410672830288,78.45263563354395,43.256040210400535,19.693319587485387,0,0,1
28.107663989269064,55.36081226867911,40.37209942972718,13.579878296153982,0,0,0
23.36726076857586,58.37433925435997,32.78255151110759,14.87443495961498,0,0,0
29.28306292784348,70.07411142529817,7.068752780238402,3.8460084733226685,0,0,1
32.22464454520772,45.63272177197392,4.702203798832677,16.748752456434268,0,1,0
18.093696963697223,75.34819291014273,17.25148115058627,18.900927960430124,0,0,0
24.03094045634849,57.88310954271326,42.74554451993844,4.726203331475835,0,0,0
23.160401825701623,74.79933183655454,48.08681351533321,13.729285887727602,0,0,1
28.74929608099456,85.87038021903622,12.068042742353564,14.938820973266626,1,0,1
19.997349305158586,49.411123333558635,38.104783529086,6.103383436190981,0,0,0
27.805018299045525,91.19802011029861,28.693460845360285,9.500180051445927,1,0,1
32.54978483462976,69.1878477584344,1.590368353897137,1.950781871614482,0,0,0
23.362631995872455,90.76102708456827,27.14581749664699,3.4618960791901587,0,0,1
33.220313999584405,51.425154521097795,40.29702014946776,1.2314104729438946,0,0,0
34.86327477866957,73.25094655323306,13.806139167201327,11.203309810905875,1,0,0
17.12184099895904,62.21379145279826,44.86808119852304,12.505257945545388,0,0,0
19.66106375969717,82.58222051358072,11.813020343731845,18.322391668674662,0,0,0
34.00759502964186,73.3249918767313,3.8236566322027157,10.843696212472029,0,0,0
34.166553729627736,67.19835013270752,7.996965471978202,5.212227416161999,0,0,0
16.95414550773517,90.21419735370549,41.85014343604592,1.1894709318223762,0,0,0
15.299970007542733,60.74143852944241,20.865295951976414,17.699061055016735,0,0,0
18.222000465128446,52.098911269399984,39.847278181082885,9.577161570561067,0,0,0
34.920255667644966,73.44556527686504,26.561653049479755,14.746439788846423,1,0,0
18.599992332213738,74.32156404450475,24.027956239721572,0.29298697191177947,0,0,0
25.050952134440465,64.15020418645315,40.34565757462327,9.762778453288352,0,0,1
31.96835452861022,66.76355240291602,21.174380585618795,6.514452463329972,0,0,0
15.408032213764127,92.77543778649449,40.101636553318414,0.6066254522765369,0,0,0
27.089779645169187,80.29771302682407,5.0331082481722795,15.513456141449167,0,0,1
20.540508977392484,46.08309633154174,31.815540776962827,10.258033057872264,0,0,0
32.246698328794636,51.6671538978836,35.129352827599234,6.663604859822618,0,0,0
20.669222985281586,93.65671489395575,44.954869807087135,16.115969678147984,0,0,1
28.73511440563818,79.95560545864421,11.216195935809747,8.93846903700333,1,0,1
28.48439264894794,90.32748193795592,30.21099400464258,0.06995912736602605,0,0,1
19.4298709771928,56.712380519379714,21.66282818446115,18.88895264076651,0,0,0
15.695983997367001,80.80267730476257,19.138582777201453,5.113654809247709,0,0,0
23.184991475707946,79.27014896879314,5.335677760597873,16.611510441266827,0,0,1
20.783863039317396,56.207949199165625,6.711666529747112,16.32830768162546,0,0,0
31.179554992274173,70.2948978997888,41.849423072382315,3.247478627214626,0,0,0
31.007283769106905,74.50783111986624,37.4876716162781,9.480053624295532,0,0,0
24.14047904385251,66.46224959551057,19.117056514555024,0.8039795699698593,0,0,1
27.13024450646438,85.4948288661907,41.424329069481544,7.091033457769241,0,0,1
27.0851903197385,85.80779729888943,4.038309241178922,14.6195768673924,0,0,0
31.543162968552465,86.78303015658562,31.23869585165843,4.741389402207153,0,0,0
23.50004828246395,84.18829630039895,43.408802635714416,2.3425586148461996,0,0,1
20.50893359581018,66.84459124584295,41.94321155156247,10.142471018700178,0,0,1
20.300698362810948,60.9791063981954,18.63913799709299,10.739727687472643,0,0,1
25.723845585644085,85.72569560429038,37.261692652849455,13.516578626423161,0,0,1
23.98296405464425,66.96108022059468,21.373407275993877,15.182754936051815,0,0,1
23.802415419698725,53.550426924539,42.00690821949747,13.916190625293103,0,0,0
16.822746781794145,67.90389427772189,26.53809750775115,16.908244165897013,0,0,0
29.372074813803913,47.80174020555832,38.242852455252056,4.458129285640798,0,0,0
19.274733759638213,78.03962198293394,3.9285791145835858,11.395334924329923,0,0,0
18.939072604174427,58.47567048931485,29.50129858044314,7.201907148426503,0,0,0
23.255166405547868,54.33623391460999,27.514208873466934,19.242247140032845,0,0,0
19.55556683235603,92.60798104291098,30.498836086758008,8.805590468296476,0,0,0
26.677165346160308,82.72845476670692,34.78208039577951,19.194278662671135,0,0,1
22.429266786689432,83.28882264981624,45.9054485017071,15.38131308118212,0,0,1
23.9782344518558,74.3047083103551,39.284104088801556,14.36927724137398,0,0,1
25.743386432080577,86.15450457806634,10.981899571745235,9.831274238436539,1,0,1
19.070710449636096,81.75393646398597,41.2948134646048,8.867562685112043,0,0,0
18.115032457310598,72.9325537273489,6.103983880754782,10.530963750368139,0,0,0
32.6084380574721,92.86184210184445,31.10992928375348,5.872661258539065,0,0,0
23.67447405662842,50.53772223264327,44.13769041229716,18.090198796769336,0,0,0
23.24187219265078,91.8858845447113,5.056102710745197,15.886613105307328,0,0,1
15.71224300545683,62.07909890993757,42.484632665513026,16.027917086500878,0,0,0
24.959526051747865,69.06194408708177,39.93103671151228,8.663071908988723,0,0,1
26.083394432220004,46.750662574936996,25.188771691953537,1.4217789648843415,0,0,0
26.176817419093332,69.70590914069851,15.444880114770204,13.661546358525571,0,0,1
29.140623386457687,73.61637135220064,20.271911403577192,7.488271679428236,1,0,1
18.549636699820237,94.87358479946883,48.43290678501059,17.408606249016508,0,0,0
20.044462684612377,93.63558260893396,10.084877807592319,15.60676876899727,0,0,1
31.214609304608253,93.1518510530858,28.980214391494762,2.9065628397951215,1,0,0
33.94341233686788,59.16134330561316,4.162037393934193,12.034314610770284,0,0,0
17.718654947346412,94.51965743097739,10.89465320945861,13.844278518543687,0,0,0
24.952991090104362,65.0512983377311,38.16581940372603,11.362751596487229,0,0,1
19.28352505479174,86.85099423190454,15.12995201802636,10.280843523105226,0,0,0
16.20146336709965,51.89759829604346,49.28830352813673,4.557261500118825,0,0,0
21.510066762522708,67.82082488111313,25.040852154692,4.718136888423688,0,0,1
17.873752503684255,93.1306652870183,25.826966265387142,15.36016277285109,0,0,0
29.198661468684925,92.0867268307885,1.8157369667867629,0.3737957112711432,0,0,0
25.674508273428888,77.60541828017847,47.8263374788633,15.578201254111526,0,0,1
17.87668941980622,83.8797877404183,8.711672044220897,10.535974730782783,0,0,0
15.184831768110287,49.70346831313208,26.91702994052213,18.72445304769672,0,0,0
31.163140980484254,79.69122022162865,19.78373049793658,19.94643095445846,1,0,0
18.52388812328495,73.99279445844547,20.779235037230286,13.269691302179227,0,0,0
27.12433284441532,45.03534546631853,32.16500830180542,8.24514388840274,0,0,0
21.73843826153491,46.2237453624322,33.10443385462387,9.501718171213888,0,0,0
26.70971876630071,45.9643989763194,7.7144307429048435,4.084308553030153,0,0,0
21.31307253964648,79.83963141564095,24.97933265609461,1.9846864798296204,0,0,1
16.738791213845083,47.79433645361648,39.52387245709284,11.575267866042703,0,0,0
19.459000171155072,65.72527491129588,22.164324177611476,16.109901959332014,0,0,0
18.76117132958151,59.633999323276676,8.290223541329006,5.235330354584264,0,0,0
23.560387048792876,70.27772774236198,15.660847157834535,8.393056204906998,0,0,1
28.165675668523146,78.85620679706716,10.61897820525351,11.095473235539615,1,0,1
20.27612149892715,77.65973954717326,6.290873395741853,18.157956399401144,0,0,1
15.241398706012358,68.35359537529072,18.87905637176769,2.772624553241121,0,0,0
25.378747285295137,65.5384180485712,27.046812159903755,4.737663374593253,0,0,1
27.11518978717944,61.87985773172423,3.637576263831588,18.370609035715695,0,0,0
34.25740988003619,87.40504715674086,30.191168611409168,0.7907118630938359,0,0,0
26.789416061864937,58.196849267995475,49.651222008480374,13.122312681197172,0,0,0
24.423451187562836,54.26512016421222,48.20624660100418,12.790517664359031,0,0,0
26.46803251795408,80.88235215103992,41.458674099957946,7.6650886726512795,0,0,1
33.55801259724054,59.786990393319954,13.31705564012015,9.363293580142361,0,0,0
31.567562912032926,86.58492298664976,1.1203798239683649,17.098359029611224,0,0,0
21.459574667276158,58.03387952504296,41.67708514414255,3.2996412669355824,0,0,0
19.745087273142744,78.60696535160235,2.7860115989356613,4.631349565578542,0,0,0
20.25267224732147,42.480995345693486,10.28140407353852,10.24700822879781,0,0,0
25.088420794304263,61.2059584060676,27.222660772339218,8.194908460000603,0,0,1
29.880989024571555,58.87765962321534,8.918901957182179,11.487449950903672,0,0,0
25.06438414365924,84.9173306601758,41.689416564932095,18.416783721875916,0,0,1
16.35592791656225,93.18804717755705,38.857984812991454,18.342040354756733,0,0,0
29.47161400879962,65.34847021811288,37.788475286862486,4.600366794299835,0,0,1
31.119402573419077,85.3659952434567,40.80638079487883,6.042892256976808,0,0,0
20.78995730239439,78.48320855265507,10.985089013230603,3.241373625940598,0,0,1
28.282514785667008,93.20622932150313,36.444618807487466,18.555807429278527,0,0,1
23.531838021087868,84.61096828885536,17.764075129588235,7.957282603963904,0,0,1
32.782387114548854,44.26129362800518,33.34223797841997,8.994102897673544,0,0,0
31.904511163214796,79.23049473102299,6.1010864315587385,16.052815615549193,0,0,0
25.508639966192845,69.45248434823054,35.27932900322575,10.259469456205839,0,0,1
28.83011091627189,40.90398318627799,48.60538639503898,2.395109644430242,0,0,0
32.666994020442075,53.822212729899405,2.1800182659358125,8.756974188853931,0,0,0
24.91434020156551,90.6965384764791,4.691445058354238,12.610480865572635,0,0,0
21.26501480977644,90.9333755032714,6.181838366900694,14.384181755140728,0,0,1
30.073322758191626,83.93677531103489,21.528195247065064,12.907037055657879,1,0,0
19.401325095693835,93.99787818028942,14.539009246652684,2.3836143846472657,0,0,0
22.77062296012084,84.35998735433127,40.346007677034684,6.086890503236367,0,0,1
32.31454474213587,40.561230300688486,23.68936196004808,14.671292899264305,0,0,0
29.488446805386303,55.830888716583146,24.22686713442762,17.603803886721494,0,0,0
23.076220104949986,41.68433002307696,35.85190506626768,0.9437283012451947,0,0,0
19.294890048167147,45.17593828056577,18.098449126787287,0.844582161399543,0,0,0
22.119367816644733,52.03624493229268,17.660362371023176,12.868090586781246,0,0,0
20.68208298454866,67.69572004790373,37.84631938137402,10.96092308326562,0,0,1
18.52178575887708,86.61426019041097,39.00208729183824,3.1067810103542803,0,0,0
29.866658271313135,87.40817158864094,0.7199386266409757,10.965831633939207,0,0,0
20.04139773700343,73.8911022206513,7.189523792036651,19.48974687001702,0,0,1
24.083349403355278,91.04967664864293,10.654909057423989,12.6180044079325,0,0,1
22.71718893672218,67.50342796246144,17.580023437893814,8.982823120994372,0,0,1
34.64154757271262,88.8969824273261,14.572404171597652,16.550649758791508,1,0,0
22.82184488296441,64.97358909826067,33.42600241941383,4.256449713043031,0,0,1
16.599649655935096,55.247375408203524,41.40676169014791,8.286528616538265,0,0,0
16.79651505144168,90.40271049552352,9.604349117801208,10.555357836216947,0,0,0
26.815074427061298,61.33642916233781,28.14900303009742,10.090797841015108,0,0,1
26.987271034765314,67.68722598644538,18.3908125540518,18.419449384223046,0,0,1
23.375179809653098,58.087334789187246,25.288893752303093,5.8533621449335165,0,0,0
23.636873846240594,76.45606801599014,31.037892089169695,1.1300744145923924,0,0,1
16.078651656817424,94.72671737533196,44.67999093410056,18.327544090274838,0,0,0
25.330930207785244,41.403245187562334,9.614633391364036,4.341353142766852,0,0,0
25.094789507607032,89.49164033039058,4.350329352803017,7.580559479534148,0,0,0
17.99098637113889,40.215933134409596,31.360595952267623,10.617832490361543,0,0,0
17.07678772221855,60.03253346304161,19.706542438631324,19.51760941096427,0,0,0
17.47144981198981,49.27337434592329,8.145134664649428,10.705368832571962,0,0,0
17.02056492982517,81.65379793699032,5.854358367742235,8.954866130969581,0,0,0
27.194163910735195,42.78359624164454,27.94548934370149,11.672769590352933,0,0,0
18.929653048058373,70.44167244713803,15.023529726409778,19.416163198342755,0,0,0
20.02860304374927,56.22093736149219,49.8713189792989,16.35889197512881,0,0,0
18.471442883028793,47.35186368755862,20.295040966535698,3.379362726238442,0,0,0
34.15670608897006,82.45000166564525,10.614330438259135,16.065200298084182,1,0,0
32.09234926303671,51.95792588403912,31.44245225586389,16.82198119607777,0,0,0
19.60989674703042,52.30213666302164,12.212744484525345,13.813882079169327,0,0,0
21.55132587844252,55.12922318258576,24.704302161558054,13.144669183345286,0,0,0
19.197856846099945,72.27217201054151,24.128809186050372,8.817540016956084,0,0,0
24.837519189216476,76.28162624299115,22.67788148578686,12.833907742389075,0,0,1
15.392210649485072,40.96813880357397,39.804284813478745,14.751499443045155,0,0,0
28.427360177935913,53.302829986258466,10.830650073309195,2.4564049614859806,0,0,0
25.463162996352832,63.70339633779055,45.2153652535235,5.146599203668714,0,0,1
32.972778566022065,58.258732368867825,39.567025160676714,3.8816375793258806,0,0,0
18.287853686568283,88.62938621809873,16.656118212166188,16.824236738120288,0,0,0
31.082184921222634,83.32398019875303,9.030125314006925,13.600051830635353,0,0,0
30.839220289334314,74.42396185463551,13.976751225337065,9.015570791503531,1,0,0
17.54362378433774,58.59233287983719,16.631812345453916,16.521115009769364,0,0,0
22.971184482882553,78.53697896653878,27.846658440352336,14.335626799850214,0,0,1
18.403052822890338,86.4000907065187,2.3184084406825067,18.27186163090594,0,0,0
20.094410009150977,72.71567075474427,45.71795649260266,1.536139921958315,0,0,1
20.264923496610887,83.14538067913585,4.933742833055549,10.183147630824704,0,0,0
26.124727880515454,81.20077287698612,13.963669705001742,14.134958071525103,1,0,1
23.22821863520931,71.44555211381773,5.464371897648329,4.149863736096915,0,0,1
33.95465608012611,57.1700769251831,12.833641326283008,6.542524639427281,0,0,0
17.5274028389401,81.01801869006995,41.88369093044042,8.379525026396532,0,0,0
34.473842697003974,51.373800149668355,30.758790569162116,15.886512365411782,0,0,0
19.612772804285278,82.87185905593435,11.366161254474033,9.871524021143902,0,0,0
30.45747872763706,84.25006806783932,43.58792648996688,9.857400656955786,0,0,0
21.77939852345643,85.21796837637052,40.03560296092424,8.617752371042906,0,0,1
17.86162790834628,66.01037840381517,37.68246411607903,4.571781785926308,0,0,0
32.157783704924796,50.58644222737319,42.381634919285645,18.461430712255293,0,0,0
21.177217984729264,45.48479800363378,30.982484075915757,6.356022413133509,0,0,0
28.177108084536844,80.88486877683583,25.071868010561616,11.349313215398011,1,0,1
26.328873701732533,88.74437614913973,18.69675130856947,2.97559471044613,1,0,1
24.435126187817488,75.79610973602988,11.18820102038492,8.684867841980942,0,0,1
24.916389452970783,47.92880332136033,27.870582882344742,18.076070323384354,0,0,0
29.644758281845753,91.41930466846657,44.47461728570442,19.909304770211843,0,0,1
16.755458282468812,94.40061079966257,29.69908944961625,7.2350371346693425,0,0,0
28.363613239158102,63.835823546420706,45.98034308603184,3.07981092628671,0,0,1
32.91624202797158,72.71539091005741,17.84586847965818,6.289030534607902,1,0,0
16.155763940397282,82.74756860009117,34.756898626374884,6.544835367740389,0,0,0
17.813066784673335,80.50143845275247,32.43327362313206,12.890175885646354,0,0,0
29.33263873404063,93.2282955563397,33.52169220313709,9.923134489891206,0,0,1
23.74563296489235,46.31857000933339,32.252100612039634,15.36919456531261,0,0,0
23.07097241627377,71.93986763785432,11.082733746855839,14.026065689949622,0,0,1
17.739332690884716,78.05622808202007,7.179544914157448,5.026174478504926,0,0,0
25.135400814355762,88.95541333032185,48.93141281160293,15.685113797715562,0,0,1
17.530906223927545,88.0760295244983,2.26475644212506,16.94923733829632,0,0,0
24.53240912621081,93.78998864587095,23.386824351413516,11.967803795080034,0,0,1
30.272305979233135,68.16431496657235,21.254015857093094,18.55335418497152,0,0,0
20.165287157743272,85.69184767472746,18.000947910753812,15.658962454691006,0,0,1
24.615723363594547,63.50049394700302,39.09919267883548,11.90791813746398,0,0,1
34.84031938793672,63.22726328208177,37.2675144156258,18.1233199462666,0,0,0
28.733008467080744,53.93416004600725,45.26124617649702,12.007169604810779,0,0,0
31.827135426103972,85.00305078605764,19.77437630934611,10.423822546746804,1,0,0
23.296952131210915,94.21983081974335,28.208976396472984,7.125166808222055,0,0,1
30.357218462517107,54.09879505909918,44.615352367106034,17.657266611888907,0,0,0
15.810183458826437,43.087237341158975,49.69240314276922,2.454543417456432,0,0,0
17.4582236508449,84.85483405804541,48.46471811826775,9.470054284349128,0,0,0
19.061411858401243,74.11265288941159,35.892193563436706,10.748266637500436,0,0,0
23.039038492304392,92.78343403030524,7.16137789050898,11.094982135395536,0,0,1
31.914897566515265,53.873157049232375,1.1593005896513298,13.037796609704863,0,0,0
21.92532101575861,43.90652119007046,41.26091782014709,10.115912485076313,0,0,0
28.092423870309258,67.08432434765759,42.04710122459127,5.136362952798541,0,0,1
29.18628589606967,44.70063126308311,37.31804541317348,17.138887922789998,0,0,0
26.723647081766828,54.39845006064891,13.996174299961005,13.150506556710566,0,0,0
22.144839363402724,46.92878234505426,31.990892979926333,17.163756274206122,0,0,0
26.541066834270886,52.32726988130433,15.812422090763711,5.520869819607535,0,0,0
21.845311855794925,45.83795590517655,22.532412305046236,12.741137898056433,0,0,0
16.67747477104024,92.4648299685007,19.121754249025525,14.283474901527901,0,0,0
34.856079563720286,55.320949239735455,45.68200433950278,7.6681032073567685,0,0,0
17.54364907265022,64.41436722959111,11.707866537193778,16.244882364138025,0,0,0
16.446967676721147,89.42364941988222,28.88054522868751,0.050175496845934475,0,0,0
32.57061498414312,77.2526873378811,18.049076451692958,11.898395004284431,1,0,0
21.036693217857902,73.99206143089759,33.15355559571129,12.27136940704261,0,0,1
28.00593948147015,78.80597546984603,28.228157058873748,10.676861860772709,1,0,1
21.58011459324466,85.585224140796,46.198884068297026,12.60096973838899,0,0,1
22.829085415889423,88.27180973184684,5.080607585060659,3.3445371404654045,0,0,1
20.24225944033593,75.34518188657646,11.03204198783817,13.695629636047515,0,0,1
21.860880115860205,88.95040010817317,38.31739819155279,6.715779256733305,0,0,1
23.21400801173086,69.44686400840123,18.43934199474217,9.041074851518356,0,0,1
29.408321381846857,55.25099709476329,8.289189311436196,6.662187279925373,0,0,0
25.230723884695834,88.40421898861143,25.166062962269386,9.478724069989708,1,0,1
33.87130434313954,69.78100550771978,32.60710308056931,12.431384530234954,0,0,0
15.837607876775511,89.83756731619789,2.2413357076749296,16.76686941791102,0,0,0
25.061366452640563,42.20922976728197,14.581094468372235,9.66870115280442,0,0,0
26.684495776634364,61.86336633476795,40.471126884802146,6.464476552072065,0,0,1
33.40393972148548,92.12927600993575,26.012228330509714,9.758837578507686,1,0,0
15.98317047242855,53.73075510170665,1.7689607586659994,13.77607328141031,0,0,0
26.46999169870432,91.7844935321171,14.097550263735043,6.934014334515912,1,0,1
32.07259857055914,92.46463536210874,31.95703279897107,8.285641494468123,0,0,0
19.83855456238473,88.51782728242236,9.967973478901238,11.256796340174729,0,0,0
32.52584697047875,71.00174248013143,41.369570310970715,5.880185276547001,0,0,0
15.380868185485836,75.58166969943511,33.828795354183214,4.1816931908888355,0,0,0
29.649092582674594,87.8289349147428,23.568953047389655,2.8078456772652394,1,0,1
33.66226442337306,82.67433953140514,45.78118905333925,7.052199662521486,0,0,0
28.143953232801245,74.65516172004763,19.590038546233085,0.9668581287611411,1,0,1
23.78058487960896,94.02426743288865,11.753670528204264,11.66965053419003,0,0,1
15.89762032945436,77.71221499835318,33.070149626335045,3.51818731995049,0,0,0
33.402276266452574,93.65150958462687,28.664759373507426,7.547895846600856,1,0,0
24.405924453831496,43.15636610338999,16.762395046561256,5.384456307967451,0,0,0
15.57993488671896,47.64282039082168,17.183228066198858,12.607799326834987,0,0,0
28.796421426575236,64.83023653002698,19.91051543170509,17.006913229337325,0,0,1
24.636745071525162,61.16837034863733,14.556928373968464,12.666020859766899,0,0,1
17.486906348848215,83.05041627463652,35.51207031804612,10.850098573467877,0,0,0
19.285436186205192,48.83377145580621,32.56792025256027,13.381674786440843,0,0,0
16.289813609116926,93.68523485113187,22.038882627319634,0.5998127552039967,0,0,0
26.485870794171472,57.32862313935027,19.89273378896186,2.4568932192423953,0,0,0
27.440589585040186,63.59080392570877,18.252563467985254,1.8985447194208849,0,0,1
25.114845967108888,55.110976784201256,14.173416069612676,1.9639433149756802,0,0,0
31.3420426600523,71.8649989529601,4.284833157852969,5.20967430393096,0,0,0
32.22017642616027,43.224578523242116,13.410234276125028,10.641045207664103,0,0,0
27.31248793366253,48.232262806374685,16.060067434653252,2.293631573134942,0,0,0
15.255129594148611,81.01887368802983,27.384200313267165,18.702324823787787,0,0,0
28.904593114954714,50.25753208726422,38.68942545390249,17.08513605308831,0,0,0
23.35998433840703,52.953294835616454,19.78510724170158,19.43288707665964,0,0,0
26.31114966452774,83.61402296486608,47.23784529260459,0.8500009017698118,0,0,1
27.981612040377687,45.13156480964895,41.36749817205812,17.028048941786327,0,0,0
22.004732286541536,64.06106025239625,49.24009239418726,16.07468150882979,0,0,1
33.341970103435884,41.268486284847484,43.81015205207409,18.04211729204921,0,0,0
17.679497334995624,59.074406962484716,30.83629746546896,10.558883353196173,0,0,0
28.430236145620746,78.4439771435915,29.923964390835945,15.757781415513467,1,0,1
15.087191599131609,44.95568038444756,6.476306337710852,1.0257375868530483,0,0,0
33.49302210810362,88.85840447283181,36.119962444578384,1.5175557896797764,0,0,0
17.25008266476183,90.02244736173938,30.010342879633566,2.370644818991765,0,0,0
16.897684602951493,45.77447063188243,25.346605169799236,18.29577726596416,0,0,0
21.660152661044883,94.49028400066771,34.66434362786443,1.2233869877689774,0,0,1
22.471325720781614,56.36412543675189,22.202392141899686,2.0029905339822185,0,0,0
19.286001446457572,44.625591912238335,26.192983120414308,18.60820805259054,0,0,0
26.702433218542495,40.278691297349425,19.917615240162817,2.1478516366455636,0,0,0
23.85828196083927,62.468759267012445,35.86854466853449,17.395125974507476,0,0,1
15.683511780821748,74.63954921383647,43.830548527394406,15.785415761245726,0,0,0
21.393041245106012,58.269858744682224,42.04224695663013,0.8056397706430851,0,0,0
31.20865827146341,86.01945510110426,39.30126360247344,0.4369479377926,0,0,0
28.79403069723737,79.41334515607775,0.6893852272275458,10.687767670271864,0,0,0
29.49741707159761,59.25888425824179,45.59402319387297,19.943508075335345,0,0,0
28.96233848167047,80.38703166347325,13.743786036169697,17.57660320197973,1,0,1
21.219460427660664,91.72682553330874,44.3986971481688,6.200508667425693,0,0,1
16.993278441535516,45.120279919865936,9.848405154468825,7.726184682308068,0,0,0
20.44934368066192,56.83571780866893,21.982287571236863,7.758119924762021,0,0,0
31.635706003703184,65.48292665141813,37.469939716345685,14.683576318100295,0,0,0
34.60941595566142,67.38945702651228,32.013947263858626,6.82265505324767,0,0,0
24.87694029483123,69.82076046873405,20.796096901471493,2.9559412275052144,0,0,1
15.194007098460844,56.53447985962567,33.93119283701392,14.942148171671008,0,0,0
17.80089624268458,76.69928052902921,27.447475502331976,9.160312364902092,0,0,0
21.441611506325316,75.47964769414062,13.786815331776614,1.5355744737293398,0,0,1
26.571706971858994,71.78018284493876,32.31647227485699,15.801045369841216,0,0,1
16.50187291610628,46.256894694098214,10.212354317226168,11.706225279004585,0,0,0
33.86714597419763,66.23323401027695,34.699414212958274,9.787386505375686,0,0,0
22.301673465688015,59.592478811915655,0.15554388116214013,13.466863342945597,0,0,0
33.25168435849646,67.00711584109675,27.438625688088486,10.107353656407325,0,0,0
30.610436055140436,90.70265395332643,20.05338137780705,12.968402959769985,1,0,0
30.108745450311623,66.42922387371246,15.155188690097365,17.349770907306432,0,0,0
27.13439159564464,40.76894355117315,25.785398361731875,12.270287362222508,0,0,0
27.53567634103689,64.1360205946272,32.2655816267944,13.192009957085498,0,0,1
27.76006470432496,85.13564990271601,48.265613310673245,12.277121388413494,0,0,1
27.57442774051164,82.90335077699925,41.65322449440488,10.623595552665932,0,0,1
26.074564627967227,68.23645404404996,35.85749415419054,3.439448219509431,0,0,1
34.72828036965778,53.73729570726234,23.94834558395732,6.713552871177308,0,0,0
29.645811348513924,65.57987646029999,19.607205983217714,13.862179347162444,0,0,1
30.538927767850424,71.00362206800054,1.6264827292998607,8.509522134035542,0,0,0
32.449256301673486,94.99292910507737,17.95484515295241,8.122580238220465,1,0,0
19.312795254516985,75.42979495931576,42.41885693363083,15.185385682611159,0,0,0
16.676083181901216,78.18457115344374,19.201229098814498,0.11137721247322485,0,0,0
24.657888731971973,67.02997789624285,23.079249953107322,13.57988960490677,0,0,1
25.281613912385463,59.49692529303914,13.591721201245239,9.784530209800305,0,0,0
31.583635598998356,84.71241410059633,13.706637940668337,7.535251624927042,1,0,0
23.875671585646714,67.22127783865798,3.0935880445874195,6.810732231471793,0,0,0
26.417060510886255,94.70795714804888,30.69019628099004,3.457509906303391,0,0,1
25.541418770269168,65.14163158474243,22.403470152267317,6.6850416549720615,0,0,1
15.764055675147821,43.74001560061676,30.29804037453973,7.828369442207457,0,0,0
27.30429793193828,77.54179753995456,27.344345001442637,8.748978388496697,1,0,1
31.560865715485043,42.56527980091961,39.94222936485874,13.446012773550551,0,0,0
18.150010961516077,53.77758782865868,37.550595615573634,9.071420388460098,0,0,0
26.886634678531916,59.45560390289468,38.57269265689397,15.925686084467012,0,0,0
26.872210888928286,80.67159720917303,24.96195034708378,12.794759947567488,1,0,1
18.283699281127173,67.1829759524187,17.694067567696525,3.7919415898817865,0,0,0
17.46927147461472,41.57552622206411,46.67182952664764,5.543463455410269,0,0,0
34.601038859529694,73.92674182017572,2.7134886858276976,1.584983728827709,0,0,0
22.87438339306075,62.628993058466435,7.631065392511516,18.914435098466445,0,0,1
19.548434574470583,90.7008980481909,20.979954608831985,17.731009624585333,0,0,0
18.4264908890875,67.47592711271295,30.697882628400556,1.6959245090187425,0,0,0
28.3520342716647,78.99363302666364,0.4100187403360822,11.4815203169492,0,0,0
27.188905946545574,52.03776707812508,35.966140965557095,19.20803637721637,0,0,0
27.87104245974835,81.85354604924092,27.936327139495738,14.942855798923114,1,0,1
16.760120550229047,79.65254207660197,24.23513793384626,9.836243879413454,0,0,0
32.870691669968735,89.72449396977194,21.17475194139341,4.822059778132697,1,0,0
22.785327936180966,41.860190294555956,25.974351587031226,5.580741501625912,0,0,0
21.26738812860716,64.61253836895982,8.08928672408738,14.724759093427213,0,0,1
24.247228944954784,77.35354715067966,5.435586963849126,15.611505464876934,0,0,1
22.801321314952567,45.234014504411824,14.48187393759192,10.573866487028651,0,0,0
32.27154006278292,62.58322369319018,35.47523959926623,2.4189740303340956,0,0,0
33.585219503957845,91.81806316864075,29.414394191774818,18.67736747253189,1,0,0
21.069064328992123,63.97639699901205,24.00615088095063,16.8952546913347,0,0,1
32.2787161491991,94.19726309143473,28.576048294798017,2.810775580548457,1,0,0
30.63046259066134,43.12614835939008,27.96290065196716,1.1345516725770444,0,0,0
33.61615344689524,79.48063768774901,15.352096274496269,10.717353654994673,1,0,0
19.915006243717755,71.95589299365483,4.872797362236292,5.682852354590519,0,0,0
26.539183002419584,67.5296822422669,44.83911843315253,5.6649941882913595,0,0,1
20.490891694808894,93.39660708167551,29.99556313119573,1.744431855008235,0,0,1
31.481889809687484,47.13077202701207,34.88739998404258,19.06771670542775,0,0,0
15.106483811421285,89.27994234245023,23.199861218347756,16.603329193196892,0,0,0
26.29638325772792,78.01822261251357,37.824028998828126,2.2766918375183365,0,0,1
21.78406862543836,54.244784031479796,29.22486319893336,17.531975353016605,0,0,0
21.453674141556405,89.59180300977613,2.6900561048595115,13.65912111926274,0,0,0
27.89812647729834,63.61122048235573,44.50485176968456,6.508822636572173,0,0,1
32.02968898627988,84.7825030440189,15.276807339394344,17.425011088302636,1,0,0
27.183907827866527,61.386008437606996,6.894538871066774,11.960443755639167,0,0,1
32.06345957293445,86.80119550882826,4.402050385215789,16.973396886687723,0,0,0
20.2919422376206,75.01460151447768,36.02201569210554,9.385358489745048,0,0,1
25.390037095299622,47.757564847104994,35.19841834021799,10.01302080323655,0,0,0
24.010730781341522,75.73147399082401,35.00810624066354,5.820200588219122,0,0,1
15.232897990061925,50.523961948602995,45.7876386340783,7.753853838894164,0,0,0
26.136242862814804,62.65574453417895,17.447151099882575,11.355041382564428,0,0,1
28.230486482923496,49.36625713386185,28.05665281794616,18.941184474172346,0,0,0
26.8382880883814,41.21088636169152,30.974779149717474,12.002355199362695,0,0,0
29.72559797566843,51.653759669747664,48.97409142832313,2.9475638356078715,0,0,0
26.42679056906154,69.50046130482691,15.61730718592959,0.13992370952973454,0,0,1
16.335005097015138,66.48585322775403,47.816559995197025,17.0197571101736,0,0,0
17.32891048169423,67.58234025448351,7.436716654119069,7.286508467323061,0,0,0
26.92949155087905,53.62277831456307,38.200072801392096,6.299318792796658,0,0,0
20.499583839472805,77.68386603378025,31.644295001020637,16.01462245884764,0,0,1
16.592902580695316,78.73448077511901,40.84480186359937,18.907285981796708,0,0,0
23.592054868970934,59.68823040578161,1.434278681992357,14.960901767039127,0,0,0
26.086451961673106,88.46435486607959,3.906552146952791,3.476946258228646,0,0,0
21.57491976699213,75.42127691495513,3.484788978457293,7.827565871820845,0,0,0
29.408674044515557,79.21716013922475,29.64797277486439,15.187971048694813,1,0,1
27.875412162024894,55.25369548664167,30.146803378776898,18.138516293411467,0,0,0
21.656367221833438,40.03363993355729,45.305244467748814,19.972001278993204,0,0,0
30.097450578171212,87.59565866561603,23.380175725922246,10.231218142763716,1,0,0
27.97390085066071,85.23334115188948,3.402452750248197,16.450496366838998,0,0,0
27.748907574358043,46.77555384235566,10.476470081125772,0.9326328555476815,0,0,0
26.068554015741363,60.57578242259686,0.40365474089214537,5.716494995099359,0,0,0
15.227793361771056,76.37366196137205,38.83572625642025,7.430268066949786,0,0,0
28.930143669537784,75.86609714703005,40.77997184403873,19.51047690563788,0,0,1
22.52083582218313,87.3192684144706,49.8970208142068,0.0678729642972109,0,0,1
33.85219420317311,47.71474888994857,20.609722452654715,6.160414755251862,0,0,0
31.359695421544107,63.64668612818153,0.9649187700796258,18.608245192258078,0,0,0
26.753889390626245,45.34734298595336,11.73649407451861,6.133564700880225,0,0,0
20.04363963638539,61.42773866412455,29.38844338316479,4.501335316291537,0,0,1
19.07434786555333,40.83090950732374,48.09714835263682,14.601770228719671,0,0,0
21.80769675355098,89.40501858105698,5.178927573539715,14.906777859997307,0,0,1
24.53135887160037,68.98741982557746,6.07865100803714,9.443557652950169,0,0,1
20.92131020077894,86.73912434412945,35.08794926394715,18.938349397308468,0,0,1
25.298589907849657,43.294758555185005,33.36035275107748,4.054141590836837,0,0,0
18.30740851026372,52.51019607601064,12.525317765591653,18.268316679591948,0,0,0
34.55425625651,54.26589973716493,40.65723955072595,15.110161530505914,0,0,0
17.158491099299876,61.26803220513334,6.43893777387316,7.364166817080948,0,0,0
33.63888279308744,84.15765048186503,46.28709223883799,16.138172394467478,0,0,0
33.2715602280539,61.26068305523209,10.05159651662107,2.6640435282750774,0,0,0
25.50720963638996,51.25594413054799,4.06761863615025,2.619649863864546,0,0,0
29.498205436721687,43.574464318632266,16.97610432369273,18.598744064948118,0,0,0
23.720965959451757,44.37204615939781,9.392064426727249,1.895610156908234,0,0,0
27.600691550848765,81.80259632785376,26.347061251801644,0.08159213698809342,1,0,1
21.811518748422372,64.46416450701481,34.342326868586305,7.78060983169804,0,0,1
21.023180395708906,79.93996171000083,24.54607892391456,2.0770194886425553,0,0,1
26.564595723390276,77.52579169700337,33.03036659054888,17.260729864885022,0,0,1
24.962593483679605,47.44493539681418,18.24602571999922,18.453870268858658,0,0,0
26.59072738299962,47.858836380574694,1.3961298619319995,9.648527287128255,0,0,0
20.73321162574046,81.54381084887737,48.70320621125745,8.509430660200739,0,0,1
22.339156636339904,79.66975614169795,40.97067522699977,10.780785538881839,0,0,1
16.677959212578187,60.791692178087075,3.670941204231404,4.523892496899724,0,0,0
16.045527445444115,44.25822448330621,22.45881980781672,5.95931722840672,0,0,0
20.069142593460327,40.66539119341487,31.75095350359373,2.0195434096800957,0,0,0
16.484937186610914,55.84863222039597,9.529713528631895,8.929001822227267,0,0,0
17.075494172694814,40.50722504729748,28.899430568138573,12.233832450673185,0,0,0
31.25856810787874,52.65399416070369,26.682430905884353,18.604474687832038,0,0,0
15.777473940333786,63.07254071162362,10.41325942673524,14.781463412535166,0,0,0
28.178855878694854,46.677867092157484,7.0605154638726635,14.461274671063734,0,1,0
20.45115497630801,45.73527668073504,37.94811448093187,6.159979241882043,0,0,0
32.43091361416253,89.30405896453051,16.129322307481686,17.76586595020089,1,0,0
24.69984569154999,72.2008515962589,12.202026692112167,18.939113933599955,0,0,1
21.111529186556517,91.39506277195298,36.893917640299435,18.64525873084074,0,0,1
25.35277871378869,59.02043900821236,36.8034346011491,0.7760605304877011,0,0,0
22.639160380905377,77.24297155310397,13.820082816811457,12.087012726080431,0,0,1
26.286021293396605,51.25804210419847,43.62842306259269,12.8645021145059,0,0,0
17.290657366526965,74.00871745039677,34.41250825361712,5.901303204330071,0,0,0
34.93981005625102,47.12721515054914,17.288210891076904,19.848243663158595,0,0,0
23.51111755393435,40.11443515469572,21.374482509232944,5.823749176371178,0,0,0
21.964612794147374,91.23424907752684,36.33548429653089,4.332233163621115,0,0,1
29.2041969663253,70.51919068963652,10.5791916447746,9.682913008863835,1,0,1
22.27798812990665,90.98173645301216,23.438039623761203,6.462947595406869,0,0,1
31.66548610057515,58.36073380361396,32.67791711290498,18.480589197398885,0,0,0
24.085414487208503,58.028233803896626,26.97492740043566,8.801534626295455,0,0,0
29.3911682653087,62.03602509751674,30.41641729522466,8.202991093451669,0,0,1
17.14906432883773,78.83225411769925,27.310624973838983,12.517242602170002,0,0,0
31.922383711102235,71.11947488023958,9.961372189501006,1.6222934250224674,0,0,0
29.714359735562198,90.89451989045148,20.51026724863107,15.134658936330435,1,0,1
19.234335569239313,41.39924956228416,26.599274773877283,15.367976436097429,0,0,0
17.905720194915734,78.9507765884895,39.00313711729731,9.480516694553353,0,0,0
21.325846974512487,58.16802291516049,32.69521185847713,19.113958820008566,0,0,0
34.521411720638085,49.91285085001537,21.32954725929674,11.586782215914955,0,0,0
20.136631491341173,68.07175923860544,48.719991607957276,13.904729084899817,0,0,1
24.122544178932664,67.77850812989978,5.389776083986258,18.486899110062026,0,0,1
15.600404514346726,47.53560657786356,10.340243427748419,13.326906868495847,0,0,0
22.94455059132465,51.10428308730894,17.0656305015832,8.636520154510944,0,0,0
26.426400308662053,62.44905656958552,11.428603849395508,0.4954235126629669,0,0,1
34.0624922501593,62.484627681577344,31.272099840300566,14.565986312636188,0,0,0
25.334720898801287,57.46569767908266,1.9775364668127626,19.2973202320209,0,0,0
31.382146523553757,48.16998333304895,8.871839213670796,9.404702470719876,0,1,0
25.94255285137801,40.24055235055388,14.66736188293022,6.795372755765284,0,0,0
15.815700268710362,93.36292843354113,34.16728875396583,10.385188528275568,0,0,0
21.30016550379548,91.89245763371599,43.793244129056404,14.568744113693183,0,0,1
26.510990156622064,66.60077085468744,39.92458852765272,0.013809489640985717,0,0,1
34.01187931862249,94.72784643012531,9.104046662512744,17.74423445463707,0,0,0
32.182607195024666,77.05098819302339,28.270287922053456,17.727257193566437,1,0,0
19.567112283576954,43.78716456841479,1.5011322672343619,10.825958672174176,0,0,0
19.40219660038327,46.474500949544506,15.526838767643058,2.447575323512159,0,0,0
19.023459342278016,90.38609641283007,40.299189741416335,13.436115892272424,0,0,0
33.44997792605007,74.65287111822957,22.833285687166978,2.756913259266267,1,0,0
32.05332306203441,86.37509946615431,7.497066113791728,10.150943028653614,0,0,0
30.497668645058976,89.40483072986143,21.927669074415633,1.87259943962234,1,0,0
22.854702284484553,64.63681062053124,9.901646273111414,11.781306765950026,0,0,1
25.087614085975336,42.66892733671812,19.659572893198142,6.361386502359747,0,0,0
24.286634895903056,50.355419189352716,24.39167363739217,16.619828294750057,0,0,0
20.06796215118745,43.66145710163393,17.477905625551422,15.998922524168295,0,0,0
25.10056092297534,50.3806915134179,46.848447521693046,19.96947750948882,0,0,0
15.60993095705509,62.579310955073225,28.126514877819098,5.150063494087296,0,0,0
17.636207469949184,46.5008245783242,42.14463369734484,1.236021855591607,0,0,0
32.73179192337893,49.17032862929388,38.036427352779015,8.860065302976896,0,0,0
30.033595340628466,64.52019801394235,33.05831546338883,1.6680666993314164,0,0,0
23.457368181181742,58.709402271366926,24.84443741512911,3.5699943013152624,0,0,0
25.343007245677544,65.72119683034225,0.10868918907937508,11.946002827231048,0,0,0
22.399977719199548,63.60446152674841,30.673380027604193,11.842617026885971,0,0,1
29.815597343213447,75.44629142889359,17.797872650124884,0.8665495545938073,1,0,1
30.68374358464159,91.545425188172,5.88810834006594,8.858095028365573,0,0,0
30.265703804063183,45.932538614433334,22.231313180603884,10.604373857344832,0,0,0
29.45223449668899,45.45930821200572,36.777666114165235,5.360484756399733,0,0,0
19.090086773855916,86.9043361099996,48.0838897349352,17.44086363750988,0,0,0
21.759399584809575,67.85181875588525,18.705244556104102,3.221972952928438,0,0,1
24.3969086996735,82.15227629626432,27.136164935248836,5.078036100124288,0,0,1
21.615859828553113,51.84820469840048,42.56221916817925,3.1398883006550604,0,0,0
30.098804003166578,85.58744152421534,16.699970997500742,2.3309326774111616,1,0,0
21.587070484999096,90.81156433059827,7.112862248540769,17.57958368014252,0,0,1
17.764641735706743,74.95156585505686,14.094091561634453,5.557183301399638,0,0,0
22.98080904096608,45.82334618105912,44.9561414904194,14.450480389357125,0,0,0
34.59828865564761,89.24121477859863,7.969655423091887,8.559647194504995,0,0,0
19.517628258671518,83.58682500535392,16.461053050339103,12.717469614678336,0,0,0
27.24317317886458,81.29827770829695,23.23201552501703,18.563523923444187,1,0,1
23.659460996794124,42.02005038982536,42.355661174546,16.892157340864987,0,0,0
16.42049135298653,83.94293888913342,46.88566418264873,1.379727848404757,0,0,0
24.75753211996119,47.587305575759636,21.29051548166274,16.904050705584353,0,0,0
29.04328657296625,52.23123969082886,46.59770241767578,9.036470305613943,0,0,0
25.264399516556374,71.74241591780917,8.072954742887728,7.002914537597706,0,0,1
32.44212127493162,54.573942510428566,7.84261459481852,13.447758509232568,0,0,0
20.778740333151653,76.37415134715559,47.46254098173989,19.00415746198496,0,0,1
16.724983426079298,73.44387462344949,25.48400667641656,1.8827099517627488,0,0,0
33.731312233160125,45.94822789072944,9.295391767697698,15.361540605004782,0,1,0
22.56392699056438,76.08080187753285,24.399518528778092,4.070160615159109,0,0,1
26.52811102907267,90.81752004037115,39.16055776895257,7.6027224565399765,0,0,1
30.84006252260392,48.86104478522082,41.34601828617618,17.476460325265,0,0,0
21.48627327751161,72.8384111518588,43.19846283246211,10.915983680246788,0,0,1
29.323290763552222,58.802595456518176,28.478545154370927,1.3491329590085255,0,0,0
17.70837699635656,65.27864194754821,43.34730071839402,10.160971002734767,0,0,0
20.825874944110105,55.785009849343346,25.501510440162733,15.792838032828485,0,0,0
17.894212722730398,59.47718499912324,30.352995119553867,10.577611755311867,0,0,0
31.224611168027156,41.59015027966065,37.935990113582264,3.3377847795810456,0,0,0
19.45298470453571,93.98534558544713,21.271764635525425,8.900821501150638,0,0,0
29.348071108104207,74.36399571400116,3.6790743569387385,18.486907360792987,0,0,0
33.86596794491305,67.53880747716369,17.50831784288488,13.16407980188226,0,0,0
25.55544418137754,61.104344222517966,31.197210839798018,14.597730130171787,0,0,1
25.800583845213755,69.66560073532152,9.616618481973843,15.718730148989007,0,0,1
24.220671361956242,60.90582992936922,7.419268174982002,1.8138684838666963,0,0,1
21.517802867872856,59.794936012152036,14.65402722957188,11.630731185399277,0,0,0
24.513100618498342,65.51705979471072,1.6055731138910678,7.518303863706162,0,0,0
27.056150645335187,55.17906685191549,37.17114490434599,2.7831832734419426,0,0,0
34.719831443413185,49.9027444981732,12.935780109416939,4.054191166080477,0,0,0
33.75529118636449,70.61332439991614,6.211919831829976,15.623209474494688,0,0,0
32.243059165862434,86.35209898826656,34.956470798171765,3.2297821057954557,0,0,0
32.78261071409717,48.405549774924076,42.1464006271644,6.248372144434386,0,0,0
24.356983665840858,41.800388733232026,0.9937797930889225,5.6974667652616295,0,0,0
28.148886543549295,53.57464598347199,11.679988537061242,0.9726072782913531,0,0,0
32.90133445872428,93.8846353899596,47.26161624347917,9.243168984787172,0,0,0
22.85901529982706,85.58169405588366,19.262706796638764,15.318596843384174,0,0,1
34.235249566909374,72.77263294407281,46.92960316909656,0.4430526549779934,0,0,0
23.31572124138366,91.10869033837247,13.710626918533869,2.2510290095979224,0,0,1
27.021653307864312,64.49035142604845,10.9033817785966,14.403733591951358,0,0,1
29.19609426544744,94.08043314163456,10.705420586399795,11.871619813458272,1,0,1
34.01184026151877,56.29661248156062,4.261433021246913,14.30495228097364,0,0,0
19.89232548104532,53.216816223376654,44.82161442545628,4.60207909754277,0,0,0
29.922619564772845,75.09265106308561,48.99175113164505,16.075375665948098,0,0,1
25.416311722881645,60.798468237269816,47.725440363581896,9.597421202205535,0,0,1
20.37114281241282,74.45010480869418,42.6014069913637,12.206039483577143,0,0,1
30.532136795927812,56.77475350664772,42.34439538254876,1.843068344016725,0,0,0
26.04444560347693,73.98550412608951,33.05427335844938,4.100631667196426,0,0,1
28.219476412993515,55.166044332177,41.31068559753068,15.467157632206163,0,0,0
21.45802137155802,42.80346378503894,10.417118217152389,4.478168823775571,0,0,0
24.6254790365521,90.16747460577508,19.395631519356428,1.8505965504291733,0,0,1
27.34708501976134,88.57628610304042,32.041814664737394,11.944065645042006,0,0,1
23.09821628539688,93.39389820999696,43.738566628079816,10.958730323234656,0,0,1
18.967450796954026,79.40899469217726,33.023473118439185,12.157878579665859,0,0,0
34.23280984630608,77.54966477544167,41.951097916710296,12.366109927261826,0,0,0
25.229350800852348,70.74516885411569,23.69747579246487,10.003946917290074,1,0,1
29.678407405754008,46.92683289938875,35.865186885252214,9.875478411373116,0,0,0
23.220943871121165,50.40794210220985,48.99904031875433,18.48331130578925,0,0,0
22.102635280514328,55.92083287698949,7.6744278564878865,10.677634497594806,0,0,0
23.1432859693425,88.95859994153669,46.346034615794494,12.346004048277175,0,0,1
23.183932875712998,49.51332385316913,26.118197392095137,5.339387838774892,0,0,0
25.883602318839074,90.75802459683399,32.1609015365029,17.421864016043823,0,0,1
25.869397399627264,68.75321531782794,43.893450345525636,0.4873618531832635,0,0,1
24.943076317657432,79.35632995101898,20.482708627615846,11.144535245955488,0,0,1
17.695715698348764,46.06344676743116,20.934628744502533,7.677005903962173,0,0,0
24.92150957001062,54.7968451826751,26.35909181735502,12.07808391120954,0,0,0
18.38207800841303,92.71852344997845,0.955104224842529,7.203440995427604,0,0,0
17.522715725915305,54.638247081135226,24.83330904716754,14.353758234352938,0,0,0
33.65291434682335,56.308694621513034,14.554363249711516,0.40662885946861627,0,0,0
27.099000262954085,50.86785616625937,46.39770911958907,8.11778877538286,0,0,0
28.189801162491683,47.09905159187562,4.3867649376515665,16.625271994848273,0,1,0
23.035873406667275,52.82917027996989,22.96602310099009,5.004014355588717,0,0,0
33.17961783829728,75.3279790572939,47.37340851886805,1.05501756760644,0,0,0
27.758609791593308,65.045225342696,45.051762515923876,9.930481491303372,0,0,1
30.38339739047175,70.45657099858443,35.06742211872751,19.5306692105358,0,0,0
22.371249380554275,46.73006558213134,29.468052599803734,1.2831712307027332,0,0,0
34.20023761638251,84.11640459395952,14.036546856642007,1.4011298549958662,1,0,0
31.4092258031663,83.12520853189164,18.34785563762274,11.902331298933564,1,0,0
32.078969260290876,41.18744511284714,4.506743237706362,5.001354257562582,0,1,0
18.443885348515085,61.093330198066774,39.30541488791188,8.204624672744508,0,0,0
20.41926415742439,43.78238310841313,16.193488395190585,16.610143059987816,0,0,0
20.71253199367154,83.56581786782269,33.389094951510366,3.976973683650329,0,0,1
20.418184464937426,80.54983257191374,17.879738859930672,14.385998739628661,0,0,1
32.10816324208576,89.60934518612359,23.216522069813134,10.089710265351126,1,0,0
15.637695904171842,53.0022177424213,27.75012361881975,18.099153848285432,0,0,0
16.521999779615484,65.09627357202893,40.09262041953018,19.45924000587128,0,0,0
20.478297412598074,50.14683324404187,10.55781887703402,9.699215713067916,0,0,0
18.997459492988874,60.41792139607657,19.93826934149282,11.692941182309337,0,0,0
19.63719227765697,68.72337883617863,6.504078594590879,14.916850814751065,0,0,0
30.958863785066,42.93319344112239,3.788025246062965,6.3734828374401005,0,1,0
26.26253187784094,79.31787258725619,30.233717808439593,4.534807010464936,0,0,1
15.11541322585936,69.88113482040913,9.454552217945134,19.293703448860104,0,0,0
23.586455314083906,85.59274594658703,2.989967096304941,8.652307824391563,0,0,0
23.157698537007178,54.94792756551585,44.85489656032027,0.03181653031547382,0,0,0
17.27890538889087,89.682660789809,26.71572098926979,16.75436597050167,0,0,0
28.522835772029143,94.92818391667439,6.7314103701492325,11.993283225821713,0,0,1
29.04194376758982,90.56141411077209,2.6713063723774857,3.3711712544060823,0,0,0
29.41786438104195,82.78408617082349,5.993002670682807,0.6027938635415797,0,0,1
29.56941891117184,84.68028415805794,23.566862016030704,5.829648620834622,1,0,1
15.001056538645937,71.55593333995225,33.423262758444885,18.557741909473293,0,0,0
34.078416076934445,50.45846246019357,32.06400374930228,18.669823400712247,0,0,0
31.28417534109326,77.23723768312445,7.221154313224925,6.220069726042363,0,0,0
33.07963393178571,79.20141511329624,31.67444759188544,16.718619856414335,0,0,0
15.312865906148684,94.19618271473482,20.24328121087997,8.836906465141913,0,0,0
33.677175915714784,69.7715723940977,23.237189214973252,13.08689498273189,0,0,0
31.195770573762093,54.925295826378104,40.071520312265854,6.688877517421801,0,0,0
31.74438285917397,77.60198869567287,16.62496863398192,10.3194519254197,1,0,0
16.86574769443937,93.865670081655,7.349952358167688,5.87558893100653,0,0,0
29.77556057837195,49.74676495480017,43.672656678317026,1.2222872471292545,0,0,0
34.19833379284182,57.929885519458146,10.6065287933169,2.787563723830777,0,0,0
28.570946828363212,69.80345245749746,14.701493527732135,5.813489889464744,0,0,1
26.41122809249213,49.361804918510266,35.32950294513112,19.525075679522597,0,0,0
33.912593554979935,41.22213517359661,34.17751585288036,19.313443004999833,0,0,0
23.858742434688722,58.534071734268785,40.02000106419143,16.553266849690623,0,0,0
26.985871326209576,87.59539408255819,9.193332072397054,4.650121021921738,0,0,1
24.526765869887324,42.39076196280431,17.613994665710166,8.832042810836452,0,0,0
33.65692442720598,63.59109824593046,6.294161947813054,8.795656769814087,0,0,0
16.521694535310147,81.92104251093454,27.05195735843021,7.7394648963636765,0,0,0
25.022394016506965,92.42504283009869,14.62852962693506,0.8976061017949122,1,0,1
28.739048827708764,94.20114694524378,34.44678205042814,10.690547484486356,0,0,1
30.83813076844474,63.20831593348079,0.017218399227053593,1.4562398424972178,0,0,0
26.660372948882728,92.27113619085146,2.9841499229789625,16.038373614358875,0,0,0
33.178354882429076,41.94804353044751,21.62801502596717,13.82614285689563,0,0,0
33.83982893767744,81.0254315899206,47.909207798778425,7.054740132870694,0,0,0
16.28638446387167,75.35103190484871,44.542569367959146,12.942727644249263,0,0,0
23.047410790827488,53.72370216723838,49.70045140309916,4.660740131181962,0,0,0
15.46918043442309,67.90251753738069,20.841511243202245,5.305001299132648,0,0,0
21.58833314748886,47.12545557682726,2.3284243136875773,6.282670338508098,0,0,0
25.73736435941204,87.93784330233586,15.29780710098812,15.940231998706595,1,0,1
33.21589861019898,59.68439470501063,33.788542608697576,4.21382693692169,0,0,0
31.931086449308058,74.4324458756144,6.758190488370763,11.255624549720771,0,0,0
17.549994533439715,48.732695745799425,14.998608938000052,4.0093422884297,0,0,0
16.860607494817913,51.33906645471639,2.808308227242934,5.700748501248299,0,0,0
26.78534677513334,94.55760039417336,23.748351919511713,4.709625859729827,1,0,1
25.642359449175654,81.41975169427312,10.446033884754396,12.900093421465717,1,0,1
20.327552828600478,92.90845283757389,4.562401344950118,10.534578889115608,0,0,0
32.9890616910767,56.27181408666243,20.56079047412395,14.425982918111067,0,0,0
33.54732818923107,49.05095821409012,17.561270218707747,4.3988687466597165,0,0,0
23.052228766803253,67.6687654913357,26.875886847274614,0.18297071452074487,0,0,1
32.806051142270405,67.20675552250388,37.45193276568195,13.610191342606697,0,0,0
22.678977885259453,49.62205825668933,5.628436821325261,2.297079169901519,0,0,0
29.736336636594004,80.32707632697756,39.556279510500424,4.926104488479122,0,0,1
24.51884435095448,59.89776439413038,1.3144989937590057,6.113723049224453,0,0,0
17.45166313014366,50.25008770117845,22.15509512479239,14.93604184581736,0,0,0
33.55868402474043,58.25908669988086,29.3715143442941,12.517836213148543,0,0,0
24.081931867550733,71.00122847992583,47.849933656989876,3.6853087305165766,0,0,1
29.68974080644807,79.95590126992437,28.696151343482484,11.957756212394834,1,0,1
22.343476288625844,66.50399873316165,7.937459663569429,14.162959902212238,0,0,1
15.377617571524693,68.90772444056054,25.877090267195456,7.777944055803429,0,0,0
17.010607173836718,47.642026476851164,19.78919735957081,4.91905828055704,0,0,0
24.924389589798487,90.30800085895277,23.967778380012184,13.579655458295786,0,0,1
28.79928714252725,91.07983088956244,9.854850732954363,12.217824002829945,0,0,1
21.69470653158558,77.5884624729902,25.04135211556359,1.5582431694164023,0,0,1
28.909769183553006,40.96972749137136,7.501988214543842,13.333592804675085,0,1,0
28.97271178863912,69.53908187468294,37.2021540345435,9.770358656705973,0,0,1
29.078718146556618,74.60704346487375,29.695313011279893,15.067379139554548,1,0,1
24.850437080410167,94.70598226269605,3.9263845795891648,3.8143508375965363,0,0,0
33.297723002430075,94.78368253571382,44.48072339644899,5.164328358027528,0,0,0
24.783930359612313,87.16861794290566,30.818980230781918,10.866254781950424,0,0,1
24.005303869932764,43.51070456143624,15.805352756391573,9.634670557843982,0,0,0
18.98761638021254,92.43020149283015,2.2821199763655153,7.727307421129932,0,0,0
21.15310174712673,73.69636859335995,31.61133478858165,14.920666288595775,0,0,1
15.846689850366067,84.04877237635486,18.67201306741684,11.295031272565648,0,0,0
27.670705872323403,62.395606732721944,45.38090524392438,14.205437077882372,0,0,1
19.970714878541855,57.581820917902434,1.7438916357087275,3.0650992463823146,0,0,0
21.083105089709303,65.47842800160944,1.9551217671121668,14.579765902910744,0,0,0
30.416290433286424,48.07809821328548,47.46496434534677,9.230562162005837,0,0,0
21.544423663229075,59.638637631431834,48.243697283975315,0.6753587136917405,0,0,0
19.843917840262844,87.16896248725533,1.38711133863193,4.6898310799299825,0,0,0
18.381154982674115,42.08727674434848,35.801661747066376,0.5151278348115595,0,0,0
30.497168043639117,48.298292575353244,11.074742616442023,9.137490439820874,0,0,0
17.594125159800537,46.88138878072171,35.069638314303624,6.517595211101708,0,0,0
24.07507520500707,62.16915484851255,43.43663983289918,19.748991198265028,0,0,1
25.13860232154389,94.83427954899739,5.04157394311377,17.370082339137262,0,0,1
28.747798253714294,49.53468616162605,11.9383208381021,16.513417206862986,0,0,0
27.665669646659907,48.00154572795931,1.2038834163247414,10.02233098062491,0,0,0
31.214413458903497,90.3280651376885,2.19149227222204,16.141749987015338,0,0,0
15.895028678524763,88.51277843312812,1.4808929108887092,5.337392949255104,0,0,0
20.928814495587943,41.773220349810494,40.03411782132073,11.212989356930498,0,0,0
20.602682375507595,81.34382780986232,14.914633921538833,7.858361226388199,0,0,1
17.920338111842163,76.05061358120363,24.660571978599457,3.426838230454594,0,0,0
20.783565077128863,82.22574454189899,39.39221317985081,1.4522686273680807,0,0,1
21.19530628285807,67.19763501377571,24.747183135335902,11.164367659432298,0,0,1
25.437689238549567,94.52585701465625,21.459803131229805,1.952782697604123,1,0,1
28.27408957852512,42.41158602910298,0.5786603244729405,14.360061933719647,0,1,0
22.62201027223628,52.89043725220932,28.401975126837808,18.429369574523115,0,0,0
29.389404626267623,61.81002928354883,6.237153906854321,3.2421221942312184,0,0,1
21.7233067715916,64.73778678611367,38.23241203955131,9.418771570204566,0,0,1
20.805673546295207,90.67520714847353,12.886886190750978,14.775491861196503,0,0,1
25.823761117140485,70.80024002424923,33.70937054043275,5.7367932206605365,0,0,1
15.474327206115813,42.481104753621665,32.31117639123397,18.415290392658747,0,0,0
16.595782472680007,62.4324629884114,30.833780146501006,17.769311177398215,0,0,0
23.35939087173054,62.90697268029885,13.347600376859631,2.075087114593559,0,0,1
33.85825422783513,93.10200161407816,13.354488858778407,0.5479954306368029,1,0,0
29.43023559686847,72.95584000616094,43.152402172066495,19.529169659588035,0,0,1
16.762531390011155,74.96080891374163,0.6403666315213496,19.129500495422622,0,0,0
31.926360255617475,79.2289167188199,9.076131672697896,8.445712089319263,0,0,0
29.64601541216362,82.35216236251678,30.508545882099252,1.0112664821194484,0,0,1
27.218930514053064,74.9278088611369,40.85231272015849,12.377511054920557,0,0,1
31.405859212183547,53.04568931236645,17.91727543364293,5.868202147773125,0,0,0
23.082196954859143,88.07252528876404,32.67217293054001,18.734459738011083,0,0,1
19.430021017077053,80.26658902258467,27.857820981011816,15.893238501086069,0,0,0
25.240467782175187,80.80287668033257,3.22700522410177,12.99187568266887,0,0,0
25.976835111869477,94.81062065791122,31.087509846533905,5.690076950270571,0,0,1
25.766527440198242,84.13895941748237,40.695173613624675,14.02537158883435,0,0,1
26.301475829602104,85.60332717353343,49.62241601497047,5.783365335184081,0,0,1
33.974098364783615,92.32730336405871,1.482003632586143,0.7526196830375209,0,0,0
33.044912461924625,48.31236999168917,33.0029086291934,10.168691752405481,0,0,0
32.51434073117879,67.37500570629373,20.727477657398108,9.773690895773818,0,0,0
31.028336218172544,71.93118629749333,0.48939443531026416,15.260119460524669,0,0,0
33.8685621453057,58.11016510723517,30.71804718542557,17.31347764708889,0,0,0
16.969892833588066,86.1671839141978,6.121364927781775,7.089369773885242,0,0,0
20.30246522891479,81.93307919051479,18.92834250945683,8.989460204073419,0,0,1
24.901118913091697,79.64856909794682,13.068354624420115,9.408008392890563,0,0,1
31.930689862468103,94.84321918669917,18.058170113554965,6.4844816874475875,1,0,0
25.10331423045465,54.26597553746148,24.63477907504748,14.867738472503806,0,0,0
29.960694786831773,80.45014884214817,17.960476624475724,10.442023704125988,1,0,1
17.779198104978324,70.32724611982454,27.63659352947696,18.279115487772795,0,0,0
20.048276259531203,57.21440503716319,11.932484511642688,13.00621543791172,0,0,0
29.635521900753446,48.83227788977192,31.76808837141908,4.237931177879448,0,0,0
18.29468017775448,89.2736110387151,42.68815020624267,3.2961729749407276,0,0,0
22.027118693098537,72.7500515489315,11.20335234576062,7.447686758325842,0,0,1
20.297325156271427,85.37136107024371,25.393860792781126,6.9385308051394645,0,0,1
21.99723388444957,69.99397412008497,32.43448922749443,8.142636497250205,0,0,1
29.166480981559406,52.098739435971076,28.231306560670806,3.671821406088842,0,0,0
22.356943622856022,58.56518472051789,18.282472309611297,19.564453400529786,0,0,0
26.105266452158805,60.98463633604506,32.109985400287414,2.9141954573745776,0,0,1
16.998637541088193,93.51141468770362,1.4123103105038115,13.05297548448642,0,0,0
31.100353864692558,40.30983031097604,18.49531159982165,0.2613847012917958,0,0,0
22.397772512962497,94.2116312663479,26.630610732050158,8.139220766380262,0,0,1
27.97068318066685,93.92538993104068,1.0306579417932338,6.183667981900727,0,0,0
29.507792033236655,94.78829347915752,25.38244148421499,7.6404927547883705,1,0,1
19.193218442234006,66.2123498405799,32.71272303828142,9.961546895462272,0,0,0
32.693499699067,93.00949332915498,37.96038488565225,12.007500030486355,0,0,0
27.32448503213906,61.757955001740505,5.66870407047152,11.670226895886,0,0,1
23.57450283502963,41.44619423676127,49.52824374458474,12.61427340242226,0,0,0
18.646703671564392,52.33909525044705,30.308385066754777,16.89095365107581,0,0,0
33.84601875802413,91.99129347155616,18.159689630616498,17.734343112293026,1,0,0
30.1013640826325,40.757058133446996,12.45464272283569,14.745006011215951,0,0,0
19.160491254664976,70.02967744826363,28.64484308417073,1.5788448584880799,0,0,0
21.75421549448449,44.158087389207346,44.08558235832854,19.22584783019869,0,0,0
31.193485161761465,55.75181181351682,26.028269807068238,18.947961726940925,0,0,0
28.913553264306778,44.84510678915377,33.07360278024801,14.234075890907075,0,0,0
30.315685854314488,87.2740741612181,17.88482197702801,10.348781428038476,1,0,0
23.824022044258648,72.50888903062382,19.40761440444863,5.012367166717844,0,0,1
29.32952525284334,89.61585561450721,14.308755288594599,15.12702278997752,1,0,1
22.729874457278274,77.85942597471256,35.28186471841199,17.557203574325783,0,0,1
19.22525833876393,93.40660221848049,17.959377670828253,13.303752017798757,0,0,0
27.6535406968272,68.04327101182236,9.535820202061963,12.581452657235415,0,0,1
34.52027851197589,75.12908199695809,18.470028558311895,3.860094091411723,1,0,0
21.21201942790659,71.6969850938981,42.691360391637815,7.155930457883793,0,0,1
24.219391844250794,66.6343236195637,36.91260217884617,14.462724440650243,0,0,1
28.48002742139707,86.52776509826569,16.732042223178194,0.3379747770244679,1,0,1
25.830125642449758,75.4488824618698,45.34044824183512,12.825285543777722,0,0,1
31.868555914180984,84.07217456705101,3.741631755873348,15.333406020204961,0,0,0
30.234854129390317,83.25001651313272,2.487689570682161,6.694089725415633,0,0,0
16.16594407724714,50.507483836041246,6.373517739262064,1.523355384015781,0,0,0
34.96842467847548,75.7589942884704,5.822737792930155,16.38238757767997,0,0,0
30.048049074389347,50.980641054973376,4.391715750617026,2.836736589700455,0,0,0
32.278066325882264,72.0826263034074,33.06713059989962,7.416022119395471,0,0,0
28.023954241906928,77.25890764454653,30.042118982771193,14.1450821013556,0,0,1
32.125702560935245,94.84792893731728,32.380275529085736,16.33971975302867,0,0,0
17.247659498574187,41.67980879823561,34.4183027081015,17.247638369770318,0,0,0
21.954756711186313,45.018331676254654,37.84398762403399,10.60834383222231,0,0,0
32.52841887208986,44.236468300417734,10.358846374320517,9.517433929117312,0,0,0
19.033104225337844,61.9098707446707,31.11517566173999,16.966345540360596,0,0,0
16.564841971600455,85.18735988171976,29.002432966818663,11.261541900949423,0,0,0
30.76237879890438,86.42309830329246,47.183001290173685,11.573014568304622,0,0,0
31.709723112865923,80.53387776466334,11.618386211982429,8.679467359876014,1,0,0
18.25304436379801,89.32830330064712,2.93614671871657,7.4562794384207915,0,0,0
32.08691965565431,57.75729692931989,32.67475348572716,9.610817145796581,0,0,0
28.735355911943394,44.848505433876454,37.00864201183559,7.296949873922545,0,0,0
25.40165366433168,43.19841653944176,14.159800290377532,6.8709289993847715,0,0,0
31.6050038556277,86.86729957906624,28.542421546983448,19.873286840157878,1,0,0
23.384984986379315,80.17399618945302,2.976803276707529,6.724269881436962,0,0,0
18.879879124467944,78.42384183061165,48.00224205841445,5.127674950653343,0,0,0
20.697053532212273,58.68219862001179,5.496248664958431,7.0784817968525315,0,0,0
25.103280365866297,60.89478537400244,3.378526807599785,11.815626812722122,0,0,0
25.626615853463512,92.69624408946257,2.2055079747309527,18.2198097324633,0,0,0
31.111616528824673,43.50926092538643,21.363595325167633,15.757285003955221,0,0,0
30.827054473046687,82.55524553157859,4.857987172859501,16.84482278151403,0,0,0
26.6273311440915,57.029832803961625,37.232412047778766,17.180172213677153,0,0,0
30.615709667309527,42.148004012690585,44.943708031320284,18.410567928937347,0,0,0
18.83546916587342,80.84135609083509,13.010946616242853,4.701424658177597,0,0,0
16.001290541865888,58.2001537123106,31.438655962569946,9.167320620748711,0,0,0
32.472676452694,79.71811353085381,2.1169223505908885,7.70395333152893,0,0,0
16.51108987525539,78.92099107149662,19.32822358463977,7.637539892270009,0,0,0
19.933768594879947,69.41327814882133,14.647105671386418,13.045673034043697,0,0,0
28.906378992487692,82.75552210658019,11.430954822017942,8.036061206354868,1,0,1
23.188958752546185,71.95710782941839,32.23617448143495,12.326606118344074,0,0,1
32.52627939831018,55.76502690665434,6.511397317926814,7.645587274556156,0,0,0
20.959595893245393,80.37634155854305,43.03552616484942,6.22256365448846,0,0,1
15.237426933387185,72.4026898732748,33.241795318436736,7.061543568863615,0,0,0
21.01311281121488,40.70000049294563,35.536758934402904,16.075141120275195,0,0,0
26.561500983696632,89.590429777367,46.76721543288341,12.02102072457782,0,0,1
22.518767508065867,70.01039900783724,47.11864357512574,19.47995466033229,0,0,1
25.697455115175103,87.77449960137425,27.58261619096179,16.653124527594652,1,0,1
32.53196237670038,88.55052614402345,24.768990864299024,9.715612166680822,1,0,0
33.249701084607366,64.47316612042987,16.769080411345506,4.847526701881517,0,0,0
20.31948129308224,67.9212998048177,35.77858051012341,13.478182229102904,0,0,1
24.242809465398015,62.866491322158105,26.910444348990648,14.532920546238714,0,0,1
25.982880304829024,64.7190226419425,46.64375398700623,9.28351959583918,0,0,1
33.98224913776494,89.23309374344504,11.931297435630267,4.598442648213814,1,0,0
34.97234638328769,83.3479207682351,15.512634312524536,11.144766357265304,1,0,0
19.708144976830532,46.95891219735679,15.804522370998436,5.076585047188933,0,0,0
29.53959742691631,73.56692798470527,40.29992272783535,18.799966352608752,0,0,1
22.560621244663903,94.77486522124883,4.952016592107617,12.57768496067439,0,0,0
15.162163937724264,72.75528856778672,22.782456049448985,5.838619233384296,0,0,0
15.185050448718048,83.2229394076208,21.379036848652365,4.314613766690492,0,0,0
24.211320151245115,82.29838103596441,3.6569810506879294,14.334465667702418,0,0,0
24.76669826008669,59.26746392297807,20.539849927217357,14.155865604835059,0,0,0
15.451393931468854,60.45171164871774,25.668899164199065,11.942644630171497,0,0,0
28.73854833548605,79.82420319847218,3.255234625245662,12.286020503584428,0,0,0
20.880067771899064,67.49909423826594,25.493106422233367,12.07738005651246,0,0,1
26.197862030718987,71.38138900217135,47.96189523417006,7.202068936210344,0,0,1
21.018381463308376,79.20981847006607,48.945716158076614,18.748288200149467,0,0,1
18.342686297386145,82.76662648714776,26.58398892949056,9.585569285258355,0,0,0
23.143474771977505,54.93341177531892,25.75484663014795,0.40655800291179656,0,0,0
19.645467295810015,48.073656769032965,14.275408320819572,6.967226847766508,0,0,0
25.69601953838336,56.04870556980489,49.85577358560508,2.6056515729519902,0,0,0
18.9765706057296,67.91460788006415,13.711458551261302,7.267675820957669,0,0,0
25.16811953289254,58.81777245133715,22.64506502199782,12.165249700714654,0,0,0
18.14757029737735,71.25995173661767,0.1467028901338263,0.4532894904384821,0,0,0
28.4194941897157,42.94061482690957,17.461614545456843,17.40401062455737,0,0,0
30.07875368882848,68.0362726387572,3.572015030441195,12.20618236936351,0,0,0
17.207884684998675,60.239169881573936,37.191238519256615,5.907437525179895,0,0,0
24.356048240746784,69.40667151910853,28.050722651496613,6.224103478485632,0,0,1
16.41743401309747,63.23933451867372,28.608593864382826,9.313363530323016,0,0,0
26.96364891084005,55.632421785064835,14.32556429498515,4.961836120035869,0,0,0
20.28808595859291,89.72593480016997,40.74481451264868,0.08683855521892436,0,0,1
25.552489136774156,50.16207436317463,0.1635462665625087,0.531148963585264,0,0,0
25.349220187685823,77.47510665693079,16.680058958209603,7.154813439440398,1,0,1
33.48708692387601,90.85545919203278,32.97487452294339,2.4844335321721656,0,0,0
25.981664451374456,69.62684778269882,45.39612687084605,0.44727349294163776,0,0,1
26.659969594366313,88.20246687187151,11.730797846261654,17.185385400696806,1,0,1
23.033062515287604,46.86683131383064,27.055002586370904,5.482746272857064,0,0,0
33.981592063656336,67.15838236410245,26.899571026666052,10.062451543336024,0,0,0
30.54371818879219,65.13639042645167,43.70871845218499,3.588181683832463,0,0,0
20.70810580605683,40.44653438703472,2.525844477992117,0.9344994448752453,0,0,0
31.88419171552464,64.3791537747634,21.223778053535362,14.897325989771629,0,0,0
23.647927203701798,60.29663660104288,9.123283739596577,2.499137092935668,0,0,1
31.57334287067188,76.83893002760385,1.0766300149299024,0.514338048073173,0,0,0
31.45776136587004,91.60813782170851,7.351547026024141,11.744606565268196,0,0,0
18.77740373525709,44.718509854412005,48.823533642409956,0.2693514484289916,0,0,0
29.022822627671538,58.011201269304266,10.742425476013395,8.72571889620643,0,0,0
20.812859386130622,64.42356055668385,46.75153866679,5.776720969556324,0,0,1
20.949853399853364,65.03519579189108,10.262717131547083,6.388359698755057,0,0,1
20.926961537611614,82.61453464632396,46.56476136922422,0.07798086228059553,0,0,1
29.511364951198964,64.38676162083925,32.73104676001572,19.286921607655906,0,0,1
19.596520835850722,41.493871579950934,5.660928875096339,10.339262049670758,0,0,0
15.018116704921805,79.05572520260571,29.095757756328887,11.450242660833677,0,0,0
29.30473706965266,88.66563323301193,15.925701877013932,13.32244969824056,1,0,1
18.423694876702505,68.26475919023201,19.15765779890351,15.950435820995338,0,0,0
17.089647906156692,71.9609686934178,22.008547891748652,12.158182326183516,0,0,0
19.750322411881204,48.96150414329753,21.135351126516728,15.243962109866178,0,0,0
22.59801044645408,52.135526957342634,33.205444524151446,8.974705887257512,0,0,0
24.518126549464014,52.934363151853645,38.41840342953816,7.425502808089766,0,0,0
15.891400814252616,63.69080861847124,16.458884460056066,16.4626781496437,0,0,0
34.411466652547205,91.04798714926031,46.21819808428449,17.30621048346926,0,0,0
29.321261068391163,68.69816216931873,46.923315700943824,2.7561333957386758,0,0,1
21.463881306486723,50.56537048607439,2.03452185755717,10.853203739201223,0,0,0
21.373945145707946,54.63482547279223,0.7454394441509249,13.672848609723188,0,0,0
23.97085098736919,61.12082663499513,21.25331650755305,1.6719747326393364,0,0,1
27.52489645526066,74.27924366310397,29.532262549382928,18.59193633485503,1,0,1
17.927461331779355,64.2018234152203,13.89523737260308,10.402195454342616,0,0,0
18.778596275299048,61.58446642973087,12.970687554288718,12.909148346335044,0,0,0
32.18869165667102,71.0600730219447,33.91669148545953,3.5648549618070735,0,0,0
20.12509847778145,53.3009247224956,30.08521423277849,5.288693799108546,0,0,0
22.60389995950355,44.33967999215202,8.357343749655483,2.420024333624047,0,0,0
32.425437019002345,41.34278731522222,44.22504816325794,5.279974437077777,0,0,0
28.26295658799645,53.81925399069199,33.99880350805349,9.847935305835975,0,0,0
21.834237586833765,45.03756187794578,18.128812458450415,16.672591989145925,0,0,0
28.673990914492414,58.49873511864217,34.1812344995575,10.67446830040727,0,0,0
15.393664307628274,82.51134471978656,5.632654338390797,4.889271964621922,0,0,0
29.712853200227304,79.3961881767761,23.412806228702802,0.8924214978145595,1,0,1
24.74032081032479,73.60101925334158,8.449220477977965,12.43939671814009,0,0,1
31.263642945689224,86.88751341337132,2.071562306421831,8.403197947332961,0,0,0
34.09275304012937,55.513719349935215,16.916313514414988,19.6870773363414,0,0,0
33.515770989891365,88.67795641664812,7.536774174039163,15.595197708233858,0,0,0
33.18530086910681,61.95815433180485,31.675897847691235,16.16725638546739,0,0,0
25.243399118677743,62.049132504664456,33.70339470088551,0.2447004576079359,0,0,1
22.20284228277876,62.294338749403686,7.434615311330167,15.555906658081142,0,0,1
24.300706494613458,45.39519014325398,1.2306502801713137,3.8922662135098562,0,0,0
28.797920066267217,93.65197740820807,39.64052808175802,11.715917445766117,0,0,1
32.67995553742374,47.617872780383756,0.10285103642811433,8.948431446314373,0,1,0
19.139726060002392,58.748714845805154,17.195654459189434,11.432077011553599,0,0,0
33.363863169234065,57.561517617971646,24.72916490228349,2.668870588459924,0,0,0
31.303604639397783,44.107368804919034,40.93210942692164,9.137833628222927,0,0,0
34.57712030356469,48.374307156153215,41.92793213730703,0.7388937190332623,0,0,0
32.60503546563375,42.46720849019622,36.24697203052277,0.819986963192616,0,0,0
20.598746593838133,56.08224714582824,12.359881126994892,13.154762615481397,0,0,0
17.119118226880953,87.66613082158986,36.00934671595854,19.0339674694436,0,0,0
17.24482143983177,58.66932131555615,12.326959893847084,15.547858374095663,0,0,0
20.82446637156552,46.803050763705855,10.730409586585083,9.38311561141954,0,0,0
27.283674479690784,75.5131627611155,27.35639771152662,1.1174148018474583,1,0,1
31.086406521943452,94.81305016302008,33.942722191703126,0.9004029891420839,0,0,0
32.985006139631295,52.777808424256015,2.65258829558403,3.157845222161162,0,0,0
27.475067687384655,55.37640529538132,3.001130056230422,19.51621007868053,0,0,0
15.112626254961075,93.45158798544337,39.20853434083949,7.973221328823263,0,0,0
18.72633553037067,49.83269581527679,42.97486254827399,16.8681458374529,0,0,0
16.99452407706736,68.11677371025401,30.2220458170947,14.10284877897194,0,0,0
22.2664895113802,53.18086731588522,21.441400485344296,12.108573184321326,0,0,0
25.02701987267492,91.27935438456842,42.26582397995929,18.956522233074832,0,0,1
15.867943571571217,93.98365580169617,36.44085163876651,4.608231412380439,0,0,0
21.969559515913105,84.80838153660085,28.97970992156343,9.097793249383074,0,0,1
18.583593492506452,57.313109869704576,15.987856097438168,17.294459313491906,0,0,0
27.94140332517748,62.191811140427774,9.899753082840812,11.035226152844874,0,0,1
24.2854473864868,53.326812601653174,20.933651963575784,4.928902792522221,0,0,0
24.906352938678175,88.99168818549452,14.341128798010578,4.178328336845536,0,0,1
23.553835760669223,90.30070527284869,16.962929386723047,15.05762002084602,0,0,1
34.120394209731344,63.0378864235326,25.781552765601624,0.2557778850417747,0,0,0
19.294702502431264,76.1093188446651,8.454697847580489,18.28384154805766,0,0,0
25.333285196877487,49.105424887608166,40.308834003691274,0.3683597623040602,0,0,0
29.72034736730672,63.9214745199875,7.276473085738372,12.619780937614083,0,0,1
26.13688826269125,74.73245086704236,24.04968197104762,12.094959228840146,1,0,1
33.58041771433602,61.197171518491075,37.29856690402183,11.568223021095621,0,0,0
22.559367112825683,59.6679739127553,24.251035384479813,9.48686101733511,0,0,0
24.27351611546356,40.05494457468185,18.051103179431937,17.04860665377222,0,0,0
16.77044630429457,84.23614050774128,23.744565291137548,13.186657405809685,0,0,0
27.17998222103857,88.91356866117965,42.43353494370702,15.63724562998787,0,0,1
20.764239368962123,93.32049412502076,49.52158491419788,2.3104361195837964,0,0,1
18.20618079031138,79.55992617880685,31.557164464471775,0.9979727491488477,0,0,0
25.89062585809016,70.18357718034365,39.67220213243504,0.570570178595573,0,0,1
25.646205267598212,54.810648589479015,0.7244343079644333,2.944119709471855,0,0,0
16.517432824480952,94.96147117799242,44.018220476228635,13.340157805088316,0,0,0
28.964309069889456,72.43640699926581,47.70248799639591,9.880435114823417,0,0,1
27.47544381301706,77.46347397817453,28.758467087878525,15.045045123241419,1,0,1
18.780345654929945,77.53233890754248,37.69024310301099,3.8346067348421498,0,0,0
24.388697243080877,86.48884876664498,25.637237148003745,7.339260839409231,0,0,1
29.4064583295712,40.531989636580555,14.310187022779486,17.769950970990898,0,0,0
25.58871481082553,52.11358172372545,42.612398599150644,18.714290920570665,0,0,0
22.909781523671406,76.60437000935076,29.84183559979709,18.434583099783435,0,0,1
21.446769161618874,89.23301552535122,28.96915418957035,16.36610088401525,0,0,1
27.207877332881072,77.6936330056746,32.95661019206032,13.764717571957839,0,0,1
33.78217396620481,62.74202103215241,42.80015829144242,18.273557880549273,0,0,0
28.43489680954967,59.88555227286439,36.595306288548215,14.28363183665278,0,0,0
16.49491807272631,80.58714045558261,10.556209710787263,19.078724974509875,0,0,0
24.213699469642677,80.76807334254565,23.341177220365978,0.4957666407377692,0,0,1
32.81648263021255,73.38818958781297,49.01491659931031,18.43284171789154,0,0,0
16.889248516021738,56.03068632535354,27.728035688138732,11.114810722787496,0,0,0
34.77751424275087,90.8835150114799,46.91226767353993,2.235955036409165,0,0,0
33.98138787290843,70.35339681652515,40.668474315652794,4.298225394745893,0,0,0
16.565489614597517,83.47707959365817,33.301172090437944,17.043185678298272,0,0,0
33.6682664089911,51.78695441890074,17.468260132987762,10.12233909693032,0,0,0
22.262651805189243,58.92224337381003,15.21596737627195,19.65635446990473,0,0,0
31.89418334151725,88.10187340130383,32.1710532648794,2.3506221900994206,0,0,0
23.36766675426543,42.755886646698265,21.62806204232054,8.250069278002583,0,0,0
23.81710225405032,68.17734211911642,39.937681140836354,6.637488861615202,0,0,1
27.684861819550854,66.4938013914205,38.022836977009796,10.322708721298435,0,0,1
30.48954838551967,81.3176603899445,15.606524336925714,12.66875637739437,1,0,0
15.675783018964973,55.504157382963285,35.1364391530881,13.23258938763309,0,0,0
26.863119910542686,52.04867520227797,24.727509504859203,0.025917598235560835,0,0,0
18.73465988194742,90.93730613252785,16.164605040699854,1.7792086756313585,0,0,0
21.918990357264057,71.44403085771556,20.648329638232,0.7012766731190379,0,0,1
21.95937332310433,45.757926255601,44.7675933606131,17.291982927965545,0,0,0
24.381206804423073,50.61698892178766,17.975884606127025,6.265845063193112,0,0,0
21.682728237523467,94.93543327328365,14.369963665972902,7.341268837527286,0,0,1
17.147222369013356,50.75849479387058,17.59036103550689,9.007424978933853,0,0,0
17.91257477050903,73.57615312445233,10.730921810434586,16.986087945071514,0,0,0
15.668759711221954,63.107044344759,27.231749369816434,0.28332521924269827,0,0,0
24.404981706575086,88.70795021674095,7.371821816126611,2.372365487597008,0,0,1
34.08895389705977,81.53427257624303,40.87218932184582,13.703262442818007,0,0,0
17.313504472962332,72.83232679439988,11.279012362281303,19.27785045415194,0,0,0
33.92528986006164,40.590643998889036,29.902751376982284,12.855728425940152,0,0,0
29.667230294641872,88.38873641214028,6.251274945994679,5.222469369350464,0,0,1
27.749976058683263,64.4567108961294,48.92265741071631,10.397288575732347,0,0,1
27.905555106471258,91.23677091602171,22.72877294468236,19.499609511628687,1,0,1
31.53455296792564,67.25464570698107,41.10856703794072,10.561530931355819,0,0,0
17.138397287596426,78.18234690504991,38.43239178249919,7.470152594564048,0,0,0
25.095086471310836,43.81109572066532,35.684652357283944,7.668511096774406,0,0,0
28.94182276521517,80.98334094397322,41.36824356023049,19.340670171834613,0,0,1
26.736408901471272,58.58978172215576,5.023180432985291,14.378330534634117,0,0,0
31.655581420465893,59.324745788247945,33.92485987359811,13.743457112440945,0,0,0
16.44543418022703,46.52607145901645,13.291361763689057,4.641086433814936,0,0,0
28.814020789983317,48.07714317521113,39.29358320332949,11.189692755271487,0,0,0
25.680554607694354,50.21674809134156,47.84343799239444,7.134903970446269,0,0,0
22.58321727959887,58.05133927142823,45.07447649213479,4.8040305170789965,0,0,0
21.805499644680616,89.0583452026583,5.7476111236833045,17.91104572028209,0,0,1
27.41665265548386,60.25431310265442,18.47762103364105,7.663116175252269,0,0,1
32.81990749288529,79.83994886097702,18.21613785987999,5.655743249427956,1,0,0
24.923518522022306,44.55111271394293,6.11481331797653,18.63440793216736,0,0,0
31.4944632815384,72.51043395995958,4.9063026673413725,3.946927929122508,0,0,0
23.04312763687935,66.50401771987417,19.244506748459084,14.910095694330455,0,0,1
17.04788925586353,93.78768708249774,49.60357752482557,13.054942889285254,0,0,0
16.230114729172772,86.54142734334296,28.447132553313757,18.40968856744571,0,0,0
16.02668742647355,65.01563748412573,31.08908143021281,16.640942751345563,0,0,0
22.603002839153397,82.63285202249364,23.550945500934116,14.105904358792829,0,0,1
21.74475501671684,50.61713077115776,33.11652761520114,6.291433213941913,0,0,0
29.35874047245139,70.9284980065478,47.83310403723848,9.911380225410984,0,0,1
29.856430031697315,44.10404805627895,29.43489768071959,18.889915226943597,0,0,0
16.017079376674797,59.14489677384257,3.2519229860596632,0.46405261162987044,0,0,0
19.4224652577803,52.422419989219364,24.64452845840993,15.88663647640078,0,0,0
20.485237003177993,79.5400398428866,49.637563662597564,5.036207009077587,0,0,1
25.952239682856188,66.95498801678988,19.370136029713166,3.700338865875834,0,0,1
17.890304478139004,81.30887633664058,29.694061860723608,4.644492288446392,0,0,0
17.678824388000006,68.34124906972951,5.33183817144085,1.195019829936943,0,0,0
33.87577778415916,44.75664431834012,7.0590249368283455,19.839596485723355,0,1,0
31.08405814595562,80.44522073528897,43.73407265769813,17.397382864502898,0,0,0
18.613098041823406,85.82760951932931,15.017231412580573,10.421119372644547,0,0,0
23.131356158109817,89.69421742520359,15.27256366772965,14.302063571141838,0,0,1
22.112439985151312,71.45955699186895,19.36064980011641,11.131907258470154,0,0,1
30.820081481308144,81.44719474497222,48.32393364522613,16.231578889016646,0,0,0
25.204258329562442,81.36243852854449,4.219524801843821,16.895303831140225,0,0,0
17.55699473986934,48.566236788941936,40.93820512756675,4.655808563064026,0,0,0
29.77984126312488,49.03213781027639,17.077893823299323,9.194955413004916,0,0,0
22.93775956449838,43.898702819501935,42.473401299273746,12.69695468379142,0,0,0
20.25848495264294,57.595249932716584,49.58778247522712,19.5688166121655,0,0,0
22.5099724404144,66.04297232575854,17.43337051058739,13.653787581923293,0,0,1
24.955131272137926,94.88438190148193,6.467818310617762,17.952700214883144,0,0,1
21.86231032834019,63.704633813749325,7.218774899146413,16.922241019741755,0,0,1
19.838115451835158,79.9433423679054,37.937044547459294,11.641261273571281,0,0,0
22.970040576079604,78.1368364449894,7.246077616906827,17.87310720123778,0,0,1
15.383458214997965,51.24650726378188,13.02107842673183,7.548434556504688,0,0,0
30.44995692192628,43.217893329719004,10.219917183103988,7.585670608966229,0,0,0
18.418897871351717,70.03037133434731,17.783928201549127,15.619312864853379,0,0,0
15.878092272612745,78.51680757729619,3.7183287574843735,2.6908733127002193,0,0,0
28.073973858101585,94.90384846024408,42.8371241203629,6.116504349168379,0,0,1
30.478722576473444,59.723607875464396,43.00731559004968,12.171449017466847,0,0,0
31.276582631856865,89.30005091446031,20.64664492413449,8.401311977338972,1,0,0
24.870183653212,61.006285072805255,30.604378451173766,18.81447419776457,0,0,1
19.107363693799705,77.9176439636782,32.097578545215235,19.170121392382732,0,0,0
29.744553544996535,72.90391117843785,37.46290576729644,10.051626176275782,0,0,1
28.994261543086743,42.91383363164283,26.034504377202556,10.781237807313627,0,0,0
19.925414682063465,44.31136348336422,25.5168022720843,14.492541836475423,0,0,0
33.068155117255856,41.14202493484535,31.565188866410544,9.14529850468347,0,0,0
17.08742916165658,60.39587465266942,35.152419783493876,3.801969358809536,0,0,0
34.65376479182652,81.01905768213058,17.334518851462587,14.939383372458614,1,0,0
32.20495621954929,49.50154666948975,16.518523663440753,14.755717787059965,0,0,0
28.757972909581504,73.32191326111428,13.485920204795459,4.8996220678355895,1,0,1
33.77499776559666,55.88552790170928,27.442327765637426,16.65833039562015,0,0,0
29.446223366474158,83.83459431884896,18.00778447778862,12.272983928403216,1,0,1
18.809139940600918,83.9117881951645,27.015663385381593,4.726032206307309,0,0,0
23.843122762256236,82.6477983231533,20.29923829134608,13.040782883374085,0,0,1
16.43006048663271,68.86584325907572,41.83670912763304,4.6721905258112155,0,0,0
22.793148445762306,55.65116905439184,3.6565119872730367,5.304659081600356,0,0,0
29.832060394744175,84.5194224133249,28.610529680233732,16.960186136063122,1,0,1
22.72886701861635,50.23553090665828,28.781187529359887,18.589831384796376,0,0,0
21.605883509362684,55.93677811157608,19.185865526934993,5.137653167164222,0,0,0
26.907114450206237,50.11712383883419,21.05104472815716,18.561020741703715,0,0,0
32.444090579977896,77.08155882132061,40.00656804414643,4.7759769300470705,0,0,0
15.951663850922248,77.74298154637,14.033685513016742,2.345347310851713,0,0,0
22.70940869399471,75.88804960327141,43.57018957130814,1.1644775614252234,0,0,1
18.164814836305254,62.85808067755673,44.817165206734664,4.842264816652666,0,0,0
28.907085014637392,45.509405396078826,32.5309652201098,7.704930813544706,0,0,0
17.1144912086227,90.11432714832617,38.64288568540492,18.550967602186095,0,0,0
28.29615517160489,67.9252030206731,30.64737641772442,4.843159994120574,0,0,1
20.723617415958145,62.38347072011003,26.26295568732958,7.309306899017867,0,0,1
18.978336274744493,72.38536912865612,48.33388771251148,14.683117494871441,0,0,0
33.72705115649971,50.60347397005082,14.132748211373208,6.041481759745631,0,0,0
15.370491534919118,47.29018285076809,7.707547332155606,13.68736303359161,0,0,0
23.75554543779138,62.30388718018689,14.374268157125764,8.641556384970048,0,0,1
15.432539849235877,52.49713817549508,30.731280418972258,3.9288990531834456,0,0,0
24.67186096208658,53.435966199544055,9.259171905057183,14.68117801938272,0,0,0
25.020947555888363,89.08813182781913,45.440702161315706,0.5407766671336822,0,0,1
21.433249427894943,69.19175474522036,20.551220033269637,5.846696501459578,0,0,1
17.643235550500474,66.59079853778431,42.49814391459218,7.123630783367574,0,0,0
22.527750754689507,77.92137765507286,12.461827226440835,9.16436509975272,0,0,1
28.44525879865132,92.33514625222068,15.658417754137377,13.597384639522787,1,0,1
30.647916172889182,46.17092104588102,2.961169858624829,9.188099883720737,0,1,0
25.615012047762846,85.84440119100915,12.888384609278697,11.886482245724325,1,0,1
26.796687888795113,72.12105489273152,24.51569094816507,11.915581568356346,1,0,1
19.012327422493055,48.039094459651054,47.306845886162115,7.4654329979201535,0,0,0
20.74660666455299,56.343212527894536,19.44514869457491,18.67942531509397,0,0,0
18.23791220104717,66.52987790556068,31.987193974167294,19.117076617528856,0,0,0
19.985907000092226,78.01474295175827,21.3855058734394,11.637017681889317,0,0,0
19.497735604510638,53.34338593243987,2.3395925383970617,1.4338176059086383,0,0,0
25.38897572782475,69.41833485071744,25.176631294835133,9.822551285118715,0,0,1
26.253775115814587,77.6569395078724,3.2956823351960427,3.6883865358801438,0,0,0
33.89894841643009,64.68074129661284,44.1849962298768,9.664290437458074,0,0,0
18.91141294203046,87.46642786160967,37.651848097545695,3.769663089970836,0,0,0
27.833514203229917,87.82025065622224,18.93257356261831,14.077104912977687,1,0,1
31.345185379750458,65.88801697022451,32.010933309564486,1.6085824013268502,0,0,0
26.204829275661048,93.51091407248947,5.601407765666605,19.06608152791848,0,0,1
20.100073050021514,44.157180082299604,35.12774934813254,3.9075177886670542,0,0,0
20.251004600400005,40.18493080776152,41.13662044957348,13.21312672098491,0,0,0
15.785061061419999,60.93675450921555,41.08728242691173,18.339247014589787,0,0,0
21.108884530969632,73.06033837548802,14.213877384532791,4.95772627968125,0,0,1
29.892073580067603,74.60600865973134,13.187309763841332,18.6859379807426,1,0,1
15.950355144142208,66.20451549616057,26.069884395133926,7.773493313205453,0,0,0
19.385905650096614,46.86858222823554,48.38860809649242,19.2106163450518,0,0,0
29.124649970635637,49.37736369833418,46.02614888030426,19.427277162690512,0,0,0
30.65303125645753,86.8681391118605,17.98192408779909,3.7615981013847954,1,0,0
24.106368201238567,87.73511224565937,38.99147530915221,16.621746738621088,0,0,1
28.96148676957298,77.06441958233961,46.06588820457287,3.8684202566710058,0,0,1
22.75904337309784,76.53198847533852,13.046323285880252,4.528812406621632,0,0,1
18.19826490048255,72.87251704152942,41.51478248014699,1.6825300804679655,0,0,0
22.96298987045813,51.16092371360935,13.394781345458828,3.130738929963559,0,0,0
26.599356404062856,63.55378851429468,17.164106294360533,12.644379364942157,0,0,1
33.96106563705781,78.27420583048583,9.941034542537707,8.98505460103573,0,0,0
16.375019041773548,69.54887496018362,25.353989953635676,15.818884743376703,0,0,0
25.147881876899213,41.02191837303045,42.16554471306206,6.639936296532443,0,0,0
21.57839556421449,92.44562436960541,26.402606871775614,19.372491346021178,0,0,1
25.16623388553389,86.46488289146788,6.172000484654877,0.9974508163874929,0,0,1
15.479508947530633,54.32997577603558,12.5887966113585,1.2587190880488297,0,0,0
21.260507094031627,73.90524143414629,28.143093364066946,14.02749797636272,0,0,1
31.3973629505401,90.77816610505033,29.15937277852801,17.750777699457196,1,0,0
26.07883467709275,45.28060566625083,28.84529517724349,15.910003832682989,0,0,0
24.01164985632235,67.66662144381854,3.8501746253107982,9.796341757338274,0,0,0
20.710501434306792,65.0933664215462,37.68479463173771,5.392827226100401,0,0,1
20.960850455827117,62.56127529059428,45.47140994945033,0.26903058609429875,0,0,1
22.66202867181169,85.95737348911086,25.525947386494995,10.189029078395514,0,0,1
31.71141419929121,60.93553806836015,35.94146433859314,9.512723946185531,0,0,0
34.344264136165364,43.50148332825542,45.70077460182756,6.884917989404798,0,0,0
23.77310762700749,43.62107581903663,32.13113774740079,11.5614557594497,0,0,0
22.867056774955238,42.350953358853495,33.71628622155256,14.576293947625466,0,0,0
31.931015516397256,62.50299820307205,36.07022066919773,14.017764724564849,0,0,0
23.538106412726073,79.5123452734098,13.025122572703257,5.26505683568431,0,0,1
26.040363445913023,51.20473540617835,29.133893735841372,11.706073772291862,0,0,0
19.618833291974887,75.55576862373522,42.108755727222814,2.975489571679968,0,0,0
29.870050715581506,77.78986596570373,14.808136513037534,2.432036877767092,1,0,1
25.63976636541564,54.036116820857885,44.85852497984301,15.717116725182358,0,0,0
31.18069100480683,73.03067108333461,31.0190974882816,13.874918041910718,0,0,0
30.614654600573395,77.6677587014766,21.158742571652812,15.358578012632574,1,0,0
19.300095365400573,65.66374925411691,31.15914807001465,3.0492454840844174,0,0,0
29.312711011155248,58.51941285040523,20.092995284453817,18.2923717874092,0,0,0
31.00108815902743,74.053335336588,41.90178009240873,2.662232264447175,0,0,0
21.9221448156479,93.78158980304313,24.115929003379854,17.400739363954575,0,0,1
18.45218225804549,63.476277515293795,45.06066798771683,7.047585826118626,0,0,0
15.052643111591763,61.545430295681655,25.490404042391322,2.108681860682786,0,0,0
24.018073061862964,65.53467963343624,33.01841948186936,5.735379211310518,0,0,1
22.04865463077683,44.192011639477656,49.887221050342525,3.6289602842776603,0,0,0
26.09819667650818,70.42398038192646,7.348292050427058,9.813394373834283,0,0,1
18.760821851775717,58.078356296949494,36.83645743667029,18.994906960795372,0,0,0
32.1933109533295,46.67821672821944,6.943611395796678,6.55742323165037,0,1,0
20.155104312562194,65.64412076145554,41.943318288219814,12.241979713642275,0,0,1
19.528592101753,40.186119261568756,29.82266905810058,17.834417514799274,0,0,0
24.614281129687118,62.098188483951745,46.90797803032296,12.60147859392464,0,0,1
24.977020474885485,45.815439735954776,43.29783009724342,7.2439828173952865,0,0,0
19.301704575701855,41.33609868698792,3.7436018734411713,19.816782543517583,0,0,0
20.437214534518315,85.34612754344761,6.865127083943046,3.748272028810673,0,0,1
18.3941047831049,90.39368418054491,30.05854643034126,10.46512029791016,0,0,0
29.369203566463334,51.42210565975087,25.91573199710374,15.934109974735946,0,0,0
30.40178062508164,69.66140451088437,8.428256530672229,0.012977391544486405,0,0,0
24.246569949185652,55.28769864220417,6.46796141358249,14.04086504284874,0,0,0
29.28174045370035,67.14675912697003,28.199539172080655,5.329977934118773,0,0,1
29.718707838748912,64.01472264917882,2.446077398749974,3.3945344538375433,0,0,0
17.765510553556172,54.79780802942671,43.68676514767195,5.483889267365829,0,0,0
34.32356049669073,78.52164687994137,40.35414599013102,19.33632851679568,0,0,0
31.42063894192862,46.95700276261398,39.26849858555447,17.83870518479371,0,0,0
19.08966922391647,42.91900301942519,0.7998573520370533,4.2750891292740505,0,0,0
18.723300714921404,82.22214881705035,2.3820471706368975,2.340535462368891,0,0,0
17.513222911591654,76.62615171713739,27.49195605753643,7.2830520902893525,0,0,0
17.76757125083837,67.41893682805188,49.721284444708886,11.846729602001469,0,0,0
29.963235980573923,65.72843737598978,17.115810048567585,17.342892571622414,0,0,1
24.393085139032472,67.35762587202845,17.218740820267197,19.321802500801553,0,0,1
30.658683454797345,64.036324185427,6.713898343099167,15.023067363461974,0,0,0
29.925097887004107,61.60907627071485,33.71679018697507,11.980144254033116,0,0,1
27.092254270104434,67.48298315873662,32.333834449700284,2.8466405226203384,0,0,1
28.72733213157359,69.06833441378683,5.066120818957954,1.4805675274662211,0,0,1
15.367114487582835,78.05462727459914,23.370614353417558,11.920537570584022,0,0,0
21.23555293610044,79.11639384037125,33.35374544109872,10.781282115338541,0,0,1
27.756443585188205,60.76959940770796,24.67580681609635,16.921762154682042,0,0,1
15.186899069724884,62.74472875089188,33.71817909323778,6.452117017102077,0,0,0
15.659538873651869,60.55334433549227,40.813519871574485,0.793817146996203,0,0,0
32.03775964940766,69.50946754941407,34.29077165608838,8.474165381820665,0,0,0
28.680497233841436,64.93444458528074,30.805711791526193,19.383646078754786,0,0,1
20.307394662406878,88.92780547249065,42.67951284722466,15.911498098730462,0,0,1
28.759256802374182,78.29986968040599,45.029428393489404,0.6754434728454628,0,0,1
30.849133382785265,89.42610110649451,19.444321858790207,17.49357807796351,1,0,0
21.135885662202025,79.0025345357684,8.662494386194297,9.433789792426348,0,0,1
15.720747549983749,93.40456816880977,40.89302020040253,7.295360636359116,0,0,0
33.65558249375469,74.96552280403981,10.687655364974159,6.934790816055831,1,0,0
21.90359676591261,92.99525759896801,46.44753348745429,11.902885060777288,0,0,1
17.129635265694127,48.699343972518434,1.1438972610951725,10.61198836881525,0,0,0
24.83713742786295,42.88627244561721,46.063559130965174,13.13254488336526,0,0,0
30.369355913282675,71.85188518621226,29.459149630603136,11.472829300800933,1,0,0
19.432946292351183,94.09212631898762,38.73710582564407,2.8788914968343704,0,0,0
20.38980100266727,62.968288601631826,19.924629353220226,5.1447201751663645,0,0,1
19.854299735971665,51.66238492061278,49.585814595444006,16.820591442036683,0,0,0
34.83346105663357,68.68477970564327,11.37757137831452,13.265170293912599,0,0,0
18.94807467461085,75.68392435183887,13.217183131908739,8.968012508294823,0,0,0
26.51040433932248,57.33482825337389,2.5716222018736468,3.652028636677307,0,0,0
33.505292833139286,79.31231471745927,47.02366815307191,0.15382071954623822,0,0,0
17.937931377555586,93.63129788751492,22.801465179933807,6.2377480637723615,0,0,0
34.41708395735401,89.33297169408394,33.74262073596746,1.0969391385333749,0,0,0
33.94954468791249,56.03719554317074,34.37203637314204,9.645682661749102,0,0,0
32.691439741165254,57.96980257295291,43.72510461413388,16.43602905516417,0,0,0
19.291130426600045,60.434767344727376,33.246262532320465,5.707973227645946,0,0,0
27.681101120219665,61.70040281165049,28.10105911520936,16.955083231100993,0,0,1
30.217829459224802,45.51757245563037,35.51592620955218,14.091287921731787,0,0,0
34.72055856392859,81.90795613891092,37.548539950156325,2.5052465870973073,0,0,0
18.60847644162741,60.09365949858852,9.296397312424098,12.891237825391666,0,0,0
30.32051799038593,88.39009871879986,5.48335194883765,3.033596146110864,0,0,0
21.776023398542257,90.98173427160597,3.7424425242781556,13.095818405498374,0,0,0
18.512529311360048,41.34372201192284,18.702674726126833,2.854289694562122,0,0,0
23.4275388242771,94.36766884605134,24.90001199188726,7.850227320311321,0,0,1
30.876718242972327,79.05125023251014,30.782494914493043,11.331885404763874,0,0,0
24.296996074081044,68.62157242961293,47.90172598448051,1.0074834284788348,0,0,1
25.75046200406097,61.42401846049043,16.539391010350315,3.0661668970905476,0,0,1
34.903188204002426,68.51849729353421,38.04370260386372,6.408176501044929,0,0,0
22.98218599114852,57.854359818814444,26.567880979744245,9.246401715437226,0,0,0
27.308015094184796,74.24782975331016,11.004496604345842,17.16974587842869,1,0,1
22.304884032307438,45.11391520446352,30.765271456437954,3.745461767079643,0,0,0
22.8557129265741,74.16174316014957,48.35880891448518,6.949419010050512,0,0,1
28.912815068908163,55.14396675761443,6.21541496256362,9.515524725603612,0,0,0
33.75773952189767,40.96991559787905,25.363988227461448,5.915571119787375,0,0,0
25.84717900984643,70.39881713895826,2.5804177075264114,12.514955574417417,0,0,0
30.367998578975595,71.8146265718983,16.060814944818112,5.132048695519402,1,0,0
16.784131176339276,63.46129525913448,31.030133879699562,15.447008422264867,0,0,0
19.22316074863854,43.975742790267425,42.05284680153773,10.103081897023667,0,0,0
25.04263281839065,89.13386240423054,36.51642108630355,1.726097669222204,0,0,1
15.400234472575496,73.62869439753389,23.142838910773694,12.539977904639152,0,0,0
20.057099575251176,46.36423147629333,45.461137855207326,11.384870075975147,0,0,0
25.34802579649932,68.10118171267811,15.135733251188533,6.771947084133454,0,0,1
15.299223965126014,67.34898737716593,37.699170511258316,0.22314156778042715,0,0,0
20.290925724520832,43.32210278361099,23.700451087383122,4.0140308434874505,0,0,0
25.28061638951739,73.3772836981621,44.931787733638785,8.11419057764705,0,0,1
26.46298495962491,84.45795194068604,39.87164108268801,3.9982806758659484,0,0,1
33.515033861106104,81.1954429836663,45.07348306535476,11.549822418793557,0,0,0
27.906912465012155,51.16331777903008,10.71239244710367,14.246497878525135,0,0,0
23.294716050599874,87.42608912548164,33.407521605810395,17.120353135016714,0,0,1
33.60702354266135,58.839819111264305,36.923170404082,12.939652373674974,0,0,0
30.697659667755886,92.05796080605677,37.120713264129684,13.780184425096254,0,0,0
19.00017842225495,43.946138032414254,25.200022523366876,12.16883730461049,0,0,0
17.616847226976397,66.74147786859135,0.562526117397627,19.709721152254073,0,0,0
28.51623271485466,72.84184074476521,13.071539193453747,5.220011381598164,1,0,1
26.197663311539678,53.62075541610326,16.165043750219056,5.325173610255167,0,0,0
30.793472275855116,82.42591037961253,42.60183086408807,2.526672828437193,0,0,0
29.77610100157373,74.47926238958944,42.04429085521102,9.713686517390647,0,0,1
27.5042306771503,40.99601905083755,5.234005201889164,1.9232340726184383,0,0,0
34.72764343257784,73.46027248829297,47.49179408856288,5.402931937962075,0,0,0
25.671794602208173,67.03130289301455,9.122874332574549,9.653618575427831,0,0,1
17.262115130034395,50.78160609369292,20.717972565046054,19.151912318600345,0,0,0
31.565471296319767,94.76615248827413,10.75784830553777,19.276259876803348,1,0,0
20.03706724691418,89.34392071551882,43.01662344146787,14.874804682731115,0,0,1
30.546042962878367,56.08792322659849,37.47010159296559,7.7850032315136986,0,0,0
34.14214192000102,69.7589006439239,17.676440344390198,17.303225467530922,0,0,0
28.935910279286823,57.407617695065994,34.093931301302774,17.509116038152804,0,0,0
26.92060321899602,82.6522663399843,9.218344208577117,18.203947615931046,0,0,1
24.20772351350081,91.16822882580503,19.11485461880008,12.800500964304259,0,0,1
22.288197319908065,59.7355733802911,18.85537941690541,4.035855912157609,0,0,0
22.060095019436723,84.3071337028995,11.896834086069891,1.8216154554136343,0,0,1
27.72745411419181,67.41241484922627,43.815602479144125,18.2955100808026,0,0,1
30.02546233875492,61.81182087213675,33.94228677395631,1.1109221624320598,0,0,0
28.570341389688288,91.61320186543233,13.996965528189964,5.917801188759897,1,0,1
18.968202023871253,68.07225787954673,12.106038031451865,9.739235340754743,0,0,0
24.879743602869823,65.70757751416056,0.8976735499619526,0.43953385746951623,0,0,0
30.83280144366126,76.98389210792887,17.32911268961773,18.138245173564876,1,0,0
24.514081563781126,54.36788105600564,26.33856416576591,5.7424198974447,0,0,0
25.73246559470988,57.86360789335737,13.88554709541882,0.5700959784115045,0,0,0
30.422720963416445,91.26252099312424,35.0229138214885,19.87179994453037,0,0,0
28.22530612530183,77.31914149903183,20.587476450563315,6.227863616350307,1,0,1
23.186898417647853,85.46504312740531,15.815891850533392,17.535298149707458,0,0,1
32.90825422388438,54.91114690644863,46.95288293951656,9.069489078417618,0,0,0
18.25134137326957,69.90846044614297,13.140043864406953,13.26251802109998,0,0,0
34.91032897180649,93.4267946844224,19.912881004832816,4.821802990747095,1,0,0
17.377051569524745,57.52871444655197,19.114539426038597,10.057506539540439,0,0,0
15.298999422084778,48.8262061974373,12.059917283562417,5.15302384850054,0,0,0
32.800378022975295,68.09873045235652,10.873836990520836,19.021677625302072,0,0,0
19.899070167319124,61.33015987986819,15.11900094067018,1.2189082483249258,0,0,0
29.593992548934416,48.776747803269245,43.211808496559044,5.493478550096949,0,0,0
31.220307498641386,88.87032604868523,38.35414436146453,17.862177530997574,0,0,0
32.17972782064234,94.48981508045779,34.04997570800261,9.600719150145675,0,0,0
34.83188471328333,71.27201993794988,22.85514963212467,12.0016822380834,1,0,0
20.880794200799983,82.60722226053997,25.387699231630172,13.033867429912851,0,0,1
29.204866838545183,87.24711032504646,13.356942274673017,1.4185502354712676,1,0,1
17.307997165616563,78.55401033120049,3.715795691795881,0.3547748181717014,0,0,0
23.136185827136988,42.42858270114522,16.552027836024113,18.75682103422613,0,0,0
31.959433866251807,48.66988274442498,24.779187799618306,5.430056905937615,0,0,0
22.353160921182166,43.90440551332625,2.8656523259666224,7.606262208710577,0,0,0
26.82190761071228,40.54337836531311,4.411665102855322,13.641863414470992,0,0,0
25.07546887449268,56.82980248164801,13.151261644228363,4.726077541454425,0,0,0
27.919030622240903,61.57957782648579,18.354018679638077,14.661427403350364,0,0,1
34.4578877877539,53.25663527847591,19.66584055593526,9.1648436432654,0,0,0
16.11471053002804,43.55325564474765,5.894303314400257,17.13219610574782,0,0,0
26.479230350032594,69.14246999601727,11.29106772673944,5.570812715309648,0,0,1
32.2605755850057,55.032562597642794,13.082362603180437,4.076449609265971,0,0,0
24.62765423496855,83.78204351749594,3.38174381006231,16.633767077497442,0,0,0
16.570543718831455,40.442894189390465,16.304985029484865,6.5265212998566735,0,0,0
26.21078704833542,86.33898782081857,3.6110786377753614,8.237372920010099,0,0,0
21.64147781647641,92.51145234202764,35.1728921554835,15.874156653759862,0,0,1
18.098835706758717,79.38742847344633,19.302388327865522,12.7115307474915,0,0,0
31.98069026566946,80.35042358944116,16.337619468918735,8.834517808645382,1,0,0
25.431990259822435,91.34592713815033,6.326108575180345,4.99781017809116,0,0,1
33.665528247581335,51.4989206915192,11.32518277224479,15.284019377035285,0,0,0
31.12033009206138,94.70110625147171,11.635260446956181,3.608620689801141,1,0,0
28.859435875473345,82.5414661858198,49.26021074366515,18.56559201172856,0,0,1
15.100510067306239,79.96138895802865,41.76746897542466,3.0063213824599444,0,0,0
23.556469132765,59.8599818447411,0.7631145816715812,16.098673838945924,0,0,0
18.949725633040646,70.01776169730857,30.841829538423987,8.484977334562675,0,0,0
33.215958220977356,75.9654783550341,12.795504821096188,3.720124658670241,1,0,0
18.491679693527207,74.11885737244688,5.218846440979213,8.047578764735423,0,0,0
20.72120103318571,78.77415511626694,35.27998815598774,4.431036323998672,0,0,1
25.336735354689985,44.53099564931259,6.580277473417462,2.719873016716947,0,0,0
20.267272379961586,59.560663805743324,22.187038976486782,4.78310797861117,0,0,0
19.197293545582426,63.870000912751244,31.60825824199621,17.347969450765053,0,0,0
26.98198650205505,54.33461138312315,27.724737807749435,2.118847749596484,0,0,0
16.778590455100478,49.49449986480731,48.88145491513715,19.450791755357816,0,0,0
16.163355174418495,47.64101139520746,39.28713065612613,0.09996907375353636,0,0,0
22.444905903721427,60.151086574112185,38.70966880637449,13.164763087824863,0,0,1
29.413289090157246,67.13929353094113,17.779769704051564,17.13023969676172,0,0,1
26.09613516547896,43.46370420806634,0.4197746042070849,18.679152962535287,0,0,0
23.457529369335575,92.05519520248022,36.72054648353441,2.879711869135091,0,0,1
26.315031284491646,82.08838275734172,49.98660421478362,13.9641699290468,0,0,1
22.309029693065472,80.19684752520067,20.29395538718078,2.146984323112946,0,0,1
33.72292670864226,49.50732887437998,49.27592494785587,7.052229877488672,0,0,0
16.098097818215486,73.20904224067039,7.085405476717321,14.638527150139872,0,0,0
28.467829580596703,69.1348720744767,14.825617581835871,6.919464523261338,0,0,1
32.82565329655501,94.03578651826817,8.536346587123534,6.267494565621357,0,0,0
31.07769417470507,81.12194735440869,23.75879864634079,2.321092376048164,1,0,0
18.680820696428935,71.66690360439272,39.84907007536102,1.32876188656176,0,0,0
20.918526979605765,86.79469665585671,17.033084576897693,2.3055598256351417,0,0,1
29.340958774142095,48.53018489733902,45.31144685759357,17.50949549890449,0,0,0
16.68541118361531,40.83690913300374,27.241520666489254,0.223970507618505,0,0,0
31.237233996651682,77.96283333779877,23.271220687093862,13.85731739070578,1,0,0
29.378138892095805,45.40713031304806,39.351792109763814,15.372484597765956,0,0,0
29.59213298470685,46.34885019909301,5.072174852089228,11.357766082548578,0,1,0
17.00482740535183,80.95743995334918,38.68762356053374,14.615507223662972,0,0,0
29.355210896324618,54.8794164273694,12.147600008641335,13.045393380502006,0,0,0
28.5963625043994,74.57471685628911,14.040627359161878,9.111169781893853,1,0,1
31.61844981643701,90.45738093510116,29.972688666003993,7.654208557525342,1,0,0
15.83191912512939,57.40609924008221,45.09672125231026,18.82663976810347,0,0,0
15.462213369355844,51.94292868119553,28.920347488543243,19.43875985140936,0,0,0
22.460141997571213,45.860958605757844,32.44746743972435,13.025428072500594,0,0,0
17.97576567698306,47.175429878084934,38.82972948026371,3.945976797969435,0,0,0
26.167689551404436,43.42224824583635,12.966237949624338,8.957983248755749,0,0,0
33.34697803013498,44.82033083563571,41.361683640207126,9.93074980165214,0,0,0
22.829594606680317,63.76025238450347,20.898007453357486,15.159401049213233,0,0,1
31.899007545452083,57.64757747631833,8.782784674558124,13.355542626446386,0,0,0
15.004817490357329,78.86084478776489,17.50590397305625,10.296288588557903,0,0,0
18.370292869183686,87.8632912035851,12.306555585911266,13.60729115574314,0,0,0
15.608470793081713,83.16252617283114,11.435680256782293,0.481136934675479,0,0,0
21.562943610301375,69.18504911661087,14.128159935958307,15.532706437687276,0,0,1
33.163791913930055,45.63431639279594,9.046540737104475,4.232644680138886,0,1,0
16.939042471979754,79.03720061678544,33.385087854132145,13.128182791222983,0,0,0
27.128195534876006,59.955579859978045,28.99958785175586,2.279465042740183,0,0,0
24.029918782388883,44.71077166534756,32.42209464917142,2.2892167184940293,0,0,0
33.76936424731625,86.33565239669441,17.18623619140802,0.71315287673404,1,0,0
17.450382850741878,58.60190844503781,38.486670128702215,18.204656203070236,0,0,0
19.24055701004458,52.00368578813642,6.480437047708238,12.09117515383624,0,0,0
15.590839372229865,87.92986355403637,28.55683547306801,7.239238724582966,0,0,0
23.678704992627473,89.61736276458527,13.772648612323696,15.755554820386175,0,0,1
20.556657991293086,58.643396045535795,26.380495034880568,12.52164401249331,0,0,0
32.39811867780642,59.51407806047554,16.18185876201196,12.401610358258807,0,0,0
27.0988162639551,71.87956901707292,39.52558825456477,9.740855887260135,0,0,1
27.281814759514035,80.33928215958619,44.563591941904726,0.15853557336417357,0,0,1
25.63821393762605,43.47320610487749,37.129061168581565,5.169250128498797,0,0,0
16.83700674458402,72.63390114536594,8.77918564246234,2.181533892001659,0,0,0
23.900373674507104,92.405103398097,13.743344919418115,13.248197047055521,0,0,1
34.99010379417033,54.41516434489745,45.96790327592079,4.972416435739955,0,0,0
31.704585816920297,89.98549677533136,21.861006382910062,9.00333328102414,1,0,0
32.86918108334232,92.25925874197014,47.05902046746334,7.0686059657976585,0,0,0
31.464527184929988,54.803450253409935,19.62258444311334,2.8639747585072795,0,0,0
17.060833868619653,81.48110262369428,47.58873302953319,19.167404657654387,0,0,0
19.548965081295993,53.1326254575758,46.28694938666655,18.668386232544318,0,0,0
15.062433027128193,80.5686138952673,33.02634449933081,1.692163720732811,0,0,0
21.070202497562228,83.85809842088543,0.441352423075142,16.547307070559928,0,0,0
17.172148046929852,53.596313704085716,20.016734098796846,9.767473654327464,0,0,0
24.45586690603166,79.37282489707792,45.56175648477979,15.474717691617027,0,0,1
28.542549771478036,84.66574963752494,44.25551445540574,3.0231426182753385,0,0,1
32.49010590076154,59.72183796588014,9.369390004805684,2.645482755550874,0,0,0
29.984343301817965,49.22365267943498,19.95912479845513,17.81515001790408,0,0,0
33.77171191557011,45.05805120246325,41.77549639397358,17.956389836821216,0,0,0
16.077965807875778,71.6459936985468,28.89389266250272,9.318243255072176,0,0,0
15.243596708330829,93.79539656236423,42.36496167231003,17.403155952297958,0,0,0
28.22676227672425,85.26226760122188,41.32836922242815,13.349179030072605,0,0,1
20.787048204444925,63.9711801414004,45.37410034762415,3.7001948522198402,0,0,1
20.07002032211546,69.51414965702273,5.861029409729085,6.579085293642974,0,0,1
21.617741753875883,55.37403369765004,7.2607570726757835,2.721213010173398,0,0,0
20.395921157847283,48.968622704803494,4.140451448452626,15.478973378618662,0,0,0
25.228728126031747,66.51446370277503,46.76344205477158,19.705014493914994,0,0,1
23.80296894448265,65.49258613919518,23.758119218894656,10.927566531320231,0,0,1
25.248571027533124,68.7061474042068,3.2162641741224074,13.117288282297855,0,0,0
28.454272230008723,92.40425220601674,16.07649512570206,14.921851362672733,1,0,1
22.742610179422968,73.21424150796247,17.570632056498344,4.485182048609808,0,0,1
20.026153742843135,73.31745101423056,40.477991173837864,6.720024952668684,0,0,1
18.32401073617491,47.04136195735922,36.77384460854615,8.246424226484695,0,0,0
21.989482390652512,94.80688763972512,34.46935247812845,11.891766242909442,0,0,1
29.83612950492344,82.50647193290678,1.0931776295689366,17.009851562975513,0,0,0
30.134098202229392,88.24618392517027,45.53478982131894,5.084070891798122,0,0,0
28.338107733684204,62.786522650704676,10.777763345787077,9.417776014555779,0,0,1
19.680563506137492,67.61704526820937,31.45307023463389,15.030678224094235,0,0,0
26.761724917093954,68.7146095039252,3.090952150570958,1.747699990092486,0,0,0
26.41379323153696,50.675199660928286,4.076304593602726,10.25786916652357,0,0,0
24.68532396219451,77.92190359798263,0.4788648065061074,2.8875940673145006,0,0,0
25.999579727677286,89.66371979896012,28.29638222726653,10.782977934546986,1,0,1
24.83581265247336,49.00381999761304,31.468983480845235,15.356455226308736,0,0,0
26.309127321482165,44.747505041739046,2.523115161661438,4.738948220898795,0,0,0
29.310119092422575,80.60203980471883,14.524244238201945,16.989568909694096,1,0,1
17.192563888068793,55.026100742014016,42.57272070890083,6.696082201635001,0,0,0
29.992515042980475,74.31243978895311,5.065418341145706,3.8156972711554027,0,0,1
17.717723002551885,78.26670858956993,10.827358227666561,9.306467901417042,0,0,0
16.332559968207494,57.705091997000196,21.219560423621353,17.521501642104106,0,0,0
34.52159372442935,84.83295285841814,42.1137051316558,1.3786612234820583,0,0,0
34.13983537740883,70.24939401628193,12.742452723760211,6.551429324332907,1,0,0
16.208730898811282,87.79496743734916,49.85685076816711,13.063263379382263,0,0,0
23.865068829499243,81.98114539074211,17.763090656926416,7.1516173739117095,0,0,1
18.724898765995494,87.77165976205995,19.322432924181154,1.4164798946523116,0,0,0
24.70689794268836,41.108876016484174,6.105310211539717,6.6399793756094745,0,0,0
31.603544859991747,53.39284434062271,34.009895042826535,16.419187722730605,0,0,0
34.012235494857805,44.950436724526625,12.17325913922408,19.360750450100518,0,0,0
27.685053069030747,64.3145659454142,31.443379764752315,0.795583947954368,0,0,1
22.078113344236343,88.9478066888425,11.15788642014633,11.385676352701386,0,0,1
27.06651131289197,65.71471442467781,19.393613361323396,2.1060686605369616,0,0,1
21.240026122169006,86.73421745192167,42.83360459772088,13.607930583120119,0,0,1
33.196472816641204,57.99480309106248,36.945295573703504,0.15784452016101902,0,0,0
32.408009262116735,58.67635400428888,7.729544997186172,0.29483251414746503,0,0,0
26.16463500559322,89.25589516797827,30.38540836870507,15.537596528611479,0,0,1
21.49597830760721,63.41994305814359,31.432032583690468,1.488706453945956,0,0,1
20.867793511659567,83.43710182870666,4.528423675093052,6.103633485741284,0,0,0
15.66835989410119,53.015395133504576,23.29028271679679,19.16080848207662,0,0,0
31.316417020505906,92.18404563226994,13.033419783380396,19.704942348949427,1,0,0
24.00766426078016,71.6018035591814,23.35650713817415,3.2280572377213357,0,0,1
21.502658568005288,81.7627962718121,38.853549566143755,11.218038428717003,0,0,1
24.422207099955077,44.9233634887187,7.9129779905159845,11.182976569805998,0,0,0
31.37475980909304,67.09653242067908,6.165210279402189,9.047613810652265,0,0,0
17.492284154150425,89.55711737537128,13.465824755288647,18.494003165279914,0,0,0
32.153119764836546,88.23712459738175,47.61377251732916,15.080678182483208,0,0,0
32.950176702167084,42.57476764788252,37.391210559248314,15.290538713638878,0,0,0
33.934158300677765,56.70341580209207,0.9727931407273294,5.391388635386862,0,0,0
22.949759848452555,64.3826003563494,20.050242124168832,8.686395444032776,0,0,1
19.342808080753436,49.474564789568355,12.86989895401926,9.748473969509062,0,0,0
