Temperature,Humidity,Rainfall,Wind_Speed,Blast,Brown_Spot,Stem_Borers
25.618101782710436,73.77724320971048,18.682040923334924,9.993404874581069,0,0,0
34.260714596148745,76.57024807812576,16.645604811570163,14.934935450251885,0,0,1
30.979909127171076,89.90915876207632,8.807695625143003,11.253335613126662,1,0,1
28.979877262955547,71.90015351209622,30.363333505074397,1.6660516622359278,0,1,1
22.34027960663655,90.437738968426,23.831208025431444,3.711604735671108,0,0,0
22.33991780504304,63.0847050841842,43.28504961620018,4.386563680618383,0,0,0
20.871254182522993,87.18794530230207,1.6054790241029127,5.157285072896897,0,0,0
32.992642186624025,89.66416715691577,32.193396377756315,11.308067839010086,1,1,1
29.01672517614813,66.36361784930686,38.14744392557806,10.07931559650787,0,1,0
30.621088666940683,75.06212863302702,37.974328459415354,4.063200767284179,0,1,1
20.308767414437035,65.79249211322795,44.30369835477626,1.3510968691137415,0,0,0
34.54864778242992,84.73114451479762,36.4516871414747,3.4286440894943615,1,1,1
32.48663961200633,78.73717188215798,46.39050308238482,19.687626252372066,0,1,1
23.185086660174143,82.23631713479124,16.632829991044574,9.370938995829444,0,0,0
22.727374508106507,66.87704384346739,25.160470837577154,17.34691009404225,0,0,0
22.751067647801506,67.41110517183468,0.7039831641445338,16.975049333376866,0,0,0
24.563633644393065,61.452406392846726,0.34787936516456064,10.230391149257475,0,0,0
27.871346474483566,71.27236373185053,12.006331022575994,14.13375416921087,0,0,0
26.479175279631736,79.59106314667862,5.040359856954263,3.8550402082542456,0,0,0
24.368437102970628,90.02772198990651,13.010568396787681,13.767934098538166,0,0,0
29.17779342083569,83.34246066105382,8.85216472641987,5.44769158526579,1,0,1
22.092407909780626,75.2388713189913,1.426001241932412,16.641241935083016,0,0,0
24.382169728028273,93.35920400379482,45.46520732030247,1.6744826621781983,0,0,0
25.495427649405375,85.17358202015411,0.41115656944457624,15.46277345770555,1,0,0
26.84104976325554,92.55578210018925,36.80410721685427,1.9987381313723906,1,1,0
31.777639420895206,78.4655790645258,7.607394345975827,17.62378473788618,0,0,1
22.995106732375397,69.06164961775988,45.61148109998,6.084090362700074,0,0,0
27.713516576204174,61.84893402276527,44.63979697949429,13.087867296611496,0,1,0
28.886218532930638,85.41296980193476,32.695057318462865,9.750045572405597,1,1,1
20.696756190799967,64.24560493019369,33.611707490030255,7.326062905246779,0,0,0
29.113172778521573,70.59712948951885,0.26695709848442717,12.908836663669929,0,0,1
22.557861855309373,78.6364817759364,49.2435783056801,18.95045961102476,0,0,0
20.97577389477919,79.75458057229116,43.89163017879072,0.8253949474924371,0,0,0
34.2332830588,81.02041189454977,44.7553112865046,18.377057117662087,1,1,1
34.484480496118394,65.81893656223953,32.962226852543594,12.181633100420271,0,1,0
32.125960221746915,73.2908091687577,17.239346432726826,16.146286015381047,0,0,1
24.56920653760056,81.60179794909384,44.68243245452404,7.6774990686855515,0,0,0
21.46508171009576,93.94366026218248,14.575846407559617,9.436859496752275,0,0,0
30.263495397682355,85.4670898194891,28.135577167110142,17.37701503602328,1,0,1
26.60228740609402,92.29113149828852,4.98654861719412,8.296959396196462,1,0,0
21.83057352267168,86.67742204099619,46.09778150663751,10.6931913349817,0,0,0
27.427653651669054,80.71009391123401,7.038522888560666,0.4038984616866581,1,0,0
20.515827816728276,66.72081791977206,11.244840286520363,3.1719601167608458,0,0,0
33.639806031181735,83.33399781623795,27.906707906410748,12.833730159495996,1,0,1
23.881699724000253,81.81828480859674,38.204650010649075,14.339538021277543,0,0,0
29.937834265309732,81.08642096600433,30.967565296814946,11.652018735689989,1,1,1
24.675666141341164,77.14250537958843,11.606695640007809,2.8662007255122135,0,0,0
27.801020317667163,78.50298113962465,0.04715212637451671,8.908108571556696,0,0,0
28.200654190149194,71.70548844913364,37.85752901537196,7.101895327263796,0,1,1
22.772816832882906,78.17594424248061,49.26036629555469,9.913226880701767,0,0,0
34.54376941646838,66.91445669874673,40.49565601530452,17.406580691081885,0,1,0
31.626992350416717,88.18110390761319,23.010330907830767,15.517228773173038,1,0,1
34.09248412346284,66.50219341445478,45.18836306995533,1.679790027783179,0,1,0
33.422410256414736,62.973820146131324,20.4923836559175,17.806183955491285,0,0,0
28.968499682166275,75.26861092250051,26.246704212173377,9.435343022996472,0,0,1
33.82811352534675,83.04076038271216,23.856488369784163,14.877242897719968,1,0,1
21.327387530778793,75.32008887267395,22.381193633276247,2.8007846252870428,0,0,0
22.93974293628718,69.6863946182958,38.75953846469529,13.414390514140962,0,0,0
20.67840933365807,79.53599143616543,26.338445363474598,4.726520352189159,0,0,0
24.879954961448966,72.145081739427,15.835856101260804,8.767617942818632,0,0,0
25.83015934534223,92.65036915443216,12.907908382923916,0.3372574016420882,1,0,0
24.07023547660844,92.29257988612503,1.8873658483716693,3.0322127586095204,0,0,0
32.43106263727894,77.58301369902334,29.1597580941523,1.8416098624723953,0,0,1
25.351299900403838,71.47593979063905,11.49807077005171,4.7948834587651685,0,0,0
24.21401764531071,85.79963448848237,7.406696100819154,2.0003618004864454,0,0,0
28.14044124737373,61.284953021907334,32.691498191383886,13.838200532391237,0,1,0
22.113863374621438,76.6169152115278,34.06046289107744,0.5807980441843874,0,0,0
32.032954711310595,71.77131879946167,37.607744612883295,12.354810012499959,0,1,1
21.118259655196564,92.21875597858941,25.178844816929573,2.814156616511485,0,0,0
34.803304049007764,60.42010595454389,44.70273026019433,18.903229143557937,0,1,0
31.58367153944986,79.34852065014222,46.81713766991139,18.661881462197087,0,1,1
22.980735223012587,85.92322533733191,40.36854698962447,4.510062050419252,0,0,0
20.082831756854034,76.97562956334144,31.77967410040936,12.28842596446059,0,0,0
32.23192142682251,62.98910605569526,15.186047679559433,0.5601063894491687,0,0,0
30.602860157714257,94.03614865097657,49.14724608101106,18.63577086102348,1,1,1
30.93510752061481,78.13036509816342,13.706808359596916,10.459746163834193,0,0,1
31.569055200289185,81.4965185511654,10.132846099521553,0.8644630283555799,1,0,1
21.110669776011356,68.28134239476276,22.107705689329137,6.849999860162748,0,0,0
25.37698592816409,76.92243297873813,2.842028535619423,1.536989237224684,0,0,0
21.738035892876944,75.02023221854127,48.92472323358954,7.8588887874671975,0,0,0
32.946551388133905,62.621354470069434,29.42167782082124,13.398526843226461,0,0,0
29.34947190241337,63.71561237416135,27.847604583208764,9.397798160828792,0,0,0
24.963470372789736,89.31153818665712,32.78981399498599,7.67444349438909,0,0,0
20.953375254290354,68.39369832723065,24.851182388860334,2.383140910809296,0,0,0
24.664734825734932,66.82353950245206,1.6031758547270791,4.898780913873127,0,0,0
24.877749830401207,77.67190079375487,30.61556444201984,2.0028657547670226,0,0,0
30.944092675070962,86.90614959768796,35.80869384782153,16.149974633133215,1,1,1
29.563362070328196,62.16812815026458,20.837453031202656,2.704796559694451,0,0,0
33.3081911386449,80.18827718733895,37.86477860355964,11.90746733097787,1,1,1
27.08322387742924,64.17236549942007,11.35006496692103,6.854808271776918,0,0,0
21.793913689074525,61.27613677889664,11.063829553309201,4.51956769310367,0,0,0
30.698671808344926,61.84603832567761,8.070849384378697,12.789368789842076,0,0,0
31.411775729253463,89.19574378729544,18.59973798945809,9.140046187538813,1,0,1
28.419157963542446,64.12903692698215,42.35060176945418,8.002909345691183,0,1,0
31.564507699318415,61.58029775443022,41.39560310745322,11.85704009784443,0,1,0
27.40693394546586,75.32649605000194,19.14121039817519,9.825352569800014,0,0,0
27.840992440729913,89.53977151797086,29.455936799011827,6.0696841710312155,1,0,0
26.413115275378246,69.18429317712557,36.04081582374578,11.181225755305032,0,1,0
20.381286901161427,74.75994161340708,12.06033873140115,13.389971531013892,0,0,0
21.618371404899566,61.39728863973129,8.407054294737353,0.5338631717370856,0,0,0
20.471437785301013,75.71774799472065,48.60479966061555,9.317434578153508,0,0,0
29.546156168956706,80.21645782229967,30.877865660480925,1.1536656916708754,1,1,1
24.7153397161449,79.98174688132507,49.070786091683196,3.7281082813622213,0,0,0
27.62856036747054,71.63493422610279,16.887799356611456,11.210174681559462,0,0,0
33.613497108891394,71.04366132320975,35.151584998706575,17.323778305311613,0,1,1
23.739383437233123,63.731826662780925,11.130181827061886,17.656113583769695,0,0,0
26.155743845534445,72.83794122261939,13.060008563695646,1.3988802027726255,0,0,0
31.33326707814573,63.482313410553765,25.5951060634812,8.382101725734133,0,0,0
23.431972482374338,86.83085806492181,15.980906275403562,11.660129660091025,0,0,0
21.154698647431896,93.81960042118651,8.381078192029223,2.941398091006868,0,0,0
24.34627179370652,93.95260598333473,13.1440350994663,15.308644334895433,0,0,0
22.418319308810066,90.27748847813879,1.787419723293232,14.884705168744777,0,0,0
33.9454647851386,81.02772522688667,35.221181073874334,18.066820274135893,1,1,1
32.12180569346626,84.53029940353579,24.60583285429308,0.16972024166886035,1,0,1
29.501056347656352,69.98220309381449,4.712153320226281,4.333684879780053,0,0,0
33.07190885281577,82.07696470604172,8.58469965642456,16.543734284906435,1,0,1
32.05508115348672,75.94773423039571,5.126726905632201,13.411601016538707,0,0,1
22.798550883290538,76.87060689219264,30.629640413793823,17.887797073969814,0,0,0
33.388384977349666,86.52217961313053,4.71051818062469,1.1435930906053304,1,0,1
28.090133628734762,69.86714244590381,37.714116651760804,11.939279314328857,0,1,0
32.111602327460936,71.13138640930819,1.0255459660195587,11.380931497873483,0,0,1
33.441369498852396,92.36246268950228,12.468789399794606,0.7134883272106474,1,0,1
24.77005212457796,61.96785031978403,44.53333379459536,10.27044153824967,0,0,0
21.65077886791515,76.99720044446691,35.9265659061123,12.190406226198485,0,0,0
23.419027438129124,91.94802801427517,3.648416646284386,3.8258634840421446,0,0,0
26.406616829393844,81.3627052736355,41.056305224258985,5.466591662493259,1,1,0
32.27022148883739,79.12424759742463,24.65175607701024,12.80694692595474,0,0,1
32.910958748845154,68.74104627302744,42.33915135844146,9.366018951999166,0,1,0
20.10428195796786,72.01464211725569,30.03698872251967,17.160273151366535,0,0,0
27.661209538663485,89.82169455316425,34.09165160164294,6.847635320183767,1,1,0
26.261165047231685,79.57263461189604,49.67507801978541,5.333193167764023,0,1,0
23.331617157060954,78.0159767814873,11.616777296200908,19.697318806896856,0,0,0
21.797980510005242,63.48528997390101,31.197278738069418,18.22271540260167,0,0,0
25.06422757105442,60.56098547592931,23.016069502869918,0.5798548999795972,0,0,0
34.14364555868779,93.72898160404671,1.9725976461345718,15.414572306131317,1,0,1
24.848043980311328,73.19451585503946,0.7235320751432517,2.206695476504059,0,0,0
27.781859326150492,81.11245717348265,5.961428890892933,0.549703896587419,1,0,0
30.545284383427667,62.79002756155497,32.454587026927406,5.473910319326977,0,1,0
25.45444403568941,83.90900000030663,28.35815439566961,5.386917581222086,1,0,0
34.57673124081441,92.63983480470864,27.671478058186374,16.386375246939295,1,0,1
34.43670942413167,80.14828385490969,1.5928381264130043,14.213344918856702,1,0,1
23.776734437380462,64.41403628313937,23.465149818000352,19.632188546640286,0,0,0
27.45872758838578,80.36025346157169,46.231140892126426,14.230258006236369,1,1,0
24.513174647251546,86.82215245866283,19.87959346553233,8.365111065120958,0,0,0
24.272607415662016,74.22457878009065,31.246123489422818,13.978553218904338,0,0,0
20.553304210317993,90.79432117795137,38.990933781157175,19.989181343728042,0,0,0
29.143465009698453,82.70390336750776,39.19626395709438,14.202837651250562,1,1,1
27.54018534843292,91.47371214012209,25.96400411976357,15.233627119606366,1,0,0
20.77218126874984,81.8226858936568,42.89759727011682,18.767300303805186,0,0,0
24.179696963549173,64.59507902016885,19.568904668187347,2.273025226233667,0,0,0
33.623988289499806,70.83920988868162,44.434660739239916,14.095685868954536,0,1,1
23.593428360004587,67.06282318883599,12.011358319777266,17.01611915934898,0,0,0
22.173423081368348,91.80892742009019,14.010820349528553,19.08757200441786,0,0,0
27.341791404163445,86.6140023550619,2.656031209950055,4.219385794233988,1,0,0
34.78475681165901,83.67394291185022,39.779091827114144,10.078580154484884,1,1,1
23.630829072672505,70.53382118710675,20.85276181163528,13.611096952889636,0,0,0
30.08203321108818,66.44156702175748,11.455830695569952,4.949354590026749,0,0,0
31.424294229930766,86.47578807961192,11.589513880828983,12.00945726500548,1,0,1
23.564563159885996,76.59552810576778,45.069997061461656,5.151575649959987,0,0,0
30.923245229177894,67.90263432527202,41.69583002305185,6.669140410632945,0,1,0
25.516746990788796,81.58176923578463,27.676544267859164,8.830373930217302,1,0,0
29.48458745890369,61.41168482484582,30.805540020786054,10.58380197493134,0,1,0
29.50294566141342,71.41595889448887,23.71627852751455,8.987317432503012,0,0,1
28.036620261121378,76.39949481068972,19.583327143940444,9.863910395758584,0,0,1
21.354346550816125,65.1785416938292,45.77384406091657,5.971775125765852,0,0,0
32.52953743383857,94.4629067156794,6.280635176015103,3.179301880452612,1,0,1
24.811700974576038,67.3184077606365,20.9223394858114,0.9469995465367886,0,0,0
22.797777655997812,64.56235955151429,17.228095399393766,3.919574449833354,0,0,0
20.61162712332146,67.12372058604137,24.90753601255742,11.63887283011566,0,0,0
28.863394147823627,86.91713966059035,22.881593727258753,15.722308956062648,1,0,1
30.163465427634236,74.8926980745145,25.94447658255407,3.3849519488578905,0,0,1
20.248817433917843,79.78955789133883,6.995948861349705,2.1711071554529693,0,0,0
27.681395874489215,60.735320494522625,25.657075075663855,14.985807210985005,0,0,0
23.39743662796907,61.20509580006601,12.120940694360543,6.103166610745793,0,0,0
29.677591856141746,75.60389424394556,9.216567449409563,19.02998878454705,0,0,1
22.61549643507487,88.58293351205683,3.241710939309561,14.28635941220746,0,0,0
30.36406607153699,90.98336075476479,38.132627937807044,6.535120944860617,1,1,1
25.801030194508062,63.03472986584741,21.372096042827998,5.7908549558740985,0,0,0
34.050949831051014,78.8427085735358,31.33218416558792,10.473967725426181,0,1,1
22.0628141621899,91.96303901977447,36.379667165237166,1.5828933655641886,0,0,0
25.115995265753877,73.57904640392603,33.965833265677674,2.35353025290598,0,1,0
21.702102818608836,89.0348040999929,23.525035954484114,3.51715762632385,0,0,0
33.87040427417844,64.67934790398027,19.394926447586492,15.494471866091203,0,0,0
33.160090300714714,92.73880713837295,18.797995482033187,10.27714718538245,1,0,1
23.869124415727335,86.2998161135956,32.00243984650282,0.21134245548885877,0,0,0
29.899760690512686,92.94670374754156,24.73971774709367,13.47033054944218,1,0,1
32.25833300301824,83.68160317433772,42.45661239942553,8.473803573209942,1,1,1
28.328012173991937,72.71913761997995,43.735099216335605,10.217047299275958,0,1,1
27.944758675340097,92.83634103836528,8.528018900325923,4.282324868258711,1,0,0
23.627784363506777,69.64483717082125,6.811682577286282,11.035644567882073,0,0,0
21.396541517088487,71.62603827216064,31.520046301799976,19.58306479502977,0,0,0
33.458236369299904,84.52829463006091,15.06128740311397,1.468893820115229,1,0,1
33.506270857449955,86.78607048338853,0.928535938254943,5.678347993288613,1,0,1
29.49652185909902,92.5291219347204,44.432133468147754,4.859951857216595,1,1,1
25.08544686573051,67.16808431696734,11.345038362190413,4.970986215023592,0,0,0
25.238143619189913,87.92993123267284,46.46403258429046,7.574127151307546,1,1,0
30.88933518305359,85.84911186889371,35.87172254391268,16.36219569488335,1,1,1
33.45665389928865,62.23280946887593,38.132674495574214,18.25717379928775,0,1,0
33.306296363976756,73.55280994235724,10.07307478965802,4.044301749179466,0,0,1
31.698133187864357,69.89679099710345,11.709721280840647,10.858998758962255,0,0,0
29.630474692314316,70.65716485239106,26.06338769120329,12.737979443309605,0,0,1
21.262099474925733,94.40314078441453,8.604992632493108,10.4365494872769,0,0,0
22.424430711419205,82.49720947179748,15.271584634151614,8.681527883938392,0,0,0
33.47831282790619,85.11866552277249,16.073123897390225,3.8395101171847568,1,0,1
29.09643589489385,94.18161730602532,7.981496662638205,9.76438718398477,1,0,1
20.137955774249445,73.20206238601736,10.259141669758037,8.024296554226577,0,0,0
21.522073142990482,88.06440589584821,39.42759210041283,15.911267250045393,0,0,0
29.952526536620837,75.20858371565734,8.359792727363418,15.272087183259904,0,0,1
20.075923757693282,90.43367851352428,1.4228695921961243,2.679973624113414,0,0,0
22.41212077126248,66.32301394589561,31.46774713144692,1.7703810512613516,0,0,0
28.231006840498793,93.16901619724979,48.7991559696225,18.16307886455006,1,1,1
30.3784279653904,67.65700979438078,16.56069073115607,10.710167779289954,0,0,0
29.779418892539006,71.4177177443326,5.932785159812615,17.156018745651814,0,0,1
23.3640396419084,86.46672819373731,28.51936626837654,1.163022411328023,0,0,0
30.68268832021304,73.78142995478923,45.31771055478231,10.530312330432604,0,1,1
23.558736312452,81.28739818682564,39.20308899142394,10.788530291524728,0,0,0
24.880995472389017,75.56007253743,31.1257934206358,17.214040650843,0,0,0
31.197371076770363,85.98294779814236,15.75282483037997,1.9521999645941501,1,0,1
29.74449348570822,67.99159383290137,27.094008663810996,4.808911273518186,0,0,0
32.738351157412666,62.046029553290694,4.562242065212768,8.130766277740262,0,0,0
29.86419338450515,70.49752891155731,33.9472712140335,17.316829508398843,0,1,1
28.524629050032075,76.60080327039506,36.25480094488254,18.77766630141134,0,1,1
21.40512151742139,65.88070182674375,48.25158114549594,19.854492391872558,0,0,0
25.515737045891502,72.4179051379736,13.019867937253583,19.183869729170432,0,0,0
23.978035515225884,73.9994056402749,0.9228209521511321,0.11883511688708825,0,0,0
23.659844650686253,62.00871452908957,27.28042322135753,0.9541668290774408,0,0,0
34.59515832128668,80.41575368644716,35.33952521984072,2.9521363831517733,1,1,1
25.896465870001407,90.95201997899507,39.5203737941494,6.977241935405463,1,1,0
33.3806983276567,65.31100195335684,9.68694665124053,16.598360619739175,0,0,0
29.467079389958943,80.923280469053,13.087643451851182,17.85312390670961,1,0,1
31.922169553124725,83.26587217187962,25.629546263364816,3.7366881258916607,1,0,1
27.539556396577883,74.6767138146751,16.530040498500092,12.393283032394173,0,0,0
28.653558269395386,84.53841555774945,43.025574329372255,18.347239701305533,1,1,1
27.38776540728296,74.37560402218543,23.688007686936015,9.274634718626416,0,0,0
22.928644816970667,77.66230507921023,39.97893220510015,2.0708714390556793,0,0,0
30.83678172892258,60.25735655940495,29.030988024117686,9.1562730016925,0,0,0
24.211585436612836,84.2102039947141,38.6545070808556,7.515898045761144,0,0,0
20.364739496471806,83.14699376306535,16.633649326516192,11.55315992132014,0,0,0
29.682084438607518,61.34403070642206,41.57083109651556,8.773173688142073,0,1,0
22.656660191105736,72.88875375882967,13.728615777551079,0.3469185370743588,0,0,0
34.106878765293715,94.26611442770836,27.30494040016454,19.879954668273424,1,0,1
34.30892865503881,74.72577968990159,10.700355658693711,10.870804754611418,0,0,1
33.72296585330673,77.56808917961446,23.77632608130967,9.47261510969219,0,0,1
25.552380503831664,91.84755553559015,15.908760475435157,19.09234743008108,1,0,0
20.231849247933013,85.10416565530147,13.335171531860713,3.117207351741542,0,0,0
33.92477843881588,80.37245458934783,48.349250901401874,3.784752050904965,1,1,1
26.422762224759715,87.92316384693754,8.00370527433653,16.16029498125567,1,0,0
34.49982228565504,90.25281932595907,39.366291872869766,5.216621600500176,1,1,1
34.45429965633879,75.99108251080435,49.20824797416075,15.984542125830538,0,1,1
32.7951418320104,76.62879277261425,0.9950741870038915,5.430669658170051,0,0,1
24.416733381043784,73.51178274781425,34.951370702104754,0.6637526045000297,0,0,0
25.77646592902888,93.83471490064612,12.645590277814357,10.34029447773432,1,0,0
32.76705007275285,84.40081890016226,2.0243912164152222,3.9337286825372275,1,0,1
24.753830077344166,62.91280731728253,20.14447894783154,15.156925858649421,0,0,0
22.542391200291387,90.20358681595565,46.76089050854375,12.823992664642962,0,0,0
28.352018936875254,76.81959792926938,0.5882547183498843,18.472053359558355,0,0,1
34.04232161241171,62.40638672478706,29.394284596489083,15.659767145314717,0,0,0
30.440446950124596,79.24010393071589,25.069823929766216,3.6155190968145368,0,0,1
28.550917551340476,74.60074976414957,43.66920821855238,16.003164733295925,0,1,1
21.457647406561527,90.72122917019186,4.200085726031283,12.834740896280465,0,0,0
29.225108400487546,67.13981112632855,34.07630149433252,13.379032835212499,0,1,0
34.85080775156395,88.9262613322264,34.005484921663864,16.645257719402974,1,1,1
22.10126022854786,79.51910419149084,33.45400084311416,11.476481383778804,0,0,0
27.77494478545605,61.91136061247142,47.11672474675185,9.320070287060258,0,1,0
33.16059607891933,94.01458554639197,41.154376450344024,12.73282070717456,1,1,1
31.111529266313067,77.941533543612,2.0986363121753007,5.959148579167182,0,0,1
30.455236114929022,70.18068989810538,23.554142535225658,3.651942621741986,0,0,1
30.53726125980664,76.42923946962404,19.897652810066674,12.331756761424927,0,0,1
25.392367268296326,90.02502242311212,15.507361054540103,4.676967381709554,1,0,0
24.4038776639674,70.67160935347722,22.566836257704864,1.5983021869321345,0,0,0
32.140417332177705,66.74367387703451,19.20970924629887,0.01108369170507828,0,0,0
32.15170092018771,64.51749364258085,21.616694993933265,12.166388028001343,0,0,0
33.006084778701556,70.4250789436574,48.963093280432126,7.2429756696047365,0,1,1
33.69860828834707,87.30168304640152,4.431648737479038,15.04621941346912,1,0,1
27.67013598291407,76.50692278183416,46.11154349193649,7.503527966262049,0,1,0
27.522744420307994,67.9618561292739,24.011835673551335,9.720068964764534,0,0,0
31.974427684501627,65.81647498634122,31.187112274977057,8.141699456307698,0,1,0
29.749458961666477,71.64553167786326,41.50914833088469,13.011495822186923,0,1,1
30.529503158865552,92.89735305099981,18.023151457462777,7.1227832402993645,1,0,1
31.936890041541517,72.00593494065086,21.521095404398345,19.275352998846177,0,0,1
33.350080127263496,94.58434265841224,20.475924013935696,18.7229397319706,1,0,1
25.069927352773036,76.98306595178747,18.736551126787994,16.960558053145625,0,0,0
25.63374428959916,66.27073714015528,46.27646608234475,18.406005411454963,0,1,0
21.409729097613035,91.18990321277283,41.4464945596506,8.98279376918782,0,0,0
28.67420211494261,76.11243805971894,5.449999493148805,10.728607935789842,0,0,1
20.53913410695113,84.83849702265836,5.4061676238548015,14.84185185116489,0,0,0
26.9839702719869,94.42990541232031,21.39347574264956,13.922918498770823,1,0,0
28.13966952061365,61.75613726119909,4.932868836640453,17.813571912109417,0,0,0
24.298118781924266,63.38430959256485,30.954654763555983,14.326620545133906,0,0,0
28.862498908535162,85.21598595119647,7.184580363086695,19.95769416456921,1,0,1
20.457503749085742,69.86387511534151,26.11866319834005,6.9701159966318205,0,0,0
20.560222831238217,66.45054889325347,0.36099735018588763,16.65995484478836,0,0,0
32.33900840989487,61.37766579369053,15.829817420632336,13.952696456653284,0,0,0
25.402859621168943,60.764634919517064,33.85953618363277,13.827728904300372,0,1,0
21.90590768977827,87.10699610919268,24.20194701139242,6.516711896899978,0,0,0
27.833648900822066,64.70516995793425,48.91347429994941,15.71203584846045,0,1,0
31.54990329647916,76.37022155899028,43.70518980331054,18.007520446951983,0,1,1
23.23731541245265,81.2063885312819,17.95353895215756,4.370969230411259,0,0,0
29.343357137285004,74.99231301990962,2.2743270736137298,12.509936742334082,0,0,1
21.28021197490652,60.94873283176816,42.28131500575094,7.842696582055504,0,0,0
20.775225817529115,87.42255259057681,45.56171551573357,19.79096238589754,0,0,0
27.97031947352222,60.367962858957874,41.03136967095184,9.576656316633631,0,1,0
28.109526824151597,86.66614630321195,6.397497045988243,4.566403475938854,1,0,1
29.5614485224731,91.2656572825843,49.895756720614386,7.637152504436651,1,1,1
30.891370005839924,75.14939723700103,12.92921107763869,13.076767796332526,0,0,1
34.63778119193802,78.74398655842293,36.210245640418506,1.5217874269915255,0,1,1
27.74450522451793,76.69441874161788,45.40174381678608,12.072038404424752,0,1,0
24.84434709411869,73.62230165182035,11.784355716535472,18.62449518357796,0,0,0
31.927792921530553,91.05985873796261,45.4129277338533,17.007255753157008,1,1,1
24.062483768931113,91.28767287344967,15.474078959743348,1.3534707331596674,0,0,0
26.584571310584543,71.75357276245371,48.82066111920281,19.867797574781363,0,1,0
21.17684572013399,81.52744139051443,14.06300101902373,13.974538474077583,0,0,0
20.380261151231863,92.44176467510525,47.67179123789176,3.2456164862804737,0,0,0
34.43972622016888,93.6720474629473,2.6772325446337453,0.24832178338846989,1,0,1
32.53970180768309,77.81356641477166,35.46360058349065,3.425652725843027,0,1,1
30.43961309140547,75.84886818495144,26.605556691850186,16.76351841371477,0,0,1
26.134294166214048,69.7543010574984,23.89385385613653,0.4327864989032748,0,0,0
22.599414801062686,93.56051556166435,11.174715712791999,4.662946072361731,0,0,0
22.346555640066292,64.99850065655036,35.2797894888246,15.146111906697508,0,0,0
23.75364347246893,80.29403516167038,9.540474572315356,11.722210717962703,0,0,0
28.238399970591807,69.88925936315236,27.642089799238413,15.654714207203837,0,0,0
30.718938840500932,69.76529016217287,12.66226815201254,14.923010076535759,0,0,0
29.90296065076597,74.1739005581666,47.781068989067805,1.0120277424360946,0,1,1
24.19900845418914,94.95775275354791,1.4315596917826412,17.85022838188303,0,0,0
34.32297920994791,61.923820739393776,9.986414005561828,4.540636685645374,0,0,0
31.068453750436525,80.24896363712361,12.115530319372386,11.067848804595275,1,0,1
28.31531078767101,62.8900255312347,20.703391288390822,12.885763130555576,0,0,0
29.175811193515283,65.40822904966817,11.636512093502677,3.3725642177019077,0,0,0
26.29400093641685,75.38470296205145,24.567454513439262,19.524625134019487,0,0,0
23.715964842517362,77.86610459712544,43.62327616292695,9.763119121746179,0,0,0
25.339590179768923,69.05773429275834,35.60317107045854,1.1528539119478687,0,1,0
31.367691656965537,71.07599958060456,28.998099026755554,18.745240895556808,0,0,1
20.215902329446337,63.043845708957654,4.450158899133982,11.725356863865361,0,0,0
21.741089607603744,70.61269243454876,34.69960541946378,13.983863959627527,0,0,0
20.69003963032629,93.82954537831904,8.320714215546992,10.503515798684482,0,0,0
20.61093203478455,93.06475835853686,39.318369298084896,16.69475909553935,0,0,0
32.831908760165106,71.72074015479447,12.50283792550766,0.6626692438642179,0,0,1
30.554867890700358,79.97988776975666,20.852436416045045,5.367567305542956,0,0,1
27.11260743630988,91.83583868888306,17.523510115896396,9.392967128053844,1,0,0
21.46751240976502,60.21643379243138,42.94069573374284,1.5320723262742009,0,0,0
27.374238126752484,88.37392496181572,6.327222935670407,14.118133386533165,1,0,0
27.102076561708486,93.19293434761217,28.28224411923943,7.873268281112815,1,0,0
22.598028048650228,63.1964007016745,7.103080472153112,5.453359805362881,0,0,0
26.507774738569594,65.65066901115223,35.23979180660933,0.06757693616824545,0,1,0
25.977571015960603,93.62612059699744,45.25390638972406,14.396606234999075,1,1,0
29.237751470783245,78.81390502741212,21.73038269336267,16.676186177457236,0,0,1
29.526404763014657,60.49688220651033,24.404613013248795,7.900810713629969,0,0,0
20.679560146580666,69.01711995672352,46.371141824138114,11.28435954066731,0,0,0
25.619189219397068,75.74802859941009,26.049569432467855,4.553732518591969,0,0,0
29.387898735713545,84.25181188586687,24.379921902478046,12.443952925602662,1,0,1
27.547043878701317,85.66061323478799,28.91645513521521,0.24274916630401044,1,0,0
32.84734761782484,94.83975295239097,34.4614868181476,9.77287794197517,1,1,1
29.880404474284177,70.06289197843157,5.3441687543515695,12.884109636813845,0,0,1
22.444016406221444,78.83770356539664,41.0555263870758,18.36383546459468,0,0,0
21.058531211006446,78.66632417508617,21.775251372662964,7.626716342445685,0,0,0
29.636289173094735,74.19758408065331,3.6174254948742766,15.303804059620596,0,0,1
20.39766965812433,65.92066628448471,39.309133459910655,11.953740598870015,0,0,0
28.78663371910195,94.21097971143449,18.847498584313605,18.54024225850161,1,0,1
34.10345362137436,89.86610153333051,5.018374754752697,7.967553513188612,1,0,1
28.632112668138184,77.4416559902983,31.688951977162528,6.381906797459759,0,1,1
25.822548893097828,81.11358979394105,44.006567671682085,17.742839973882877,1,1,0
29.649323276635297,67.95413687458819,44.387675470699314,0.9848880281657824,0,1,0
26.873793357372747,79.03254746371114,47.88317374044866,2.727707858673536,0,1,0
28.184251839739026,84.32395465925165,43.3852729883344,1.648088691680889,1,1,1
34.12197213164788,78.0308459935306,0.10704596727376114,16.86219913152805,0,0,1
25.791539567011615,94.65998097047294,19.01205832066951,0.21214846740638782,1,0,0
34.41785845735871,81.39695796867042,40.927128995275154,17.23314310994096,1,1,1
33.58025962934096,72.98407994072592,18.31265029992371,9.025355907425336,0,0,1
22.936867021839447,87.02532096655433,30.077425318985306,0.08050557707941497,0,0,0
21.040419513127482,65.96618790535747,30.3158473687266,8.032903544240837,0,0,0
21.5116700206614,73.45805347971933,18.251265201941152,3.7360168209007116,0,0,0
20.273327384773246,72.1435632632155,45.22369636406438,12.488009749443261,0,0,0
21.416644411338925,75.1132483287722,25.16141726930588,13.58717579843293,0,0,0
30.245101601245352,87.36229390750542,23.23921029687504,9.750551408099996,1,0,1
21.067829726903433,76.94605612571925,49.87568728309479,0.8103905087933994,0,0,0
24.78463445440642,87.7905057593087,24.675018203630835,13.122576087344038,0,0,0
32.67312966454182,80.1771116098953,8.919912596429052,16.840775672110425,1,0,1
20.349079036037388,71.97243021301443,25.653471143171902,14.40648554652803,0,0,0
32.217027238834035,88.34925602892153,40.7008367759965,16.59915837910637,1,1,1
24.227821621601,68.34013846935821,38.84301634491407,4.010190471017749,0,0,0
21.772472414324845,67.85340429299285,39.42908825542355,17.777758793129653,0,0,0
30.45105748046226,77.65760234191924,35.40118919989559,6.443869012959256,0,1,1
29.43414270169826,69.12972360867312,12.71089145333441,0.2680962850398205,0,0,0
33.1620802029058,60.31804622329257,43.10420429201157,16.867832926581414,0,1,0
31.026065657058286,82.69041345545806,44.67217326881325,18.836425379294536,1,1,1
32.05221395577273,77.88828375153393,9.707634830927454,13.111163948346976,0,0,1
24.2305185885696,75.59312350726064,6.522781827569696,4.628732609268493,0,0,0
22.661593156695844,93.84389801164104,48.780248429455604,5.034889285650608,0,0,0
31.259221274612877,79.99197143870198,43.41619818251839,9.33185746871239,0,1,1
32.10252108900896,90.22010522262846,44.661807360497335,17.95662159202839,1,1,1
34.8575771300101,64.88075826718061,44.318819231219756,2.9919531229511676,0,1,0
26.189265153671396,79.92222620952997,27.084341201686417,16.519473391669738,0,0,0
25.580271286891747,90.3792869355816,32.320086833289984,5.826056174103007,1,1,0
31.646194411129954,80.40870150479643,27.268142606682083,16.17172338858196,1,0,1
25.11205310379527,85.13049623444505,2.5603174595164537,18.405423952030773,1,0,0
33.96135988405347,73.02152487342725,37.275154267638634,8.549877439886405,0,1,1
32.87619127764518,63.23573309629733,25.266601666794013,7.301013082110616,0,0,0
26.434910410625275,76.0265103294475,32.38545373951149,16.044426379426035,0,1,0
31.26306601687246,73.80677867936001,25.131990248776763,10.589657647587881,0,0,1
31.318143111270235,90.34710638326315,24.590566116122798,13.688980969263941,1,0,1
21.54685803253899,68.53983558233654,8.589455473888341,12.45658473922359,0,0,0
33.5382936001935,93.83569796372879,13.935685757057447,3.0577769128959265,1,0,1
27.578785586717856,93.53483419315737,7.94263459719779,16.895807205791233,1,0,0
32.39686199161612,68.66710750750036,9.783314781267121,3.915502228262724,0,0,0
24.800744015459177,72.18181844170621,48.648869021015244,18.645642881415615,0,0,0
33.432848427443005,91.34445093058598,7.655672288609922,5.011425828442957,1,0,1
25.838025181012448,93.83177773136376,13.463521215260382,14.677619465474837,1,0,0
20.162564772204476,75.52036859926154,29.529482886929248,5.693107869871841,0,0,0
33.58072964628896,71.23489659743143,30.508928811832092,6.355708171737278,0,1,1
21.369300151792004,78.41329046380397,7.698706487191453,6.200037055646106,0,0,0
24.789704563856223,84.07192222280072,39.68587128926062,14.957845080521665,0,0,0
34.25092950576207,69.5716080381243,39.26014339564125,11.136302359387862,0,1,0
34.25910720406334,85.77656111166755,11.865885210194554,17.659049116949944,1,0,1
28.601568321849292,61.80800749901243,14.433315133773023,6.147454384080897,0,0,0
29.47755818254699,61.725307246754575,46.89939327297485,13.839850441134887,0,1,0
26.726682829674797,73.52006968009408,41.2835722989739,15.058971993262213,0,1,0
24.39816157547097,72.37156172212522,34.88985165312619,3.0296422605991635,0,0,0
24.92996818054874,71.04716253785033,4.1116610755300265,8.011787146396223,0,0,0
30.087776841155577,77.18569169341185,20.913204045128786,9.656349887008222,0,0,1
31.2856179415652,71.22567538090499,27.96509360384135,7.113747797887486,0,0,1
31.873685655887726,66.72902714638322,9.370564399188847,6.4422519193827625,0,0,0
31.84427214191831,70.83143421810104,22.411329105411227,13.728397879952839,0,0,1
21.368091545730355,94.12164954835822,30.0512938744345,4.317327953189771,0,0,0
27.41630457053872,74.3889695948197,16.368834005769962,14.187814905022575,0,0,0
20.863381400249665,75.56494719004175,39.04724094752436,18.700883927814612,0,0,0
28.242933234856032,80.1790746482899,42.022479081940276,11.303950423555023,1,1,1
26.622957520600657,94.41692689449793,16.18047347170354,12.228684734789482,1,0,0
33.31556274137449,68.4560446752517,41.932857724622856,1.3786540424817817,0,1,0
25.263725188281178,83.84487386863518,5.178828305150751,17.289538072356564,1,0,0
21.756005246414087,85.05946427396034,41.88645493113282,5.70895574399731,0,0,0
22.144875230792536,81.2563545877573,7.637521583380829,12.301023310571297,0,0,0
31.42265947576208,63.10024188728254,4.146357625486302,19.582243394896047,0,0,0
29.273270949743917,83.69052965396517,32.08877022205056,11.910052011456155,1,1,1
21.516840141841854,62.24331488626614,23.596868287764718,14.494189749287552,0,0,0
21.26160209172496,80.86499273424639,45.39453002064164,8.906392364475037,0,0,0
30.5145369718868,85.885341202761,18.15945980454246,1.2073168703011472,1,0,1
21.091445095462902,67.38394617169827,14.357613171881434,15.95198698979577,0,0,0
32.32790088935534,89.4567702639971,25.03674530720992,0.6999768252797134,1,0,1
30.593633407347443,61.06238319365515,22.797309288433066,14.013156577757082,0,0,0
21.220231709628496,89.53345022804072,17.221402310859414,0.45843146299273885,0,0,0
21.272565711277878,76.11151677249677,34.68706493491643,17.24610473153341,0,0,0
34.799593677517635,67.61557789760755,37.97809169569541,3.1527207166596116,0,1,0
25.614061936341805,64.68223507478888,42.649198451506834,10.285429908851022,0,1,0
25.559632206003364,93.36575086538303,48.642830235517145,11.943014089662947,1,1,0
32.19199350886254,62.543295565340486,13.332809606625224,9.150908147468241,0,0,0
34.208728660757885,66.96826969775739,35.80467412449808,6.815269786977744,0,1,0
34.790015957343066,72.1737821601566,19.712911774787262,9.356285923619435,0,0,1
31.300672778884124,81.70821971363921,33.85409859755541,6.228315077623174,1,1,1
25.643893782963737,79.06803798466345,23.799084517461015,8.762446941617263,0,0,0
21.25251075048003,64.397522234431,49.688655138396584,7.178259819960613,0,0,0
31.65720373891155,70.14047943083752,36.4451067895375,11.324096470142905,0,1,1
28.376063746037076,68.35631198801084,47.62456502171622,4.7584832448996695,0,1,0
26.363330138704644,67.47399990716195,41.748477474059285,19.77313109828025,0,1,0
33.59531577642104,74.39005177679955,45.145050558168556,10.01739906764331,0,1,1
21.66796223459227,84.64110084070799,40.72095986073375,3.8832415482901927,0,0,0
27.389376564362887,67.61085262760326,22.95795651879557,9.54133499134545,0,0,0
20.170304671511285,72.83376078960436,12.58942266734422,17.328302590496484,0,0,0
27.029909629911895,73.68210993944068,18.51600877252611,0.4361358624879119,0,0,0
20.84454913522756,94.17597853023935,1.0118116319975223,13.591082382145776,0,0,0
21.782268744021078,93.41332249076741,26.19965837323336,10.95935593587856,0,0,0
21.762893701656573,88.00481539632266,25.252890013520435,3.3911598874027105,0,0,0
29.738154531740953,68.45806222867148,26.26252324152441,16.349528786098414,0,0,0
31.19067318898135,62.38130599320844,48.70156124860319,7.377692447480113,0,1,0
28.750531476457397,71.09164482022186,45.57270017274197,5.876040576310149,0,1,1
34.43258822711813,69.33780923018408,8.085638916505399,16.56250383713802,0,0,0
25.62305869285556,77.70740300512378,18.444126077794458,12.770500923833293,0,0,0
24.28568129422791,87.22047685237276,21.197808973163095,17.965181673496488,0,0,0
33.0289869228419,90.04130286076003,18.026645892582387,12.597674073423988,1,0,1
23.35393757779179,89.5702429893678,39.92479818019565,14.816353158642306,0,0,0
34.44833809160917,72.58864464280737,26.201883493379345,16.728917925192256,0,0,1
20.182317120347246,84.0532020211239,28.604990848581252,1.0947927181987382,0,0,0
34.548182400614586,70.9491969133477,42.650677949396275,15.520979177387606,0,1,1
20.647398679258643,62.131694013231396,40.296407670767934,12.274129636991535,0,0,0
33.367146705471065,84.55478429610298,6.610576141014985,1.3901559303038646,1,0,1
27.915516636294498,60.34396433994257,35.69572920418172,10.171558437374301,0,1,0
34.894471941789504,74.3213905610471,21.771806445101777,1.6491615596790776,0,0,1
21.106948471030982,71.52827442557265,14.732445153125024,14.718944034464448,0,0,0
28.30781426601981,84.26821384815983,2.5009410451093173,10.930034277957661,1,0,1
34.53953803428649,86.81859154661326,24.362478017272547,19.071470748245947,1,0,1
27.846467662552232,70.64331225899494,17.77183403622657,3.662707431435397,0,0,0
29.440979572028937,88.40694550556987,12.575651983820041,12.12066905040757,1,0,1
30.436230334769256,70.28708661767268,34.73358647984788,4.231642691409827,0,1,1
26.818115971516598,75.62142259952964,38.47426936577935,12.281299694547966,0,1,0
29.41337120126095,85.44564844549468,12.23947595147124,14.452994047217128,1,0,1
28.764714678846502,84.25220802286759,2.4723718339673626,14.446086586590772,1,0,1
33.51737015736484,94.557896530927,42.43763502826175,16.301479813652197,1,1,1
20.681695705121868,67.88063584755761,0.4979870602151659,17.071004559166333,0,0,0
24.214447843883455,83.18112697388538,46.8556246960736,1.5454345253435409,0,0,0
34.25617226114838,81.3388667896522,31.380993699135296,6.865343141448081,1,1,1
33.35395675836374,92.02844590715105,16.092331760066013,13.742450407196113,1,0,1
26.834851291785693,65.47267495757063,12.32389547883681,9.971725747824243,0,0,0
29.30198896702305,86.31293572554266,0.4502832132237622,3.81351893509583,1,0,1
24.16071774471699,79.88940156940689,11.773570850543857,11.05419140333396,0,0,0
22.82181739585642,69.61330544257669,6.886415075857055,8.148713055322876,0,0,0
26.95547607409973,76.6052219951511,30.608311036157282,7.8007655530861015,0,1,0
25.30028342039079,71.68218089744292,8.327279429690066,16.195074348713277,0,0,0
28.754841677763082,80.27596909759613,26.431491876830965,8.151966676643625,1,0,1
21.166019554474772,91.1150213785133,29.50582111722354,0.5290901096084832,0,0,0
34.6159221149925,79.92567445442707,14.902084917345725,1.1612667778218255,0,0,1
34.79316116719404,82.11028464143044,1.7532474509359353,17.124880833832407,1,0,1
30.47242571029618,78.15617464901483,1.862694030709805,19.212016200250424,0,0,1
28.041445495161806,61.79079272559166,1.3173666096958803,13.768186729114152,0,0,0
24.642914244294914,68.15004949066329,36.95623335682731,7.287365882001604,0,0,0
32.20692529560423,77.2200605301229,15.900485240714907,18.77200631589455,0,0,1
30.27096758830819,70.85823493106467,39.81500929838318,13.256061727514716,0,1,1
22.43925409017337,66.36172592164179,21.58664119214246,16.886670983986754,0,0,0
33.663907767407636,77.64464946714534,22.64990504149819,15.317046080740187,0,0,1
32.33805864384753,71.29834277067476,25.644130125478686,7.582786315451848,0,0,1
34.246998699378864,69.03376751106951,35.6515728187552,9.57404401701571,0,1,0
30.8857926258254,76.23948961041333,13.675143291485353,3.72264308736199,0,0,1
29.201227939036848,64.66494903287607,6.079367476676345,5.840282008814681,0,0,0
26.273645544359283,92.47110065763925,27.802866759573075,15.562513225730434,1,0,0
33.9909272503102,90.36957342717336,16.348881162136962,17.879567837662165,1,0,1
32.990958342506126,84.76672050091874,22.12456568340187,14.489208465028236,1,0,1
20.678280051592843,63.71748396559597,32.34733541686527,9.303473933132766,0,0,0
20.39550461745878,87.15570390643926,24.70628705706353,1.7301853787949506,0,0,0
25.646950503170743,88.27850648381566,31.013940855042144,1.1389589739689643,1,1,0
32.158299961727494,86.87176162000182,27.21000010568139,7.4865112922570765,1,0,1
34.80914193972417,63.98880604917344,36.98981859680496,9.276434375353261,0,1,0
22.256253366552922,82.53677849737176,35.296830885581,12.182412444265937,0,0,0
28.911960730282026,89.20136785122895,26.70949459043096,0.1297904277399442,1,0,1
25.713362849465323,80.20736904268837,33.945151042985344,19.794457809326126,1,1,0
34.548715967219046,82.62425813298312,43.67798011363064,7.278777668080858,1,1,1
32.63178384703563,76.04272177992071,21.61356438940843,16.96189327602243,0,0,1
32.574930570667064,78.50475619594184,20.638153637439682,10.699334113308087,0,0,1
27.030397396924556,61.20319004231038,38.212281042619004,2.6087890906669298,0,1,0
26.222292535064977,82.36370576906496,29.1276918520997,15.951311050690437,1,0,0
24.101106078960594,62.85065245119057,3.5503390111294273,14.196541498397522,0,0,0
20.845632449763908,75.22551080190782,44.60560078455407,10.54872169858456,0,0,0
32.9708356438258,70.24292841835927,1.5391551118820068,10.2910618266756,0,0,1
32.19351513695116,79.08997825740995,37.41981781048715,1.7495921150185612,0,1,1
34.99576509929196,64.66957174331225,37.93970713521564,13.116978971477483,0,1,0
34.94955255610858,84.20751906906614,47.65555426409652,18.224903115085993,1,1,1
28.33147558403941,87.82540379249646,2.7067204201160378,1.8648983844271672,1,0,1
31.534811227707657,65.71740574101048,29.842843039224547,5.270229012978098,0,0,0
34.17148594823642,63.650958057315876,21.392028531352647,18.046159468841974,0,0,0
32.74471086016117,65.09304189755757,16.5316477429771,5.686878196395866,0,0,0
23.710221526147965,90.69946466644757,4.515928014953651,13.078873443598527,0,0,0
26.758162029651402,78.48662416147246,28.132705983565458,10.696363298862883,0,0,0
21.937391227272425,76.35413486026259,23.95203628373068,11.926552100077242,0,0,0
34.31076540888083,63.7349136685824,5.227722907551213,8.315778031545062,0,0,0
29.0926195167632,82.73446023649366,30.62447535485417,5.999829411074222,1,1,1
23.42964208255194,90.37998571632815,36.89765601264693,0.9706690145933794,0,0,0
30.075510266087853,88.98650542632086,38.363915052682415,14.885618785883283,1,1,1
29.271923606868437,81.91191481432804,45.26865941312137,14.921869243884537,1,1,1
25.37244077049261,62.634755082808574,20.47353709443886,13.414514801574464,0,0,0
21.703363882994434,63.93389595116045,47.65363843110685,12.872675762392412,0,0,0
30.073597933891996,61.725814548843864,43.2714702541343,4.874342643350524,0,1,0
27.8046155135569,69.01177257723643,14.825078551196953,0.44689867532582417,0,0,0
31.58477587603459,64.74815135061323,7.964151867472924,16.174307937708793,0,0,0
27.8024525166799,69.10168140883519,21.76946980640067,9.822770713916537,0,0,0
32.7827225047781,73.47703195016366,20.09493539779833,6.136762614052367,0,0,1
28.278602581617285,93.00439744248975,28.785965266560215,2.0386381356114014,1,0,1
28.414069573030794,81.36316209235922,29.1693116163874,1.254431818027768,1,0,1
33.14980403987518,89.22408249890368,37.49934921899876,6.977334435903546,1,1,1
26.052242993185956,84.86230252493164,25.49449741028051,16.09474129533881,1,0,0
22.01022842675961,63.93760956843211,5.241132047038278,18.37447498667661,0,0,0
20.431740144700086,85.75721422308821,42.9145667776553,17.935027292261296,0,0,0
31.327058835104285,69.62846085456935,15.488229159259353,18.4000166949931,0,0,0
29.30464327030197,82.36877464481472,48.5648730153296,18.154506862586853,1,1,1
30.561196521488355,71.9336690775046,5.893005433988508,10.544495032007916,0,0,1
23.194462422633663,94.91852921426307,47.91255861162516,4.388312771138077,0,0,0
22.045572133801546,69.22430178238723,4.550590344125849,15.960931656736408,0,0,0
20.21816998501823,69.76956647709943,11.551806897352973,4.27425949705158,0,0,0
25.258813382098957,92.57352894468394,2.3289971043270796,5.344145535131382,1,0,0
28.848765302819494,60.862554162271294,35.25565733194975,4.665086436450969,0,1,0
25.883660676495985,84.3841145755619,42.51493682858959,10.299648073916117,1,1,0
26.562123830355937,85.38642367575574,21.70355409079902,6.4365501633815985,1,0,0
33.562380417406224,89.27325020936398,46.426103752121485,3.0831209925068292,1,1,1
25.223832005349507,94.10537587234663,29.514953587779978,9.063468237877647,1,0,0
27.709842337397163,94.14606717048284,31.50035677232616,17.47814477570334,1,1,0
31.754795191117147,62.284686514826234,42.270960085038496,11.411057098999445,0,1,0
25.948141734819053,88.76437629635159,14.840010252591945,17.56671211775174,1,0,0
29.331300503418102,82.62084767800835,17.71328606638129,3.917443701582748,1,0,1
32.93545563120118,82.6569747030582,45.29759595973222,3.33947747345108,1,1,1
34.24280935486463,64.49224743151431,45.04817480193819,11.511542513968404,0,1,0
22.20610221393557,82.75655082559787,48.82413881004354,9.26657803092546,0,0,0
33.89881437742242,94.38689032104367,45.09191582208356,13.203452832939139,1,1,1
27.38174439619307,91.91364993388063,6.368601801668045,15.892535820535631,1,0,0
23.873665824484377,75.36957312816978,41.186214306849365,15.026145913043528,0,0,0
26.887036343573918,61.3981790650133,20.4919239054797,18.845223473171224,0,0,0
34.700488629282155,72.68027215000717,49.54006779729689,7.965128183140231,0,1,1
27.389271409893045,88.92366090601944,23.614048216440054,4.127734844963616,1,0,0
24.931274154312625,84.55246855128081,27.69180412511103,11.018252798957715,0,0,0
29.501012814750887,76.07702794578847,26.488745762839926,2.214862403823712,0,0,1
23.602184281672898,61.92855373055909,16.08685149291389,5.777022466632628,0,0,0
21.13794992162996,74.94131547381559,3.7511044446459083,4.157761105262889,0,0,0
21.933195828659738,76.41587289012593,44.782561520095925,7.931274335941618,0,0,0
21.920687584366586,92.49944365129477,40.133790626314344,2.2243315000443076,0,0,0
22.278540402684413,82.43801362537559,6.976339027983464,0.636834890961957,0,0,0
22.082407589741152,70.90785208291271,38.83841356750364,13.135880092600637,0,0,0
29.613121172048217,78.38613925577525,31.2923333025305,12.204979565796098,0,1,1
22.728201265987174,62.3119357737756,20.457189395881116,14.167178720773224,0,0,0
25.18500924985795,94.03988824774079,12.701057454778136,13.207728805426878,1,0,0
33.45182614859018,72.60209656757542,42.98643917511163,2.28589362284767,0,1,1
27.109424603943086,76.72535742195976,35.009412964702655,5.8215776275129265,0,1,0
30.013366077815405,72.43493909829229,27.386995473456842,2.5905321980070473,0,0,1
22.584798068024448,83.887910554067,30.478426694923204,16.859448040971262,0,0,0
22.88433528213006,83.17812554153576,4.553309104109049,14.938073107110466,0,0,0
20.613029243997183,85.03628086851975,23.695988045559595,4.030540058364849,0,0,0
22.53402594608247,69.38501303641723,9.6850146392851,6.826184809797868,0,0,0
24.17885508547938,71.04839684074231,10.419183950441269,19.332299845284282,0,0,0
22.655157264151203,64.38379308836728,33.06519811434334,11.88318715759303,0,0,0
21.330538006355834,82.94284901461394,45.5628075917144,16.023111946023146,0,0,0
21.809538066509013,61.39289945674784,20.187830523917327,5.291820695374582,0,0,0
26.911681520490887,80.91888174332107,10.387463650609519,4.201058403586105,1,0,0
23.095005776086886,90.43935596980718,32.43734686183271,15.678338576930969,0,0,0
25.46404791572113,91.17912519013717,43.55935231751589,13.717449104628802,1,1,0
27.551259062822854,75.71632161294866,37.41594005612454,13.619558584235275,0,1,0
30.35592242944048,76.07562908745759,43.43786152682936,11.052691636583878,0,1,1
20.589682097616485,62.693921405280605,26.827733550539968,11.271566855530978,0,0,0
31.99115598363564,83.47677589050625,37.59381221845955,14.713950106125075,1,1,1
29.418505842363615,88.74407971304959,7.003227967946824,5.400049622423905,1,0,1
21.22638547923308,68.56292691116495,17.413730768159574,7.055369317139116,0,0,0
33.10367936160166,74.74553085716776,19.477458224076123,17.4327354104011,0,0,1
33.8130860079772,89.35937678678447,25.56478731230173,6.177304020243155,1,0,1
20.916169397822955,90.69921636818009,46.45381801284118,10.92619142758598,0,0,0
24.153164722208054,68.5112993092479,43.714828011108715,14.052789280133682,0,0,0
32.09301919689592,79.26997220894775,6.726274614459227,19.99849653666353,0,0,1
31.223895355754877,66.73726027225395,8.63948259412316,8.705826629906639,0,0,0
22.76781529034566,63.56575674488448,17.88202747944557,8.561857532498875,0,0,0
23.140239850050655,91.8892175487185,14.537193294533695,16.85176758867335,0,0,0
25.55708154187073,88.71776264812382,30.738547657813115,16.110062225197264,1,1,0
27.26784477786532,86.60122156311108,45.13880238822725,14.62151763469097,1,1,0
29.27382157295444,61.70682115845992,48.11457708362934,9.264592748180577,0,1,0
25.533704593546588,89.53050774485901,32.680147626761325,6.478782403214316,1,1,0
26.938020741997217,75.33154265668843,41.90796007005434,12.174609651696972,0,1,0
31.21206407200635,71.98382931535508,26.260110011539854,17.52446586263282,0,0,1
20.55024804335897,79.12667263588818,10.416347343001986,17.67554916417173,0,0,0
23.78655416516031,63.19736349532445,26.23442060467387,2.1699669014087686,0,0,0
30.70024378826829,86.48262922733396,27.754130071882553,8.567005676263014,1,0,1
33.42810256530799,80.38522769109036,37.122878210677825,9.294439123974989,1,1,1
27.67516163173499,66.53065339056086,10.994149485367455,19.552307350475065,0,0,0
27.981702278979736,66.5881269919166,18.415519104336585,13.55996030485169,0,0,0
21.60758017009664,66.4487028050436,18.201373460728316,8.14492834524141,0,0,0
26.711185502351817,61.99508356431769,47.971979787058245,0.52115771971186,0,1,0
27.98925899682535,80.57294572800896,22.197248016335948,11.30770320198392,1,0,0
23.637057554520943,89.41218621559779,37.75469836490733,1.9215195127671225,0,0,0
24.038648464240715,60.6124374895586,37.54056906872195,16.68899914695526,0,0,0
25.65926244656934,61.715162573994576,13.277209240162069,15.050373211407242,0,0,0
20.301067966665897,80.0469596840431,28.593484468586606,9.210183198163575,0,0,0
24.831187483747676,88.68234898851183,44.71514466593241,8.584215590833995,0,0,0
23.17172010494817,71.43586116990218,23.75988597284747,17.946779311375373,0,0,0
24.912460282668718,72.23650395827028,47.2558753671273,5.769167008362568,0,0,0
21.79643197728877,80.87212741238716,10.72291146620808,4.980399242135416,0,0,0
33.35790921109842,69.59745111934515,3.7079552887015366,18.783948656515243,0,0,0
28.90388680331073,60.931292812718944,44.572693657237465,16.184916735069653,0,1,0
30.186534787167346,85.73299813355587,42.384059898110834,16.412511861343894,1,1,1
31.837568579110076,81.89774695295085,49.62949379669224,3.9038762855185105,1,1,1
27.476632983935858,80.32645996694806,33.969674405621305,2.865919828618688,1,1,0
21.303804321311354,85.9589445147138,46.834396333357475,0.520590996342698,0,0,0
28.056598127278217,83.6330793146713,41.347451254205545,4.740830178373601,1,1,1
28.802616770313186,67.20586958624123,42.22131665600434,15.483809834286495,0,1,0
31.18159211276495,72.33683664301729,28.457078522713413,4.8007683752829955,0,0,1
26.47489319344519,64.41385495875187,19.118229895835544,14.582065671897524,0,0,0
21.913704541933456,64.54499546962583,46.72790362716409,5.0381653073484305,0,0,0
24.256638586980866,83.66685112247887,21.605858780794723,7.905849959013434,0,0,0
25.446234445979528,90.05100374438743,26.940968362483453,19.663245798228168,1,0,0
29.688758619974017,93.69564043513986,22.305715356259388,4.896234625682712,1,0,1
28.56167457003368,81.99214911423056,28.240915698009854,7.527412545965353,1,0,1
25.341450888467694,66.44354631763349,23.52525394961636,6.0217436093042735,0,0,0
34.79772873189469,63.69776209071257,2.398377928973794,2.1924997266000457,0,0,0
29.086622290353308,88.44978400378652,44.102409300384934,9.797882842616499,1,1,1
23.558401876039916,80.25647667259997,22.21969094578849,7.5738132666600455,0,0,0
21.526737089306057,81.63997573548019,29.447182425367437,13.897741716145601,0,0,0
22.29288708776498,87.35117310641482,6.9593901378993515,16.351890939030923,0,0,0
23.68936592576762,84.6147029706358,0.1693923991319568,10.88499428991277,0,0,0
22.410220598893336,89.20603884996339,12.264504682182148,0.6439284417467372,0,0,0
22.798505360769585,61.96748669109574,35.22930160666751,12.378447124694432,0,0,0
24.276427530407705,86.16322228612768,4.95972650564393,1.1078146004187839,0,0,0
22.60060392942132,89.77984650627334,45.444372019323396,12.327126471980499,0,0,0
33.451481369396376,70.014726486041,10.75112846780923,13.70059898538377,0,0,1
21.203506184924635,82.41565458976385,10.22968071458879,3.9553525523503685,0,0,0
27.86767084355382,70.99567223429402,9.075398081074775,16.38692297443542,0,0,0
26.155952404844925,93.5289873268859,0.6990856485682373,18.221702631480973,1,0,0
34.735679253629094,61.16982503524263,38.59027342391173,16.261739282276395,0,1,0
21.680583532520785,80.29274953415343,43.751726562262924,6.102183804241643,0,0,0
25.967833985686124,65.82762414673303,30.708135130809943,11.732860248912688,0,1,0
34.54205649913053,84.92770718120056,9.409999083993114,18.296302983824553,1,0,1
32.982606888409705,66.15615991965318,14.263899847043987,6.413294524456998,0,0,0
32.2560810642392,68.23841416644251,23.796334868248163,16.4005564453085,0,0,0
23.8685424056741,77.30297838660154,47.71729758116504,0.18950262523393047,0,0,0
22.563313810850985,92.01922324989073,12.36756859088714,0.0729340556935254,0,0,0
30.029648298866466,67.41000302517898,36.582295195994405,15.194233206779348,0,1,0
33.94063983691379,65.04840073913363,21.972411164646015,15.228951642542423,0,0,0
28.351443395208946,86.56418911489106,14.89236741800109,15.779543757045875,1,0,1
28.574190342048496,77.52168363168758,22.79579685110569,18.600536757763248,0,0,1
24.199686404904263,91.912478933362,3.5603358770616267,2.3581262364056843,0,0,0
31.542393997879053,65.13150950059448,39.93436854651812,4.639699699673767,0,1,0
22.80565622836285,82.60747625580638,12.165096399148357,18.074498407476153,0,0,0
24.855188546063655,68.15077011531352,36.27060615964852,3.544723955447069,0,0,0
26.38154657924625,65.48661500280738,3.417418572409736,13.64458535153168,0,0,0
27.614155680266826,83.92002953050446,47.7549278082843,10.609260000816308,1,1,0
23.636145986226204,80.77896169680567,9.65074927028493,1.663873537030145,0,0,0
21.722552371088053,86.41896104268159,44.13710381035402,5.705273238830657,0,0,0
29.159300636624486,70.83119017561638,40.47366048077172,10.407444328819357,0,1,1
24.329458298603836,75.67900797337664,48.3929962040708,17.04700233367668,0,0,0
28.718573321339186,74.19150867156465,23.89453304728748,14.150769792293474,0,0,1
22.315440729113035,94.44313123882799,36.369864692297575,12.43766322909866,0,0,0
27.217101527822262,70.22871348587857,18.5355328518892,9.920657798828296,0,0,0
27.98884148827379,70.31860334213684,9.218411900984691,5.973679676282686,0,0,0
20.777353052336405,72.40918730900125,22.15379664667244,2.3848982263852236,0,0,0
25.049064172908807,79.76079284516125,8.287450769422744,8.18152069132191,0,0,0
22.016220154084614,68.83129604923109,49.102231139319194,0.5703698782258515,0,0,0
20.950624557091515,92.03514791327459,4.812324557035819,4.221117785337012,0,0,0
34.84940348584918,69.29899477031923,29.46058617263102,8.649667517453196,0,0,0
24.835307674620843,91.35355060460681,31.323192762702796,8.372103713438301,0,0,0
32.148116687819524,63.62162722763046,26.90397714370271,0.885908619939848,0,0,0
23.819609821456456,82.97969458398782,33.10929428559168,11.781203070505825,0,0,0
30.22254083335894,91.74449314533854,5.8090387505945476,10.993685117064725,1,0,1
31.403417898345296,65.90623034393803,27.750926210264552,1.5620860804182568,0,0,0
28.934581109117666,93.89144360347393,14.360628556368077,18.863261049208788,1,0,1
27.073642828252375,75.85091761454291,47.00880316505283,1.9876555790172024,0,1,0
26.177613712209027,93.10002879543586,38.10358267198629,17.09668302474672,1,1,0
25.23302399814493,83.68870152705165,48.62572410798713,0.006194638300118793,1,1,0
33.94293716371739,70.55554044557431,1.8778034870094773,17.645621900907663,0,0,1
32.45929111681593,66.59058837209872,14.256658759035435,0.39439464408625113,0,0,0
34.47540365999769,70.63072661787848,9.77112933191745,15.15624063784232,0,0,1
21.864458352283172,63.25560932419363,0.557729365591525,7.233816226005059,0,0,0
30.963012128054665,65.03537882201654,12.116286512316071,14.764336002726397,0,0,0
34.07510685231557,63.66311541212684,33.93879917602145,8.03490410849957,0,1,0
22.718495992484904,74.80302403095452,11.554446106728427,1.4181584466368347,0,0,0
20.997444010501663,87.84524316901553,25.45017227413091,15.350133907907281,0,0,0
31.116809739350884,64.94842439757191,44.390905748249935,1.4250537064272994,0,1,0
28.617096697698678,64.56121516103175,34.68789601745376,18.44240871922436,0,1,0
32.62743165137408,82.52001323310658,19.731453495301597,1.0194807158332275,1,0,1
22.096585649394342,66.90140436888233,18.623446945605416,9.586505555430309,0,0,0
31.929009677898353,63.4163513338147,22.786790700424238,14.460688617015913,0,0,0
23.024409800716167,65.83970023719522,8.852072052995318,7.864929295840755,0,0,0
22.454839142985566,92.33059885568716,31.700038370799405,4.344669491848694,0,0,0
22.463986968964896,88.75149384716667,18.207640955230275,15.181819227920542,0,0,0
32.21862080347073,72.39225968242829,42.618267463102185,15.685894095774529,0,1,1
29.977958310443,82.95372685645874,37.82763300289081,18.453899679087343,1,1,1
27.84598137153679,78.80464857838133,30.525658204608003,7.523302208621554,0,1,0
25.382457261852537,83.69934922188973,18.210111132475802,10.125034689946537,1,0,0
33.158008112196626,83.89349033619658,10.49659158367422,7.26256885692144,1,0,1
25.88667661133953,82.00569052709974,38.807593205281144,5.141636437027364,1,1,0
32.24899159207366,69.31354789880581,24.320454949554325,15.020659230752171,0,0,0
26.587023628553276,61.365224726698635,11.237501908867875,6.793036900339109,0,0,0
25.65416644137361,75.94483736965381,9.75873075200031,8.56298883984704,0,0,0
26.940196785044098,91.18408596417464,8.270045225067951,8.073473152480556,1,0,0
24.520668112462133,79.93240404815016,38.85805981027975,14.253224512934917,0,0,0
31.214140702643768,89.13368645956677,11.449359265015586,18.355912522213597,1,0,1
27.540805851387187,94.70685200364298,26.332113176259874,13.335121226147546,1,0,0
23.48319042720226,65.72656714483966,22.577318048652824,9.43165192188465,0,0,0
33.49361859911853,84.21221736996938,28.980544961414196,15.584102294777669,1,0,1
25.758368320598173,83.60027507950086,43.85774501855971,12.81942648244275,1,1,0
28.15329291670983,94.29844065753974,43.38736950408653,1.2122071423562697,1,1,1
33.597081664468206,94.49602568834801,22.553803591242982,1.913271728376833,1,0,1
29.36356993870988,84.03375141034454,0.7683125367361654,0.7583388814726666,1,0,1
21.75347061062546,68.5265177193768,21.32219028571516,9.136326524126396,0,0,0
34.09748185420213,87.94945433457096,30.30967687120702,16.517068686779297,1,1,1
29.415620796071266,63.74601969738633,27.88823795490309,6.261663387027041,0,0,0
25.023584219856293,87.324475646007,32.56680529001027,7.6832036618496335,1,1,0
22.08908108995081,91.85686434506437,7.7037866236541745,18.189542167357814,0,0,0
31.91037783905444,73.39916881689524,32.326754939036626,16.738068906333098,0,1,1
29.301091338927705,82.07223532440781,9.132580937188612,13.3009622476512,1,0,1
28.001916379644825,75.05499562338892,37.52619903483745,5.336075641845026,0,1,1
33.40838874576436,75.3217769245845,16.954380663134,2.34082965376887,0,0,1
31.82895816836796,70.8629811187842,35.494771669072676,0.3211764536022743,0,1,1
22.275123195991267,86.67453671576136,2.3932799453053546,2.1402134520884175,0,0,0
24.675831016933223,92.76617974582769,20.39300127954567,5.851928872478855,0,0,0
23.727337097216985,92.92628007320613,35.25172611316664,11.035801271589914,0,0,0
31.159194388590155,66.11734497062268,11.343525816574706,1.2800016550477378,0,0,0
20.50298652103669,90.6160277379798,39.764352239861125,2.72455556636898,0,0,0
28.54834527306975,85.81010044994927,31.5389866552466,3.621614046158821,1,1,1
31.43688028611036,68.84930902416012,29.378088607489914,12.639641859666124,0,0,0
33.15148455142624,62.35496145225301,17.677442710216855,12.315795979602488,0,0,0
25.131226230738612,69.37990434095323,24.12257351905588,11.015314527443058,0,0,0
32.31885957008019,91.9272882873534,29.867465048892655,5.010028493918792,1,0,1
21.65947605432811,82.16125362135203,23.623105695744524,7.42239382437464,0,0,0
32.696784376017774,85.23691313142551,34.915666197028,1.9337943267548607,1,1,1
21.912329934979738,69.00033228881836,21.68484665534798,4.529212075161098,0,0,0
25.95930935840551,85.17858544511871,10.113659087101517,17.95410452945161,1,0,0
31.959430486693304,60.98425271972733,10.696689140052362,19.593834928716568,0,0,0
22.24876141023161,73.13624710205548,0.29018844214705464,12.953191712805893,0,0,0
23.43877092848962,81.9363671989816,15.047885777933622,18.336465840468403,0,0,0
30.833788525895994,65.11337979394621,37.44588202392598,12.854838008028501,0,1,0
30.800548048191118,88.80512510564272,39.70813544188048,0.6639297221093976,1,1,1
29.61721449327946,68.22609545841715,10.123377104787501,19.93525169972818,0,0,0
30.4092266670065,82.82983894864562,47.952199843570384,1.979046033730698,1,1,1
28.140866650213944,74.18189999013654,25.120139674006335,13.652836028901215,0,0,1
23.77698588360429,80.86152584171765,45.848937450925135,5.056724061495801,0,0,0
25.18543990255879,63.760769342011784,35.338264093081555,7.839622258139203,0,1,0
22.723965752021385,60.591947997256256,36.12167115112065,12.918683696018764,0,0,0
33.62675842000442,91.83475495831054,4.2521810653035566,8.72974698615414,1,0,1
28.75087692149181,69.4370503068514,10.999556344846534,5.010921178622565,0,0,0
26.0127712514546,88.68869509731607,0.44074166472363174,6.688923737566494,1,0,0
26.93008705466199,94.977260516527,35.806382023836875,6.830962338463527,1,1,0
34.20925009417723,67.40009402996189,17.2219144214255,19.186478090164275,0,0,0
22.3002710467412,69.28097594141744,39.332625803817336,15.97226031846902,0,0,0
28.793447480251956,83.2000925672133,16.946810996851312,9.170975429588001,1,0,1
27.58833018326699,93.79070221102174,40.966687614943055,3.9964184068272823,1,1,0
29.171813531519717,92.05350218667604,6.53491268741565,16.22032220525312,1,0,1
20.27165275731261,77.60064320229547,8.66865783787541,3.14364943216747,0,0,0
33.08185863416227,87.82885988843536,17.043826979196826,4.209244342840068,1,0,1
33.981774237254186,64.75110485849653,20.424369444113665,7.320267836803023,0,0,0
28.476997753838134,94.21033644714043,17.43514054214892,17.606963917039803,1,0,1
30.449762358153386,93.75236319125952,38.182351626160994,2.635733372682205,1,1,1
33.837490717659435,65.73051352577099,4.847569631335736,2.4446838570905216,0,0,0
30.608579514700978,70.47980936810873,17.560850981924403,9.879499766105319,0,0,1
22.28808564371392,63.50542491273684,41.86199997577297,5.528210821873493,0,0,0
28.644325402502197,69.51011596143628,3.3398538631085994,11.374558832963197,0,0,0
29.100725695742838,88.55845262953224,47.11717538356787,9.03273369366447,1,1,1
26.36196006953579,73.24104625078408,49.315842113600645,8.699182127024336,0,1,0
31.046663534370843,63.093893850136546,4.428408691254004,2.2394594097398657,0,0,0
34.01550522153522,71.97789336726166,14.563626112786848,2.820993804996803,0,0,1
33.88352769360164,94.3484166984448,18.62003330176781,16.421571548937003,1,0,1
26.76259057106198,82.0389258340721,38.8195684326363,17.71765475143489,1,1,0
21.69857068761133,74.56563312421552,29.79634060583669,4.693670657705004,0,0,0
34.772617984435016,65.82884797240445,32.218285024628365,2.269210030495381,0,1,0
32.58347129668901,94.51618790492932,37.8754911409253,1.0683334386902121,1,1,1
21.869940218049003,88.72971532420951,5.898949971851286,12.165952274837936,0,0,0
33.81262823926058,69.85170558578218,41.66047284551312,14.30706425000411,0,1,0
33.04844543093192,62.45240435024163,35.2809902090072,7.45619978406411,0,1,0
27.78257085689108,61.98189450821453,28.867086259818514,13.593517349812792,0,0,0
28.86913153617394,64.21323523269368,44.486766739152834,14.259176311190522,0,1,0
25.985040558051953,80.32690042650475,35.01531769419036,18.706845627938108,1,1,0
20.82142458233047,92.50671974219223,10.08499813155127,1.297472756702145,0,0,0
25.027958624688516,77.38601998020945,21.487269053783336,3.845834464621596,0,0,0
32.042801728970176,89.5030918859669,24.702143346786663,1.3705197519397627,1,0,1
20.069480345069042,75.60603169509328,2.7608813375202823,17.35987866672221,0,0,0
25.002487575367162,84.80042410187389,47.731875668002786,15.851743200671372,1,1,0
25.97253040386415,85.61554580502752,6.4288630398439235,11.49284141243678,1,0,0
28.060934044068844,66.08872970661685,34.87306336133634,1.6732682010236632,0,1,0
33.79783424619141,72.64256206415341,25.31155180454401,5.466247173074392,0,0,1
25.19518991548942,82.30557547883083,1.2816124942211293,5.954396961170339,1,0,0
25.204298028443414,62.47438128645282,46.23737379321808,11.214863920308343,0,1,0
31.062518721646228,72.65390657170349,42.59184044094666,5.16087788073431,0,1,1
26.783269113347107,78.71798131984174,26.212896395191777,1.4591972782590967,0,0,0
23.369072344099727,94.86785725656236,11.447116806972263,14.615246037065987,0,0,0
26.7865927419904,76.60867469178542,6.0811445340047126,5.981604233108227,0,0,0
22.112855305696996,88.56198649900132,18.16962397160633,9.047483540466013,0,0,0
22.64580479759335,75.12235497733163,12.771414052304525,2.553332699646107,0,0,0
27.475516591092195,87.8736752916898,25.334560050314934,16.050966067891594,1,0,0
26.28388174256822,80.8395180567038,48.32046480617145,11.310637538481153,1,1,0
33.7226885160215,91.03084045258394,28.74767466148207,18.031712524197257,1,0,1
25.435908486749497,74.38298933225384,44.49655279450489,9.909431261306667,0,1,0
28.70882525417065,81.15065469375176,32.543941874788864,18.828513436357596,1,1,1
29.483964318792957,82.05065382165895,23.76232632936002,17.83736408762652,1,0,1
20.196416848825006,74.60840296301657,42.73037813666856,11.529197129184679,0,0,0
29.953060580250657,65.05092152906185,23.568405508649874,18.677868762997267,0,0,0
22.67053950304627,63.27457924193175,43.43140852551805,6.461774945891046,0,0,0
34.416054762041824,60.583504270987156,14.578838478788263,7.3128432540842265,0,0,0
22.229940916296695,90.57369924858251,6.440653688149406,0.9095590261207387,0,0,0
26.219361855905355,68.2766219283543,42.76572321814692,11.784018135277062,0,1,0
21.28024502117966,67.40273622486188,29.37075818963334,14.438479398578668,0,0,0
34.95311377768921,85.76123901491229,44.45461991244801,15.470383804842063,1,1,1
27.532925154968638,71.20056395805871,46.89136034961916,2.996325720922066,0,1,0
28.930775259800654,77.71156423441428,2.6814195185724587,8.883181446250006,0,0,1
21.006147160826412,65.68788728541097,25.048465092943417,3.537264241878313,0,0,0
31.249407055987668,93.59110025116892,18.748227453726464,13.242546977084977,1,0,1
23.148583896433784,89.80534900060331,31.292919853505857,3.1589274484353624,0,0,0
33.470814341610705,90.23263680377511,39.67955986011618,18.083273679121497,1,1,1
23.07709460723011,74.23708120002019,14.029510798718448,4.612692913228267,0,0,0
22.860315809954997,86.68264247975105,27.839919218658583,5.828045325764897,0,0,0
20.548245017721424,65.03566543864231,35.43642899524498,17.018126443019995,0,0,0
27.08100417664999,60.30166509071231,6.721554141786701,9.169352202914476,0,0,0
28.472616998939245,60.69905264023098,40.703345297563345,0.4799189160014605,0,1,0
20.985629591425287,80.53106080915961,30.305479992648653,9.891725024052915,0,0,0
31.63291425042516,75.93882168367793,47.47687185568259,1.6908667076024608,0,1,1
26.799332521220414,78.13053721179818,16.976445956534665,19.706894373746213,0,0,0
27.8658540399137,60.26120991460268,5.407297116859933,11.762231409112047,0,0,0
26.611441204073422,74.7940316880099,25.325060051846265,5.130652352219569,0,0,0
26.01144591312989,85.13238564203013,4.290538585471943,11.274353590952355,1,0,0
28.394604969623266,75.49427956886025,48.47632616620034,1.5373420676350968,0,1,1
22.328603688960687,85.62767222092778,1.9342479128595769,15.99782608537634,0,0,0
22.728921957429066,68.15566375388921,37.6751950553654,18.506561077283273,0,0,0
32.92678431520276,88.4599701568604,26.255119907112203,17.48888776412319,1,0,1
34.19173193200449,80.59509341587083,18.431032624914433,6.835152045971256,1,0,1
25.599639744196296,67.37670848004672,3.2921082254327327,6.51536239286737,0,0,0
24.06117009715331,68.28521665488415,31.108346208680388,0.7017522243259999,0,0,0
29.659993148585237,81.9810662599338,29.261016469547762,13.028007174018335,1,0,1
26.131012566471448,89.04788576243551,14.044163653379988,10.698095683795898,1,0,0
20.380795334905173,74.54697237102043,45.511085070515605,9.186927426546827,0,0,0
22.342288960492855,69.04051501946573,15.205500367141845,18.15261906669414,0,0,0
30.739583432710965,90.34540624187102,22.486270529605306,3.357578021656926,1,0,1
29.88385912865227,83.42439021127922,27.188122795932784,0.1933253338036467,1,0,1
20.406439887552253,75.68299205490767,5.011593908814305,1.4663290424153086,0,0,0
23.329582428994243,77.07650683477556,46.60808596068161,4.467428756547378,0,0,0
23.46612194882107,67.14897637777388,18.726807622552055,0.665710985269139,0,0,0
30.078391153980924,81.93809205226954,4.038960693717181,10.05687421286271,1,0,1
20.29565806631546,72.5559878690011,19.364558683766496,6.281809104671561,0,0,0
21.561628729768607,94.84758118360222,30.010127354629034,3.6096601613626533,0,0,0
31.99874128059784,76.80642303416607,25.682633591066477,15.001681498973243,0,0,1
22.678169930815002,77.00599621663646,34.7270987018637,4.089026524650601,0,0,0
29.791191617778118,79.80481255937352,2.7741971033955313,13.752102019875865,0,0,1
23.572741715700896,92.08646010915614,14.227030513602806,6.985298116952778,0,0,0
21.491620891390177,88.02863349509126,40.961528842005116,10.23655521325109,0,0,0
23.64758286499181,75.78955244292445,3.994684389568043,18.677340797026396,0,0,0
30.83400397783489,85.15447430904786,42.77429773479788,0.7470326963162566,1,1,1
32.835447021594284,80.51824245732666,4.594804603855312,10.005290149549237,1,0,1
32.45329796850487,77.2328467045437,41.72271074458481,17.088459206552365,0,1,1
25.957752944276823,66.73105204745227,18.039420053936333,11.75948496740697,0,0,0
30.021277048559693,76.23776922092118,30.61045316286079,5.537410339303133,0,1,1
23.074764431237313,68.60365054579012,7.644355782399908,7.953622702900686,0,0,0
24.3972159539152,92.01947524480792,3.308436086259042,13.60531257457149,0,0,0
33.445037277816795,71.73923847237214,10.796910201006755,17.81623788627606,0,0,1
20.19502885266104,93.32924050866802,6.392690895434777,0.8213274749322319,0,0,0
21.28262796281702,78.65693515331489,15.62029488398159,1.4307764378075283,0,0,0
23.11829382719041,82.10405325366561,25.71916232555101,6.501030472191751,0,0,0
20.397983058107297,79.00291555712647,29.437973178250477,4.65559368874958,0,0,0
22.721531526346958,64.52832159383453,39.49340536898715,5.29861772444812,0,0,0
28.745623414545385,73.15374266527793,32.81199466241793,4.425399972517619,0,1,1
26.321368258887468,63.47011392971684,30.43791625647765,3.9165009771031545,0,1,0
33.39007566615462,81.80339154641837,20.58910137428873,2.6124793373858357,1,0,1
32.26165342607661,75.64059683201536,23.690421748006933,18.67908263590476,0,0,1
25.12726027546814,87.22947400498279,20.726041469509056,2.883789278123061,1,0,0
23.891351501469387,67.71646683497795,42.10830150306916,4.088075495310724,0,0,0
25.695386122509003,65.75981204502672,11.500022627419993,4.9253144796157144,0,0,0
28.854424137722116,74.22162808373187,0.2860465770982312,18.660297462608412,0,0,1
24.020954612343143,92.43048841264334,32.565994861311964,15.114282672021695,0,0,0
29.36223361773701,84.86476352543441,10.123109181941569,15.793988606310293,1,0,1
26.141174782868607,74.66232686775216,44.505756815490464,2.095165190769961,0,1,0
28.2807077127797,78.10452594140087,42.9523164853328,16.726197500313432,0,1,1
26.541897937029752,62.94745539119844,3.8363685964102947,8.16386163634836,0,0,0
24.416986393128767,94.46015637316395,5.319420270703867,5.256460524247775,0,0,0
34.22679960443235,83.32425566432217,24.758579612333314,11.51500167040621,1,0,1
31.454086912396413,69.98914239621979,30.461133138467734,16.443658116334678,0,1,0
22.101697636496787,80.50329379753356,13.745416874112038,15.573043021498187,0,0,0
33.027019638468694,63.83188281241479,35.839885834968534,17.79994965162264,0,1,0
27.311467973742705,93.80428340826543,29.745801045943576,18.562643720308877,1,0,0
33.41828340341137,66.11747457591781,16.241205487427735,4.762441428554991,0,0,0
31.997828839209728,82.6810611319325,1.2685744021157797,8.477157883385434,1,0,1
26.3782025670385,68.59090618886256,37.507514064925886,0.29257078410140025,0,1,0
20.33703962480176,85.11464839269875,10.737683291254136,17.5864331853012,0,0,0
24.030160390774192,87.18874785340984,41.72368717313142,3.091443029495351,0,0,0
28.124513219913005,83.56969051190015,21.01451300271276,17.229496246853884,1,0,1
29.50217329739221,81.50748110893174,28.853872131588272,6.587746439731927,1,0,1
23.868315281498035,91.23641828832041,43.64743652045009,7.362671799622764,0,0,0
22.09034111109236,62.75193488464153,43.18115004599767,0.7826450896771875,0,0,0
32.523953551989486,71.58201680230684,18.575978762178664,6.537575795306392,0,0,1
34.76603271055328,68.69006178707961,10.444444635742157,17.76727365602528,0,0,0
27.885352734540287,94.58048867228976,38.75730388642973,0.5109480224320828,1,1,0
22.57518928772455,73.62864228834057,21.65401018010656,8.126549460934507,0,0,0
24.084609897790536,85.64144447341396,9.602099677950203,0.6279925962548227,0,0,0
20.275860148212,83.96538073583517,45.22126711585751,7.418468502181299,0,0,0
33.71448209840749,67.42284331170822,9.905209712054369,3.4528128156058235,0,0,0
21.766266243352117,68.3649188074043,1.290358409561554,5.044367865367441,0,0,0
28.647747132713803,69.84495972435619,1.0139986883709984,17.55196746322838,0,0,0
24.11082831030809,74.38945473907827,31.115767822713213,8.72098441243782,0,0,0
28.3126700377369,68.20137729776843,33.08375303587652,5.475959828038244,0,1,0
29.771305825277963,60.687801896139675,15.552085252849196,11.786767559010956,0,0,0
32.446127055608024,90.77875698825184,16.00054946235317,2.8421391966516474,1,0,1
23.09631907640905,93.79634409833093,16.97469575299714,5.187832148417117,0,0,0
20.164937429877206,71.95496354610488,34.00792733794393,10.92495935205777,0,0,0
22.05328445103211,71.84774077989155,2.9066895513414295,4.750460836961377,0,0,0
33.500279627721575,60.248213447102984,46.45581763456628,13.582554748017465,0,1,0
33.10835116343773,83.8087740915631,11.126052208872322,9.829826045190451,1,0,1
28.961196532554624,88.89039635120201,49.983660262104614,15.439781405093818,1,1,1
29.0077529065048,65.13129051260012,8.57613468935935,18.96489071444937,0,0,0
29.97555011819383,65.58832222785027,38.577322865618875,2.3160977869481547,0,1,0
22.630569179351745,87.65291374900032,11.170627246481251,6.693300199690897,0,0,0
33.7161791888744,81.57017619239507,4.042340082162699,6.390981257568131,1,0,1
26.281557873381097,61.570119516970095,43.74666621753244,3.023658386745085,0,1,0
25.747077923742463,81.78914466617985,42.93756295954459,16.206062746669417,1,1,0
27.783765579242562,70.81212029953181,20.178519622480067,15.1975740807758,0,0,0
20.704489501625826,72.90538044147961,35.11980712702134,9.68850941668798,0,0,0
22.49425053134119,86.94059964039081,27.853296634195857,10.755415555892192,0,0,0
31.070504246395558,88.38273174354137,42.64780568368744,1.190882760049925,1,1,1
21.241980018876898,74.01248193939408,15.752798465932722,11.110147046540913,0,0,0
29.047281641995824,93.15035276022242,26.183619999949258,15.82683048039273,1,0,1
23.680236645219814,74.22619512832253,24.268618560227523,11.476551471677144,0,0,0
25.839434210629648,87.01426123305384,17.695291312842937,5.306127402408379,1,0,0
24.330406051560498,76.93570425974906,44.57275322781861,13.350965446686745,0,0,0
25.335090746974238,91.41363142827294,8.293896233126773,7.229768599304953,1,0,0
30.785688577763683,91.77164352775625,7.475431976034807,10.897465685714705,1,0,1
24.456825734347625,63.05958827548793,28.84547676613757,9.751307265578495,0,0,0
28.49606960445346,92.7772665958579,32.8747114992471,7.623500019303602,1,1,1
27.140756032986495,88.89371945321454,9.730962716228259,14.377559607882702,1,0,0
29.955067480439723,87.69587500094335,19.535872112731205,17.677522239717636,1,0,1
34.05244608987137,67.03189688899329,47.328192148937184,0.10425036953849887,0,1,0
30.988581458153753,88.17917230641328,12.3308711345337,18.672330384607346,1,0,1
23.224105678861353,89.75464571397629,33.418035105869706,10.230302721664499,0,0,0
20.46774702591927,70.12026170589529,37.00746968487954,14.014637607265303,0,0,0
23.933960664497377,93.32910274268133,22.406434973257976,17.112491323517542,0,0,0
28.926168960503823,61.745105123970745,46.87629933797915,9.342073846285398,0,1,0
20.771387202263757,65.2468238636499,36.83283676093952,16.699481467297804,0,0,0
27.445493708018546,78.815339831803,22.896228993044893,3.5523963891040444,0,0,0
28.952642733753336,80.15273648928084,28.466760088804698,3.1833506895962893,1,0,1
25.01365836225441,82.58025291553162,34.630672171255036,13.149427377123072,1,1,0
31.56368305618733,60.593919526041326,29.609509021460912,17.402860111034745,0,0,0
21.59897379700658,93.61283711177455,43.93487919130379,17.848523550720788,0,0,0
21.127066726037132,61.56058324569504,17.84443311402006,12.874809167544932,0,0,0
30.92283134305405,65.00716834531909,14.994287002790246,10.50978460418635,0,0,0
27.432369743092977,60.49050811341199,10.691944474763215,6.627861753930324,0,0,0
30.32603594641604,79.84004516529332,1.8891484032297567,19.600008311986628,0,0,1
26.522410079056193,92.62934093723402,2.150698219002767,6.393913733325009,1,0,0
23.6960304985866,83.30815081281625,43.50275965546414,14.883722144631864,0,0,0
32.286534765113,88.79301139681496,33.919657320295364,10.639635998100015,1,1,1
31.991238184534687,60.4648421210503,33.026620771824305,12.170246850506935,0,1,0
30.4204470628164,78.97053544679041,30.732140946744302,7.869611011772523,0,1,1
24.08217705844944,76.08470421269327,42.46095723470524,19.296462509444957,0,0,0
28.853460003036307,77.46387804772776,24.013346283281372,11.433646521985422,0,0,1
25.414608454100403,62.52746148673158,43.52054142791501,18.7557526091758,0,1,0
21.373731099899512,83.95523763742577,17.972251309111957,0.15182832347828246,0,0,0
33.75970363193364,77.61271452005221,46.335375216954525,11.453411663822418,0,1,1
22.052279463784423,86.78020974514425,34.93284900406201,14.34373779450543,0,0,0
34.253560307312036,76.98517219216004,12.858856801221364,14.90160342324436,0,0,1
26.690086594369337,65.22835726792512,28.204246084431254,18.099537635633627,0,0,0
22.776993932579295,82.68899339272377,26.651528074412777,0.08803218007572555,0,0,0
28.12851421067537,66.03352267368082,6.894941086516698,0.0066031851895287375,0,0,0
33.09418753814612,90.53380971741852,29.562145287530704,9.445269215904306,1,0,1
30.98337329614342,81.45906836742346,15.739281185847897,0.585874100107413,1,0,1
32.09841721792175,65.5021359244934,2.6174383404801214,19.49065107324749,0,0,0
29.88175050066076,93.68183201184223,47.432807885328245,4.441303490827839,1,1,1
30.384148467767787,78.14279121673621,32.07451845321439,9.453294587296895,0,1,1
32.73793477347979,62.551445815507925,43.84594659354235,1.2227526002444722,0,1,0
23.745020132887788,81.93915165452735,33.802800250662656,10.440968323425171,0,0,0
27.34137445464711,68.86196174544835,17.849184607005647,7.59912250294817,0,0,0
23.318141627294033,88.12927081570558,25.634403616440572,0.8932005775444751,0,0,0
34.81502011994971,88.62377257481667,33.787338017358856,6.7024853339244945,1,1,1
34.160890095299195,94.26315745491317,48.01261626007188,7.828720404457112,1,1,1
20.591402170527587,77.56543358585763,12.683472956084824,19.7984298254988,0,0,0
30.58362758773533,75.9234907904708,43.74885293120588,4.157717438387509,0,1,1
33.87872476123499,86.37164619062682,46.20389026471347,10.895592307401994,1,1,1
22.708630176910003,64.63647297196744,33.520775732947826,19.746310983972574,0,0,0
28.519178458289442,79.14204298275935,46.56333137006689,15.840384158802703,0,1,1
33.73232446382063,79.11866600457978,19.893929373868424,19.86735001764178,0,0,1
20.50918967878698,63.131559298363555,47.65080880202214,19.365966293203385,0,0,0
30.461304008702598,74.62944299274197,35.139143858298745,9.790790841883085,0,1,1
24.46023511058826,89.86496794985207,2.100288370940595,13.927516997411315,0,0,0
33.865942930647954,89.9653767698131,45.343641590952636,2.208862538823022,1,1,1
34.56587367748052,63.473318272188834,24.223640451659627,8.822976500936036,0,0,0
34.16399733670151,63.17523089617408,23.016349238891642,16.18037084533395,0,0,0
27.113213249861957,69.19434169506773,28.323330298981713,10.106706419542867,0,0,0
32.930639764839704,90.61681218938978,7.469227338561396,14.053980656344638,1,0,1
32.668240978026056,64.51159047757247,23.458302428369933,14.91502659968554,0,0,0
24.786507098648833,85.19988809196062,41.55636083588728,5.069382824857877,0,0,0
32.43373211226016,63.54079668645861,0.7741229568757668,17.51398745885131,0,0,0
20.55511452073239,81.80982488117388,13.645858016218565,9.19644861818358,0,0,0
28.944048177230798,72.46235546917006,0.122729322192211,4.203702072430875,0,0,1
23.450132559315545,87.61198870380534,20.785565457492417,17.308317635768876,0,0,0
21.80850328665918,68.17916570888772,36.41577552468674,8.356376122125074,0,0,0
21.154298024438138,82.3720640286486,39.93859145573143,15.006248767594395,0,0,0
30.444331638172095,68.24888871015597,47.25948805635033,10.960661444431858,0,1,0
25.098124456520992,84.97810990892538,30.425230648539326,7.637435044690008,1,1,0
30.87150157293142,90.5787312096262,12.731343332644773,16.19752830077139,1,0,1
20.980345111984136,64.4380629694366,46.20739745683495,11.68939863289226,0,0,0
24.729355067459153,90.33084910084263,38.765787694018805,7.811242048540635,0,0,0
28.092369385630057,80.77513390450042,28.721424150157226,2.1919574067025405,1,0,1
31.860847472584453,64.44886718034584,34.782010785946795,17.908906275334157,0,1,0
24.781287543981048,74.96396493758992,46.21581775037146,0.7093917068333311,0,0,0
29.38837064655514,65.63011027197842,35.619701423646084,17.263746967361126,0,1,0
33.28966622354281,84.51217611032993,18.4187253792367,7.199230497663109,1,0,1
29.23794782273457,86.56038470462823,35.65141011445483,12.786775270028116,1,1,1
23.494392121304507,63.70287820954796,2.0139081367693934,18.443994476713705,0,0,0
20.36601172334807,77.71489484431255,19.32077809152906,3.0341323100779682,0,0,0
33.05148310851395,88.5118769609071,20.316151592278963,11.339009512776205,1,0,1
20.319041162755806,92.76570645428487,8.341911721041734,15.28865724740384,0,0,0
33.12052509026299,77.97312533596195,1.1542740275885088,15.151676654381149,0,0,1
27.934057010408182,93.25977282639926,6.669061831887141,10.51263829199008,1,0,0
34.086015477693444,78.74911396596104,32.731074789852755,12.494789198129162,0,1,1
31.981748536604982,73.79666731099678,40.11444081818438,15.15053988265689,0,1,1
34.96901165800006,89.68710949935134,49.41017463634871,16.820552755148235,1,1,1
25.260677231775652,77.25439486603312,17.318175155424715,15.236261937517275,0,0,0
31.5078243339669,76.51658786975831,29.968961113055087,7.080098863624853,0,0,1
26.028963704138633,77.16093712934399,46.857248340756094,19.934528021154662,0,1,0
27.198134304558632,89.6374750654411,8.35208906690763,8.690053874386088,1,0,0
29.41258194827555,89.11795395908183,35.88227931713713,0.4892940551786684,1,1,1
33.10515671279508,74.1231997354074,37.74893665745816,7.252339031709241,0,1,1
34.76125203798943,71.66549509546837,4.4487767934669185,2.555659091476865,0,0,1
31.524101207967774,77.21748084136952,43.062469259153254,2.4288523145675,0,1,1
26.266501732510008,80.04703784079882,40.655252355542196,5.630700802137887,1,1,0
26.32035503415605,68.3418023719799,1.6701503288717223,1.0675098835452168,0,0,0
31.06373452383337,87.78842796504567,4.554220744002574,13.77024376819126,1,0,1
23.581657186524534,77.0268968006348,2.456344694592616,1.4797776840381016,0,0,0
21.65711169697092,71.69159419469858,16.73717658996811,4.065791108719123,0,0,0
25.319332364611647,63.73873475373967,25.46444953399631,1.8579942898823876,0,0,0
24.308584874811224,68.35958061412624,26.61738639773144,1.2633546180606214,0,0,0
24.44462180683985,93.22484101145943,13.383337988472132,5.355033310790834,0,0,0
23.50411626574865,70.67848903868344,45.579844328013706,11.4379793532074,0,0,0
20.63139784454543,65.91007512784624,18.413139493595658,19.293711128936835,0,0,0
20.26810902100121,76.12354770792476,2.2775077982676253,17.511133086992125,0,0,0
34.81583584604047,70.74807101760871,15.011355577069319,17.518678508906497,0,0,1
26.416597006037936,61.2305737594918,26.555471127207774,3.521340720753152,0,0,0
25.764899707395223,71.31008260477961,20.411091129411602,5.298143869956402,0,0,0
30.194709240396048,79.0438018378814,13.692125954962957,1.527866335906114,0,0,1
23.273808317975963,79.30993302069885,6.566162488215871,15.569366798303701,0,0,0
34.249417759253376,72.4795622411911,40.95822500481149,1.396326029711239,0,1,1
31.795175216233282,75.65559646884103,49.80726210620959,11.133913416417066,0,1,1
21.341165034683893,93.79312713821682,16.477106676194104,4.957511446479015,0,0,0
26.263711636773927,73.2071967030609,19.081052208830197,4.868912680574895,0,0,0
33.18677461343247,69.0379384640994,30.90187623384785,19.814501104952104,0,1,0
34.17098033437115,68.5213465423366,35.922073736777065,15.135596139570747,0,1,0
27.011022668748048,76.0217614446447,19.601476740179564,16.738787165821,0,0,0
29.201170838160614,86.58320520509304,45.246475849090764,11.439653706880254,1,1,1
22.50550919138113,67.20958644659656,28.000199461445916,17.420285747874985,0,0,0
34.86752939205465,84.82536444992688,22.51950382029655,12.909810783327059,1,0,1
23.475075520751652,60.74024381722957,32.333637657995254,18.923474095926906,0,0,0
34.14097661202688,74.66265422943812,47.64019241245866,5.6267717209127355,0,1,1
29.74469973488553,87.15527728209754,39.727614721085274,11.906390915657902,1,1,1
29.116051923182887,71.8556534521051,2.000656526756217,13.802626958737843,0,0,1
27.69032766524763,79.73079855058899,16.615495536997983,7.858746100556133,0,0,0
23.46004717576638,67.17427314890688,23.527234247561136,17.594159648081064,0,0,0
22.647920480082625,85.96983868941604,15.725878610455263,19.59606326208309,0,0,0
23.30729313605263,61.82976861440659,35.00937804152283,9.875389827453231,0,0,0
22.796573932163817,89.83899257064252,41.31345749312905,7.812813096086781,0,0,0
31.6937671035013,66.93687352475838,36.56725475926358,9.438758571129174,0,1,0
25.25187888750095,90.60393110979157,49.46666434141376,17.054734914638633,1,1,0
20.867640148450946,72.3385234455181,13.627382394651455,12.909368510363352,0,0,0
34.536539452112166,85.29392510660703,43.74947475122107,0.8954474503619014,1,1,1
33.25678827445138,71.1728854225166,38.33113325872431,10.843398208914296,0,1,1
33.916284247928196,91.70690849321267,18.108937877907305,0.3460024548193963,1,0,1
34.92361733969653,64.4322993931431,36.70622718284843,15.570707420068109,0,1,0
22.60842873829231,66.24819262454095,5.203797820912348,6.566245470849275,0,0,0
25.943630283539882,77.25605438055808,39.466674117027615,9.440149642346586,0,1,0
31.37357713556137,62.86784536633512,26.61653012935513,15.973562118152639,0,0,0
30.440309270806885,66.85930646456167,14.61450863546266,0.9289763457152311,0,0,0
22.308438595097826,93.0318233774205,32.788865089209004,3.1708307118322088,0,0,0
32.23749687485927,94.17713814017606,32.08099993572045,7.959207528902297,1,1,1
23.36660857754991,73.16907652656477,10.474311135979985,4.598503270911212,0,0,0
23.357264222339346,92.31501073548775,1.5198707405763068,6.7580285155012625,0,0,0
28.054616343401204,79.06886364857012,21.681129345083693,19.9634947578493,0,0,1
28.894099022625547,69.44098630558184,28.47559346722106,16.508288751476215,0,0,0
28.701293117567168,84.58395523782096,43.83026391852992,17.67803629920217,1,1,1
21.37230256096632,83.06156323012,46.41083978237972,18.741092671315506,0,0,0
33.1619129394557,94.61938616880568,26.44026090783832,6.818717606283913,1,0,1
23.98400063883059,69.27665505932491,37.69017418842724,5.941539155929454,0,0,0
21.94272381924206,83.52208259316075,21.965163616399845,4.681249851441498,0,0,0
33.331221198034655,61.820831426030644,37.30410782864465,16.602338226162452,0,1,0
34.3347724734463,63.97761135438518,10.240076246958346,13.5910372457037,0,0,0
32.93191425898176,60.13714312328826,18.553236740176573,4.723439649657546,0,0,0
32.14274112087317,94.98112383708856,31.71139994068074,7.539876584209098,1,1,1
29.828629709585325,88.07957940016172,0.9078982803539415,10.134235278655964,1,0,1
28.26286055913709,87.53530551567393,36.1230655169477,10.562801145475074,1,1,1
21.304801398671152,77.8404126350863,41.77677506340834,17.774554571034294,0,0,0
26.12679819606048,70.5023479016904,19.957083054697573,7.611322658944326,0,0,0
25.59032775518471,65.29424995619365,22.397120858858216,18.170480610010248,0,0,0
23.896306756404893,69.96361585962623,42.56411061082655,8.827351206395793,0,0,0
30.851301705328773,73.15899276751986,38.78273176630167,14.927453495847075,0,1,1
27.43813602618156,86.4708533943103,14.407474451668751,18.605086399701122,1,0,0
21.21569323861472,78.88816261161034,16.198805328076947,18.151514079265326,0,0,0
23.30274802924717,62.711926929441894,33.94391161952983,1.1390573459136233,0,0,0
30.24888145489394,60.63101531356193,28.15990462240806,4.114085899531396,0,0,0
21.141962892354503,63.58162628369221,8.111478554824847,9.538108510645502,0,0,0
32.76810371073153,74.36745497940828,15.49649546145832,8.631085799062145,0,0,1
27.427197905209617,92.66175209671565,44.999163843932706,12.81783329674414,1,1,0
27.20879865989972,82.30908684232276,34.40872183611317,18.894181016508245,1,1,0
28.886116769892766,88.06390649564302,49.29871588427597,2.2480942255589764,1,1,1
32.37021448887724,76.32311080765919,38.35062649903847,9.03717330268481,0,1,1
25.217138118532894,72.6583129118265,47.09872160717951,3.8482207577427863,0,1,0
30.170242288385953,63.7940130450818,10.80942869352377,17.88215196795895,0,0,0
28.485979459936864,90.65765577651717,38.574243740846285,19.291603716033055,1,1,1
24.005424052541322,87.4106010159766,1.0108760073898715,9.574033637807002,0,0,0
33.17944979532737,65.88413341592037,33.538001085576695,2.080205954562815,0,1,0
31.961390324103924,77.92911973566912,23.46411390601207,15.705893334453464,0,0,1
29.876777519876384,77.05811827724358,17.338003596003432,13.94282700984798,0,0,1
32.758725936413626,81.8782043440285,43.12021761465446,7.093416532206209,1,1,1
33.00941301439703,93.11654128969414,42.71338463287653,17.74814947937927,1,1,1
30.62544465072552,80.29200046168678,1.115085244932179,19.516637795654145,1,0,1
32.555199925455085,78.90760433725166,30.47525612247155,11.157076982603908,0,1,1
30.462071925039254,61.76130265271324,18.39161121604782,11.314558226885847,0,0,0
30.202111576404505,62.20176166063084,20.78305007502246,5.950270102275557,0,0,0
29.279170673227764,66.55713769643761,41.6020369609388,11.690120719666284,0,1,0
31.290749593364616,61.13647700921119,15.491988576383914,8.792846410496931,0,0,0
22.379076579396106,86.01735134495044,47.152440531881005,6.043820538561038,0,0,0
33.21306138798393,85.31656063978872,8.981691318607037,1.3437039304780263,1,0,1
33.07765291617848,64.76196820510751,33.13612116840889,5.054157194182498,0,1,0
20.43870924551839,89.26276152783484,33.60525335068824,3.9570929935532884,0,0,0
32.38725125847144,65.41751121961391,12.60975807139591,10.840839691078978,0,0,0
21.93304801210168,70.54114554490755,16.2375304483601,12.033400435271878,0,0,0
25.026782813887127,68.71419147064778,41.739924628997024,12.17143448612033,0,1,0
31.152623844374116,73.03074845005668,38.09026274774762,7.7636200209135815,0,1,1
22.411398440724625,68.91323180614867,16.454794015737978,8.424594673709919,0,0,0
32.26950536178593,77.11328242534583,26.697827346746696,16.6847685928128,0,0,1
32.48201266936613,74.25927584741399,3.0840148126547726,9.524656270343248,0,0,1
27.612016006412542,94.52993217727644,10.437294119931462,19.755466642742448,1,0,0
20.095788075752505,61.957422254487895,24.291027943019955,8.792344600177298,0,0,0
24.30557199762369,64.97634817355731,4.29868676396058,12.99161889235678,0,0,0
29.253903775636132,61.84890628680109,42.16661774459688,1.007259979867916,0,1,0
34.717792670411356,81.90444182438316,35.90031050538239,13.066798488376216,1,1,1
29.477202905250024,61.90782470948019,47.18168353242474,17.028527888300122,0,1,0
23.897053715962397,89.27539080816432,34.673345298201355,18.849156770665925,0,0,0
29.51008554649417,77.91785207386746,47.02006861310928,19.94641223279541,0,1,1
28.099780695737834,78.44526686035368,27.72562778454825,5.643572912984663,0,0,1
31.697680927267154,79.6558077699268,30.01093055309847,11.507401296514336,0,1,1
21.604709582404375,65.97847972071737,48.84855273131304,9.014359710642948,0,0,0
31.41541853753042,66.91916060900706,32.106457343213016,11.27634961150342,0,1,0
28.118998680141654,71.15860630055516,1.53932844303733,3.149059143796933,0,0,1
34.444880057884916,80.77237455376479,36.19013883152616,17.12299145191883,1,1,1
25.12808249058029,67.35412215790751,45.27343460687078,18.191378866891753,0,1,0
29.489328397009224,64.07161044966415,39.77901248971633,8.993233262258451,0,1,0
33.980421582650266,93.95409102464512,29.19166363127113,5.608597231471537,1,0,1
21.53764591986019,60.7693635183368,33.56517565467582,2.8166685530602464,0,0,0
34.05842730854677,88.09440918676076,49.509589462583584,13.675296495556088,1,1,1
30.318285834512203,87.58123023512577,4.533104425466917,6.244636792414704,1,0,1
21.01755588657758,70.40249398457836,33.36224143166198,18.190771398267774,0,0,0
24.514453504202244,64.74693156025597,14.169884728529691,13.420249496897402,0,0,0
30.622581329679225,65.09700263468982,32.00451982930851,12.913706503484814,0,1,0
21.010259022031576,84.41010660330174,30.381178794196938,11.188042317964817,0,0,0
28.7325569026441,82.49823068801608,7.672841605408104,0.9155267885745122,1,0,1
25.18824585429435,87.39609859879853,10.337332287011957,18.63844871371174,1,0,0
29.313732766512157,92.81184103396866,31.081478902160676,12.558749865989201,1,1,1
20.68613050718769,84.21745771433072,6.411497365188707,19.881239667662207,0,0,0
33.07305209228564,65.45480377930052,13.259043756516142,10.747128095457741,0,0,0
34.60233453766095,68.52049158678938,41.762277386900124,14.202217838124263,0,1,0
34.533167829285375,89.47678058055901,16.35457530008193,1.1241911573244434,1,0,1
31.24477747614387,67.3257126541973,24.403007813483146,12.634723536468218,0,0,0
21.95129360195948,62.53828109340685,47.05701675729201,15.292992231807146,0,0,0
31.373947938935338,84.61480189147876,11.357454441847315,15.570285897051146,1,0,1
20.368803746882023,74.08842244215498,19.48130086790052,15.402233044605708,0,0,0
20.331853272934957,92.20140183910662,30.322888777177283,4.525652545873353,0,0,0
24.85415328724312,82.75892748827815,37.76694647519861,19.50796955210452,0,0,0
27.329647856069986,63.164664222708126,45.08266933563526,19.903642412498776,0,1,0
31.556111267116897,93.17497985387813,45.773649378675756,1.5119175032320253,1,1,1
30.249430649097576,69.0495042274086,38.83200371863115,18.728928456235145,0,1,0
26.688540595651226,71.80243716422001,11.416541829665523,5.788983886087387,0,0,0
24.104399994224988,74.07911447892397,1.2404665021282901,13.785681635019296,0,0,0
34.95686750236567,61.792850374150966,19.18869651778119,6.762218414722643,0,0,0
26.392719533539594,77.37803977807117,7.077442549391167,19.35508646746243,0,0,0
26.770805364945133,64.31614718763522,35.5193823719149,2.0300771660707095,0,1,0
22.454357317875036,74.0339614340923,33.05652934128584,9.95493633912752,0,0,0
31.92214323124894,72.27484257972296,2.198582081072742,8.560955838841494,0,0,1
30.40523338672233,87.04940291992762,41.82968895654756,6.5204690455596985,1,1,1
23.311544191831405,88.1109679071456,12.437163314559113,12.910679817602972,0,0,0
21.23571568423764,65.36945088361809,21.61135377455211,2.6211148684333496,0,0,0
30.207489531120697,72.82929155827291,33.39668677278712,14.333248362673938,0,1,1
29.81766821421703,73.0673606361141,21.470939342612667,19.611842476095745,0,0,1
24.09889290497314,65.29936553776298,22.06439013999717,16.091174289372603,0,0,0
34.26295343375615,87.94587267679167,3.2813997667870187,17.20033505819091,1,0,1
22.265868376713502,84.7529914917398,20.07217746300019,7.19273486358005,0,0,0
26.48502201563903,66.66336252039622,38.242394660999175,6.497732129624374,0,1,0
34.15423880251399,72.83526680078296,45.75881685932989,10.340967093802664,0,1,1
26.295909753891834,63.703175869978,20.67485685316859,0.9145322952454538,0,0,0
29.57788921496128,81.98723089825654,21.179291343953942,18.90716268913065,1,0,1
25.963915969441913,64.24801735920168,35.131355316182606,2.875703460323844,0,1,0
24.11322803523005,94.50769590187213,47.13860005526383,18.060260783361848,0,0,0
34.75966471939742,87.32387261407519,13.35304701196801,1.671644440007114,1,0,1
26.140010094725646,73.65834923543983,22.007210326896843,16.452498553571203,0,0,0
33.411488055187014,80.2497376297774,39.79866217761506,3.0392505175643025,1,1,1
23.449319088366295,91.8969635675743,30.484678468701926,0.762632281829454,0,0,0
23.19657056037625,79.39347481385391,5.529317198197736,14.389789005188174,0,0,0
20.46701124326767,66.10744702392843,31.386636778113285,5.6053060034885664,0,0,0
29.775002380638277,73.25461744534057,9.337314229866344,14.289923055686991,0,0,1
25.527895155856417,89.51007027604109,25.510796703920207,11.101705009456396,1,0,0
32.965373747594555,82.54745555963663,26.455163383021922,2.1761478046013116,1,0,1
27.098148600373356,82.775353451683,43.81016811124924,18.642601466023272,1,1,0
34.52290141872083,90.33875199909713,23.124713700621907,9.046283495269552,1,0,1
22.782882735546817,91.28905701118767,13.97212111179471,14.68894555597376,0,0,0
33.02934751933416,92.19274001228027,11.548317410801578,10.020411440312502,1,0,1
31.648952791876127,63.319721763860464,43.712593834216804,12.087229499224094,0,1,0
31.563827669660782,79.04441006870853,8.55054272091142,6.055471847133848,0,0,1
32.671748421753314,85.91783324264115,21.293428044157185,4.007206080069006,1,0,1
31.415359864144982,86.49243957944549,9.358655746347349,10.851404068161356,1,0,1
29.39330482447123,81.23506706895014,38.66520200571877,8.80437945942004,1,1,1
21.968673165235813,65.83755673142859,23.71863199873095,7.8022642686786625,0,0,0
20.487892692368778,87.90971938795825,17.5571845278406,13.45134390189246,0,0,0
33.8127177172353,85.2038966730231,18.05498203132334,13.810132640222719,1,0,1
29.249754717811072,63.01475200421627,42.61071033614897,0.9184011218252608,0,1,0
31.948059364642646,76.23334386360317,27.688697714721904,6.774889884873443,0,0,1
27.22283527268825,66.08920898326312,35.89339255656318,8.235291004527546,0,1,0
21.759622834435916,71.81169659995402,44.851925812534226,1.937843223283362,0,0,0
21.877786883038258,60.63283822719899,45.087083802032105,4.718017333965767,0,0,0
30.283479308434572,74.01154539437654,16.425452716893158,1.0328359444551327,0,0,1
26.45458842349194,79.24569224046736,47.62256315731926,19.924841972340413,0,1,0
23.00787090050505,81.68539074894804,1.2437941007302722,14.73114405939689,0,0,0
27.373918201121555,83.22216207950486,18.841778050808283,1.7490031300550735,1,0,0
20.96313405612701,89.2701959585861,44.78994287544208,0.4049875958018423,0,0,0
28.72957102871598,67.54120175465056,13.731843990849146,14.385756003045604,0,0,0
24.034901066526466,64.21686378534638,13.654072516065918,8.783843313653339,0,0,0
31.96338650955782,89.8038010164274,15.131114254094435,15.735934181291519,1,0,1
24.65542938385361,65.48144852124274,30.61566924234611,18.469520756367675,0,0,0
26.828302236227017,94.11660284676684,21.91663878071769,11.98600778032745,1,0,0
20.17430809862151,89.4888380289523,36.33674181766713,3.742168458345061,0,0,0
21.08670331691838,77.53068120613597,44.74553212823329,15.643880720929051,0,0,0
25.88740334610027,94.34974987227088,33.70996874714303,19.116234863487488,1,1,0
27.199082520756853,63.408185518780144,10.223336009878775,11.604625741199118,0,0,0
29.000308221789556,70.60730164112856,46.63409511802511,13.63994894561467,0,1,1
24.37493868063955,82.3378545264214,13.224643667373925,6.7494939007334604,0,0,0
30.424728291898138,72.25024039656125,7.494714766407906,7.6305538932062245,0,0,1
32.90183595783807,92.49303931932772,4.498363943048044,14.693089957061279,1,0,1
31.69776483340025,62.29691308622361,28.16918703330828,18.555421968136383,0,0,0
20.59428238022536,79.22941412213376,5.6881231240325905,12.579767744487045,0,0,0
27.207604208867433,80.68031935882901,6.938794205631538,15.796958169706949,1,0,0
21.573952676272622,82.84548433220284,15.001524029774831,3.4327003483074603,0,0,0
23.63067523793791,68.94831781661351,14.08265048422319,4.239181805159471,0,0,0
34.799938899007195,72.75982496319526,30.211975516607115,10.640693736667801,0,1,1
22.1374331435227,89.52881853827421,40.83726397363407,3.5310838448568105,0,0,0
27.483322301770343,66.82299691395559,38.06748281014462,12.699901404418473,0,1,0
29.27233601477179,88.94037465106767,13.124222735823837,5.833063707893979,1,0,1
30.53697455816156,79.69293980159598,12.265524899298995,15.83065237333784,0,0,1
28.39473025230371,86.67656289179287,48.28957650534838,16.162206932286868,1,1,1
20.146562711287753,84.9762578192215,0.41181207959800625,9.275749115107061,0,0,0
24.896919623659876,67.26290233847077,43.98602665301079,3.6162127007527056,0,0,0
27.76567465077067,79.90844577518556,9.986425956120248,12.93549922163865,0,0,0
21.3179974871725,90.37031034817824,47.36421615448839,19.85574036527173,0,0,0
25.25940396813771,75.12406828806752,17.115364241375985,12.451817958850466,0,0,0
20.498046631870498,93.83067695781608,22.017588694662614,0.715493814280157,0,0,0
21.17867745732531,75.82752850356013,35.35603069721905,0.3458795153416516,0,0,0
25.95384914302394,64.99749728337596,29.383452573663014,6.407239409846124,0,0,0
21.990736310645904,73.63021380271856,15.89696648534114,3.9156761372080973,0,0,0
28.51311272392337,93.3095842236688,27.691545793391175,16.261024142866162,1,0,1
30.341974537058988,71.1902297268949,36.53534421814431,16.89611334072001,0,1,1
32.00880048663625,90.38343559534721,2.116747295124605,5.172375426209523,1,0,1
23.00225366367215,90.84377385886614,0.5599652627852059,6.512895538997854,0,0,0
22.512238733886047,72.25652835161864,22.903346953644565,4.724939354302293,0,0,0
21.568517605016005,62.91401803177212,6.591830890175709,18.16765094742528,0,0,0
29.54645374315455,85.35952682055864,33.21721457323572,10.052986692445645,1,1,1
30.597135897303517,70.9029304654895,10.70262281137171,13.122740881640398,0,0,1
20.47379217238463,87.40232649901503,21.64255533978355,8.309641733992066,0,0,0
34.04318369365535,75.49291968911515,9.883546843713448,12.620283870090622,0,0,1
20.779569254772085,76.98433598199176,27.424179287456223,7.717107534434722,0,0,0
28.119445029516058,87.2268292361988,5.802672969228445,6.793568754584509,1,0,1
30.635907791763746,73.38271658715698,1.155342639374013,12.689601463469604,0,0,1
33.06453685619128,75.509457086302,2.556581905334859,11.821241560979786,0,0,1
30.71130398198642,73.16666640693677,47.7129220757655,5.870559083358993,0,1,1
32.02592124604688,72.85691803470479,7.114310930546791,2.9869690063894683,0,0,1
25.09175288814209,78.40813019155108,35.42391265684176,7.3715338767627525,0,1,0
32.222376706197686,88.30798055754028,3.396310211141312,8.303952782838184,1,0,1
21.201722695770126,72.66189091728981,5.408017611759108,12.573686668492098,0,0,0
33.42224984090792,78.34891521882079,25.443812570466733,18.290575272737275,0,0,1
28.213885642306046,83.47545639049103,23.243546507717184,0.7236959506585028,1,0,1
32.259466549437406,69.43038062062793,47.57901547199348,4.873220250836898,0,1,0
26.7847742677745,69.71329817158374,47.24177265103687,3.874318845591207,0,1,0
29.653665427947875,92.66945944582092,38.98043212712325,10.045888173875673,1,1,1
27.896039914041697,85.3237100665881,30.105091506367486,8.594016140863197,1,1,0
30.973842826329978,80.20153366781581,22.74801586965055,14.580752476403768,1,0,1
21.224449730458844,82.67020190472142,17.808926716421052,4.848318250897277,0,0,0
20.905281259858455,61.025480508619644,47.354377348777774,11.889967314995172,0,0,0
23.706548510152196,81.6336037946594,30.14544057123428,17.677145271999187,0,0,0
22.393170201697824,77.83281056284707,28.953626384299724,18.213554798366093,0,0,0
33.07675349888302,79.10123879228024,11.595056088445743,19.175692094500622,0,0,1
23.288209810370667,72.5798339390786,2.334890894255653,15.46522304159977,0,0,0
34.637978837286965,62.851586419952966,47.25942898797722,18.1197581251783,0,1,0
25.053436876566604,66.76687317642183,15.686762942232695,4.690617439705484,0,0,0
22.73176873533049,93.27606496244351,22.129451166222935,3.9516188870095403,0,0,0
31.845477607137187,74.30448467948268,5.731997179285342,0.1297616756105291,0,0,1
29.880616632513142,76.33391045408024,41.8462164954646,14.136887148581966,0,1,1
27.472935746797084,61.84484264487036,1.3815916427965313,18.74934375627489,0,0,0
28.330453264064467,61.31481803403932,41.699538104954826,3.7387069008335283,0,1,0
30.78802667408396,85.10135064663652,7.014250639398339,12.738871508537578,1,0,1
23.426821119969482,78.8333132442389,44.3282056315576,14.929195184435551,0,0,0
34.94500874085113,77.80470944756934,36.48863186680787,18.55228470296113,0,1,1
34.62189743220175,68.5093585647934,8.233513125365254,12.937204480344434,0,0,0
29.754885295204055,86.06627560704727,28.290899642973404,19.405874654975047,1,0,1
22.993136763937176,65.88828026879722,15.632815717760973,6.893462820250955,0,0,0
30.20342363646937,66.6477160281357,8.911654945579173,6.998570675428153,0,0,0
21.082976134687637,76.12492599718965,42.95910997055542,10.860250200286911,0,0,0
20.45978753308709,70.01979517391793,20.17613832536147,7.670037622318143,0,0,0
23.865243327668203,68.66120434316012,19.927185718269126,0.028514565750652476,0,0,0
26.939344351089744,82.5833175593666,8.494333740331001,14.635440501739748,1,0,0
33.024087581125706,82.78401108264906,19.153283804288932,15.034340829569668,1,0,1
30.90753604649462,88.85809744299752,43.58084231644251,14.93949209373541,1,1,1
31.140597817999716,74.61979984405416,18.156435524481797,6.900413332209332,0,0,1
26.382400016721128,62.55797818591526,47.5801781249894,10.445789466223438,0,1,0
25.189024888204443,69.57832347225101,47.31544496041937,7.199470363533389,0,1,0
25.56558144476904,94.3001912118886,7.244932965367301,0.3207280006129154,1,0,0
34.814743456040866,80.86905013314457,8.865562676132244,11.248978825428376,1,0,1
20.601637871187236,84.8407979680357,43.13370351659446,2.475213321680221,0,0,0
33.00547244183673,60.25752403688951,19.63804594623596,1.600826481828812,0,0,0
28.6801311285859,78.13720062638822,0.21869911415046683,15.109981373935744,0,0,1
26.579231287843857,61.31350301361311,13.69359098526855,0.1901240483621125,0,0,0
30.878864906227047,79.92305742320067,29.881449659778,19.180168872174523,0,0,1
27.300034121370544,92.22697973726264,39.9632982979984,10.305107282251537,1,1,0
33.10134857122491,93.89466956751428,6.669430854662978,19.660328614122967,1,0,1
33.51052796016888,78.91934363861235,5.527068220836767,1.1599514494541685,0,0,1
26.32581390310183,76.03716818382756,46.10463267861658,11.670590977318264,0,1,0
24.152416958525773,93.07559829869729,37.55741839112913,6.986540719518224,0,0,0
28.885254928900434,83.57634411988433,29.48898003890392,16.869649856285715,1,0,1
33.685450184250364,62.27147478384433,38.4593394997964,7.2244547046857255,0,1,0
23.159932835084998,76.30039521836241,21.442718065331924,5.209751581146982,0,0,0
29.344498753452243,68.40857564625064,37.92278736545633,17.151062541998265,0,1,0
29.47340330138781,76.44315125070386,18.590149563726786,7.4930618330652194,0,0,1
30.996695336229216,75.94129502022267,12.204728624630118,0.3366663972112294,0,0,1
21.9735152769089,80.37506809851597,36.45067106464843,7.805782016786676,0,0,0
30.73737447023133,72.48696716222379,20.983614607863416,13.090445380218839,0,0,1
33.63548780998462,65.74946573095748,49.06885521630974,5.0871907761276365,0,1,0
22.695246633053628,77.63018021064846,17.47425911540505,8.639751848503145,0,0,0
23.563149873858166,89.05710095210168,46.086371026553294,1.1343027656445104,0,0,0
34.570926410624594,83.24042798236607,46.64812742835397,11.761855830279144,1,1,1
22.714654290642347,71.84287530738256,12.092647353237307,15.125898477207876,0,0,0
32.81577640054368,92.74330579656001,39.911059079400665,8.266251228022206,1,1,1
27.384167846720523,91.92726499372138,21.653725257228256,8.404652656029201,1,0,0
23.708466116047656,67.32719397844346,45.8762363615174,1.7656499716983287,0,0,0
33.06124851908767,61.3796154792127,22.50621363176194,4.038817290239651,0,0,0
26.679578825039982,85.94580479227668,37.2151858668683,3.0935060625582533,1,1,0
27.72226030894535,88.96635914722037,23.348370458189894,9.633755373230759,1,0,0
25.388500540996485,93.87525980829744,11.390037785642809,10.585110819015002,1,0,0
28.894262771523913,91.14427379309087,9.967506447234314,18.9788026256852,1,0,1
22.452858088775344,81.01871688722451,21.27155971281728,1.464630085544678,0,0,0
25.86622304977641,78.55183187243333,37.77473285071075,11.997359463100942,0,1,0
34.54118483502931,60.97443679419052,30.25357425903834,10.529970546564826,0,1,0
23.872001490516915,68.63297563956722,34.431464495027164,10.324661958716582,0,0,0
29.851049968119383,76.08651631065243,14.116317536597123,17.463185747656528,0,0,1
24.877850963370424,81.99763650292488,24.071767297880275,4.110769413909729,0,0,0
31.602096885299012,79.50381416614437,2.21976324846635,0.8154654868274291,0,0,1
21.963104910775247,85.99225963885917,40.876620797906035,13.445430152683851,0,0,0
34.54731567617817,69.79184258104642,49.494608111993735,6.903149282719603,0,1,0
26.80684312075459,79.77334126783657,20.343953131233544,0.35179832425049185,0,0,0
23.540756950196958,63.08497851867772,0.5481826565771675,5.027480145808276,0,0,0
21.10245120995019,74.47829332541224,8.489631977547369,6.186535484336238,0,0,0
22.54636857631311,86.25562915341104,32.62634388752094,12.33676753568484,0,0,0
27.796609228340266,84.26902987001654,30.603965910192958,3.451715880985442,1,1,0
25.055047646469294,94.67249580102626,39.39323597927719,8.26108695906796,1,1,0
32.43325048823914,69.72618940957146,12.694200548053407,9.64950888835665,0,0,0
26.46331285492709,77.43662547108927,38.181595777356705,9.184747827281818,0,1,0
23.730714088814448,71.53356448208989,34.39920107618349,19.478815333335636,0,0,0
29.25717479906045,75.42110899207111,16.140724885692165,0.9100847558059222,0,0,1
30.601658253281688,89.99325454542858,27.274407402848098,19.01936372904799,1,0,1
22.505628618514248,83.94731763159703,7.363690424916336,11.638744279880665,0,0,0
22.514288244324764,90.88544169716536,22.628225171779132,15.914554299396766,0,0,0
20.550071404003145,67.12288879161602,44.05986697778205,8.607852360321509,0,0,0
31.04603022598461,90.56763912445032,21.05956899126954,9.076757625139608,1,0,1
29.957067914327077,62.09167959624345,41.9783353237711,17.58652998031647,0,1,0
27.11946313624721,91.10097481530033,29.51266826298472,17.91868992583804,1,0,0
32.66255673453796,71.51758228112547,9.593835655117838,4.773777628625952,0,0,1
32.0850522942508,71.01056716949233,29.05531223489482,3.9848375716923634,0,0,1
28.780315465951283,77.92310018445323,25.299166457853172,9.92470347739902,0,0,1
33.02406920769888,92.9241565703131,19.9320667598192,18.00554054255383,1,0,1
23.087618150551524,61.67234776384919,5.981521975803517,6.447101868123526,0,0,0
21.678794290965918,72.32808412747609,20.835433192361492,13.040292306782625,0,0,0
24.046244172754843,89.98001960391676,3.6381188119813554,14.163033754812023,0,0,0
20.856302841339723,73.86190671024133,4.938452569937563,15.573493297883116,0,0,0
27.967542920015482,66.97049141589734,20.795826646635803,11.278489158419266,0,0,0
34.04908538442442,74.86779634659942,15.269074098423186,8.049103565579392,0,0,1
20.590153110027643,73.49433755220842,46.277216293111174,19.34031977597946,0,0,0
21.831648710150404,92.03956705133461,18.785290269013526,12.226615066057054,0,0,0
26.782985424251528,86.6677031510084,37.89290610360501,14.571304232665415,1,1,0
34.008125262918576,77.67904445104023,26.512376318312135,6.899656913917567,0,0,1
24.742341574651256,94.59296983525499,35.204283432116775,13.398983620061601,0,0,0
27.608522130325888,76.28471359465732,13.00579915076996,5.155953243282518,0,0,0
20.623592885755883,62.038324078709636,47.095248641916456,4.901938350572723,0,0,0
22.225148014431333,69.17960126352448,26.504424845721196,14.294444036188526,0,0,0
34.7994518443827,75.26246680767593,41.56620356426248,10.427894725258701,0,1,1
34.47678044654069,65.4915918451142,18.252284673805676,13.665532208447795,0,0,0
20.074099714016143,93.1647794213415,5.010567452526226,5.388769814961833,0,0,0
34.27717678134859,86.83971142362206,33.68558238604244,11.974466821134609,1,1,1
29.586799067232505,69.39005201497204,0.38798241687122426,8.878672994062251,0,0,0
33.01877441780033,80.67815867312706,23.764648828275416,11.939205736910559,1,0,1
26.82109783450789,85.25072049883502,9.640095133322962,5.817594644884387,1,0,0
27.733940428688754,92.94476251173793,31.368775221768107,14.309019272982477,1,1,0
27.3326987038538,90.85723722113937,48.97099365689261,16.11858732318931,1,1,0
30.002963863191567,78.03172791483748,23.220145316032298,5.1983294771544735,0,0,1
22.094768821344694,87.11284169275561,40.874912826283335,6.012411197112842,0,0,0
20.44960384809017,79.67506638396547,25.38920934755605,13.22308539438186,0,0,0
24.618949123867864,79.3446361515939,24.792001555201203,13.911703486070884,0,0,0
30.5702114410497,64.01596854183671,46.52117465893889,14.081993687949002,0,1,0
23.027801781844225,64.41481803056533,44.49829343733408,13.653970095516737,0,0,0
30.101486499873758,78.533676525786,39.29002325939872,7.856154339050776,0,1,1
34.54868069160906,69.41015407426524,14.812787665839206,7.897073488073567,0,0,0
21.408510736841276,60.7362915861164,27.250420786197026,5.096352472887629,0,0,0
30.089031773376895,85.29937213650743,11.19486166528425,3.1366739979272595,1,0,1
26.656253289568568,61.13703088415578,22.19583490232699,13.851547587938114,0,0,0
33.022133815662585,80.8346894386419,24.21065328798953,1.8637757194462568,1,0,1
22.657246841710787,78.87178279445601,41.582002008466546,18.755845735735633,0,0,0
30.389389283392468,93.90851417022316,44.801418266249655,16.533726073429026,1,1,1
32.57172934472165,76.94745987716746,20.731003119823892,17.150114799145122,0,0,1
34.16921329211035,62.22605027322291,0.8852222536618604,18.133376292303804,0,0,0
30.24872042434469,79.30907887322616,43.08869198946773,8.172099414464801,0,1,1
27.45762146012641,89.43836597156354,8.713933925068035,16.93401446700802,1,0,0
29.267708603018207,94.8897249498504,31.094098194519677,3.1612260058329866,1,1,1
33.033574767180774,75.06201107911754,1.2485450217065597,0.4328358921647135,0,0,1
28.559146199582443,71.21045598738598,19.975323763028214,15.697827893277003,0,0,1
20.455805895452553,91.73286539331997,49.29801510576749,1.495932959938786,0,0,0
33.964230432604666,66.69347451766424,5.0346800551901545,19.770493346518432,0,0,0
30.342901265473415,81.54001202615243,21.184657599982117,13.495928592031118,1,0,1
30.147700786658696,74.20000484633317,15.357497509497609,15.06899420484211,0,0,1
23.235127285965756,61.437882773444436,45.254406169413215,4.916077125557319,0,0,0
29.883282053489857,72.15509660069942,43.46700539536776,13.477307878393763,0,1,1
25.90796608481238,69.28299828759361,11.884938015311441,0.8643987450991442,0,0,0
29.768494655622384,84.01319038802204,4.059389352521558,16.756514398472017,1,0,1
21.59889545461986,93.20766741921713,31.356919703055873,3.392481860631449,0,0,0
29.867679569045542,69.38165155825232,16.818435594185488,13.94716133667541,0,0,0
34.991205886559996,88.40130787030887,33.604219530303155,4.489610024654567,1,1,1
20.72318058290834,61.93759359284434,1.6059878033907238,1.3690633885208547,0,0,0
34.65761276331976,78.83423535139346,6.669961758874471,9.629873570987886,0,0,1
26.10361941084306,62.46925222984631,34.31861163863217,3.385724205455789,0,1,0
33.061301755058885,92.69115468957239,10.618532765124888,14.588879766530995,1,0,1
31.735782260874103,86.82229481950866,42.87938378812008,4.751316867669697,1,1,1
28.50524391480002,83.02824689216072,2.9295443855067713,6.849451124716577,1,0,1
31.076738138769898,88.83637335686325,10.77409913927873,11.348785025289459,1,0,1
33.177733419520216,82.66319284495572,49.92801242425343,5.699365551546231,1,1,1
26.062104824765495,93.9130539011002,21.65380512933963,7.559762324199233,1,0,0
24.90549742344858,84.988528175267,35.14828317723217,16.312435420807734,0,0,0
30.01390078345377,92.36305133537863,9.133152442850683,3.584196991220514,1,0,1
32.11768912911888,78.09961622037233,30.493436749276885,1.6440317896386736,0,1,1
31.434277021649237,64.0972544543652,36.30530341847093,6.5671557026603855,0,1,0
31.967204732879516,78.4862202498056,15.723831793325527,8.487535340277564,0,0,1
26.533749722193996,64.44054898220827,41.444855598793886,10.853185642731354,0,1,0
32.26751324262533,80.73727177117418,30.170878923614165,7.44847392350014,1,1,1
21.80313583055913,76.8872571184682,19.45615048075151,15.798234004456102,0,0,0
28.167336469412746,81.79013892414736,27.88211966715793,0.7863897533694653,1,0,1
20.086379907471823,60.35164433691911,28.838042371796213,8.635350763971159,0,0,0
24.868787448504055,66.81941720793775,8.2767646346933,7.6451182931280925,0,0,0
25.49692302307097,77.19656511692457,20.13661849334831,12.95156981613718,0,0,0
25.94259037413883,93.26762465561973,17.171529400974656,19.32552503794792,1,0,0
30.432008100347932,73.42631641243054,20.045136128956305,10.207508132577242,0,0,1
25.828371519055185,74.85302091187721,38.05552942426289,19.73753693883441,0,1,0
26.73040433933796,85.01436311523177,24.126920373333633,6.044987898263949,1,0,0
23.56316196311491,81.13274650501413,47.015807661963215,0.6173626508492203,0,0,0
25.5987768744401,70.46241525344166,14.68382066792181,3.313263349528255,0,0,0
23.409044408947274,74.37857384485997,20.78517891424645,7.902497695491347,0,0,0
21.097938856526653,67.61949296000313,39.34784052395207,6.326678183771044,0,0,0
29.05172890072067,93.8107510695573,27.301229666037514,1.9410826196675535,1,0,1
30.023191978325244,64.5722033545076,27.35140732122239,8.653202153814338,0,0,0
29.292355190144217,73.01428745982469,2.667008150259176,6.7623154331912545,0,0,1
26.952410657008585,60.90436402770039,19.92998313592279,2.452384409148769,0,0,0
25.69678670268845,67.76228221767413,13.536686621086623,5.922342612238179,0,0,0
32.95000474357738,87.31648984330542,49.96675614155577,17.72872110710781,1,1,1
27.78622677704327,67.04113313011078,15.417753531615514,6.040977309786804,0,0,0
27.187728164445964,62.802219088513795,44.22482673969317,14.279108464841032,0,1,0
20.384630987096536,76.60586129455831,33.811686752023874,12.240941593155112,0,0,0
25.118717414392346,60.34892321570815,17.04582045960452,8.543623248167435,0,0,0
25.702934281787854,62.96681540492166,27.176718918706182,4.7805127360733835,0,0,0
25.982341713453508,88.26690543470413,42.02679399745969,7.380293986918909,1,1,0
28.702585538409984,87.00156707008622,44.168414901545596,11.842144269420857,1,1,1
28.004038200903175,92.02985871417135,8.01969375030726,7.0150642949870985,1,0,1
29.11857639190167,89.90804025687623,16.97865706040848,4.2979286714846365,1,0,1
31.473248923131926,83.91114471339364,16.761159010678583,2.329254977832642,1,0,1
32.1947860807414,61.8316500055232,2.1022398037972345,17.595338758191307,0,0,0
30.77184614339742,87.39970162953301,29.911887992594828,8.806259515038112,1,0,1
34.33285543932402,89.59287837941962,42.7410026496094,12.5041664348586,1,1,1
20.273488740145424,87.96787510201841,19.07871939127589,9.808207222736105,0,0,0
22.93666978525319,77.79676623578091,37.00179724920885,17.45133036715927,0,0,0
20.11344312467213,68.15156435273185,31.385020680036995,10.938697048964217,0,0,0
29.712120712319045,89.58654914910544,18.78243677465004,9.615628358982267,1,0,1
33.470458234249804,85.45069834090485,7.052989974614854,18.492019808434254,1,0,1
23.65223444864449,94.3266411036098,35.46619263879837,14.393791920907091,0,0,0
33.9055181719446,65.44924092145766,42.728258447062025,2.2309981469371465,0,1,0
20.90401085434341,67.89826040682193,34.292724620074594,3.554089223936281,0,0,0
34.01654040208271,67.4129352458526,0.8939242017409033,15.742457258788837,0,0,0
25.274340308594518,87.73889186674678,10.811644719549562,16.717026423599087,1,0,0
21.52131242673825,66.54175537575414,3.4739992441765954,10.90381658180593,0,0,0
27.288076387794884,62.33309404381571,28.519304978811338,11.089104557332785,0,0,0
23.851648515807618,94.94962823049701,37.82388394202062,12.638659257028891,0,0,0
24.27309352942884,60.86860240058022,5.528959353432972,8.78231548565279,0,0,0
24.609349473894298,89.2335421055603,41.91689102966926,13.60398246967808,0,0,0
32.04538846748995,72.78783945427284,27.77544891977416,2.169625151328314,0,0,1
28.087419150128817,89.45654109152353,34.49845060708625,19.225584847347726,1,1,1
24.669615487340053,79.41171719239007,48.57009243043231,15.003096475898435,0,0,0
29.155006749663777,91.5570930320226,4.184049412384866,12.623484080180138,1,0,1
30.742260113347903,92.41675452451193,45.06120114888946,6.326441140189614,1,1,1
24.089360011003006,60.31843634482716,6.305134799370466,3.2191097491345833,0,0,0
26.203236522880275,62.639426159747586,19.647940331834114,8.186859276578893,0,0,0
21.828291400054212,68.76255553497994,42.57193481655572,13.231534811481168,0,0,0
22.717240243020203,83.42603957272256,45.31271183689341,12.67419486846222,0,0,0
30.216767809474742,91.08952687790271,25.318583677257266,7.65282310131143,1,0,1
22.721575215434406,76.0979682952887,29.705231913771257,12.265727876662595,0,0,0
27.877450755005903,81.24405906959929,35.40736672992786,16.27496591135095,1,1,0
30.63569392583649,66.59749484784464,41.63793342263571,0.5256954467521413,0,1,0
21.603153846421158,88.17383918585898,6.075558476883308,9.012420958605514,0,0,0
28.509683294433554,93.85648389737145,40.503465411461384,15.17110456933582,1,1,1
23.848441755520454,69.40096265201092,24.063807525580838,10.922889409267544,0,0,0
34.4439031285637,77.31890830601913,22.53117125540845,13.0295217585814,0,0,1
27.25318470079887,63.01406386772308,21.194987599849913,10.33352785210684,0,0,0
32.08988824662737,79.5697829762039,25.46057926230213,19.83749089364622,0,0,1
28.253398132343925,77.59742046463381,47.25252766973018,1.0924307297807645,0,1,1
20.651187992822287,65.05527694542772,27.41018863960758,9.820896435447546,0,0,0
29.497270633910336,75.47231745913263,47.65887691315696,1.8283309822903537,0,1,1
34.271050133099855,71.69366282302971,9.014506530782029,3.1957112422714085,0,0,1
29.024177302194968,78.26408063568162,36.20679894163166,7.660767008365237,0,1,1
32.287832891401855,80.49790174000798,40.61197693043736,3.110801830009746,1,1,1
33.263096950226114,60.29734525125233,33.956441566743095,19.273743319133022,0,1,0
23.421196579233985,86.63520940323444,30.346114011327018,18.935795534503182,0,0,0
23.1806725986234,84.95550021516092,28.240639054309113,6.7221929244120755,0,0,0
29.164714832764876,72.82002351722828,43.0465241289348,12.79495424075359,0,1,1
26.16542704710057,61.85275774490864,41.082329858225,10.675066411875722,0,1,0
32.597919543000806,86.42263889247675,6.114436059029976,16.31173961031537,1,0,1
33.50034685097017,93.43113061673463,42.429382851543906,12.548912196338843,1,1,1
25.301320689540773,68.4053058607705,20.703430972022126,0.00504908981124208,0,0,0
23.55305838461723,71.32336148079632,12.684841499790538,15.263487712194777,0,0,0
31.70788272865793,66.43345113186352,43.48842840069629,14.936962425922362,0,1,0
24.122090533222043,80.19276431706939,21.60123998168708,10.19445411132962,0,0,0
32.33921477770517,65.41944881266092,40.41823450884083,18.058379464661076,0,1,0
26.356073804731444,72.46678802114828,13.170180597792225,18.168924113808032,0,0,0
30.013248489372057,84.3954554876992,0.1964660711108901,10.478233534087945,1,0,1
21.433029707520024,79.60405940532719,24.772959645147218,12.159764623930753,0,0,0
29.357889870148597,73.52618975147773,5.011412832144213,19.930441438493446,0,0,1
26.776515181058436,74.70873606326397,37.71879777624548,5.97640469622835,0,1,0
28.79912694763211,79.67388089181303,13.803756803470518,6.492344846229548,0,0,1
22.52021311617295,60.20526547605065,22.182282330173937,3.655478053269927,0,0,0
31.053106174162732,62.74784539587635,4.351678254577712,17.91733878315736,0,0,0
32.941956163148426,90.84403237170541,14.332962422362632,14.889767798985325,1,0,1
23.251097001361636,62.72576461819518,39.0745121629286,2.112856977404838,0,0,0
21.435718332802427,84.73812586736769,7.579395595115973,19.635347023959312,0,0,0
20.354578790695047,92.20133574381684,32.35797805634787,14.619234163222321,0,0,0
29.62957250664899,69.47392615056059,45.87129264022506,17.01044219209949,0,1,0
29.106410541331712,72.967200297083,33.991837987886015,0.9630157834640185,0,1,1
28.20046119071105,79.91224920456507,40.55108446461134,10.099218378843354,0,1,1
23.47920644173963,90.85981393735047,5.44858146519579,13.971965734540785,0,0,0
25.86358993858272,92.96669555411471,12.536591300102723,10.858931691436826,1,0,0
28.917145027792596,85.88471368389438,44.72694261202955,13.33294931398555,1,1,1
27.45150288288754,63.03169162991429,35.75528068090446,16.35748127180945,0,1,0
34.81678280322331,83.42039544371977,31.97769131886556,7.486741259203924,1,1,1
22.046596288350997,74.36063026554316,33.188336806085,16.973373512374195,0,0,0
30.427168310713906,76.47453498218715,20.710027715232172,3.2583220953058145,0,0,1
26.06478152156438,61.72019366208119,2.227831580882661,5.417721100527495,0,0,0
26.42299422388422,66.68717487712253,39.22207710353645,0.8669123985465155,0,1,0
30.763966484872643,87.66797626367767,33.93566181076769,7.288536226705022,1,1,1
30.386542269865544,75.88855915667509,23.640223205636236,7.598190896482406,0,0,1
34.86883990553282,70.55817845709021,44.987980768412875,16.10541194414502,0,1,1
21.92591434181188,73.44066758877354,16.807983249254942,13.062613405793119,0,0,0
21.561644740762496,89.90398296639881,14.716087211561796,8.734451163113333,0,0,0
30.865082256931117,86.21496560917349,43.63981625397214,13.042279572474964,1,1,1
28.675803755096137,69.5310389013379,39.84938273794928,1.0556670103138233,0,1,0
24.112409998397087,64.11256440743307,25.74899053241724,3.6054307203675218,0,0,0
21.1912905348348,68.8199377575425,6.536736972892498,12.5389571048351,0,0,0
21.28487374394646,92.22647578691567,10.753573573252623,12.827336384506046,0,0,0
33.41286311996177,80.35560932474144,32.81139952044033,15.482693174148544,1,1,1
22.878009870781142,78.6718073060674,19.252061892020585,8.059995181072043,0,0,0
24.850573431732812,80.87377598923615,41.823659583298564,14.451081932323124,0,0,0
23.39984603340482,72.81098930112803,47.497750466610206,13.679606651203787,0,0,0
25.32494458747906,88.24874571118295,40.28184626374591,19.26786756739698,1,1,0
21.0413576411914,78.31501872550874,18.877271149777858,4.302604528493584,0,0,0
27.785896863624053,64.08617659690785,39.4343214615712,11.033591275052789,0,1,0
21.014188453883225,64.5172793690172,17.572083673534173,12.035288842209386,0,0,0
32.005347617335424,78.79007012759163,8.355004388281696,19.972957698684414,0,0,1
23.505681228656496,92.77995763247938,1.6696602432928698,4.0236828433330345,0,0,0
28.100178719067657,70.79232425866695,19.285835638051,10.464360399345844,0,0,1
33.20118631342187,90.43394091007264,45.17796518486409,6.923706154272777,1,1,1
29.76316053570791,86.74334553026077,11.949329387783825,10.517859371579997,1,0,1
27.99436679827003,68.67343550174174,10.3256582464892,4.642572042062119,0,0,0
24.865006296730634,61.27192619106849,48.49103926205201,0.9522475685497622,0,0,0
24.995028695872968,63.564654279983394,1.250205642529606,11.451309077953777,0,0,0
30.04230432797285,85.4972876846604,39.28910751968772,6.717086317216642,1,1,1
34.91209041831751,66.98844083142264,16.06849778704352,3.638828034968673,0,0,0
29.92758784774068,72.99448221768878,1.8743978434829667,6.4787113215606755,0,0,1
28.366751260550373,77.55947081022487,45.89012701047918,0.9856040289548984,0,1,1
30.959757653588692,85.3913858957557,6.98211651047918,19.008844681802067,1,0,1
26.97808418425577,63.96309281406939,27.58896418628477,11.622958299465209,0,0,0
20.90213513901178,74.22282418471116,13.702710371477389,16.295373626940496,0,0,0
28.434452238168646,76.97755181999435,3.2596401092345517,8.462363950954607,0,0,1
34.3643792675807,78.92894723900389,2.4961242831689545,18.066293351323715,0,0,1
22.629544135364895,88.64262244883258,5.7778349418169395,9.666364431045068,0,0,0
30.350073362309985,66.00873682651259,3.5683506944690024,11.478906444013388,0,0,0
23.014005329885848,88.27410081393178,38.027905775996146,9.835879601253136,0,0,0
28.03741526709622,84.25074496938282,24.278310114171457,14.665565917353032,1,0,1
21.450146744700795,79.45547849696358,17.144604567448983,11.333121552041248,0,0,0
26.755564043872777,84.48347546409002,20.918445506600357,5.431978471607954,1,0,0
31.34244993342869,74.42062086330797,46.44733677863117,2.910790626452926,0,1,1
25.21357286358473,64.84391550888436,45.53759063690736,12.122487777659554,0,1,0
29.97367586730827,83.30178340928785,35.783824006128846,9.783599230940725,1,1,1
31.93174941184594,78.36353073399678,44.23411887108439,1.9195139339222589,0,1,1
33.90766729219179,82.37811801899714,15.982401379381239,7.912349315865368,1,0,1
23.519631227831802,71.82995733599715,19.055466300414142,10.295528440009072,0,0,0
25.98973873713962,91.74033020689426,30.685609092711402,16.5378646765118,1,1,0
22.28624019995626,80.5579454001452,31.18129736486321,1.522021116667247,0,0,0
34.887252532375626,62.989086950180585,24.084991900617048,6.9699069649200585,0,0,0
33.905014518864434,75.743139674655,20.032892421897664,16.45312245420771,0,0,1
28.099356954208396,86.4724619160272,49.30901558043475,12.968478635431575,1,1,1
32.63049941564632,87.79470966062954,41.05618130588622,5.799166436075735,1,1,1
27.814369659080633,77.31089684673155,21.74900989440226,16.906702440452847,0,0,0
29.353785320041396,91.31616497909553,36.36462386197842,9.865871611253848,1,1,1
21.33686648174025,69.36839530180042,13.478084662622974,9.96703782620921,0,0,0
31.32905630745212,74.37095440333933,5.008466311866494,19.531746784007687,0,0,1
21.915702254528522,91.45089186991396,17.62155127763703,18.942330064727567,0,0,0
32.391014453787925,91.36898507650525,20.14864000616971,7.170653667396878,1,0,1
31.73042131505579,83.99994690886383,0.8268562280335401,2.811582573261646,1,0,1
30.631170466144646,90.06431914927771,40.739600081794805,6.513334645561882,1,1,1
20.54240570787143,63.107064343468146,17.959670119459076,0.6096652062277608,0,0,0
24.54692533917993,90.27482416727217,29.02090828900735,0.41535773420782407,0,0,0
23.946688548662642,71.22169672925794,3.6981593635477985,7.910442725028384,0,0,0
25.402046112072785,66.24160293498757,8.749841437529199,18.82039645394468,0,0,0
21.31464120145758,68.37794427197161,44.484686266378,17.427146824644154,0,0,0
34.05436734546594,74.62889778048604,30.43437639414004,10.22885667835246,0,1,1
28.307033610685643,68.79172016115635,47.51420250852428,11.304527623416615,0,1,0
24.582864659870353,71.21986551057746,49.937501719565844,0.11866993492112954,0,0,0
25.95472275611425,64.72424701250748,18.59300576665472,4.3100231166753105,0,0,0
26.708038107572534,70.36618679456495,14.940153204163732,0.4954825386876749,0,0,0
29.00891500040926,80.02993350897003,42.91780275795484,15.090790653907751,1,1,1
27.735191415447467,75.46487978318724,49.93057135187271,2.912915920529955,0,1,0
33.790879598216264,72.13515664325689,31.482061711622865,17.380942049536337,0,1,1
27.454452243587454,86.12582450999899,39.757036125576114,12.866486273515765,1,1,0
34.88237022234969,91.27284899876612,39.087292940763724,4.588373530314267,1,1,1
32.77137436617644,86.4876228015839,17.766985410977348,3.154406341664995,1,0,1
23.127657715360037,71.62002457411877,28.71351901285436,12.552494018461061,0,0,0
33.958928219658745,86.05547587431438,41.65284706321068,18.01673960564647,1,1,1
21.745495968282142,65.31930638659179,34.40569381305277,14.367204378287632,0,0,0
32.26174562736787,64.56112958319518,1.058190699101913,6.970933032067553,0,0,0
25.709349402148703,72.09694629626556,16.835283444876676,11.747671905372943,0,0,0
33.169614806676044,88.26958291654199,7.223784829730268,6.215233907448427,1,0,1
33.020850351611756,68.62218865348056,11.648610603901954,19.98299133557318,0,0,0
32.08888100176432,62.213869311453784,45.27447387456628,14.976783769237024,0,1,0
31.85045654460592,64.60983373222243,1.8446644455384076,12.287632795135073,0,0,0
24.57018708647061,90.0560738985353,10.990035598096187,8.465182855316584,0,0,0
21.213789245768783,82.18241496615506,15.478467611911572,12.363045805191145,0,0,0
26.04470268147742,68.86204071794918,30.84420359831974,6.832321249346696,0,1,0
22.60286772479763,79.43535388648635,26.705084504293275,0.5772967891606151,0,0,0
30.424266333536927,78.46528678488727,10.913474142669305,7.901770447132657,0,0,1
25.191495898066783,82.94025924542314,8.212053361157723,18.60961639159734,1,0,0
34.63415301289872,68.16156440475658,11.839901729805941,12.526021895477317,0,0,0
29.61458116017998,90.25410455180392,25.12648133508278,1.6791140614180322,1,0,1
32.33720845451541,70.82789967280044,13.558889285560172,17.699872267900517,0,0,1
21.987870091127725,84.29460788916829,47.38012508038611,5.377496986830296,0,0,0
32.93021723408934,60.56436262302752,23.19326107144238,4.875389861654549,0,0,0
33.84135785770091,73.04299954629515,2.939800827231853,5.941819375606416,0,0,1
27.305928782284038,72.3098436285583,36.46332029183167,11.54404472251915,0,1,0
29.093794066264664,79.02195500040551,16.442264410449482,10.893761868679533,0,0,1
31.472147013544934,62.54576916220188,32.674446602912376,9.828275092457634,0,1,0
22.622579408906187,87.65459808041379,13.9797185261616,14.35073727025254,0,0,0
27.538491146951635,67.62232806186489,28.537187086665995,6.33075462669918,0,0,0
25.979945416584698,83.69632352087035,38.60762524037323,15.641290431448622,1,1,0
22.195609882433736,88.11242431354326,46.4004370887277,3.5064335675719827,0,0,0
25.51301633437297,79.66569346845296,13.056357221653853,15.652415781540185,0,0,0
21.022584640782405,85.93091223526949,16.742847549949058,13.276202105005657,0,0,0
20.387178604242305,83.16511092752519,23.213321014296984,13.664166190951729,0,0,0
22.02749433732234,72.44354290032027,46.35874188679944,9.631067942545199,0,0,0
34.44672667383761,88.31004886617478,45.069342840532855,13.340030653617294,1,1,1
28.242943038425253,70.31454794599348,4.493914005031901,1.5959409311891481,0,0,1
34.4873324172983,79.9924521213031,6.596491287690542,17.031022340987345,0,0,1
26.487468174951978,86.08892086995388,24.775458866531913,1.1109446697529202,1,0,0
24.677241996278894,73.26345684343777,5.330963640271174,2.9748301974299496,0,0,0
27.59212794260366,70.59686626660988,17.279043667434873,11.535794169944726,0,0,0
26.59267532949365,76.07711035604879,7.419268910873883,14.78822910913383,0,0,0
21.58497026392616,88.62872230222038,31.802017756594292,1.5250312869250693,0,0,0
29.612394720353095,92.54726171009827,47.474771586958084,18.415296282446395,1,1,1
23.240572737643994,79.07791945009615,49.83668851471907,19.472152976013973,0,0,0
29.293819323467446,83.15131718632782,18.76205662484574,12.119003460154222,1,0,1
29.753016385972302,91.614576778362,29.950631855730613,9.624869107536732,1,0,1
22.280372796929722,63.449139799452986,42.813382676204064,14.827899445594994,0,0,0
20.92024440666002,68.12275022531577,5.873103639819199,6.567147046544108,0,0,0
31.711423791026597,84.81150021880538,34.47822055259825,9.865288682102129,1,1,1
26.8970063565398,88.8310561669305,20.44218308625341,18.323020536288027,1,0,0
20.872456932582136,89.99601599157023,10.307308014008203,19.11310850483067,0,0,0
34.922994757546505,74.52875118992264,20.1376809373721,18.5413823210237,0,0,1
20.8667084149455,63.12689658021534,3.798014348245843,5.2489613392768035,0,0,0
30.4255284328783,75.3223517054867,34.770357429465285,4.649380804335268,0,1,1
34.7551838789512,68.07571065724689,12.637133437422655,5.953290118586285,0,0,0
23.587701563238884,70.19187592488184,15.5702822522439,8.826222247769204,0,0,0
22.133740530307943,87.0293644893127,6.054064912073137,6.283348255839272,0,0,0
21.820774091336432,62.64344801090604,43.232955694494585,7.484255914781159,0,0,0
24.549127213513934,88.96534261182458,24.67221396413693,12.41273904241519,0,0,0
21.5156871651597,74.96841800384591,28.607343889320013,15.250513541879517,0,0,0
30.38242012541198,80.86223758852083,28.47163415474273,14.71116396535834,1,0,1
20.93437697195094,63.137828093248764,20.52465572706709,16.28847134158304,0,0,0
27.641331922246845,71.80756774250479,9.626495771906974,0.6436880643080434,0,0,0
34.95045280779465,63.139532165519604,37.256637424919994,0.9546757935751216,0,1,0
32.209554042590284,93.65403030083883,6.352813267883716,15.787659213772587,1,0,1
29.228291573465164,88.25415772641877,5.193689513940525,10.661576446492639,1,0,1
24.593804311799175,76.08714640247611,35.50725187982517,11.562813475242406,0,0,0
29.358437544374578,67.82608919132849,10.441851022599192,1.0517372042875417,0,0,0
27.905621958674775,92.67092868374482,15.338637567641616,5.106276023425417,1,0,0
26.39125075835557,72.06088085044401,23.761373350087013,12.767086097709555,0,0,0
21.960655651102993,65.63445510905811,22.46756583647731,17.18363780221352,0,0,0
33.299063228607,79.71075359588842,35.42895625324996,18.33966794362805,0,1,1
26.746769732319837,93.03209421206856,31.17158967216805,10.008389916701635,1,1,0
22.919337677311475,60.134060167511294,32.21980811409328,10.909484654763952,0,0,0
25.516390263159344,68.33436951388995,35.70271653277287,16.66099262137982,0,1,0
26.211946287933905,92.84566741436427,14.630636371173267,10.752492014947093,1,0,0
32.41306843350311,65.98800884000067,16.116665590023683,10.337170510746347,0,0,0
31.00421570842103,63.96352080739369,21.899887394777707,18.101680755219075,0,0,0
31.539573404620096,79.95655255299316,15.373108651676304,15.798654421117602,0,0,1
20.165468966429707,90.16453381531905,49.24689344854317,18.18145052722589,0,0,0
26.24230997269642,76.69884361928742,40.70259632107148,4.364941095623076,0,1,0
27.220162274529855,94.80974898395837,8.232734412801479,10.487509733107135,1,0,0
20.28788415234585,83.77100948382974,0.27970779409347557,16.849442571867158,0,0,0
23.897198131175514,62.59262175236567,2.139163412363393,2.222956549342179,0,0,0
31.404347346832026,94.74912460886914,12.203172552146263,15.893243085879236,1,0,1
22.056645585934987,74.27629828730666,5.714564291842827,3.6594676682973892,0,0,0
28.029651971788873,70.05908868459188,26.666905744628604,16.162375099706423,0,0,1
23.22802808025856,79.525771425226,42.89976113636793,12.240018751137363,0,0,0
20.1818116196584,70.65076571373025,36.83751104566137,3.864719829697343,0,0,0
23.61802186399312,63.02601274920533,10.780453154109521,9.467083586656022,0,0,0
34.6381063236508,60.04999200777119,19.964962801289293,13.638103329215433,0,0,0
32.02305667824484,75.73541735220918,25.39471047656388,12.677058017670848,0,0,1
34.3936496648155,89.29021977793073,40.51029247516678,8.544943924634087,1,1,1
27.317810658895436,80.03103149705268,41.95608015530824,17.98733057841854,1,1,0
21.64604298016255,94.97225546302043,45.485915595388796,10.385268289756887,0,0,0
28.219392334605395,70.039632597652,25.462262525143757,10.117345970573767,0,0,1
26.815660018399413,69.81592726660193,34.71373732179315,1.2450117988290854,0,1,0
32.66535624109424,65.59123110818805,5.590018561696858,18.442407795952743,0,0,0
21.471238711763668,65.74222558928673,28.264447997699104,3.54233137356746,0,0,0
27.32361705532667,69.98153086035167,12.434590473556757,10.566893868731084,0,0,0
22.250729970409765,87.74940158457345,21.585844251330556,16.071352028006203,0,0,0
24.8701389033509,91.70148767227568,31.70252541533597,4.309065539112867,0,0,0
31.060356160816994,94.12805093976885,12.849296892689054,10.547465799416821,1,0,1
27.1402719405315,68.13013789337585,2.609252889838054,4.813698184466817,0,0,0
25.63832427718654,90.84541409649322,0.5116928204378757,15.193899955998235,1,0,0
25.91714417855053,71.4889281247068,1.1079767772260773,11.286823357463014,0,0,0
26.8917015260898,63.94941905809095,0.4174868756884831,17.11951720790287,0,0,0
31.775248157555854,90.4508723932058,5.517752827893774,17.89116005754766,1,0,1
33.38127033410352,82.26369721252665,11.974435728506494,12.974669648907962,1,0,1
34.330020297558924,65.76558136283717,11.06107570911496,14.50782492317889,0,0,0
31.803550793829427,75.04409401295509,49.339829708994834,10.984401997737274,0,1,1
24.73110343622019,70.05401932069736,15.30030526044716,7.688574661347658,0,0,0
30.322020591298134,85.7878099048569,6.371039167969955,12.962358460416691,1,0,1
26.564046860830878,75.86956807184939,27.278127208387897,18.165772469746578,0,0,0
23.820059330690768,94.62479807872347,42.89787276987542,8.333607608628759,0,0,0
32.61307369138884,61.91607437908583,33.90301883938376,6.288200527475906,0,1,0
20.576395234434877,72.42553431476864,14.804104456772516,7.768738771051482,0,0,0
33.52642988203135,76.86650584884921,28.080807989572747,8.707952604231991,0,0,1
26.92216196937101,77.6096744161912,35.74279871002046,1.4712205795543243,0,1,0
29.558022152124206,71.05775378349729,36.405224618387116,9.968836808699887,0,1,1
29.890308833086742,85.52340871841488,33.32692276488444,9.886284961001193,1,1,1
33.426766110598045,90.61614757211412,43.5405212387809,11.768876552810463,1,1,1
29.55004523250811,92.8551755692252,43.50527291720522,7.256400609426629,1,1,1
29.209003771400926,88.17826818798342,28.946827970350164,12.262151919111794,1,0,1
20.99978060841035,89.77030690573098,21.492818455560613,17.56432620548406,0,0,0
27.776120329178063,79.26908552169985,32.07851477825499,19.109419809903287,0,1,0
22.252535012255624,88.9060879249385,40.91060006852316,11.672244322820992,0,0,0
31.061506530822285,70.62263682017833,0.2826052420592362,0.8518190794062619,0,0,1
27.68332881219012,73.9467566738225,49.59985045074256,19.38471994534218,0,1,0
30.2034166881253,71.09195548364904,9.144688616459963,14.117241217925125,0,0,1
20.625093509035764,76.35855674067739,23.51244928299881,6.7192729710730426,0,0,0
21.271880240687047,69.99528656835227,43.60148674214334,2.9431540192744676,0,0,0
30.744850820940236,93.65640047890564,11.252019952209968,2.868372244725499,1,0,1
21.0812650399801,70.94956198019838,23.83976119501916,3.3548881227920546,0,0,0
21.06885091647888,63.431558833882896,6.629109009058959,0.9114504322764061,0,0,0
20.18162712852331,78.43860081176447,19.75381626940963,18.043083773058232,0,0,0
34.3475209744922,61.99846774558117,8.856772739650125,10.815364656546727,0,0,0
31.062625391885106,63.86901082080032,18.18138743855785,13.999188254276744,0,0,0
25.298771127530962,67.67862862186863,18.673210839636102,16.56217018536615,0,0,0
24.44803371931483,76.25225874587495,49.658539479916634,15.830820126664005,0,0,0
25.245548446187744,75.16378263081597,49.74065146518861,17.652112474576832,0,1,0
31.619802967717728,87.9892151700977,5.739313933030621,19.34509245049904,1,0,1
29.920559166056215,85.88161288594397,36.298438966417365,8.781412294838791,1,1,1
22.77793351801202,74.92114028967455,2.5872739834550575,19.00670933336781,0,0,0
22.611640030011266,71.67964726514705,1.5096007668594313,14.465798966856326,0,0,0
21.47593474570096,71.07640744215246,5.266694712248215,1.4133638061615694,0,0,0
29.90454079552007,87.08982805529031,48.2742828503967,13.635662424246908,1,1,1
31.46558993332604,61.82253421774444,47.04317739473487,13.734333192096972,0,1,0
23.97569642487506,60.4487577328712,9.696391014034022,18.117211275850543,0,0,0
20.314174415463693,87.84405371743269,8.083616777685576,7.458642649401841,0,0,0
21.23257501214641,76.70012315961672,12.02675432579735,11.698230005436356,0,0,0
34.51790052267546,64.58083984937515,25.777349703757107,0.2437510202348503,0,0,0
24.431671662161303,68.24480771080755,28.485231601770494,6.64150484362672,0,0,0
31.538347217572003,92.6376383584084,11.079671521972367,1.2448745231756186,1,0,1
29.36995353281396,90.08260414687143,37.83113940449726,10.43745945529794,1,1,1
25.729094594793438,84.84247675783904,15.477658470132539,16.348953010139063,1,0,0
23.085308932933327,76.87788306180643,46.10656627647052,4.128853842581379,0,0,0
21.820796272391096,78.2113269166985,32.836135322836526,10.54882091115557,0,0,0
29.225194520583,94.13355873493856,21.817559715180586,4.080172730215342,1,0,1
31.61950670956682,93.80196553595005,39.49560008514227,2.4137693569248087,1,1,1
29.658563803116962,67.5344166025042,40.89573130233324,10.21993583868685,0,1,0
27.954531998737373,88.38865982068613,14.524080280447183,1.5829724189945527,1,0,0
20.629268351474543,66.9034933158456,16.985727191804216,11.747092622759787,0,0,0
34.52733166391576,67.4738117259383,46.79775768643017,0.6267492135345254,0,1,0
31.980712874818618,83.66325619576018,8.237051918163596,2.1342994373675106,1,0,1
24.392330550514473,74.17503845056419,2.1075208481467103,10.999949709747156,0,0,0
34.69955494038276,92.6040542487282,22.702766130477457,11.828148257978278,1,0,1
29.028223844544833,63.11534072136031,40.06049501218145,0.5797386018751616,0,1,0
28.736339873108697,77.90339742833226,38.58340531553729,11.467535760031168,0,1,1
31.22109769144298,92.14825356550924,45.976531445641626,16.77005050647274,1,1,1
32.17654682135206,91.64397811678268,26.66003321845201,14.446323545879078,1,0,1
29.84717910997254,65.47852246955094,5.0032335783266655,2.6237020784159726,0,0,0
21.921436195493,72.83231950337597,29.434448716800805,11.849492951272298,0,0,0
25.074012589917476,81.66924900163437,38.91978071766058,13.445050001484269,1,1,0
33.92125460489075,65.57882096699907,4.66640601349132,0.7446240350458355,0,0,0
23.36923417765778,93.88077602160085,8.632870054879488,17.106953373672454,0,0,0
25.5825053575627,92.01622650546811,0.6145330577835451,18.125347945796605,1,0,0
26.48115324416294,65.84325626620642,29.68262897234052,17.009045467245173,0,0,0
26.591074845416784,64.2404411441345,44.33671959729522,16.492629359782264,0,1,0
29.19409373741788,62.98929689828928,33.533165800104975,14.899303969217865,0,1,0
34.146137566170616,91.83052824128208,49.1020043795491,12.668640625639203,1,1,1
23.610390677487572,66.77683334284113,3.1516826249880783,13.572540099765039,0,0,0
21.82252064451377,74.56997249905241,45.15005425757481,16.12790586669966,0,0,0
22.96205734789906,75.7097977978201,40.703414369334034,13.249969167226093,0,0,0
33.303873503139044,80.96538654747486,15.712076024975246,6.55453913364142,1,0,1
29.68716218982809,62.51073703115988,48.67632759186259,7.519222043227078,0,1,0
24.288601838587404,67.93655160901805,14.396887408570752,17.941149367445842,0,0,0
32.23920408452926,92.6021635421624,44.46523619141092,0.342441715943238,1,1,1
32.92054994545154,91.79435375439994,44.03742885370947,13.97641162488564,1,1,1
32.69771508035417,87.34517265919922,37.88288083014862,19.09555104850431,1,1,1
33.78389800459332,60.67904359663754,28.173523690642593,14.124563399159474,0,0,0
23.783615302600424,71.44523689736357,6.000137480844403,19.87823976463564,0,0,0
31.325628931194174,81.97855573700177,26.598586724824912,13.750898110566617,1,0,1
26.9080924591121,69.63165741207165,17.839812782746726,0.6872605843372215,0,0,0
32.62997829335092,91.83553432688221,39.61085165776759,16.540197632938472,1,1,1
30.927360157424197,82.18613116413547,37.90646032484224,5.692598238786381,1,1,1
31.646711697495867,62.51673510607559,45.53062536863026,8.92114451328882,0,1,0
29.84242756521607,91.8151956092496,0.7415081215853936,6.2418383181416415,1,0,1
22.6614315420456,93.52183303616779,40.455160841152306,5.371082124193589,0,0,0
28.175403783454072,62.71993464371039,46.92310265623344,8.628114073395707,0,1,0
34.770046092867624,78.63260822014603,39.46502245540751,7.575028968813475,0,1,1
34.06082099745679,70.61774987749597,6.509722993518335,12.666771636851788,0,0,1
20.647606036955175,73.74936767684909,4.063955242044387,16.263024019750212,0,0,0
22.472222235941558,66.28779262843696,1.0422619903850405,5.941773063744815,0,0,0
21.975931601818427,80.23252357043444,31.43726129140355,4.274423056440348,0,0,0
30.889698649779433,93.52927736371117,31.483632592994365,13.337905417406846,1,1,1
32.266779947854175,77.60754100950632,49.345685710910615,13.406401316615632,0,1,1
23.20267049466008,62.90201034880684,19.902158705204787,18.022624785723437,0,0,0
27.587790394277434,81.70004667170929,16.595314244874835,0.31891372906621696,1,0,0
32.610545420168,71.907804805794,31.221246359219624,17.060813242330198,0,1,1
30.99202317149376,89.95738163569543,41.2804336253797,10.42004345896714,1,1,1
28.133558082377725,75.21373519107645,46.838697476150095,12.426041783441978,0,1,1
28.855215356881594,66.7493863129786,40.15620830895193,1.8274288112282955,0,1,0
27.6254082037442,66.68869679419008,21.33369903079024,8.652298657440912,0,0,0
24.46322676978231,86.90674632524062,31.745711765603208,4.5460481447704755,0,0,0
28.47532989288524,69.2955659407576,42.81496633580585,5.0845006016501815,0,1,0
30.333279530751362,86.8531687955728,24.530484415586972,10.081902293520548,1,0,1
33.09984373791212,67.20605587683097,10.834332185269634,16.249119008062248,0,0,0
29.544370309688723,71.25902290454583,8.486171987393648,14.875618602897124,0,0,1
31.41682305564737,76.29204403538948,0.00788722890283644,11.819999181719076,0,0,1
22.401074524318595,93.01185473927077,35.91189974906421,10.78836385506934,0,0,0
26.92336211629685,92.61059986638386,5.554860442299525,8.546120864689799,1,0,0
20.1399742974064,67.24051563978007,12.191954984797022,19.454199471227728,0,0,0
23.700182967824347,72.53766644350755,14.893816576139669,11.203851084684667,0,0,0
30.896925726695073,65.22897859588203,28.018993006838418,5.079327966244442,0,0,0
34.87714927024045,77.8494777759724,19.897863864788462,4.601815840800791,0,0,1
21.48767149380824,76.12038927431333,33.733699601158094,12.227060615502836,0,0,0
26.022414737919323,91.52660568577564,2.7819329664351358,10.456550546218574,1,0,0
32.00106453048739,92.55018822268754,6.196959713221972,0.1539560590942557,1,0,1
23.06053451943348,73.42485868525523,24.960575176663337,16.601307443915587,0,0,0
28.326274239534293,77.21082800566464,16.84823939234149,14.082447084648692,0,0,1
30.996069440445122,91.36826872011466,14.790668137567986,13.236585793562071,1,0,1
29.239781753902683,88.23477327107716,3.3514039518761365,1.375613153953179,1,0,1
22.820371019231242,60.127970897062724,44.78595873740007,7.241117003449828,0,0,0
25.330768530286093,71.20208474642538,34.59092930625254,18.707645214655724,0,1,0
31.756876767280957,74.7620984677644,6.080907840982469,17.251784826827276,0,0,1
28.31339771198025,68.04006992891311,3.252297886857031,5.710858757390669,0,0,0
20.07844420314369,66.98500655635786,48.743626671562154,3.141177681982774,0,0,0
31.414861400421408,61.32245773084879,34.05862752197525,8.98175914337154,0,1,0
20.529670324103584,82.51794037744162,20.872803554687074,7.1166075733532175,0,0,0
31.18600674096848,69.1878601669108,35.08655203778924,13.64452753411982,0,1,0
23.037208402478562,61.83215124509596,37.81658932400796,19.32869620168639,0,0,0
34.371102201790706,68.08427586848222,38.99811011943897,7.2600289996512295,0,1,0
25.519111269531265,88.06698834926442,23.893865282652882,1.24448345304484,1,0,0
24.903974245071186,89.80212135762913,21.4941379062424,17.952280166847704,0,0,0
22.23332075498667,76.9073185817656,0.551404213445017,0.7589946047974161,0,0,0
24.584063232353223,74.56247346430402,46.3278557570919,19.05531794306666,0,0,0
33.14976142742301,94.22487927256236,30.165393919447155,13.291588560180795,1,1,1
34.94501506440871,67.01976308558244,10.157696859498405,18.83378416883898,0,0,0
25.524642957602726,67.53757489991129,45.98017097107183,3.9931937329795653,0,1,0
26.729159464318137,70.21535119627399,45.746595088514816,0.8139959050761525,0,1,0
30.831064073041055,66.04650613983806,49.459208218304795,9.764199565529836,0,1,0
33.29293670697612,73.27779593714654,43.70282815694894,9.012468291402504,0,1,1
28.895665012801764,91.87919794464139,49.88921939100324,6.629845465097657,1,1,1
25.87288547266744,81.5371744220001,12.234309406163629,19.15312948777395,1,0,0
26.189327612729357,74.41812920142922,42.1124792599617,16.451674643228642,0,1,0
30.434272197452103,92.70437780999251,41.151415439788224,13.231640427511866,1,1,1
20.04827395406418,61.69624813665378,11.547017961036687,3.2571658327565545,0,0,0
29.293840061897612,67.35966622656515,4.921877450049539,14.686468164370494,0,0,0
25.33239515662036,79.80610117856156,48.97102568387998,14.540249093994479,0,1,0
31.91295996915626,81.54434181176127,14.801227576030518,8.501363472320149,1,0,1
21.394859597346983,61.38451272969146,43.5445895233903,18.495718194280272,0,0,0
28.823034004225857,74.10635652674962,0.20635773373019473,3.339557644580209,0,0,1
27.214593348291857,82.72038876908054,1.0512403609801102,5.346751248233286,1,0,0
29.63488288857841,84.43246912411905,23.29356543481842,1.2644867850126729,1,0,1
20.972803917244526,82.33489658806943,11.935734196753177,15.90901916355175,0,0,0
28.69975681142197,71.21971285263236,34.49206417179821,12.435187721907946,0,1,1
28.422268819392855,63.273204325926834,28.278216278397718,6.298806113624991,0,0,0
28.409901416242562,74.9489356246767,3.8742898725245722,3.2762732718863075,0,0,1
29.052314998946823,64.50640530788195,8.131414815785853,0.8029554005748074,0,0,0
30.147019058395433,93.16682804822335,19.402463502920714,3.334911372518732,1,0,1
32.074834995211546,76.63098031079198,9.280203197771659,9.065692926753163,0,0,1
24.047310801923217,71.10407110249037,39.61111736219643,4.943539380212123,0,0,0
32.37574115270093,86.8206424891615,20.803511777664003,5.179643548639334,1,0,1
27.473835233951803,77.42820074037924,4.671593342124964,17.511527333354287,0,0,0
21.155874187014966,70.85119084043575,24.217145113606243,10.302753469222012,0,0,0
20.87826393865969,88.41887098367806,4.541909053070708,14.585039462568293,0,0,0
25.013574780440912,90.35032528503928,6.446865270990859,0.7142189805628618,1,0,0
31.773454656672016,83.55528582010369,11.980491601410264,7.303267113560574,1,0,1
30.615214021113736,61.64375478426835,42.97638526237449,9.583386947908837,0,1,0
31.829224470086096,79.82130080582863,46.23062661664859,3.728337104203694,0,1,1
27.75903584662414,86.71532191990485,41.31288646660345,2.4038308289107735,1,1,0
26.602984969332358,64.77760542292538,16.703860870892363,17.40607556999685,0,0,0
22.21178790059426,68.00347629846112,13.622322055441582,18.78863254199593,0,0,0
24.922891304139675,90.88732867738477,27.45778453951196,1.5761339609081482,0,0,0
26.510290492608128,60.70426026485759,36.09265802665561,6.980374250848862,0,1,0
21.32900644519426,86.34544982390916,49.668639408008744,19.165712562889475,0,0,0
23.30917929066817,76.5820652380048,6.578535593946311,1.6632346626492978,0,0,0
28.973379410956085,75.63702555938625,2.4645999511902215,12.872827457574525,0,0,1
31.03494671358785,60.24837863732105,34.71779444976355,19.444427419340112,0,1,0
34.975212670894244,88.67893808382725,41.611289175195274,19.564473371627493,1,1,1
33.996699970153365,72.59387152227983,42.31743899332116,9.424466618074865,0,1,1
29.638477993027873,78.92679709551899,33.92317745385803,3.254982155647612,0,1,1
26.318720799411082,83.70552402174808,47.70079020595935,4.041686299548777,1,1,0
29.54266047062349,84.59203517532706,25.550238177229346,17.79202790248789,1,0,1
31.78477427120348,93.45930205891253,45.69073991681062,18.233660086594718,1,1,1
21.77504286385081,78.59689836328133,48.39060684957615,12.157592877471096,0,0,0
26.148573345444323,73.99018428410497,42.35787285015539,15.323527989398226,0,1,0
32.59703428453426,93.37962692720978,15.48792816293103,14.798625029408164,1,0,1
25.757494278995658,82.47385822589324,9.810782558514763,13.23643195978214,1,0,0
28.578084068407797,70.43526246967944,27.406003249090922,16.54553909743878,0,0,1
28.816540412932973,64.426248589125,22.65073751900942,13.708132460806421,0,0,0
22.76714379700459,89.48940755128135,43.887917109636646,10.680046114949986,0,0,0
25.433531624784326,72.6763560977953,5.001583553357686,4.7391272517631355,0,0,0
25.01766933112898,83.1164402477551,12.88700306557593,14.87776288237238,1,0,0
20.392950627980973,76.47857467780644,37.589947225935425,9.46875735676549,0,0,0
20.36287645837033,66.96254229282634,4.749332248865606,5.8958336801501865,0,0,0
32.4754556551366,81.05903130171627,16.03822070108501,16.03892551483551,1,0,1
24.096062149592186,62.12390741327388,19.35776970269916,13.934272007060567,0,0,0
27.771181493582233,74.46698609549173,31.1296898281345,18.746791262494,0,1,0
24.480883603831597,79.13152288822849,7.906632285968229,3.3088328003775547,0,0,0
34.110188676730104,75.26164409415027,43.03022451748548,12.983785692729864,0,1,1
23.889451382986607,86.20352613378468,22.37711177331371,4.88478936176352,0,0,0
26.444852191084024,88.97737340908594,45.85108559402782,18.071659706032833,1,1,0
33.09095375726903,86.99350759116123,23.39349568169658,1.9899882851323136,1,0,1
32.62900350187713,61.358453173413075,13.752012947036668,13.123236128897544,0,0,0
22.791521267694158,66.79450696560903,7.091441434383744,15.821714430560599,0,0,0
32.03964964693566,78.7812628242321,0.18725473556424066,7.098356807294143,0,0,1
26.87280330106839,92.71877141553304,26.60787424924178,19.082761587676185,1,0,0
27.244533081280327,89.2234871268241,5.357834846346171,17.014613691720747,1,0,0
22.002199586239158,89.48870779231305,19.58638818155891,5.892365993698068,0,0,0
21.20902270635687,70.61228678158862,29.463588061854335,0.15082185431997353,0,0,0
30.919089604606476,75.03067639775459,13.784294845135015,5.933143522361217,0,0,1
27.446917285329498,76.4747081560578,8.761214618305763,5.626209409414851,0,0,0
26.55276053922769,65.50800541724686,38.736081130467085,17.79929215001818,0,1,0
30.94262342978595,61.08738455855597,47.33955861408103,19.34242356509495,0,1,0
31.482693484866644,93.14160148111809,5.022020893098301,1.408799719405207,1,0,1
22.383622515040305,68.42494049822274,7.779516219250393,9.425896570666335,0,0,0
29.15337724216462,68.3982116303271,48.00063286263593,10.966639970595915,0,1,0
22.030311234165282,62.91826688190658,1.8892110906123138,1.858233226594066,0,0,0
31.270626290435686,92.49777131803225,48.88161682752361,7.549954182750451,1,1,1
29.854327344007093,80.29079902289202,0.23222415424943854,6.341648347859012,1,0,1
34.34921931625187,83.34628999938738,43.68343278256657,10.721127086541745,1,1,1
21.034370245346317,91.90519105420684,15.366259049387477,13.223817994638761,0,0,0
20.855820817268814,72.09670591152764,46.92944290886483,14.069702209931332,0,0,0
24.232806120398003,81.75275588983294,15.847264431779273,2.7351004722677508,0,0,0
23.925585256038588,61.357980915511064,32.7153160767028,16.258954038892426,0,0,0
23.704681986079997,66.53703848808952,4.0016284882968325,13.570840595815179,0,0,0
33.59381870781555,89.09360317814799,12.11649057268695,17.78149833493439,1,0,1
23.74319299774259,86.83689247184175,38.683967323962534,8.986721188708682,0,0,0
24.079245891929464,72.27249420100014,26.434292683940985,17.877795254443832,0,0,0
31.390973936269454,73.18837197209744,46.39845308935224,17.315482447121507,0,1,1
26.7460976367581,78.67440517437528,21.437570417067715,8.768186647185392,0,0,0
31.650658354327717,60.00843516397971,43.490618290696155,7.6228663058595725,0,1,0
20.98049236346578,68.44355176133098,22.447771873911876,18.656240299405134,0,0,0
27.313567905100765,67.28811330128751,48.96241393509926,14.303294690768753,0,1,0
20.50420400274924,68.76690313624172,47.99171906994384,18.564906928761513,0,0,0
20.93979805183032,88.20670448867045,16.456835277804018,15.939495577916261,0,0,0
33.596561800166164,69.78858497912552,44.29618352084016,12.185948785828288,0,1,0
22.088680566763927,66.70324627175519,42.38056871078246,2.31705554007529,0,0,0
27.986310234128258,77.6492211277561,10.534019866378141,5.82961345158197,0,0,0
26.166434039010596,90.29757627304562,31.214520039163485,19.37684814196783,1,1,0
25.21014989388264,68.4472396343125,3.634115779490743,6.388441974284089,0,0,0
33.497500185309086,62.74876849774795,41.835536029173085,1.8650973957074157,0,1,0
20.327350951632344,72.47416575473827,8.727294175174826,14.151067118386395,0,0,0
29.956845292633837,86.16781385977423,3.5407350692882256,14.680085090873686,1,0,1
34.45091651320325,79.27416906431782,20.010954776940558,5.709154405743016,0,0,1
28.402522751927627,88.58776793510216,28.846106929982174,5.953439586926075,1,0,1
34.05233693049638,93.58572516632319,42.74584792798855,9.377859710175677,1,1,1
20.783868189290356,87.7431866863066,48.71212627608683,0.43577899524511077,0,0,0
26.28189978611242,81.13310775953137,21.974625628493182,15.786460207223271,1,0,0
23.902366864430768,77.26695558183332,3.0223461492635106,6.341775745482511,0,0,0
30.962314474710947,61.40241802218933,37.45577895129353,17.07526204003955,0,1,0
34.7194563574587,94.45126925849144,28.25866281119687,16.052608432000675,1,0,1
23.847950936663718,73.42183929012648,22.394567242223157,13.228040662375662,0,0,0
29.812619022111114,65.32798748709034,15.463443939609483,6.497497341985774,0,0,0
22.9714644913961,83.33480993887599,25.119926392176783,10.3263312332234,0,0,0
28.47995381857415,69.95009011834108,16.933980222851545,8.89658515195918,0,0,0
26.95898730032504,80.50223948258667,37.850593387368015,6.777637724973484,1,1,0
34.580079944473056,80.5368767745607,27.194684824632056,16.962725786063565,1,0,1
29.127909090446998,75.60054373160042,43.842388707705595,9.670141491553306,0,1,1
25.242595581302282,89.2641515440765,27.177195732472104,16.654461955942928,1,0,0
21.711436773319,69.2738471544405,11.913120666996502,2.1043694828364856,0,0,0
22.268702431024018,75.7021407066207,42.55459411160722,2.8204957720067148,0,0,0
23.379753949268526,78.819224500684,27.860952246502197,19.546406102259535,0,0,0
23.76449992010447,83.2268652268555,10.342051907178062,11.755369252121792,0,0,0
32.759240867617066,87.43901476769562,31.175390497811108,10.19539346998098,1,1,1
28.418341824237874,73.81825490073896,17.885838247121377,10.463121262882233,0,0,1
27.850863670615496,82.61164304338087,42.22028061460329,4.305375480657196,1,1,0
21.721533078038263,65.27138335739816,22.664986932327142,14.374078990039461,0,0,0
32.90209540024152,92.64268351898676,36.32206790537084,1.6956124745950873,1,1,1
30.842214548127256,73.40705822473512,4.776810381811858,11.466474262060464,0,0,1
21.015025428500024,85.53324976917534,19.80121731511731,11.415375931718028,0,0,0
30.61752645844653,60.711937865876216,49.16207182361993,18.28376848267022,0,1,0
28.153073260139692,67.18155000166824,40.423014473857414,10.523656202097207,0,1,0
21.225880186201675,77.04788905132523,7.997040118346432,2.7412539194835905,0,0,0
26.874509622929846,90.73883637063213,13.888202473862755,11.455065184963251,1,0,0
27.270444306950704,78.4539302482737,16.490790442818053,1.8265528873066472,0,0,0
22.486618102449135,92.54546688028577,32.518278024772286,4.075876705998434,0,0,0
34.18547220500423,76.93289138039788,37.84973797448278,0.6221716837483227,0,1,1
32.74963057220993,77.16571838575825,37.476330440395486,10.265871649189966,0,1,1
30.035335059936624,64.19113759751862,25.49370281532014,1.6906523058714473,0,0,0
26.93443341500911,88.0929685453277,40.54102689190756,9.387887570626582,1,1,0
26.17648312376763,68.64378943634719,21.85390413787375,18.658900706482882,0,0,0
29.764602007264312,91.48643712803103,6.194028264778096,14.395228260386641,1,0,1
28.18147804110358,91.87884771156386,28.222092082690665,1.548233484505861,1,0,1
20.934096588228286,93.01585391559524,47.61506923005533,4.4841962441768635,0,0,0
27.687539731554978,78.20806711860814,39.64968256962557,13.473248397868684,0,1,0
32.09605425849259,83.69828246742756,28.935032384612118,17.894037220483675,1,0,1
26.88859816395437,87.24805580215822,32.340283017454844,0.6583717352790752,1,1,0
20.779348663314025,64.5855116527663,46.52810135177863,16.24902263441188,0,0,0
31.794172990760497,81.0335018249124,21.417139721748025,11.236277606766174,1,0,1
23.020456732039616,61.20042654561591,16.56970694713187,10.921826505927852,0,0,0
23.879312523320582,77.4148129186054,48.86207825002245,19.156263655067157,0,0,0
22.470595301484437,65.41949385670796,43.17215667551667,14.952892251935461,0,0,0
24.953225973072463,66.40230240867297,16.15217923093012,17.00237736112224,0,0,0
31.351272585329525,72.77666483424105,23.18902986804614,7.079911390893335,0,0,1
27.79078789255906,75.1353008350776,20.75390645038995,11.087280816568196,0,0,0
23.073219112260688,81.81103485862656,7.454783933571695,12.308113548555415,0,0,0
33.167451172280614,62.60499464534805,47.89096619066295,6.431678807249302,0,1,0
33.19372782427294,77.62921164331055,20.21562156098794,11.40496249894799,0,0,1
33.058676375690105,66.39187955885853,43.7664541318954,4.733107589594276,0,1,0
23.58194317072309,80.08913112611097,9.467811384033254,2.8675134213647913,0,0,0
26.768590162714823,82.30916142914143,27.39354053186099,7.479405185546653,1,0,0
34.774844842113126,79.48482397934988,1.198069256213491,14.78579257492874,0,0,1
31.580187144649855,85.84034286674077,38.21102419211543,18.323742961477752,1,1,1
20.407511318383396,71.74632354843155,29.04569491231392,9.15428102996465,0,0,0
20.978068868907382,86.77873070715958,31.279479173487633,12.856473765508634,0,0,0
26.95897065218499,75.14684785978677,2.5860441277326727,2.0607426195020095,0,0,0
33.638303087923404,76.94645744129089,10.55191651043077,18.089275171046573,0,0,1
28.080526969290712,82.6835744541375,3.716543617679008,11.372084271398688,1,0,1
27.467187620514352,60.64254343997284,14.445715790190588,15.606764952503141,0,0,0
21.58210549934946,82.88979774970869,31.37195038410755,15.888824018427876,0,0,0
29.85170157086441,81.65048021752403,28.309299215868762,5.129610527362118,1,0,1
32.331547409003385,70.8446490863648,30.60749108066951,10.583489063636991,0,1,1
25.706300112613434,63.00279997148213,27.462563568894716,19.20959503121955,0,0,0
31.63417776387991,63.18274074695644,13.651439783792968,1.7926908964165555,0,0,0
34.467149808512175,92.312831144483,12.225374867221262,13.660997960591267,1,0,1
23.056496886915337,84.1247762429043,6.852984176829064,19.24528156070344,0,0,0
27.84994446792112,64.44859148197591,42.453543745174606,6.011542161080444,0,1,0
24.307069371268632,72.48531092581172,30.823967927062224,17.228958428086962,0,0,0
31.892816285507593,80.73690478655587,9.325550625202988,18.673150908165432,1,0,1
28.663900488217365,89.2450096781727,8.860468991061976,14.9417241878965,1,0,1
29.518736263254556,61.5281325049553,43.651780076306835,4.6265662461391655,0,1,0
31.96871239423841,68.2821596014503,37.136543188165966,6.680014376531878,0,1,0
25.939557089936823,91.1412146603383,32.96995399526857,0.7161858883546146,1,1,0
33.72635102610565,60.32079425643358,20.34320537696499,16.629064684907103,0,0,0
27.9954330086921,67.04896859778606,13.098778213925877,16.9922237302216,0,0,0
22.36932234253022,93.5658461590538,48.97253815564119,12.654206199323854,0,0,0
30.438486772532038,81.46906462827599,39.86197875114001,7.050557025277026,1,1,1
31.898920256573817,69.15849783231272,15.088961156813824,1.5362205527984107,0,0,0
24.7514251560129,62.34468830385467,42.378239813924736,15.061152198298188,0,0,0
32.85768885498129,60.98669691565278,37.94659743073407,14.530523872198458,0,1,0
33.5921488214865,68.56607778729246,14.854027493899919,18.25205043477802,0,0,0
24.153567310667135,90.85200368561186,21.327642712081985,14.610640420107243,0,0,0
34.75282209072833,74.55697790041283,9.297672269551333,16.573898844880038,0,0,1
22.110672920731375,85.21166792080976,5.5526222189054675,14.91909235807999,0,0,0
23.03023502603735,92.13997623829852,36.13810164198484,12.613743766246328,0,0,0
22.76337258857039,74.28141615609859,13.375592867693332,8.539327883820185,0,0,0
33.40984565011806,66.6947079863089,41.00296828731268,18.042346172845555,0,1,0
29.814388284874425,78.09912757999219,49.780435575721306,13.019371438149395,0,1,1
22.281564248334092,91.78292904709491,3.8309906964824334,7.967106439318181,0,0,0
26.604851275525235,88.15310449481953,23.651756254185013,1.6693859036391445,1,0,0
29.229470376047033,62.30404451771038,40.10312796554015,5.814097118087642,0,1,0
21.25196127484075,84.24004800271535,39.44754482706168,10.874534696603295,0,0,0
33.23624552611008,80.01641328606338,37.99985791654842,5.51270740032389,1,1,1
32.05405303162303,91.76121117212489,17.449746765095547,4.424706958358042,1,0,1
27.57810160364957,64.28684958976041,22.692662784252615,10.547870281756943,0,0,0
34.506899228887555,78.69126396216298,29.748417867073513,3.3964069179146916,0,0,1
26.266414689126496,90.78119427291622,48.69702917866286,16.00820126650207,1,1,0
34.761654785547464,74.350832535961,16.377363546924645,9.68736302685316,0,0,1
30.018799982054404,76.86982212065035,46.157194385842885,11.477255479253003,0,1,1
29.520069098809124,62.46612371834354,13.467845909024707,2.947665351946971,0,0,0
22.489323429436773,69.73502741571188,49.45372327368523,6.491526712587348,0,0,0
33.228916374569664,71.35773272091316,33.513184341379585,8.201793665223057,0,1,1
26.412345318809226,93.07928570607103,23.17557401792755,16.16425661033006,1,0,0
22.43350108673719,69.89335761894057,30.669521403180244,15.403190461723051,0,0,0
20.189112799636387,76.13040573443782,13.62655845201034,4.4595494957536275,0,0,0
28.39633525457574,83.49565482474979,13.70869287557333,12.323581632140154,1,0,1
27.910994331840143,65.67641803427571,5.677727192174692,4.869127155439951,0,0,0
30.790304335537378,77.0254835499656,5.702514885269938,19.764943113804907,0,0,1
33.35387079526703,85.84886638165676,17.383587073445568,19.042477562617414,1,0,1
21.191098769645443,90.3399324559473,38.14277389481858,11.265294410412409,0,0,0
30.972447355105437,81.91907461318493,30.398558379908124,13.97805143788286,1,1,1
22.811179161463734,83.41687303609318,5.129228016551041,16.0286076441729,0,0,0
32.87265579735746,64.41992154045991,42.611826248795545,14.419968400898078,0,1,0
32.28595270792484,93.10217740362215,30.06838134950332,13.996573821648417,1,1,1
28.111906324783163,64.64009271195688,48.042778839238984,19.171080158990563,0,1,0
30.653641979349672,87.11355280136294,33.50927337056038,11.929122126145666,1,1,1
24.715251697756226,69.26857126224115,8.75874318520905,12.726053436381113,0,0,0
27.06751848399222,92.6757600295438,23.689168115391112,16.985375008763622,1,0,0
32.324553465657075,85.19858387793178,32.424879877360205,13.397817357168137,1,1,1
26.888977957598208,86.38347995424292,1.4132350524988846,14.658652440350451,1,0,0
25.366973979881628,67.66707105709591,0.7455132077403948,4.683373723932849,0,0,0
27.4131867087545,75.50639918223062,6.470150029928395,7.425338482301418,0,0,0
32.423738786558275,81.62346181062503,12.583221752273538,2.9460269142378603,1,0,1
25.02812071056309,86.94907663723103,21.477456176033776,10.11530884669611,1,0,0
22.60642389703616,63.63857815693363,24.37202368798942,9.114548013604926,0,0,0
30.68021030496171,93.6827860759085,6.901380446894839,19.943256285589136,1,0,1
32.389673190621224,91.15772346940946,33.66957895579154,12.22417305631085,1,1,1
21.509562177853,69.46220066734546,29.806903084826743,15.728896463888466,0,0,0
23.59811169133917,88.79660850613162,14.723204942058011,6.680293415153084,0,0,0
22.12957984641491,78.14133730639382,0.6829941717646004,16.630906626855932,0,0,0
25.2191211737325,76.16322685467065,3.882395767664537,12.301699329753667,0,0,0
26.75526468358119,71.00519370339919,19.58473877554197,13.939846631968768,0,0,0
31.232395054449597,80.33390053210573,7.698717558284196,5.888615558989088,1,0,1
29.767213773225112,85.54611911962593,18.840980307398542,10.972767833911544,1,0,1
29.313928512176467,74.38265167369654,31.409130225517757,12.680739468272172,0,1,1
25.285624199144817,82.02267175529022,27.361871393964176,11.781893516331621,1,0,0
32.621713296271395,84.47595224043563,11.558794156869713,18.30387422849133,1,0,1
27.069307510972468,84.889263595535,17.19112456293762,17.96545328985107,1,0,0
34.686574070227316,61.818813434591306,30.70155992243253,19.41968115753741,0,1,0
29.512132074436053,90.09117319897734,43.042751402172435,13.348560120139787,1,1,1
21.89397112346754,76.03886601677668,37.660671936943864,19.43828260251369,0,0,0
30.14266343113151,69.1845628593675,27.670001341670748,16.64956000063818,0,0,0
24.876560231475484,68.46175776178886,18.11464991582431,5.416642806799185,0,0,0
30.29490795029146,76.90549394953827,18.25256387709027,8.548713391025942,0,0,1
21.044617222436088,91.03910388141358,43.970865513219806,4.767848843780196,0,0,0
22.62322155763939,73.24216535889263,1.96217880202732,0.0839432166113041,0,0,0
32.836058883586794,86.24040113742402,49.39913222101305,3.760975062938172,1,1,1
23.407693355352723,63.38865558455265,33.21877054257811,0.08121172573751334,0,0,0
32.5556168786441,76.66198457528716,34.05688495361952,14.3967692270098,0,1,1
24.189141326816156,94.70901491374575,1.8998918652371077,8.510685954423991,0,0,0
29.643228650880616,86.9653230977318,30.276463744563607,6.251494541557165,1,1,1
30.412258602647466,67.36849709542146,24.23890300452235,15.234417821903758,0,0,0
27.689821297175794,77.55045157942688,5.288945344703349,16.6497354923929,0,0,0
24.57966015045097,68.17686672769983,13.896100538467953,19.5059907729976,0,0,0
23.189665645566443,74.33463245418783,44.51572281068256,12.840271693504823,0,0,0
20.497840318436392,87.30294083072377,27.499420793297645,9.230579170801034,0,0,0
24.559196018610855,86.99286853516412,20.670828758695436,6.105286032148718,0,0,0
29.797441857969247,67.98351322658348,3.634107792040547,4.446364184284526,0,0,0
34.07457227672724,92.2778161354201,35.706076370115284,4.258519009652025,1,1,1
33.06806723394578,80.73988639676894,35.142541169801625,8.183787494395975,1,1,1
31.49097164802954,73.2973501836705,30.70218034862818,19.835727105758597,0,1,1
31.826710148799478,77.56774532733013,25.51313231103246,0.017073948748065337,0,0,1
29.97477355213993,81.17749387032103,21.689220110368634,3.944117944620016,1,0,1
23.904302863490045,79.59616861460249,29.663554649399615,3.7678596480714766,0,0,0
33.607925460587445,77.02417624376623,11.669772586420335,14.342389710645847,0,0,1
30.06098467858751,77.67264814312901,47.062953208882384,7.049694551961236,0,1,1
28.406609464706598,66.17441686497601,29.439726459011478,9.145216091836412,0,0,0
21.664842038202217,88.44565165066378,15.559622217718827,2.9724826093980994,0,0,0
26.705833157096382,78.96161119793554,22.483992544257863,8.099940777538954,0,0,0
26.905374068028895,64.58779515966461,40.28423944384462,2.063996238116721,0,1,0
32.96845414284005,86.81549855539723,8.080803036514872,10.660865757771663,1,0,1
28.199723302816828,92.63553924320728,14.64178112301302,1.9587673076571188,1,0,1
25.706008234556144,93.15574147329367,33.97540113682777,15.810167623463125,1,1,0
34.65200492765989,72.91562063439105,15.774460324111194,11.33203435080979,0,0,1
21.660808899894736,64.7430905746264,39.6250840930733,14.479357475470337,0,0,0
26.33822642467917,78.14398693215728,6.522674358868041,8.370327733053678,0,0,0
20.63037012757108,63.94132302722272,38.13430852273043,7.6298258648445465,0,0,0
31.098561811503956,92.68955964794159,3.4175857425283116,1.964177780977272,1,0,1
33.771148282987255,66.4252869574301,0.6296306333747392,10.477112140856452,0,0,0
24.200559943257343,68.84680509829074,44.91117594160811,10.290043297141839,0,0,0
32.875125151986815,74.23227844097397,29.066960846614933,9.362040888992107,0,0,1
24.383273456928467,73.41075639956941,17.591344854340573,14.810367293648985,0,0,0
33.66155242465873,87.81320123392612,11.62973184819252,16.650088000647088,1,0,1
31.30942855395176,75.97108871928369,30.844289163040806,15.015793498970162,0,1,1
32.073601652621576,65.9768891001168,25.45010917683691,2.8773148561368767,0,0,0
20.270098334006818,69.3523463420126,49.57988877649926,12.441190185642162,0,0,0
34.44215535611039,77.81896848156327,49.16079933268729,1.6064621137906676,0,1,1
30.90006488105485,65.16088710991473,31.75122830708048,13.89244574880953,0,1,0
24.571266430792,81.4079486476105,22.143525305294524,7.636781931222534,0,0,0
32.4409199728827,79.8011557292901,24.557048456733106,2.649979125325732,0,0,1
24.22281797622395,85.01458107337902,34.123953311843096,17.241017139522555,0,0,0
33.09130759349192,92.81966153827787,5.078727211769069,12.280166780778748,1,0,1
21.688705856179055,91.92890963854045,16.41760369053591,7.09449935895055,0,0,0
30.555289661911935,93.1126466324091,3.7636120501801926,0.6145435930099907,1,0,1
28.110477149673656,68.56504589582953,3.6680379758459782,10.74620518007221,0,0,0
21.44801705293161,64.60478573237741,9.791962094711687,18.464517569724652,0,0,0
23.628407423882585,70.5796845173757,24.262662729661344,11.927596654047314,0,0,0
20.186060544159723,91.32798104682101,39.23871605813947,19.433012092389863,0,0,0
27.031519481967585,94.02187161182209,24.274794558293628,2.7290223654091705,1,0,0
24.518978911400005,90.07637328746667,16.773830528043487,11.366102091896737,0,0,0
28.975362264466384,63.85062023946403,4.117649516837907,15.96250096012859,0,0,0
24.458567115629258,93.15997993209277,27.51477615915648,10.510814622514324,0,0,0
24.49878667260477,74.81753095727751,13.563429324158838,1.8213271197494518,0,0,0
31.14789798097405,60.325860176682376,30.74670889585737,11.657720030944354,0,1,0
20.722142539675303,75.48378092618678,48.85938695662092,12.234758116849434,0,0,0
33.54342492787981,61.612420938641364,5.565716073877508,14.574184969507051,0,0,0
32.78395811586772,79.03572724063912,10.606269936096997,15.22423030330948,0,0,1
30.017070248396095,71.8493909602968,23.654726904968737,15.415453764212144,0,0,1
28.898323551610765,76.57022267579171,48.430690767296475,13.26888787277932,0,1,1
33.384537472094785,81.46096262600909,38.59048881349978,4.3162237283731635,1,1,1
22.779952692930717,90.40803835362371,44.9114596581415,8.084715116789587,0,0,0
21.184537432862427,83.1665551765175,16.685742423789645,15.522599452287974,0,0,0
23.592652548643073,75.19171039673633,49.60192368892973,19.068539668016264,0,0,0
31.918674180502855,88.67997487846279,5.14164080320787,1.57893929673244,1,0,1
20.52005400089725,91.69537481505962,2.6486453023050416,10.710733555943897,0,0,0
28.742102526252346,64.1915988251269,42.7801313527014,6.250445426486129,0,1,0
34.93156274286965,78.61765421434771,46.363243510349314,4.507877886336596,0,1,1
32.835441407563096,69.95791859098554,4.529267877305088,10.1162136703943,0,0,0
27.821685335653843,61.64714192569316,5.671371337292075,12.121786811130734,0,0,0
20.954613639299634,83.39913432898949,1.6587078877886907,0.19544462838962495,0,0,0
32.470602715785645,90.19697721107289,5.225378132136205,15.60413144402382,1,0,1
28.984677622658158,65.7015929067088,10.470990840014045,16.397642625188954,0,0,0
21.723994955893502,88.43447801683652,48.50383094550005,19.31021649135866,0,0,0
21.407859272350343,89.86885067379296,33.39301111198402,3.612874664493899,0,0,0
33.644402291548886,92.00191549332692,38.927651275927104,11.891051247218961,1,1,1
30.03800394407118,69.28497811801184,38.80697018457611,8.53250746952789,0,1,0
32.439301989751335,91.63835728164612,26.753687488960733,6.696557031107013,1,0,1
33.18468350423401,71.22319641577513,39.87444888565086,11.312669028750094,0,1,1
28.576585280724835,79.3318304709426,29.79037661949848,15.647661864471004,0,0,1
27.761695276325618,61.767761479129874,15.72730488016788,0.46105566890420224,0,0,0
26.45641115481485,61.535838092906026,28.055505438420035,19.388002251323734,0,0,0
24.75419881686679,85.2130624456271,26.675429306725672,16.197631714114216,0,0,0
26.518939412880677,75.55679922922269,41.172652687966036,15.02307407291157,0,1,0
31.608194835952347,68.97023313792262,49.08636086908295,15.20774764361007,0,1,0
29.02885146522697,66.66447236087186,20.552128271046527,7.781214192373051,0,0,0
33.38784934932269,83.44837218007262,38.169533922067984,15.032411016896274,1,1,1
26.650700215687817,60.0140540408869,4.988150201906677,7.735404172059153,0,0,0
29.10634368078131,88.2061909218899,38.84156847241443,17.974136591495864,1,1,1
29.46961329637983,62.77373621454751,18.570845599661606,3.5444476661293933,0,0,0
28.875457434594885,66.70213652178418,1.9695081444843332,5.846948484303029,0,0,0
30.539506596282745,73.51827383546814,18.16230892810886,11.026750853981522,0,0,1
23.561502025622094,76.97005589006363,30.53213754608224,6.38422071774545,0,0,0
27.68545666318686,72.42482905348797,5.962508384073328,8.484744905905469,0,0,0
21.563372042125216,71.22492577445028,46.20172462151273,9.848453787971893,0,0,0
25.76766991467219,93.7370604225616,3.883620663641929,17.12706697627017,1,0,0
27.315006029318965,82.4552888435188,46.50033599165831,10.463845072173857,1,1,0
29.783363893182088,60.820153437858586,35.356875896784324,7.24919697229121,0,1,0
34.25796578879305,75.05615679555096,16.48560877071018,4.954723280702316,0,0,1
29.00976599822534,90.62530449103896,19.537517385454663,8.173519575843944,1,0,1
31.153908742648397,70.55096652437338,37.04046823663721,10.314722088287398,0,1,1
27.593990892428042,63.309472067103584,30.073555044060367,14.922297144064727,0,1,0
29.51156047064497,86.54346700564713,33.58214607274726,2.4209755234467734,1,1,1
21.0639832420066,81.21048411776285,19.458230825674,4.432183764783018,0,0,0
23.815873712627706,79.96093777392764,24.39067409037995,7.593080317373464,0,0,0
25.42779639807708,61.87517958625928,49.49337420189467,7.207968102390292,0,1,0
27.087400325097704,64.9174653428431,10.696143524985885,7.834961752104235,0,0,0
20.684731182535756,81.78922886745897,20.89280932610657,15.870425292806491,0,0,0
22.100361463299766,67.27383445105926,14.591159378698364,6.483088059243462,0,0,0
24.152214616869585,77.64245279119486,38.25557552199249,10.037963608053293,0,0,0
34.57299036351576,79.07085901102877,38.200631283286036,12.47814065715793,0,1,1
24.970205106545762,69.92275165948288,14.622273049869793,4.643571003672102,0,0,0
27.230615871681238,93.19488044395226,4.069515831649145,14.373907742950777,1,0,0
22.941465691075894,89.48624373924513,0.5716338336102023,10.942226394765619,0,0,0
29.161701066136523,85.28307276714796,21.372526662124276,8.935623260627562,1,0,1
24.210248232739616,62.72978532432932,20.516879716788544,16.195680534766275,0,0,0
23.1048886765764,63.71455067581568,49.419493931993145,4.86990518370364,0,0,0
27.748589426689687,77.24734710527345,23.49010378488398,17.663519412286462,0,0,0
20.082586987406312,65.6249672216845,12.820918478771032,11.220974707334076,0,0,0
20.11496048973838,94.2392912235316,44.56147205157337,12.183497587593164,0,0,0
23.286032136527865,65.54820819095933,24.553397482678925,17.501179283378857,0,0,0
20.550820437512318,77.0613742412391,29.95878176052889,16.35165375698672,0,0,0
21.62038631196037,72.74423698945269,4.783435521410634,12.031241376438008,0,0,0
25.082909740081273,82.37852475089343,19.145820366488703,15.063754076963482,1,0,0
32.038785193697194,64.51627431112988,47.21118372368934,8.666389804657937,0,1,0
28.58072965053951,75.06107498148369,29.47526920877127,10.947555069994925,0,0,1
27.690015889346245,69.61467614825003,17.225092757123083,1.2414027341702227,0,0,0
24.402332348121824,91.07130336350909,31.283359031579653,1.7971583600009366,0,0,0
33.976305791492244,61.42049992471433,45.52055447890581,16.58850808372664,0,1,0
25.955225618557876,91.98046229022607,13.699530023629503,1.1934331136499332,1,0,0
21.306391501936574,89.15479484935501,25.25583592353372,3.3879825126521457,0,0,0
29.25599774176702,70.41497507542854,47.93453269558777,15.916653179008831,0,1,1
21.70757590214902,87.62517291369866,8.619807164922634,0.02291901256512574,0,0,0
25.17834714202538,61.09247461185616,35.983196279835575,5.6480865769172865,0,1,0
27.611179080767133,93.84029426026878,30.72405041014912,11.680773156532435,1,1,0
33.11333787027763,78.43082299064262,33.98375655703174,11.908998629385932,0,1,1
27.40319870510178,70.61483591229059,17.560981533378484,15.543058164589471,0,0,0
30.533881490474965,72.6904124408137,15.693968674188246,10.11852508984341,0,0,1
34.89225258498605,62.32418737111741,34.210483529418525,10.188037390619407,0,1,0
21.972336798469726,94.62723299147137,10.777164255227268,14.506211510814008,0,0,0
24.120972882792792,61.37521808027424,20.982737242950257,9.97248926532567,0,0,0
25.918641133964698,82.92174931017507,9.4087323026459,12.169821731272336,1,0,0
26.32742267808247,75.49575746972604,0.41524205616648713,17.955481365101022,0,0,0
26.165316128983186,93.21206763660503,48.50286800190347,8.029020152247439,1,1,0
33.614165038348325,68.60999091073784,21.585148932820953,7.702501418384444,0,0,0
30.710489667002847,78.62303883783039,48.46748072099126,0.07097983729542623,0,1,1
29.118578211360557,76.88246730039636,7.016175988391304,12.268525230424638,0,0,1
24.64059076794173,84.60032554175355,29.3683389728743,0.5954381481426396,0,0,0
32.356855763319416,62.38035811833472,10.04870163956198,10.082969794566326,0,0,0
34.32590767227484,66.78261955081742,39.50370634816374,16.08467578064453,0,1,0
32.3179742382534,67.50976870324975,39.18514943804876,10.998421410393263,0,1,0
20.023476577872092,85.83527641945913,5.6303574519655895,5.39272330433352,0,0,0
29.546020552751106,66.6198543714359,45.60322264381946,15.723368428987426,0,1,0
20.76703072163151,80.07221173618419,9.73148236016123,5.3943400816507765,0,0,0
23.86410830500583,67.53353371753337,30.64886707946802,14.660635618917974,0,0,0
20.892870505216575,90.15687325293925,49.281681004385206,12.205169103804625,0,0,0
29.056931794240818,92.97649090713735,44.11982673831819,3.399925934960024,1,1,1
30.2988487023891,78.14725412297841,47.82819642805845,18.102677496883715,0,1,1
21.717314570988577,72.33081094732124,17.129938560905973,4.012873659143914,0,0,0
25.75758324567469,68.19202212561247,5.278782110973168,19.791741482813396,0,0,0
26.84354763433313,61.74233505330653,9.417343664472504,0.14620977309881544,0,0,0
25.535795326413748,69.39750266691235,25.024744753830692,5.269667542858061,0,0,0
21.815375007277897,82.89825229808613,39.6614839136661,3.997205945483977,0,0,0
26.28421685281213,78.67659259582238,7.507682209193761,0.27986820340925256,0,0,0
31.267670717126272,93.04144473983246,32.986576613037855,14.647358002946312,1,1,1
21.06511496799883,73.86970418720952,16.17888020197559,13.868516041991924,0,0,0
21.202700211228553,84.2852169814938,17.060103619607673,15.84701928709861,0,0,0
25.321569377539763,77.12629616162926,33.09588650789632,5.133970929291305,0,1,0
34.12588567428388,77.94016755734741,23.349970976661012,8.886703341659398,0,0,1
30.02858970084371,69.37210101114411,40.60166465129969,13.182270432430949,0,1,0
30.180049350088474,75.92327718946999,7.795925483141353,8.795370077762872,0,0,1
25.428799862567974,76.47747489544476,39.497413488351924,13.946515406358316,0,1,0
28.904911868128075,84.7324882612127,3.2117624028710434,12.679468168808842,1,0,1
20.151967760416152,92.92239997151398,9.702694012280249,2.2929560604435295,0,0,0
29.541440696143134,71.52624471188764,32.80748572515827,15.62086242153936,0,1,1
33.69930421364355,61.47701640034545,42.746282825553564,14.413527181850366,0,1,0
29.188602025172287,77.3703293925224,12.633981386967452,13.116687752348106,0,0,1
33.10547890199518,79.0561466252209,16.359580291445646,3.1018721254200465,0,0,1
30.859595831991406,65.89541928961704,26.856037414336996,5.359928975907273,0,0,0
21.808376246055353,86.61626121966233,10.578640324465116,7.8635406317520085,0,0,0
33.53679960928763,94.4725187954522,40.55781307937528,5.598592433128868,1,1,1
20.996657665336624,93.10211509529614,38.68183225028804,4.556205813522629,0,0,0
28.009512088216457,66.89871135882782,7.264585598289081,16.107153403235515,0,0,0
22.132056856901865,90.63771339652662,23.191486590831605,12.764644927204047,0,0,0
20.17559916096356,84.65727727440897,38.74138833273107,11.309442631005007,0,0,0
26.330513901914586,75.88462973324191,16.86647655517074,4.519054217065078,0,0,0
24.425610614812342,78.92138480136552,31.655341135886584,18.361531245372827,0,0,0
27.290007406964044,89.73600612438604,2.5106560728786365,3.8236607819463253,1,0,0
28.65799830101826,76.80472288734306,30.434438026465898,15.899018656493542,0,1,1
20.65608608463421,73.06225791867944,7.632649000030351,19.33345333410586,0,0,0
21.845049426856185,77.26366225590951,41.529166255722565,14.541854584484721,0,0,0
28.37963594675638,80.26954314122672,17.772473179023923,19.857175503692595,1,0,1
25.147510297589875,66.6177178822422,14.077693136409785,13.021022339558934,0,0,0
30.93760231324172,91.53177055934466,42.04444883557425,4.3492068720779,1,1,1
29.784374728879094,83.59654320903648,2.5072011535905103,4.076389874330227,1,0,1
32.6840654448486,82.16441210681211,19.83043996671724,6.491285685109527,1,0,1
30.38739240003838,63.48236791632233,18.50017702875157,0.14260040442012123,0,0,0
26.448966160852223,81.14608783604072,14.240018712477543,13.633969401656692,1,0,0
30.09449933591649,64.23362317834723,45.587716600073854,5.373355692556552,0,1,0
24.13071761383128,62.754418631838966,37.54641967583611,16.303664645855058,0,0,0
24.59470248167319,78.45588134748377,3.1961582095969385,7.183453011186005,0,0,0
31.8347773988119,74.09749369162732,35.734372471747704,9.599129869266253,0,1,1
26.696292746023733,80.60835945546782,26.3649566564397,19.313778331207384,1,0,0
31.975705107775287,63.12277588200335,45.04339472007896,4.843442460945542,0,1,0
32.336335605024175,75.08440719965404,15.647280867417923,14.42508194859479,0,0,1
32.86343506491926,66.11753502658053,28.708099980479147,15.102355786108344,0,0,0
33.74952853761811,94.54850300734408,25.0377637370493,4.419963150472704,1,0,1
26.464778307699444,79.6402574352311,24.478045311380285,10.019936732243913,0,0,0
24.783002274817083,84.06029013293036,22.805269975860632,7.004038506259366,0,0,0
28.73298119891171,71.38963982389127,10.281473776614064,15.438124868001783,0,0,1
25.567586351564415,63.31586201727705,37.78549612461964,12.449666380580748,0,1,0
29.016112502003494,94.15548019742378,22.566801636964435,9.51966109721094,1,0,1
30.58378793965737,70.01906623841141,47.92581375013029,15.587265300954364,0,1,1
30.326075277382053,74.83328648107509,13.040421359638815,4.703111400168341,0,0,1
25.61829330530182,82.74523725959013,34.13719198135205,15.072437611687182,1,1,0
22.50290302548129,60.86440541901389,47.03585398195542,17.307486241856488,0,0,0
26.457940076933113,88.35906956810504,33.172916150804625,17.57243193615145,1,1,0
22.13891216122863,78.78023665100172,43.56364538086973,15.673471860392077,0,0,0
33.351455527757125,69.73760154740877,41.374047987850304,8.160283339965375,0,1,0
25.188161911067862,62.156279485236425,18.005885774450192,19.63616045435654,0,0,0
22.316896208349856,65.68744454160544,30.006196996974825,7.5918728764487975,0,0,0
20.381716398586263,91.32618505987028,7.81306699056778,12.772507982048513,0,0,0
29.68733579429726,84.01084783775619,26.776294134779977,3.2214835613893733,1,0,1
29.553534761821147,68.74656025729115,11.52109859071686,19.608977972727853,0,0,0
25.109062498719375,62.296026773076036,37.18684074762228,14.079718437293264,0,1,0
21.075678332714766,84.17153593353227,26.40292109460623,15.067550904927367,0,0,0
26.14443342342848,80.03427040887178,20.561368131583023,1.3155340682228922,1,0,0
24.668262425950903,74.15818335603822,13.439854808348878,15.268356284413436,0,0,0
30.15680959602514,72.72640072165224,49.93492409206434,15.494468584412026,0,1,1
29.086688741790354,67.5884996575188,3.585526044246634,13.435454527244596,0,0,0
25.4689059229631,83.43639397881311,2.178034028621001,5.838192275806873,1,0,0
23.26838831382485,93.97338097278546,10.862870024693228,9.79380084321763,0,0,0
34.82053949233388,66.15003360428891,48.55362293139098,2.2086874261743294,0,1,0
26.810024317941725,80.89908170054261,48.961908415999225,9.431741329183051,1,1,0
30.324113536703557,74.84647695110917,32.746386738606795,4.876477052008097,0,1,1
22.10829451367541,75.63410526106327,44.005333360320236,6.981939729881641,0,0,0
27.28384549489097,68.8951548044735,10.69808654203977,3.252008168073972,0,0,0
20.413050798041983,88.87972064814967,48.60210470883118,4.60108735493794,0,0,0
27.58182676865675,76.98394614515344,7.139242506978233,1.531372836402325,0,0,0
34.460261106765536,79.01920482693924,5.056259409082914,18.398027328738426,0,0,1
25.763100694787003,70.6666319479064,5.610576962363645,10.608213759508068,0,0,0
20.584940188623673,66.36329629834324,28.656396163628234,7.934839425254793,0,0,0
20.46433686379015,63.00686358709872,39.04872003590262,10.700584255375677,0,0,0
25.819801399203044,84.99416993237206,18.333358893731656,12.565864569631053,1,0,0
22.40037404694791,66.86819985907495,48.89479938930633,18.437575867386983,0,0,0
20.35028144492279,84.15263739660793,21.721006905916475,3.5738590457262664,0,0,0
31.343204209252654,73.66317561164338,7.522427538660814,5.911049972704352,0,0,1
26.877845133228362,74.5521180346378,23.298337409306836,19.515786726882293,0,0,0
24.338671579589818,76.42121236324701,33.95185827112199,7.423859732970488,0,0,0
33.50124774524721,72.86979778446401,41.61128902521894,0.4512330151465527,0,1,1
21.742084403007883,63.52169920279065,22.938414497829644,2.9528698527431763,0,0,0
34.33878243432979,70.8371133500996,29.680341302458373,0.5267740349710404,0,0,1
24.70950076066029,83.23070262428784,13.367235607942668,19.79846284841457,0,0,0
33.32605508463022,83.30245405141048,32.2958263202757,5.577416979824461,1,1,1
29.044143147191924,70.0178507533998,49.29859719751718,18.47085513872452,0,1,1
32.40061039612231,76.10359192951908,2.452678629389693,19.917725515194316,0,0,1
34.760197448156966,66.77065298041781,44.32653353525839,11.996824422862284,0,1,0
24.326081567281186,67.36302285354425,28.11412513837614,0.6639263013112351,0,0,0
34.41703228111389,60.80664809423126,12.604932978114997,1.6318326077385392,0,0,0
25.842228423536305,91.38612924677106,47.74448550046289,9.631781102157555,1,1,0
25.782678571053836,67.37473327762171,24.167715152944947,8.123440258229719,0,0,0
25.105806563817588,67.96368569277621,16.58451258366928,12.123546115635353,0,0,0
28.121114110213778,69.78605014257961,9.074881413542057,8.776956194227278,0,0,0
22.312175647677307,64.45928250934001,12.222610512833104,18.681536985429688,0,0,0
28.305672280370167,82.3742009113477,41.64245207957213,10.694794308270222,1,1,1
28.12557218615006,62.63000336121553,30.72050046585829,13.874521229248844,0,1,0
31.42852718907305,64.69708492142226,45.6622809744158,17.92970545284993,0,1,0
32.504749429063786,82.56648543065324,11.598422607889292,2.9374375166641475,1,0,1
26.606620254686362,71.88812171685049,6.056928692445074,4.594693082370571,0,0,0
24.534998740272407,84.77817393454161,0.30437654877950027,2.146373209480301,0,0,0
23.890023459756417,79.50986606345498,25.39310188079969,2.7927679845982456,0,0,0
22.91935755057308,68.96074105715296,49.91534651909941,10.251679338684664,0,0,0
20.864713732985372,82.77897826712649,34.74826344093195,6.42358517934928,0,0,0
25.1367196825207,64.06957881025082,15.419729598257303,8.463456790535098,0,0,0
24.053715381961748,78.77436340780106,43.84292915130858,19.649796635881238,0,0,0
34.49626078799611,75.30018367657621,39.08611329939799,3.134086955918962,0,1,1
28.36563239375066,69.37557539861042,0.7707583038269628,10.816241415961512,0,0,0
25.209155585457612,81.1401749208825,40.84302402705112,1.9774231010730192,1,1,0
28.70701401490544,90.49667573190989,15.026337861924798,6.369926265277572,1,0,1
22.087950520185434,94.9616644917077,7.483673229180054,10.550518473491973,0,0,0
26.66065623803304,81.27169690601986,11.316541986853728,18.932634919306754,1,0,0
29.393514821315957,74.16470560152095,23.42899021875695,7.82456442566966,0,0,1
27.33346747688677,67.88224850756706,21.243396353400552,1.2981339242933965,0,0,0
26.026682009814863,68.99836312882891,14.444364968711337,7.763228959206339,0,0,0
34.907725833495476,76.7809242352418,8.610916110351635,2.9148235174795545,0,0,1
33.2047214322339,72.85471954482482,38.11153948210846,4.599792265828906,0,1,1
29.351089372391602,91.98350829187305,49.505489186745855,12.361812463299808,1,1,1
28.54066041773424,72.89034136794983,38.88957902098452,1.3484773240736336,0,1,1
29.30990719736876,73.07056069009025,14.79684838357706,9.294475125000748,0,0,1
23.0196816173365,73.4237079351892,12.240448070606668,12.189231720215288,0,0,0
25.92706614896478,89.28170736286803,10.883293803296912,8.437167847349938,1,0,0
20.59189299336349,82.77759122964156,6.834753724451814,0.3825270124746072,0,0,0
27.1331905623024,81.49590976116124,27.56652748461506,19.710387138057307,1,0,0
28.14536875936495,71.69500578343518,30.27001859766721,7.342315346810706,0,1,1
23.416246041548142,88.62664618913539,35.27513303315686,15.571543738665339,0,0,0
34.46043270748271,61.34273514744954,34.0106685466834,6.512929843749065,0,1,0
33.64181916405863,90.47790103183397,14.616665564169123,9.500335139868376,1,0,1
30.832148531838588,77.94624649278754,16.51555026984233,7.769272852219931,0,0,1
28.000799431480438,73.93875822021946,34.075726772116894,6.850784590192154,0,1,1
33.04953739471527,77.400854825119,17.472382039181415,0.4370275441555749,0,0,1
21.959785157351945,83.35954356868409,10.631159480965652,7.20041875709007,0,0,0
31.857646914123276,60.44678992812641,18.71680768483698,17.7897998079906,0,0,0
21.872312209502724,90.50431497603867,13.604207878898883,13.807866771873673,0,0,0
31.91315993824108,75.63588338589875,4.4156360609288905,2.9084571819087968,0,0,1
24.136513523770354,72.00382818950274,41.50694511383268,11.823100092454784,0,0,0
33.15635871527283,64.838594797192,42.65556945785182,17.84461719897743,0,1,0
34.16063140738097,75.38128810254547,10.987515008343973,14.00068081929711,0,0,1
22.231939541076734,77.37129699495325,3.2386099762600873,2.9736878471339345,0,0,0
26.940134075980904,74.12763430727172,36.94137186755898,17.356649934689933,0,1,0
34.71481067244028,83.7531032839414,10.576431293170685,6.0308802657773075,1,0,1
27.251111539597197,74.73137850657291,19.671774471843012,9.081522886246836,0,0,0
32.953212837718176,93.64961522463007,3.206762611869163,10.522855193782927,1,0,1
28.830972831969795,80.97471312382572,11.313479237921758,17.010132087563903,1,0,1
25.629948618794028,88.26172774781682,39.64511391648179,18.63214990295322,1,1,0
24.286753332888054,63.82745660883176,40.21982234576009,18.59305755581112,0,0,0
23.04834636629131,73.9051952531067,10.35424124438552,0.1590836255708128,0,0,0
31.42697287066546,71.78966955065034,16.795692255334476,18.437769711709144,0,0,1
25.798107602345418,79.9318835847807,6.711920954687178,1.0877393200314467,0,0,0
27.66913193301127,90.1389732021499,3.708631514246119,5.315473136348707,1,0,0
27.384882200017728,62.741837621670236,49.60858572242047,10.299757094556659,0,1,0
28.65918543849697,62.54011793156488,32.779697562241964,9.598513780087881,0,1,0
32.98365718436828,89.76111978551596,27.104825459915936,12.09419587774784,1,0,1
34.71109015375144,67.44975301134251,38.27492502026498,9.588924574740116,0,1,0
26.113763128607253,83.40636390574348,42.00385798438621,18.687513592808415,1,1,0
32.412783831594545,79.00073463262818,40.33573840223637,4.81097696429174,0,1,1
31.467916919820766,89.15127582105303,0.8269724644938303,5.480493880769717,1,0,1
28.602934271833597,64.37811184427412,9.340394909524925,18.414758713861122,0,0,0
34.340707154179,64.5424038002914,32.745265105891555,1.5347902749051245,0,1,0
23.00711773292604,79.48864260974077,18.787967390198148,12.191216438096198,0,0,0
21.638963154644323,93.12325286754299,49.12413255305535,13.634719041312216,0,0,0
32.809429504331334,74.5249215429764,33.2702396319127,10.110834468594788,0,1,1
26.587247249506223,71.44297350891432,47.82744543646032,13.884637576462744,0,1,0
32.70453281310591,81.234126311926,10.072324082289692,3.45509292023934,1,0,1
33.396353077931224,92.56570101907609,43.19785140575115,17.052644655430797,1,1,1
20.93686390428607,89.29247414956183,16.067615290761267,2.8005137893977117,0,0,0
33.25197144479091,94.8419263756627,49.47824041189034,8.016248886314994,1,1,1
26.724785830541332,60.7899004120832,7.884433603657365,1.505152026164116,0,0,0
27.65648733506348,63.950035064946675,25.81699094191633,10.904221576348004,0,0,0
29.398887666398153,81.33137171783177,39.642226691856095,13.394916148512783,1,1,1
33.8957391009513,88.72017537668474,21.632124030201794,18.82443270190581,1,0,1
20.28674141644646,69.98355198073683,23.404203009382336,14.786723917920018,0,0,0
27.152652024767256,68.37238808119766,49.31778977528705,10.822058329083022,0,1,0
30.315830636458408,87.54415297834203,21.265407515057667,18.652340343406674,1,0,1
30.840604365473425,61.9733648848631,30.203605029953177,9.568736760817531,0,1,0
30.38798647305662,72.92839266539048,2.726983033757535,11.224113061977388,0,0,1
22.01652694112183,77.70332279073153,42.110504010513,11.921970553401914,0,0,0
24.49093382557522,79.61220360226132,32.40840244897718,8.199594517731336,0,0,0
25.380732881255202,85.50153048774719,20.201005143140677,16.769653811316484,1,0,0
32.06655811519258,72.41960032007304,0.8084769977259876,3.7035187769011824,0,0,1
24.181398086218294,81.44395206361125,29.583441029675196,11.09684380743216,0,0,0
23.160574458008046,80.48813979768347,0.6328914242081096,14.444665123743881,0,0,0
34.361720285571444,79.16656352288115,0.06018069545089544,18.079523437531545,0,0,1
20.132949276702032,82.41691525997743,30.80492810746773,17.678367928685567,0,0,0
34.96731283522968,69.08072098738268,9.450853366727713,10.17480578860284,0,0,0
30.152319482860932,62.96270637546201,9.594377485904765,12.863229023266832,0,0,0
32.42703949173676,64.17450852139102,32.66357829163719,7.88475472258602,0,1,0
24.4192909451929,67.86038339288653,2.6848593969687142,9.363555257604006,0,0,0
20.2147291650059,77.50692774329748,15.670278073727816,18.12531585146099,0,0,0
31.06804277842295,89.4154962691107,7.471595107100954,18.61407986384948,1,0,1
32.51216895501014,84.54526697309345,29.008818489826695,17.908281161340394,1,0,1
31.10714197930279,87.61642114707165,33.08825773636979,2.7674172362727645,1,1,1
22.14275430951258,72.2841468374132,36.056792679952174,17.001680426612722,0,0,0
31.301418833854534,74.16288095769926,12.76156084592827,18.967274620429606,0,0,1
31.533841731614615,73.77886600967145,4.462487581829199,7.224993891472094,0,0,1
29.878107735050826,66.71556145415755,3.9341828470948914,10.372925788433385,0,0,0
31.491738991933794,62.14258303502502,21.307577422536188,15.581905116259918,0,0,0
32.68882159516598,80.68206324895294,47.292220453135755,11.241562751312975,1,1,1
29.204061713561877,94.62258391972051,10.886451712351231,19.869670434124988,1,0,1
21.329070709545185,65.8390396732592,12.837080067077466,9.114267303136568,0,0,0
27.314417145008164,61.63396869647458,5.044440105292947,14.278854224147553,0,0,0
21.164740020074078,87.28360886383766,30.278513694696514,15.851822803930883,0,0,0
26.11314546548646,68.84051023396535,33.99364369735874,9.88200831516879,0,1,0
26.106597336884413,89.0375331873525,32.146560408038,17.139676114227516,1,1,0
20.990147662103624,84.63778334620804,43.056512152239065,10.92309182414393,0,0,0
25.23230800954219,93.09857379677817,24.321291751303587,8.23301593603263,1,0,0
21.664971481869724,74.31245325148352,6.722852038353222,2.1564734770389404,0,0,0
32.123528150138334,83.16894438077219,14.470256535220633,7.868271527008483,1,0,1
34.21532038946706,76.26991732846447,33.12149867106759,14.678729094665684,0,1,1
21.08474712886908,82.07060440579903,30.656098687077993,18.425728233602147,0,0,0
34.32672810937552,75.7359617102708,26.550156487148126,5.033588077206206,0,0,1
27.838648990051176,66.60212862484262,34.148220934434356,7.1047103466100525,0,1,0
24.49348516930811,77.77640956011834,31.869542518664968,3.079219882088524,0,0,0
21.152931129142452,78.50044705031048,44.066244473247586,13.814457884579376,0,0,0
27.509364021056268,88.37113468910565,29.30081887391483,19.203768600198504,1,0,0
31.91773316736123,85.74322470277534,38.93006793502782,12.81904439696351,1,1,1
30.606297159000473,83.23270683795054,12.435357798323393,12.341530600124527,1,0,1
20.753390171959605,63.968548344340036,33.9091292294534,11.069798610008679,0,0,0
21.093527530518553,85.22157017323002,45.10970591913379,1.7691148137107304,0,0,0
26.043099239489557,77.51068047240801,19.28661639499166,14.590076528587673,0,0,0
24.42935741071915,91.29348376371557,38.95520936693233,12.040990870987017,0,0,0
23.485764845840716,92.195482694569,36.23946505977177,13.22953537712574,0,0,0
24.215067483630705,61.93048067106249,2.9763098435911237,17.97622186054843,0,0,0
32.052241149453266,88.72245461240675,29.075415481203613,15.679215741220357,1,0,1
33.93842080447781,61.31940866479347,6.509467460040119,15.61830504309052,0,0,0
26.076540417913495,72.85093689932579,48.36595861152956,18.54367537758695,0,1,0
33.59166503198745,78.98049914673777,40.57037513503281,19.798699029259993,0,1,1
24.82243551871823,65.18352795194946,5.486190062356005,11.625654639221192,0,0,0
27.146554795156874,86.1209834399177,6.087599882383921,2.177632320623315,1,0,0
23.390434967239997,60.29241464602485,29.72369274563095,9.182598155508728,0,0,0
29.60714063263766,65.90096669519129,17.244458708659167,15.752022929232886,0,0,0
34.68471672762213,80.32788904487165,1.745292953655464,0.5545064952369838,1,0,1
29.052396440650682,85.00356467130524,27.082075391652655,1.1377487671229813,1,0,1
25.367211261703233,92.08250859428706,19.392254984292347,1.3431556476564266,1,0,0
29.717261689857928,84.69238281771183,5.053824618587132,14.620715166566216,1,0,1
21.843810176980814,83.5122744589203,40.09601961279913,10.023332571263442,0,0,0
33.329886203980976,73.80194012227325,45.7538382639403,7.377958870411872,0,1,1
27.546259261697546,60.044954893438046,37.8296967007065,2.1123409052347197,0,1,0
26.74024613059463,64.20557405574677,41.121115500813865,14.644805004117782,0,1,0
28.78797182680279,78.70940906646138,10.824528363305868,6.4203962110179935,0,0,1
29.371757941841036,83.6295460045547,13.17864754593005,5.306481401293343,1,0,1
21.076637093397697,74.61068993637619,10.426377014959387,13.04638403107102,0,0,0
30.239258318351034,85.57376540349365,38.2531715682782,11.180217851936835,1,1,1
23.628975204732946,78.26518033662626,47.395853946724856,7.248212836266033,0,0,0
30.709289487598845,62.59616684580093,35.84186033669513,12.829749416111762,0,1,0
32.33802191576295,66.7205687838782,44.0733382439778,5.4244304076823635,0,1,0
32.05937761328781,89.399937813538,31.934954744158627,15.896605232086536,1,1,1
28.28751451111834,85.37194613185538,19.382995027939952,4.586379006153079,1,0,1
27.802548384661268,91.31666954543732,21.28808074651526,3.176753907640313,1,0,0
22.143139420091174,64.11450371923279,3.7660716083702415,15.648788189977498,0,0,0
31.63019225604703,94.65778871152759,1.572859762301304,14.157840613958664,1,0,1
24.071140706700717,67.32923498824768,34.77378020945387,3.6527795140359687,0,0,0
27.450431342269198,60.41229567003247,21.92144460055903,2.3249150537987595,0,0,0
24.26411139391275,94.9098028668744,27.610753402731476,16.767981769733844,0,0,0
22.0074254449954,69.83758599057896,27.883062381120816,15.53196964393376,0,0,0
29.443365453376046,83.3806808379396,13.86879066666507,6.545147473993285,1,0,1
20.814980522343557,66.18388099617069,23.794625541474534,13.163948164267333,0,0,0
31.229678511893,80.30799862696996,23.538011083385115,2.483203730956216,1,0,1
24.76380192891675,91.64122452590958,19.42136106139285,10.140953180953563,0,0,0
20.00202039506728,71.20634085999535,41.033769170053525,0.37460584120839746,0,0,0
27.66693708855845,83.45888916155258,22.558200184379796,7.832037618431109,1,0,0
20.702778627914046,66.57662560794458,30.18222622529939,1.4968564294281017,0,0,0
24.142543367313493,81.86783895515538,44.776006019041304,9.50294360313765,0,0,0
30.60464731183574,71.77576231361286,43.31168114294612,8.433632937057887,0,1,1
20.940344324327988,67.39228905057831,44.52111018895826,8.88770053276112,0,0,0
32.59007738534004,70.96137177462722,13.500249823250698,0.9066260409598814,0,0,1
20.057298839878747,66.25943739777298,1.7491244154031416,7.2323268256366475,0,0,0
23.702358038028535,91.5670637743259,13.05333999476646,15.12967698199833,0,0,0
31.11356084228107,73.9015410210995,13.935367281035433,7.378287467072402,0,0,1
24.744052245939603,68.58477567410286,45.468016336248404,14.303439052191614,0,0,0
21.528385820990202,75.69427443555765,32.46213664189853,7.389574472674665,0,0,0
25.40350878200642,71.21876583822734,4.085197980111438,8.464788829803728,0,0,0
24.055899295767883,86.0546738834664,6.768929800555057,11.277842256585322,0,0,0
32.64067853240832,93.9926969159923,7.783806277098771,19.01363873614165,1,0,1
24.700218763777148,75.33117798441764,31.521087408446157,2.1772089329331035,0,0,0
31.833987076640106,90.13616899902841,36.770701275350156,0.6582753732234736,1,1,1
33.37808217216102,79.80520757458669,42.982195528269806,12.159143676200904,0,1,1
26.507261293647943,65.50324827829817,47.03182754031216,18.981941778568526,0,1,0
33.64914715781588,84.17179597284695,10.08522786932209,19.7944626510943,1,0,1
25.659770809447892,77.9702073994037,15.488624236202453,9.683284947840036,0,0,0
34.461176247351624,82.77122831382363,12.016144037241533,9.36163242170197,1,0,1
21.339342867883595,91.13905944000828,17.938078373306887,12.899275414903924,0,0,0
30.305288997548644,75.4152099729616,45.73325537118747,11.112695144099396,0,1,1
27.40721060685393,91.54121681260744,28.755628346968077,12.681761152282363,1,0,0
25.814732081834705,86.27341549985792,36.90959486622496,17.479988510757885,1,1,0
29.490678181229015,77.10117240572947,24.505961806339098,14.926123389752187,0,0,1
30.55785637451497,81.11277474802873,1.4428956668062265,9.93754783373591,1,0,1
20.065449044754637,71.3953396381654,3.209774299890716,9.237289180003392,0,0,0
22.504296331207982,94.4259054908571,26.896151563394287,12.792034970262321,0,0,0
30.695690759514783,83.35729070676386,35.939451741001285,9.114125688405949,1,1,1
29.995781203673097,61.534639837382045,10.766526376436575,9.155587025312798,0,0,0
34.49071257693016,71.43176670118031,36.0954786996152,0.32611803573009635,0,1,1
31.415566853761746,81.81600518156701,40.53328867417562,3.4812827481461683,1,1,1
34.26159061597007,61.971664722973394,20.59487391810556,9.77027279991506,0,0,0
30.538107523022106,60.83594669617,37.32096164220525,16.453069181007383,0,1,0
24.47078312959165,75.75084838347308,20.201497516422997,5.574540134542483,0,0,0
21.58047383376285,71.64415628924345,33.917531472751,10.452868662622981,0,0,0
31.72735795017403,75.34045128116081,38.19985246597715,6.899241695184644,0,1,1
29.66223832213874,69.19426584580017,49.59633091540554,2.0960797907917805,0,1,0
20.722790185899445,65.76512114300434,17.269833103179806,19.16596966142601,0,0,0
25.400756988514676,84.12001749431182,20.552039028730572,17.093477405006034,1,0,0
34.351997232264296,78.00998906937302,8.281002970508567,1.5698484893381282,0,0,1
27.50601718565302,67.00539739372783,10.203652920090345,14.395745249365692,0,0,0
26.49093704029557,71.18562991909994,34.66975012991889,6.951598087150003,0,1,0
26.86549407738941,80.7132767682164,45.8522795077238,19.896996141235853,1,1,0
23.133240860077457,62.52802718953672,19.730247583062027,6.047970396579554,0,0,0
25.53060756297193,65.16085532431629,8.992222341777062,4.774768907251998,0,0,0
25.54719883980765,62.56359614375865,14.254974969149703,11.357810966108104,0,0,0
20.785325302812087,88.43110664499416,22.75258524040693,16.702523266864084,0,0,0
31.513514427768776,86.33432316242033,14.532516468268419,3.8503774363959598,1,0,1
26.247566478558184,86.365952615774,11.678954156093313,14.188055394386625,1,0,0
32.33269830224635,85.07138702166098,36.79922443785398,1.2281316628224337,1,1,1
32.75522001679843,83.42848982844542,0.39224606203115964,18.378694862209947,1,0,1
23.179910820479872,76.69471703823612,26.961526366824156,1.6214983229459756,0,0,0
29.86030223255193,82.47973572274903,39.688340351487696,18.28462752688325,1,1,1
27.084227062444725,61.34265441757911,13.31141431587341,9.816144989054056,0,0,0
33.202351068822274,81.75125479298745,30.164575530600867,8.961822255918397,1,1,1
23.236110187646812,87.2257196937907,33.44500528093089,19.46614159000753,0,0,0
30.167198004650665,77.51254261345366,32.751234820254496,19.80768355396438,0,1,1
29.116281833790836,72.51296649495329,22.292481709935885,13.003562519220239,0,0,1
24.42952216357749,69.70993571803427,17.32889939378896,2.54238583714097,0,0,0
22.04901355476759,82.49807175567288,41.79620365139067,10.12340171310405,0,0,0
29.774596407159148,84.2480419520468,37.922297849993214,10.58326201911325,1,1,1
31.07896187198496,90.48386599518899,16.062758670695626,10.288928562706195,1,0,1
24.73441015645025,71.98169288613468,5.150959722110304,11.389836770400194,0,0,0
29.672489060334705,86.94203075849549,3.5903772722734595,0.37449427588781337,1,0,1
25.92696361417255,79.64745384662683,4.713798894946803,14.224545629410049,0,0,0
30.698103249239267,90.89927717373277,29.14346805960214,14.247886039059761,1,0,1
22.988229123410797,78.47342379034673,2.5831087914494844,2.3093955035577585,0,0,0
33.353225039542615,78.11704399392886,16.84634374820192,11.404788848916015,0,0,1
24.311143946983698,80.22569785043181,37.65998509571147,11.367223648715491,0,0,0
25.516789816342293,86.22603742998521,14.717408325768904,13.649008403808002,1,0,0
20.871379281205247,93.76416675899614,38.16540385900649,1.7079538427016216,0,0,0
21.672683184819146,62.5747173975518,37.273351910352766,12.530066145321928,0,0,0
27.737928540684923,61.870211083685604,12.291356631660816,5.615039014926824,0,0,0
24.013890150919572,92.81426180925685,36.441109004637276,10.14005980992344,0,0,0
32.53220338613291,78.54564689313722,37.38883191360504,15.466471054081534,0,1,1
20.220400829824307,81.52160550984277,19.872696283351342,14.112918727260267,0,0,0
25.686410730079043,76.88482605581551,10.521024187075911,2.3780603535598677,0,0,0
25.06018320153639,63.278010841261604,26.063540344593456,11.823695742321465,0,0,0
20.289914463764017,86.88312824465334,46.06987940000982,19.38233061881477,0,0,0
21.865525985007654,86.15286257810054,31.9808366216031,3.135388746700045,0,0,0
26.20464012377953,70.90961625224841,8.64612488136306,17.0581417545083,0,0,0
27.3929687667117,70.71837358299402,34.137846236676,14.05096161107554,0,1,0
26.064346208823036,89.32444833169315,21.360151364091728,15.480066258195194,1,0,0
27.964065176181407,62.53250402094643,29.57643986776865,5.639166542852909,0,0,0
28.926975123585223,90.8386801924798,36.7032017511554,5.7577785875968495,1,1,1
20.148857316917535,68.98315914635701,25.74736757572224,18.12038911552976,0,0,0
26.96142739180256,80.75446617144229,40.69919872866543,7.1966406418511735,1,1,0
34.452488613313825,92.75979626506222,36.107778965831386,1.2603078138562096,1,1,1
27.78548420194323,83.73428755378262,30.75366700092553,12.011934071589002,1,1,0
30.163134011884296,74.50504343634628,7.5396407916175745,2.496353380836853,0,0,1
24.677957868753246,84.13369731168953,41.797455545578416,15.931924828158163,0,0,0
31.609870672291436,72.03928727107295,46.7952792659908,12.834928850021148,0,1,1
31.593822228141725,69.70404457222152,6.848256190464741,17.494530104424165,0,0,0
27.819440714812085,94.88391472771379,24.412056471671526,15.696744995652704,1,0,0
34.6402073491882,86.27765809129257,12.944437098525224,2.242272966763923,1,0,1
21.8832532214398,82.56519920836362,37.72616537127823,7.6214135286884455,0,0,0
20.254214973343714,72.43513751267616,36.081481800235,15.491204998291746,0,0,0
31.55237317635644,61.720629020426685,7.044256028519936,8.346829465326515,0,0,0
32.10733306047324,61.086990661230445,43.85136356308186,19.447309695599564,0,1,0
21.803108436808643,79.39634394070796,9.048653198900114,14.714808997868985,0,0,0
23.98374249437909,86.67114523636678,39.862951282405376,0.3099983338064205,0,0,0
20.263285450499435,78.80827166553493,22.849017981400245,17.59971383121673,0,0,0
24.39962916170847,89.42747751786901,16.41361467790756,2.016095697371152,0,0,0
31.597128108780073,61.169928658262755,7.9119631337106755,2.810474483601717,0,0,0
27.769407915688685,72.8363226749079,8.38071280733147,14.689848012221018,0,0,0
25.22143389752432,68.29746369109623,33.09452773504501,17.299371188609605,0,1,0
25.576089423594954,75.65455388549927,27.521519397356027,10.72699255799112,0,0,0
20.02030438573202,62.53317376179429,6.1042710825616355,5.780994658915583,0,0,0
24.497007913478537,93.39460745498754,5.63489302191626,7.026310905063511,0,0,0
29.696881124568957,67.81393903742763,3.615528738639573,6.85778659192112,0,0,0
34.61291665724536,92.28077214192547,37.188367368677206,6.533562076190245,1,1,1
32.70591240475849,74.90626042628386,35.59410426146446,4.858193436432996,0,1,1
20.353924469682937,94.49334466393263,2.9215495427287577,12.17734189258466,0,0,0
33.47840907012259,79.39204342110737,28.013503779848648,18.008106371301345,0,0,1
31.74797619947939,92.57915024615326,4.233807762134495,6.141648261666823,1,0,1
31.705641853564707,60.1872146042978,45.187288530447084,3.7338859492282417,0,1,0
26.86993638505357,86.18835821633151,45.35587095900662,16.771553327428496,1,1,0
25.970079394317544,91.60677285858804,34.9116494906565,14.835666617794065,1,1,0
24.54373593249789,64.8902198442634,46.3094460719725,18.61674063119821,0,0,0
20.985422884315486,63.3644048106253,40.57265152068453,3.3103947120981925,0,0,0
23.423530452405487,74.86004125150845,41.42692879635247,2.8850262823318307,0,0,0
23.69905452467037,92.67876171465272,28.48539252849666,10.828587886099934,0,0,0
27.261156045653024,78.98352960666536,15.302959910808795,12.288673096701906,0,0,0
31.21166609895041,78.46097623026063,10.889955755821079,9.603468837191791,0,0,1
27.1071474259692,64.93941414047626,16.36000110194646,11.979332726477509,0,0,0
20.86766674170741,60.02763288826266,31.4247715044531,3.607595377501427,0,0,0
34.36684701482306,88.35490317609114,8.632826791619946,9.592275083281667,1,0,1
34.14086478641168,63.065109704518335,12.932011831866081,13.161851218793357,0,0,0
31.777843147226125,82.18474365573634,23.40304313977322,8.654128984974074,1,0,1
34.86991852346331,92.0115759080317,11.652504926230778,13.588946716331957,1,0,1
28.167234992003944,67.30281696054509,29.432183485803083,9.023825611076791,0,0,0
34.44152525379809,83.28454926829188,46.158801422816495,6.6719916168455455,1,1,1
21.134075609251262,62.75445018476283,37.40446828515632,6.072100941741847,0,0,0
25.48521122392057,81.13143003431645,33.321330707445654,8.21804117977176,1,1,0
23.380719020101488,65.73761023336209,29.13607379918894,0.46179245364401655,0,0,0
22.93749626201405,85.75837461803123,24.397395462853243,13.370502768922275,0,0,0
22.11204423339014,70.5430953177868,9.328192981732986,16.902112819605236,0,0,0
29.336204623489948,76.21868530816262,44.73552277134328,7.092541888862371,0,1,1
31.719827836209575,80.98006897096676,12.426800100641817,0.9206627228343711,1,0,1
28.67447599130541,65.99456937331838,4.565443878908038,19.735511947711153,0,0,0
22.204440643823144,85.95732365161673,37.50075896143476,5.273965109021339,0,0,0
32.16685654900206,70.5924119222885,8.78077671655832,2.53242243381546,0,0,1
29.539320607455927,83.18301509694638,18.594799977058802,7.395050159460559,1,0,1
25.822485591904933,65.53990677447808,1.4142464145489864,14.771140812671133,0,0,0
30.111954433040943,84.08411807222225,6.8533971270224034,5.878331937811314,1,0,1
23.898574688642494,64.48658254836616,8.660181537995603,11.494064078389757,0,0,0
25.177883127413157,74.88747736944943,2.7205063875088973,8.311199888742845,0,0,0
33.76228764697986,68.65221258086069,32.83284783114226,2.35527984553237,0,1,0
24.357567585071305,86.19313372998639,41.85038979015586,6.605740249842205,0,0,0
27.049824022369048,69.17122515774061,18.66577031829705,14.497410114281333,0,0,0
33.352117060940216,90.86010572383887,43.728823835910035,12.240077946628913,1,1,1
30.61582025401291,91.21370739923145,10.667328728006325,2.39556759767122,1,0,1
20.933048392470543,66.8754460327975,16.269521178061975,3.266448194286171,0,0,0
22.209545664184557,81.48460807527034,7.53684965155842,12.81466718614891,0,0,0
20.117623861578753,63.07011746019875,31.02795977094993,16.268308286417376,0,0,0
29.463826853437453,73.70379848605702,20.993479543515342,6.989489919163385,0,0,1
26.715101381156273,84.96626053254452,30.664167342094935,11.906215036869003,1,1,0
22.014122763534132,83.07981363974707,38.083745269709176,3.4128717750421056,0,0,0
34.36901181585156,81.86452342923128,27.285150801647422,6.2275267381064765,1,0,1
27.9448958591843,69.88893022818553,31.381517745089393,0.405404113461052,0,1,0
23.628399411693337,73.23087323020407,46.762515719716646,15.365518955990451,0,0,0
27.509053567320613,63.603115064510014,14.953215480442156,8.020196395459337,0,0,0
30.194304991026616,85.16579871517604,17.958196931697657,16.32251147307908,1,0,1
21.143588269603466,77.63610788769458,35.885168085466844,14.167459920454526,0,0,0
24.12055722571838,84.80679713209791,30.565275852769336,16.57488531456954,0,0,0
32.104482363259905,68.71302336789054,8.926645226985741,5.713173391657655,0,0,0
26.89497305603992,71.35533800222731,18.807365500524508,3.702174608556905,0,0,0
28.198657130484424,71.69753680410402,23.391900656235748,19.43811365303341,0,0,1
26.49224003314204,60.900984341152565,20.969491898419466,14.34655574081739,0,0,0
20.658499139645077,71.93667554907182,8.913740416102039,16.680845358533407,0,0,0
22.486246697302338,88.11566007313118,46.22150458921311,0.26266747419867453,0,0,0
26.683124581128364,91.40544735124085,38.11593808469879,7.089232405917731,1,1,0
23.137781981118916,78.13764104725746,24.067791605392614,14.856333811546634,0,0,0
20.74968542989518,75.94255933267272,34.00305141534183,1.5596566597996664,0,0,0
32.65474496077736,61.07886165447796,44.86413360677609,11.346798591378713,0,1,0
34.71788793746174,90.7721518154884,6.80870711807856,8.581455349100064,1,0,1
31.89714310995109,60.45535746990554,12.518652535348885,0.3523301428221459,0,0,0
32.806773825570005,93.06625280735742,27.13506236283225,4.719511542389028,1,0,1
23.62965695475568,77.12256870408316,39.950518567617934,5.695839781334284,0,0,0
34.409404632698,71.96770727511543,1.812744772076369,2.237198926926449,0,0,1
22.953885566801425,92.3476452194931,49.20090750981802,12.630738194853208,0,0,0
34.27144715542748,60.85368475885338,22.74533014411986,4.84795752503778,0,0,0
34.92228940948927,80.34987132041805,17.96155703108615,5.552389992387767,1,0,1
30.67584208619073,79.21263835747682,14.636221891988594,17.96477196400295,0,0,1
34.71715597687733,67.67621404239837,8.717835382543582,9.342461853862789,0,0,0
28.543096693506556,75.01106009725737,39.57869544650139,7.842562939385447,0,1,1
23.893126747641354,82.82924020803196,47.770708237304824,14.477420766294344,0,0,0
26.554938284984313,85.44959189086747,20.68223774226991,18.19227593765824,1,0,0
28.903414030681787,60.02509005473029,47.621034737672815,0.5007267247488767,0,1,0
21.096223430405225,92.78987005318554,41.18988077175171,8.964776931107929,0,0,0
29.33514896925869,65.75838803374843,24.052556373815914,12.215627121558946,0,0,0
34.71766755143442,68.17531519778257,33.70130895630663,6.371261962519792,0,1,0
22.851614746755914,69.22157059928469,21.74920895852315,15.448154442464833,0,0,0
31.88892674432575,61.32370477932123,27.93617041062762,19.429541405405477,0,0,0
33.61848190669429,64.30682432566137,2.9023168509251906,18.868547325005665,0,0,0
34.155523892303314,94.52224730304567,34.813173765026654,5.319650787598837,1,1,1
34.40203406608171,71.03258580820501,2.6412322242068353,4.52676556874972,0,0,1
27.82189458082208,64.03553816186673,40.85424734598247,19.14981062042442,0,1,0
34.65961861987255,63.744694141111815,41.247346473027875,9.172569748629318,0,1,0
31.359653107016584,85.18109886844901,11.85386437781073,4.165954461693834,1,0,1
22.425071543554427,89.90990324114243,16.183139051790015,14.139939272608364,0,0,0
27.15350159701955,68.99333048279644,24.065518927914663,5.688406478075832,0,0,0
30.774967630580058,60.73183293173322,29.833145346624075,5.344939501421047,0,0,0
23.71010473728625,67.80815064558746,14.367683087099836,17.584980861555696,0,0,0
29.609227753233313,61.978049177886504,29.62432023159625,3.249583067538069,0,0,0
29.999007185699288,63.61882278205145,14.889353661464943,1.2878589293247278,0,0,0
22.44049615712849,75.10278419466748,2.774536053553034,5.383728803433745,0,0,0
28.476279686791344,68.04714298015713,0.12637749159544742,12.138908256764076,0,0,0
31.574403664679117,78.05810574838982,5.05755289592143,2.461757068065411,0,0,1
27.483434968039127,68.87228136400167,39.61253500820091,9.431893445535875,0,1,0
20.181546751641612,92.91880553860317,48.071565619166854,12.546742208506396,0,0,0
20.13557703618938,91.70803887741926,21.348309964060963,16.97473985186348,0,0,0
25.355440159550184,79.83821367536632,25.634197672497137,4.597391824045087,0,0,0
33.89291102647673,72.40483971955851,7.342408453671307,16.346926467655788,0,0,1
23.430151694054132,73.34014087121574,27.55156763400785,4.698125222624771,0,0,0
29.51545533307531,74.41482991005739,7.232745100348842,13.53533082479281,0,0,1
23.33113806039981,85.46527627472304,30.560716559941504,8.613471429649103,0,0,0
24.82504984489323,75.80736484315932,46.66293337904269,2.2936248475734033,0,0,0
32.72063134402226,89.98554812770641,9.78492696515198,14.285269256436974,1,0,1
30.9329216340492,93.04331750756276,38.2281859028551,4.355252370980356,1,1,1
21.43098915969816,71.75811536826268,1.1751211409162021,3.5324685204918294,0,0,0
26.430530314796506,79.6243068481488,18.77486206608105,7.166458571787664,0,0,0
20.437546454678966,63.32697878913976,5.537425391525453,13.06580489518967,0,0,0
27.213352199045133,67.01641667182257,17.62377207978497,4.679929575812556,0,0,0
29.93651017551602,74.47130183485561,8.676845981944176,3.6732307756377147,0,0,1
21.777539353972273,67.21709505656226,18.66524950614437,0.19907251426728667,0,0,0
24.333274083637484,90.67961717760511,20.876140305376516,9.43286194203447,0,0,0
25.967549382532354,65.54001896206843,15.02955613904592,8.572911386303655,0,0,0
33.79296536984074,75.94812875435822,32.831097473656456,4.677354872747525,0,1,1
34.89882523134446,81.19947341609566,45.94260256294548,1.073043280193815,1,1,1
20.673669484934237,84.21523678562956,20.029768705263617,8.585117491916739,0,0,0
31.41511885243088,73.40742794042774,9.617157823751072,15.764102221432626,0,0,1
25.575860996035146,90.4184674053655,13.536137909799168,14.30564262654354,1,0,0
25.8868727934422,79.89117028772739,42.70004117481845,17.215897797203404,0,1,0
31.31397460020534,75.38277231566431,28.581986163507395,0.19165375426311249,0,0,1
33.77639648218113,62.35342219182128,22.750551615347863,19.32838633609197,0,0,0
34.26392891753822,76.26413139558078,7.481836075446335,6.828245052548967,0,0,1
28.65683879057481,88.72575442855056,22.4863654161891,19.807955921839294,1,0,1
25.35681738950754,81.50893563774605,13.924600167869333,5.052389212035493,1,0,0
31.813236287881686,89.12568588051914,47.15815639266746,9.430727751564895,1,1,1
23.765020748934504,77.29040847097569,44.20350547078657,7.078553531506073,0,0,0
28.461110432502764,64.14615967830686,4.1951270914099,7.115214299886052,0,0,0
25.378676922873098,60.477394604255835,25.832674463062144,16.845641974964316,0,0,0
29.84946610561814,70.61268413515069,11.252917275733603,14.928378794746775,0,0,1
23.605983693402603,84.42966650242273,20.53885447621453,19.84302870460096,0,0,0
22.873894186022387,87.65909663795928,43.84239991257282,12.270293654350251,0,0,0
33.773586300131555,70.35134921171152,26.375725994427242,9.265132087890054,0,0,1
21.527055244243055,77.34788723091364,16.71076466853799,1.8014772589378225,0,0,0
27.589368616023975,74.73916165519286,10.394417705249854,19.931228390277134,0,0,0
23.312791744445136,74.36829745229997,40.01624297032446,11.030613058645658,0,0,0
20.58394944988501,68.09720496200526,31.225900768217357,14.009549393802835,0,0,0
20.540282274371396,64.77298867603105,23.40327302131156,8.134847743826228,0,0,0
22.62832658158741,66.88409953809246,10.874217693148902,10.954314163584717,0,0,0
33.001555317590004,61.93663355071711,16.712318707856568,18.851554637857745,0,0,0
24.2371811596554,66.9345759638252,47.99217133692593,3.328388758632055,0,0,0
34.25688755862944,60.32203141688828,26.00449688029172,5.847451686605092,0,0,0
28.724334394837904,81.95404402225924,20.034964062162647,3.0411945555606468,1,0,1
26.54921284653149,71.0731392585689,26.071102117416196,15.844318076095494,0,0,0
28.701332520041817,94.0600648999418,38.949425294980436,1.2409052084365912,1,1,1
27.750475778394016,66.78009677717043,17.005446825143437,1.6326329970267661,0,0,0
31.381643806359875,72.10399996083578,8.935306046630442,5.969882255747374,0,0,1
24.237440989592784,72.52444055245365,29.24680591695239,10.283763618420226,0,0,0
25.295755874004534,60.295802362186116,33.26020517405336,8.12549601119173,0,1,0
33.41141453799876,89.37227835638106,35.63590014792748,0.8963262134161454,1,1,1
34.19684769725608,61.11980610505137,44.09937953830648,19.14983115741903,0,1,0
33.38837341229711,92.90629421552345,18.558706034455653,19.057390407161673,1,0,1
26.291719909359703,91.22260228827672,3.76774481144459,5.5871264648151975,1,0,0
31.705482545103223,78.74326706300872,47.917429181547114,14.63051230537163,0,1,1
27.14503599951648,79.02584512189523,21.75059637187376,11.571508227664475,0,0,0
27.463097782191532,82.88222730346547,31.162875483656567,4.749533900112482,1,1,0
23.07020163585926,73.54675041772104,33.315266156414616,5.243431034832309,0,0,0
28.866954548877747,82.65277991892495,27.325685435060176,9.823063486209008,1,0,1
22.79203846630022,61.56689360409704,10.262876486813505,8.384738829947203,0,0,0
24.973470486007905,61.89166695724043,37.75715250580707,5.824586564625285,0,0,0
32.82545302429902,76.00306468668406,40.18759871520408,16.15023192610298,0,1,1
23.10613713816283,79.23678053871123,27.64877930087199,9.629258352747698,0,0,0
21.06737427760149,91.07361741175367,24.428058029242077,13.096961247782557,0,0,0
21.035113889192246,63.66312218677637,5.696909156399266,3.7854700033575095,0,0,0
34.11176780754662,88.79267745178612,4.197583074989192,10.670153250329735,1,0,1
27.60380656942752,67.35165680522243,16.978242278176438,6.35952098893243,0,0,0
26.141181077255276,73.79292769785111,15.542307775869663,10.528272207897565,0,0,0
32.163178715118775,71.08108521895946,47.682822548163564,15.616516668218562,0,1,1
32.53738891865774,74.00543455028897,39.18113712217149,15.378264201825234,0,1,1
24.98286549673407,65.26734243254049,32.996214762952995,7.084413560685519,0,0,0
30.404270862106927,77.62495260412442,25.88240445088025,13.885542341592782,0,0,1
31.5668422377783,88.05749064409785,8.368376536332567,18.82579900788554,1,0,1
29.819760302989316,75.45369036326139,48.922833609214194,12.513386598498128,0,1,1
22.27392612200149,77.17147515643697,18.7520349120105,2.968202467652743,0,0,0
33.138246252755856,89.70686548484599,5.3462801223622405,13.594172585581903,1,0,1
28.086418291040133,84.71203401233107,24.689944785787304,2.0980877269862264,1,0,1
24.237086395550055,77.16590429819246,43.69990058065416,17.442208175860543,0,0,0
26.37842278156541,69.01934768662129,44.36455008886647,10.333209916038806,0,1,0
20.56356635598361,90.97243613957383,0.5482958028223628,7.7028147262315905,0,0,0
21.918002018336264,80.19571405916955,44.31478723756999,1.1401318929938475,0,0,0
31.48320125773791,67.74016635387427,13.574210874992925,7.615674691842194,0,0,0
20.000174521330493,69.41919134233036,1.9486181984211537,18.06413335831579,0,0,0
26.248487427234384,88.10965811276861,42.389513518143715,0.4196599257260636,1,1,0
27.837652716283827,61.545094673060945,43.193337799410415,9.492963155636097,0,1,0
20.819516300014584,94.7232265460087,29.811553992117503,18.623161822212445,0,0,0
34.596172444584994,64.56230879001771,28.72168786481792,7.8968199953004214,0,0,0
23.39187996874508,87.86239838889281,40.65601363107097,8.563513749243008,0,0,0
24.562980794544213,73.8171360870089,39.31547763551399,11.571201103982398,0,0,0
24.559137683825412,77.22756641506135,44.5052736721352,9.258746671543669,0,0,0
23.456249931760247,90.82277021126022,27.637372379835174,3.3720338247510484,0,0,0
20.02210733129467,74.45189163562246,48.382354636640436,0.3711107813972081,0,0,0
30.940171911319943,78.8122813785632,49.80734154666692,12.196233159574032,0,1,1
34.50268249698928,61.725488184320945,5.82723049993163,18.416131740156242,0,0,0
23.364402249275678,60.08216158536086,42.4771879777061,2.1272826605433126,0,0,0
29.945707877051337,68.5679955550604,24.991112887429452,4.219054385055068,0,0,0
31.12844490438073,83.82040825215685,19.378316914991604,7.40458971649947,1,0,1
32.72638068635787,64.24427126756979,30.65361549413575,16.174844580422395,0,1,0
26.339437955204136,63.98166855815923,2.7982778631003513,5.385206329419551,0,0,0
24.543963584606438,74.38362128125661,25.323055938353995,17.64108808557537,0,0,0
24.879427010345466,82.67429635128792,43.54452850133333,1.0991574930013281,0,0,0
30.689319996477693,84.92251972867757,10.67307580694844,18.819132425178697,1,0,1
32.251691997584544,66.24577359344312,21.319494738471256,11.214941557475298,0,0,0
22.724209516349042,62.78558515802148,46.974044385743774,13.17555356975409,0,0,0
25.564115122366477,92.91389618809404,21.428191890284864,7.353790450727063,1,0,0
33.52910295123725,69.12332338967356,17.918381616619918,15.639885710221206,0,0,0
32.10040279542109,89.86712741630534,22.02683240616891,3.3313250016881213,1,0,1
34.77287604143714,90.22220076619864,25.972638325877817,0.9782365055697406,1,0,1
31.313723895231213,87.03829071168906,31.599567206573443,7.910338862151143,1,1,1
25.897928015418834,65.90917623283995,40.034640045836554,17.07391427962079,0,1,0
28.859567509919565,88.763051073897,22.605110288215712,15.098536732753892,1,0,1
29.915213813709805,86.92376957345553,40.87404675450701,10.34311940977916,1,1,1
21.17683724475686,80.8853046537176,26.686033067604033,11.442754943307069,0,0,0
28.167454386557978,71.80207123091334,16.92402551839888,2.5978565259751085,0,0,1
30.639812427089144,69.18780114932905,32.897541405970706,16.813630172351644,0,1,0
22.509819560015906,64.26612242281256,35.88611273717457,15.739193659283938,0,0,0
31.70947576138336,77.8414973415305,27.902448781474376,13.129407877738855,0,0,1
28.756591707711674,80.48413064284463,2.8307486567361706,9.323820726578768,1,0,1
34.28332678546392,72.57686466805255,8.494143758041245,19.28918536559025,0,0,1
20.636334473103375,76.6375673688304,14.26488604451141,17.58063943752942,0,0,0
23.979892063332006,72.72300600792434,14.131280297574655,12.88860987029237,0,0,0
29.02330818949736,82.43521200622455,33.671040012343525,7.436019954345758,1,1,1
24.44839868308896,91.54407227287972,0.9174330836816291,12.360445573630248,0,0,0
30.716362461068634,65.73720917164307,37.784088852475996,11.508818530613308,0,1,0
31.385079237828965,73.34930834660932,13.267123740346658,7.8848397566983275,0,0,1
21.537739460997116,64.93040113828015,15.50109231080512,6.133479433761522,0,0,0
27.707816963101514,81.87303196427412,26.395491397196214,8.140215844746448,1,0,0
27.63335833386584,85.51046783210086,10.796280046947876,11.478228120667957,1,0,0
25.539211553233116,92.61694564091096,44.223565678776374,8.562696894221888,1,1,0
33.99387293854508,69.76051741913378,4.268438966328264,5.271489764027677,0,0,0
32.41259479809832,93.25739220529005,22.219118115053245,15.219266355216174,1,0,1
30.45814072864455,62.214193513723615,42.4711134727445,10.62934991914826,0,1,0
30.714899536024966,81.10548521776059,30.79219472106179,1.3535032645119993,1,1,1
26.925742157196787,61.999645177016546,14.616475792131672,7.36633011252251,0,0,0
33.81491781644864,91.28209657166806,21.038010388823036,17.69826914423987,1,0,1
30.41893140879928,78.5433169974519,35.334719017125735,15.104730623999039,0,1,1
30.93471592483725,83.42719227669787,48.66303716819497,6.464935678880142,1,1,1
32.92536355681018,89.10508740686583,44.656935918971676,18.763663040890183,1,1,1
24.111073840132864,65.2608717869389,17.12164041911884,1.532058167164203,0,0,0
32.10606355800054,61.350704667834684,49.90989396439288,19.22469407784378,0,1,0
22.928609044347382,90.76084010694983,0.1752331765529136,4.9141018496935125,0,0,0
25.180129283673317,71.02266296106264,1.3814877904207545,0.18188360604838527,0,0,0
25.03415681404764,64.51426177745078,41.192025758559694,8.676160730366536,0,1,0
34.67788202583711,76.39614329804803,9.973134341652601,7.179408593740173,0,0,1
32.8480583562189,80.94071264936066,3.038463419812043,10.781780104135876,1,0,1
30.517547923853897,61.083971119787854,11.857403661825112,15.935457211396908,0,0,0
30.905851424230853,69.62134803899806,21.30500769904301,16.848616043008942,0,0,0
28.431091916038568,61.14799559969136,36.52831352167024,8.024599992233837,0,1,0
34.20636000662779,74.71173862184247,31.216776327560275,8.596914874127004,0,1,1
27.44388129323542,91.32850101731856,11.881060878021021,2.9635546065894736,1,0,0
25.70776564804842,94.39283440227493,25.16352240502922,0.9509521776232699,1,0,0
22.445530053973865,82.29666437262696,46.310705269928434,12.824299804700495,0,0,0
31.79308478391587,65.65731928246072,40.750388849187885,1.2887525110538456,0,1,0
31.016658981133872,91.7047286499757,16.159489241589668,14.676602388429119,1,0,1
25.765325577862022,78.06867381200212,49.11322806778482,10.78180290044495,0,1,0
20.37790120938844,65.38122592360213,35.431020021756545,3.971659564521668,0,0,0
32.58495991577016,92.26043343080815,3.122467783339089,10.790458870252992,1,0,1
20.171269751811103,86.5114167753086,1.758035664431934,3.659954332041977,0,0,0
30.555496694435764,85.6096845453103,8.420397450501499,8.77474415020824,1,0,1
34.55385664589085,84.82132463280416,36.39279340250734,15.991206324844578,1,1,1
26.56491992222305,67.01189373837548,9.186946292121394,9.238385868212749,0,0,0
23.52460107493929,67.38523420976341,25.574338460441677,2.9739863659509647,0,0,0
30.573065150650727,84.09025494495393,4.663006009041587,14.476573636458902,1,0,1
32.256922130233775,67.69029625386389,46.04430789150975,3.735368325400177,0,1,0
28.19645474116771,75.35350938810672,17.198030679178377,14.77099748740219,0,0,1
34.50552912884219,87.37006389578795,45.40660282803154,9.587045784316665,1,1,1
20.775030824869418,87.43833813342444,47.243782095527216,9.074835181886032,0,0,0
27.571933974567923,75.86416203840508,0.30643236568403953,17.028700757149494,0,0,0
30.77680920983825,87.72664783963359,23.2067593599366,14.172070486813375,1,0,1
32.93960706723769,89.35176286693199,1.2328027853446444,0.6582159390987852,1,0,1
22.68883417861685,82.91715129494911,45.43463831514529,5.923486292032047,0,0,0
32.000052226455225,67.99490483079471,25.920377236728793,17.418413216997973,0,0,0
28.290606135778177,69.59041231349417,3.747200634924841,0.3665233709039728,0,0,0
25.94830522984945,71.01944043930574,5.5138364138283436,10.905068925239407,0,0,0
21.975725428686403,64.08814377068832,19.17545122463695,14.556513383478878,0,0,0
32.97943638363368,69.56058671294808,47.01170964364447,12.437121709691517,0,1,0
22.35909812269573,67.33317285093862,34.64545757840404,15.210644042088727,0,0,0
24.64681788813649,75.93650624330107,43.38094330945662,14.513836978294917,0,0,0
24.350682979436552,91.79531417552927,18.322832316998984,13.840613903062266,0,0,0
33.07121051286281,63.65681108638853,2.160684977499916,16.430797218513042,0,0,0
30.09054491313347,85.20937733815884,48.715881860220705,12.913813368990768,1,1,1
31.950220957870584,84.05490515445948,0.8586495331184774,8.04836988513964,1,0,1
23.757018481887485,63.35139695321752,47.38258265405445,9.438182198291752,0,0,0
29.373111494104982,92.290034171703,18.433871192457236,14.334495653629011,1,0,1
28.576189747156228,79.89652707548868,0.504520251094076,17.52612059333588,0,0,1
32.492455651824066,72.73039323974895,34.45786158622541,5.4443760167955135,0,1,1
33.59130590721891,86.47885042233574,49.02701520156771,6.841535919421416,1,1,1
20.1823515721608,69.0077910440572,48.281286141879626,18.61478792724825,0,0,0
30.110298785881888,84.27284429662122,8.046850560120921,11.570235848188908,1,0,1
20.777536986795937,61.38989226502865,9.06239030330775,3.5792363427000207,0,0,0
28.23287997616034,89.37928131632452,28.276945730983005,13.273902778247654,1,0,1
24.314490935655172,75.68597964574614,31.86524132141622,19.81524311078759,0,0,0
24.601648992832118,82.28425200252796,36.97089568329328,16.469071289408003,0,0,0
25.29437755178535,67.74332369323393,9.052518023607375,14.914822731028055,0,0,0
29.319386735744153,83.69757994304568,47.95035433822172,4.160933085325384,1,1,1
25.01074948503154,87.02840965626469,31.936962814461893,17.522795693680145,1,1,0
30.990485758854206,76.56246154095396,42.352345943527745,10.51577687071093,0,1,1
26.067910783608045,81.6204423421628,27.00328576420859,17.78580044143911,1,0,0
21.02529800464938,75.97140733378394,20.713842379494128,6.596556588497586,0,0,0
31.756397637261607,91.2931979240246,48.8591453297498,1.2410210527086551,1,1,1
24.28637486889059,77.42542131800117,29.106068540991803,9.519519373194923,0,0,0
26.49150319398894,89.46330481600866,43.343679139958944,5.396752096357553,1,1,0
30.281658248328522,88.04732203945869,47.6646198183145,14.304585795525963,1,1,1
24.986842357230678,74.36766874719248,33.76773135043296,19.142131057120647,0,0,0
20.848784842200736,68.05295721501163,27.44693392593375,13.819483023031278,0,0,0
25.608815705192203,74.21287463959199,0.175542545532531,17.73867859418407,0,0,0
34.166728740414555,88.9176081521327,2.0009820369502993,9.060480272024128,1,0,1
29.626015959478373,67.96713875367874,10.042560802555817,15.432814743906034,0,0,0
30.072187230008105,78.35527210502123,9.300421592799763,16.860868733434067,0,0,1
29.4842323045646,88.21338617862617,12.737939759992267,14.217512551670847,1,0,1
22.98488208439155,72.37171162949326,15.246731884883042,10.155545721391292,0,0,0
26.2750079615342,82.4773372950944,18.003274677536414,12.517322192307361,1,0,0
31.264096975449775,68.59710509170851,21.026884503443828,14.010139913577607,0,0,0
21.520593463297388,63.8247805878856,4.943316922800733,5.061688064428537,0,0,0
24.167791641345683,87.80344787824997,2.118096597639102,16.191585218299696,0,0,0
24.144786626987802,63.46390181930474,33.69722245365117,19.006490779345466,0,0,0
26.48028391391759,69.49834882778546,26.866741242153886,9.30478630359872,0,0,0
34.705531114132775,89.92882976991041,22.20721011100598,14.021343662197548,1,0,1
21.012538200257328,72.12642504775336,31.721997058417617,14.74051811580708,0,0,0
27.780514915708928,94.05658723299564,41.383970360177024,13.244950950429606,1,1,0
22.690470230183156,94.29070171708508,21.38464545581023,10.942302166572711,0,0,0
34.56014818114616,69.38966071587448,32.05597325259897,17.63295909149621,0,1,0
21.699552570911962,61.434237778746166,47.67861119175794,8.978534185377889,0,0,0
26.05401503542387,84.67721494718828,41.981224793078034,1.2220591297320715,1,1,0
31.068274772519093,75.78452759269203,21.300040525120473,16.891127514243205,0,0,1
30.56831642041168,63.52634953858517,32.23584189073715,13.479625446331013,0,1,0
26.340929553408984,84.7632986642315,8.853546095796988,16.98517252999293,1,0,0
25.197862519290773,61.091121818917244,28.026109244754494,2.770948848893886,0,0,0
25.96418567829306,90.45688416722848,49.06641455692214,0.6150588101943266,1,1,0
23.96414394737959,64.85283851896563,25.915755760126114,18.687490807650025,0,0,0
23.079994080602,64.45591575613537,46.38191495950736,2.9545661170114856,0,0,0
27.24559546338335,66.14853042890046,20.366746025163035,16.193046641409037,0,0,0
24.02800634101411,93.60932254722232,49.94224135923156,16.464198843612717,0,0,0
24.31192497345875,84.26092760888461,28.96100176137789,14.17410401098006,0,0,0
29.851340952118356,88.04800374122729,2.1134497117967275,2.625244221857419,1,0,1
34.52805997549838,73.91722450064636,29.337739834569405,13.34797249121615,0,0,1
29.05455800839063,71.77094546267344,13.728634783979832,17.78173166653731,0,0,1
21.154692005974493,68.20694023741095,1.6240661017947355,8.510632896017665,0,0,0
21.133754207811005,76.82268099093432,41.042665234733164,8.270337087571978,0,0,0
34.271348312683486,79.3140056736959,13.786481849037797,8.857166191588382,0,0,1
24.459361854610005,82.11211952784643,39.827427702324925,1.6454378135241288,0,0,0
21.38100479123713,68.99914763995432,14.410879147793349,17.84051138059947,0,0,0
28.985668807255724,93.20289283160467,9.716317693688714,17.38365727961021,1,0,1
29.354731674353992,65.94154743724975,48.69677870522137,19.958186435805725,0,1,0
29.72757230178032,93.79786111682444,18.082266387750977,11.70366282996827,1,0,1
24.011030417863118,60.51996428776263,30.06881057215802,15.023832729027715,0,0,0
20.226660263217127,76.8393992135896,30.499074640723578,4.053438126146094,0,0,0
34.475230541817076,71.6678743340797,28.02367410867509,13.350576364483391,0,0,1
23.763395685366536,75.71931948755878,45.734787176060735,12.994656975147814,0,0,0
30.14039432078821,79.97326026432762,33.722053568343426,18.02417471683225,0,1,1
30.599448048180644,75.24562053044481,20.186650205246508,16.615854456781484,0,0,1
29.150111256192286,74.51963976055582,43.1190192262137,18.769329252355263,0,1,1
24.693610913204722,85.64531953946573,9.05314495579822,17.37666945403215,0,0,0
24.06644380646099,84.00566962802625,27.21183788052087,17.37387789797704,0,0,0
28.965024240540547,89.16449487125467,47.527518597187814,1.2744665337743655,1,1,1
32.99143450417537,68.74856434338234,31.269881494020634,16.919239053919117,0,1,0
34.20100593385094,81.33349784139223,40.84842252374381,12.149567890062363,1,1,1
21.588587066056363,80.48181748874988,32.67803627725964,7.6088890353192244,0,0,0
22.3224291889658,72.9408233805441,41.96854317689452,1.1302924877612464,0,0,0
34.17104388174619,77.01201396659383,47.22439399226218,13.553475495360933,0,1,1
31.04802842502189,70.98237501570051,13.64608637663684,6.564035010752349,0,0,1
33.2449073724466,64.96455391659448,8.483054062835944,9.355525299720695,0,0,0
23.039489512030148,67.48304237319564,24.199537516626997,13.634568741102687,0,0,0
28.813788066641028,63.69297762404204,35.09312134121079,18.23549094048286,0,1,0
30.517093916262105,83.90743513165435,11.359562659110805,16.50873831209997,1,0,1
30.201678281704588,83.1254587588203,0.20507252150835376,9.011942582071997,1,0,1
26.122275363000472,93.27122300529555,17.146755791835268,7.755663148927578,1,0,0
20.230923375369628,85.53874447765344,48.44296677338942,4.795594776880949,0,0,0
28.74389085206395,61.821604356464604,34.748373030292335,7.448535023519365,0,1,0
23.796523087694133,90.94858108751339,20.066272197061195,2.220927745837966,0,0,0
26.753813692143353,90.19363070310041,9.628804867342017,19.42211016729509,1,0,0
34.363715226257256,75.51621122704445,17.80448368773735,11.478348879191579,0,0,1
25.98552976463652,80.50520676847725,8.491971665062398,2.556116855904258,1,0,0
32.597024099966404,94.16274163653816,5.31529106564757,7.0561201853181155,1,0,1
22.82810908623877,78.63065273468581,45.33711862862769,10.94078287241312,0,0,0
30.086907470375433,91.68626399316314,49.882516918773675,10.657712732817393,1,1,1
34.65510431658415,62.90635652335653,8.205721979789516,0.7100673743726471,0,0,0
21.52839651309405,66.6868154048039,2.726127943913986,19.01682068458223,0,0,0
20.12479913340788,75.42642302044612,16.486555357310618,5.5075136294988924,0,0,0
26.503741889489216,80.46648829180566,23.082959038070765,0.32369337863782377,1,0,0
21.38938224577051,88.567974815198,10.241062353792724,1.5288801790056494,0,0,0
31.22576524514347,94.58917403001155,15.071245589927923,11.60389806495954,1,0,1
33.71822995772838,73.60980237659408,10.043536784582885,2.7557104135019372,0,0,1
26.51031459063138,61.65954726490297,38.71302842162257,0.8344958570700656,0,1,0
23.880674632331615,88.04100261533637,35.62889716236304,7.592529328254227,0,0,0
26.516049785099145,81.15332516789829,31.747575788049087,12.455223846803772,1,1,0
30.851717267750015,66.94900006038706,19.360892853960237,2.2367960968322476,0,0,0
20.135812423705566,77.31899598174971,45.452047065711795,6.266556643026311,0,0,0
28.841809842270457,85.98085859368035,48.476627076751,8.355213432490844,1,1,1
29.199375273310686,86.96441254740253,8.6819656312706,3.1892019557353435,1,0,1
29.565323703439034,77.48664441995666,11.150632070593902,10.121477969334203,0,0,1
23.630331199713158,70.68250855451006,26.281551400018483,1.704281738035418,0,0,0
30.710790850671902,94.08099037134727,4.5625284641122645,0.9303699269013732,1,0,1
21.370872294976646,83.21769138347724,21.82241994115564,10.396707343102696,0,0,0
22.98905504700201,74.28831317712046,29.089563238885507,4.957939455017513,0,0,0
33.16205069981723,69.81621284716283,26.103678556866655,1.9074761579605504,0,0,0
31.080847260898494,85.58860440512467,16.545429153901303,8.478251749752646,1,0,1
20.20618331017018,68.47642059578187,27.122290303860343,18.302814790347895,0,0,0
23.725643905547003,66.00984961407909,47.94004771294239,14.483848933083099,0,0,0
23.21609724489747,78.54418611367245,10.300870214568803,16.31231830694055,0,0,0
24.06209492055459,70.14955874254497,32.74156791970018,17.43827977517273,0,0,0
23.713396554198297,82.01168007232653,2.1698347078025924,19.452554827928378,0,0,0
20.937894436142685,64.12785362059817,3.3208202240717464,15.26493147028346,0,0,0
26.884107748952303,82.92293865985626,27.59141121117925,12.168158438789593,1,0,0
30.991002121792476,69.91537847991958,5.246959016397473,7.308517606044944,0,0,0
29.100975870761545,60.008502705207945,1.1173394213428667,3.6328647311543216,0,0,0
30.093075028971196,64.44276201859617,8.575649882401109,13.733197479665886,0,0,0
21.21723767804359,92.6765382242283,28.24245854997872,19.898999722438838,0,0,0
34.27236065265181,90.35741236903752,35.167047725946624,9.34717369237838,1,1,1
32.57737750764537,68.17631612126829,10.123928207069,14.473587361856152,0,0,0
32.07635477743494,87.24301665909219,33.412971860408724,9.901848999863123,1,1,1
32.34475707562651,81.3000057610891,9.123816554961467,8.638668467269532,1,0,1
33.99065762199142,93.98166490074543,30.672871331562856,8.206112271198302,1,1,1
28.163809491705464,73.07619808369206,20.597983994789942,10.092493658633952,0,0,1
23.00423026801439,83.85112143810099,32.689975466680835,7.3379132373075,0,0,0
29.251754117788117,62.22375028483715,49.752637623962364,14.975466436436156,0,1,0
31.143222405019085,73.8686571385742,46.8908482616281,17.48544053183033,0,1,1
31.06876090031038,93.73361814158632,0.2140878918051814,17.657706132903684,1,0,1
27.8217353625032,78.86433060575422,44.27193821811529,4.5539742685165185,0,1,0
21.02688079000367,70.07578261671956,3.324539758738326,17.918182774629816,0,0,0
25.566694076451917,64.20948370950124,47.65232930799225,6.831024637102101,0,1,0
33.81149912695036,84.62349190635356,14.091283954984235,6.1861533097059525,1,0,1
28.766733646361388,82.56996152004044,19.101741520563547,14.535121147964718,1,0,1
28.074979148835702,73.0878549761321,4.581910258786392,6.093926801725789,0,0,1
24.032802715732902,93.2829473153042,5.61363791644548,1.0593281121942022,0,0,0
25.526733798748683,60.77709845457476,36.33702826146598,7.47235544620616,0,1,0
33.43019133729754,70.6303348071139,47.21661178741458,14.42931200716698,0,1,1
29.996945712902537,92.23743202048536,30.537424747715473,6.53916840540353,1,1,1
31.810805401284995,71.23274034118042,35.79250077634055,12.59118111990293,0,1,1
26.815181346014825,68.82884918493096,38.098487229857675,13.202388885262607,0,1,0
29.453708291842368,78.69771434759366,13.140713727647086,14.674720234527124,0,0,1
23.725754131148115,88.83306124721882,2.2614815460107462,17.94260932621873,0,0,0
30.581912454252294,63.61013663074264,0.09363719595842923,8.651289985368628,0,0,0
26.41402000555006,93.00572483760077,17.53246414770093,3.3286415332491415,1,0,0
26.638182722221185,87.82755084134074,12.073211409960805,6.378514308637788,1,0,0
29.739834868653226,66.34375894430431,3.1158862524592825,8.643345103479717,0,0,0
34.0442093220339,84.9202786419357,8.976414624683338,14.277829386562262,1,0,1
20.960095199129313,73.4735552923145,6.22494491339739,0.26244251123267004,0,0,0
32.371148560205114,74.08031373267116,45.74391903086852,6.315707668797579,0,1,1
24.385746656182896,87.41515323536032,7.013360672958447,15.596851620386335,0,0,0
26.658791817595667,93.69746827932562,26.882423199383958,13.417154066613907,1,0,0
20.328699931625135,64.4329555496518,29.655297755608228,14.634799471712103,0,0,0
24.515691167514696,74.72205829075868,27.17447288543169,16.236215388783894,0,0,0
27.539468639451957,76.83295628295062,4.952821710799399,15.664714377559246,0,0,0
20.842641160211585,73.17091359342491,15.93991808752756,13.643663323055561,0,0,0
27.36643594074748,72.71161933006788,2.563516623157663,8.79323064741181,0,0,0
33.90665943287641,61.82940336465588,19.783495704815802,19.67196657756308,0,0,0
21.580898271617077,83.99385171969182,9.4299465635796,11.381463911801475,0,0,0
31.466610921132563,75.26750459920159,28.08162666421899,4.055384187376783,0,0,1
26.14506580063989,66.81778309253744,34.640419692455026,5.856257102095688,0,1,0
29.82760571786507,88.56117258057239,26.605993010235323,13.871249119409399,1,0,1
23.90354896977844,88.08962618530697,21.71183483056979,18.49479130398927,0,0,0
22.392383938120375,77.02370698311128,19.36667104283462,3.5744025841179505,0,0,0
22.406939214068395,70.44577314017162,42.08458840485019,1.6469299149157268,0,0,0
21.057379184647168,82.33324540287583,10.968403253263503,17.630620960840123,0,0,0
22.784700573518645,70.0853247522091,36.71091697644344,18.305559578256688,0,0,0
29.963290774834526,68.26027756132993,37.87411623700595,5.527586906317989,0,1,0
33.22535917765262,85.56801289092144,20.960000363536725,7.545714487424798,1,0,1
32.21188528386743,61.411383390233276,14.865029961281968,13.203759949957167,0,0,0
30.27701464811726,63.31689648621079,23.52707430229876,6.5986004168494965,0,0,0
21.65647795116654,60.237586090825644,4.660696294634925,17.54317416540106,0,0,0
24.337811694439246,65.35301152663992,2.2965016114544987,2.1515740542772543,0,0,0
24.647103129837035,62.41465030486608,5.58015997259459,0.7596444192039042,0,0,0
23.74935419596432,94.85308287229715,9.357251573111308,4.16972413485579,0,0,0
27.725084895645846,70.10834894839314,25.20884101690215,5.7217555640993805,0,0,0
28.033307223195088,65.22438044342366,42.45683180805611,2.258531825777501,0,1,0
25.353289627566653,68.43486902985713,11.782116599984349,1.3138085868129346,0,0,0
25.30683738104654,92.76439500390471,46.758100537338905,15.112154270035965,1,1,0
32.42833396859122,78.20560780585384,47.74539544675017,3.2855313180451473,0,1,1
31.83939272479528,72.76863337077499,47.94523024226026,18.27844398132608,0,1,1
24.616937475211184,90.56870102682268,41.87813673381619,7.359993228961921,0,0,0
33.70682665809889,73.82465946921613,18.19125203988603,13.412116194426908,0,0,1
34.29222525503759,71.72529994851935,3.634195550131153,4.508042295376004,0,0,1
24.90113813045061,67.25488828924074,28.440936588324746,4.806455369837337,0,0,0
25.31637423189582,73.2228888368294,27.93407219686169,11.494184057351507,0,0,0
27.584512301329383,71.08395246059241,42.498788355479775,11.212858502919723,0,1,0
34.1168121880051,83.70563857543493,49.79955254730526,15.374584560241626,1,1,1
33.144791497134676,70.13539466347545,25.40786532800738,15.15626611388532,0,0,1
21.53851943875385,80.20199112478966,17.260201551989212,13.413755293273223,0,0,0
25.890961149071245,62.30622577611904,9.29508557781335,8.98261131786982,0,0,0
28.30056784624658,66.69512048437801,0.23999124086853674,17.812807725612345,0,0,0
27.5469870882731,74.2591845063972,25.455684624443958,12.451569804425976,0,0,0
22.90794601905339,92.79322388680434,27.77593333512979,19.803969809247143,0,0,0
32.88225156752232,73.20381950004933,41.246923990869874,16.387396358687173,0,1,1
30.15411174495256,83.2425942419942,25.22884839464003,0.8861962247665245,1,0,1
32.568625622777056,68.92805278474893,45.82341743330283,6.411878141606355,0,1,0
32.881464190242085,64.44617515906312,31.404173828571775,11.437514329419034,0,1,0
31.225337804986097,62.04878100280175,42.016811911054155,14.429390757429744,0,1,0
26.58815901874576,70.6894724489963,7.4150867403873555,11.00672995523883,0,0,0
29.158201325231367,65.51813593789178,42.76680651511573,15.722608449243635,0,1,0
22.405481091796148,66.09036568056435,33.75719272219242,5.653113055146893,0,0,0
30.104681262123613,86.62657579354325,8.511651621916528,3.678241024656501,1,0,1
22.688798836089212,60.554332483070596,9.488177907300543,1.078333675795402,0,0,0
30.409243857652353,79.5233544007402,46.325030952211065,11.46627489143044,0,1,1
23.44397241130953,73.28114832077127,1.6107680225186438,13.771990413509904,0,0,0
21.7632695022533,77.72924999679915,23.126747164785304,6.522994342387232,0,0,0
22.479267352144362,79.6990583025111,15.673764496705079,12.271683697117533,0,0,0
20.029882028286053,70.96786930600473,33.2538719999214,1.0431446170665848,0,0,0
30.781094267802956,70.32881010644999,41.981469378449596,1.9858669259360728,0,1,1
30.986015735875686,85.6690647267217,18.01890607782848,14.035095445169967,1,0,1
27.724000248698893,90.4946945842405,21.34510436614186,7.361394104345975,1,0,0
22.420442015830755,66.74035713604847,49.09588922507071,13.426680622060111,0,0,0
21.253315062660345,63.416656618730215,39.19582548396014,16.63442240559836,0,0,0
20.286934496559304,91.4228532237209,44.86020654658957,17.052448749522338,0,0,0
22.48622265447831,72.24634122765895,21.938111032581485,3.443352909289019,0,0,0
33.362833024747204,79.29610867319849,11.70381019920576,9.72571144702693,0,0,1
23.623052625525226,72.58401005820012,20.593173269322584,14.67853447264973,0,0,0
25.314069908258233,64.40308177211179,35.80459589157567,15.479611925338208,0,1,0
21.580182267219996,80.62660757317047,5.471520241798967,15.693519614577552,0,0,0
23.335419571222555,78.37992981193705,13.523455280825441,4.5633466876116895,0,0,0
27.788368561703077,67.1047745716919,2.3317950230795192,3.850696354475467,0,0,0
29.116290246434787,75.81541656282972,21.61738691690658,11.800249365473919,0,0,1
23.680284712493165,87.8931626405476,41.37228679898066,14.821715954764393,0,0,0
20.865982388376757,80.6649136087762,1.23318441490054,6.382790310683866,0,0,0
25.86549303691098,63.39210644734482,33.7661763403583,2.094103137248431,0,1,0
23.513050563895014,79.18075240301972,46.62479372568698,14.33492765820155,0,0,0
23.29330884844703,84.59584047513553,11.846393075559114,5.99395662760009,0,0,0
34.39794204070183,87.7446192023263,34.68174203638241,3.3272544862344366,1,1,1
29.244507288885863,82.01911525219934,48.75509505501002,2.954470567942633,1,1,1
28.35317664758144,65.34303575892743,48.11390300762316,6.298190950534326,0,1,0
26.236626552849827,84.85606433065563,11.746459651457164,11.85356131827491,1,0,0
26.434165001452165,83.70696461285307,5.016552660603435,7.168044773876332,1,0,0
28.11357505757121,60.85494090292216,7.414126894795797,0.4132370318686318,0,0,0
30.44644710554161,74.41116836565851,35.10178342410711,1.9381686935562215,0,1,1
30.53219144272744,71.65325864368306,36.28794377266378,5.810064943972382,0,1,1
22.575408615581743,83.42942224887751,33.71182808140995,13.194089642941837,0,0,0
27.501691281149405,67.56475343088222,16.803919387111904,1.9703014693706766,0,0,0
26.17937142551153,80.68051730409906,8.488846987906108,11.213137070013637,1,0,0
33.05790449404076,91.96220866349603,29.038054597612657,2.397717416480085,1,0,1
29.471283818275644,87.92308302730127,24.184022287893324,4.23230654698763,1,0,1
27.98756099623973,92.25102076757857,36.441707356115174,3.443770551115255,1,1,0
21.73091963268376,94.24770884264416,22.068003934281073,1.3445727114162098,0,0,0
29.084568339851174,60.3734544452157,16.931984734323418,13.426596347731806,0,0,0
21.7580585852035,81.79594467321172,14.67392886795072,9.268070947720691,0,0,0
25.05809863348628,74.44937892156173,10.573516002487327,16.621068817946764,0,0,0
22.142629472214978,90.09490716172925,13.28731880933307,1.9778167996463392,0,0,0
30.381104705365534,68.81351457031961,4.741521942205068,2.894658666761445,0,0,0
23.093781707542288,94.33603211902766,17.342850546444478,6.1291546270090125,0,0,0
25.87789059782039,81.47977893403116,1.82849061814791,15.317319738776163,1,0,0
33.43512166428168,87.77380907800908,9.32069235831634,6.115176463113976,1,0,1
23.064745750984553,62.99598434879689,37.338522230971456,8.168374149973852,0,0,0
27.617075959381687,66.42102596656028,16.273449433831132,6.032071325943291,0,0,0
26.289074917490332,86.54412855619711,33.41185084886719,1.6044858360205994,1,1,0
20.271860615685945,60.76952827137632,35.84420877986387,18.78867245792375,0,0,0
31.891371703592192,88.5907295062824,29.059267136605676,10.970779841423777,1,0,1
21.035688594718994,60.4882156542169,47.93488706826992,15.756663763709934,0,0,0
27.113825314654303,82.99915936714457,1.0719933311556629,13.16714184370592,1,0,0
28.41017442408425,72.7782872081132,36.93263252940711,10.285085581239501,0,1,1
29.426396849218804,81.40231984517197,47.9393321970204,1.7935651331876024,1,1,1
30.32947443961813,84.36109924461898,43.11358646764696,12.854670905406087,1,1,1
23.799085752840725,71.98663267152065,8.394634590250666,3.1074071187366425,0,0,0
20.14968164987674,63.778685683879246,16.341015312586606,8.287663387125532,0,0,0
30.85165493532368,62.4376053711893,8.62259199382327,12.582262869608607,0,0,0
28.03484899021368,80.61276078968918,30.065418190735205,15.644580009442468,1,1,1
32.54176554810873,78.2229373806939,35.60939909897461,13.700903514172392,0,1,1
32.320825443510415,85.97703531923963,15.85368846815291,13.430670581092576,1,0,1
32.64989251681825,77.8407428501378,26.975328699214774,2.98084418350415,0,0,1
27.276419899693103,74.78560265108077,34.546028503559754,6.922570801431758,0,1,0
25.004425937552984,73.93305123826808,21.066990830552417,0.858245453203883,0,0,0
31.87337303887055,60.92564159091836,42.70077652277296,14.389537863529291,0,1,0
26.769411695438823,71.744502059383,38.57749676439086,19.051719626348383,0,1,0
22.75163294605152,94.1607055133573,3.233277192528533,5.282207803581516,0,0,0
32.82461029342211,90.57444516794811,31.05626495454145,1.7539341832461863,1,1,1
33.23839815158521,71.52823234619763,11.76627754798748,9.511401535073071,0,0,1
26.994646342102552,80.57283917732303,27.875913233363764,17.133964462551376,1,0,0
21.135495909646814,89.6553860937423,47.844422131648315,11.039483905435594,0,0,0
25.81739134875397,75.4446017862524,43.95310022761251,0.9355430038022661,0,1,0
32.05306489193905,60.62852523125528,20.225820155756587,19.48544481055892,0,0,0
33.52661042819343,62.6078661636524,14.575692917217669,16.572998199252012,0,0,0
23.052091137463936,77.86374524720473,11.720287220412951,2.631881541030203,0,0,0
21.004604180379072,93.93037814865573,26.625743487826004,18.435955130070177,0,0,0
33.160256796992584,84.26233397766038,5.712422662902816,9.013765772103772,1,0,1
25.84107408468313,62.48206670034993,27.46375040641243,7.437959811498825,0,0,0
28.12641446401345,66.6276306527152,0.06668197453960079,9.221066610543765,0,0,0
34.52098718076138,86.99631001258976,16.19248153729224,16.691439137418943,1,0,1
20.99847091871334,89.45039159846857,10.996715691529063,13.189593565735716,0,0,0
29.72477011178143,81.61931051660068,48.560939498039104,1.1849690479945507,1,1,1
21.111581338623004,82.55481093704358,36.36211597849895,19.15208742232342,0,0,0
25.632033926997504,60.991810763418464,17.482669023111885,2.955682669566355,0,0,0
32.0572181779017,88.9985590853528,4.642254326531026,14.911359034707022,1,0,1
26.502083491334517,87.58963228597904,25.8400297345312,12.722730608562621,1,0,0
34.95773530854426,69.06623004361715,10.672394066302115,3.750560958931217,0,0,0
28.38588927419903,84.80368519879275,26.82147729491789,3.4146415222609927,1,0,1
24.8174322895393,67.51991122487493,41.76811770894462,17.40655187409384,0,0,0
23.301669888571297,61.41155563680295,30.78962760506927,8.393898469991942,0,0,0
25.25780801429243,67.03977899066321,31.68942097725011,13.09153028348277,0,1,0
25.587999106393262,66.25201068640048,27.051514453140573,10.081420077133465,0,0,0
21.030705165859416,71.82117988571966,46.36328163157046,14.547070341519191,0,0,0
25.5436129914016,74.64573240114103,46.595134221030165,9.58484750078661,0,1,0
26.963577796088373,77.79886120241977,25.63616005367761,5.747598305111367,0,0,0
30.84106628358207,76.68638564279149,15.287974357175221,7.2676674199299285,0,0,1
29.85094227082412,69.47361120878513,22.979350293972196,17.181553889006853,0,0,0
30.631484828437316,61.02097340009261,9.327895609780784,9.36069385845454,0,0,0
20.125455228152855,81.17855677830028,31.817215765904468,4.268986644892186,0,0,0
23.26501099370804,73.85106904465741,25.00461678911166,18.692107761545063,0,0,0
29.925264325997848,70.45352550856424,5.165023890663995,15.93200912996754,0,0,1
27.25984052269621,90.34293649906793,9.882389055980767,1.1133229211239826,1,0,0
20.07970213502519,86.1360157729356,23.98159780997634,19.978859239610355,0,0,0
32.06741963647734,90.02179419303548,44.37944953594292,13.898533928802046,1,1,1
31.59214359935506,77.32439781493613,28.319536031554872,3.2053319808117386,0,0,1
28.22628744490344,64.58259382443721,34.07675001042354,4.743353625971929,0,1,0
20.99694988664408,84.36775026424453,16.951427487195485,13.848909624830938,0,0,0
31.49772574298877,67.21258229780113,28.570569652211713,15.59522110558244,0,0,0
28.75570381597046,75.4430384182101,22.36899113190337,4.780718862996123,0,0,1
31.729399657369388,62.275027613211094,32.956495631158035,5.139377077985417,0,1,0
31.276204885937606,88.88579408480439,2.5287783039505185,6.142413897441217,1,0,1
32.04503107936756,64.40792243666252,24.66501081194796,11.960367296732734,0,0,0
27.770120996069373,91.60841274672583,14.799631257198348,3.4363235660255387,1,0,0
22.104867772902725,90.2480710791545,16.30925306389546,2.08486397769555,0,0,0
30.06736210069533,76.26039675537362,48.04587157790307,13.577281781710271,0,1,1
29.30710677577956,86.05288715063968,9.134740635569138,15.581958795863402,1,0,1
31.13379780798631,81.68057758363537,15.562262628929846,10.018588088330109,1,0,1
22.54821509076103,88.10764748182108,25.49462878654359,7.2766542053677075,0,0,0
22.924627998504338,75.11317852750692,43.15134740748118,8.640854270529527,0,0,0
33.35614275828993,87.50329694855225,20.833504160318522,7.768156677439038,1,0,1
31.249666976781064,76.18598859728019,37.19326404440855,19.199698164753507,0,1,1
33.623427330504846,92.93380257449778,42.81870491074012,15.361798104382805,1,1,1
31.38072981745881,77.02302352888017,15.500817791092448,4.161744297002206,0,0,1
28.957329589854528,76.19167451768053,19.637509176935495,7.683783041079602,0,0,1
29.811991055418105,87.47751515472294,17.827811184417815,10.880245827262197,1,0,1
33.33691885910015,88.75521921162932,41.642790430896056,12.25971724127377,1,1,1
28.682101317679106,79.40711900124097,2.217343097680058,9.363677920575341,0,0,1
29.48586986492581,66.29292347232764,15.421054441434002,16.202532700239182,0,0,0
22.34715074005401,76.37153808351528,33.97042787975649,15.352120389164634,0,0,0
27.10881830174154,93.88253760183875,28.272174978267135,10.103158372563335,1,0,0
30.745956679371485,86.35451675637148,21.814467964684713,17.088587735634608,1,0,1
24.064140474745482,88.39069113576963,26.99741136106922,15.021790608847718,0,0,0
23.033812707868023,61.1488924586734,9.879229291415914,15.571636974412865,0,0,0
24.707402123366233,76.3750811921956,21.53583108040052,19.128015588668333,0,0,0
23.622509419892502,82.63173967801444,25.08514920881745,5.329338824184053,0,0,0
23.22368955554594,89.05114392698262,45.059456097730084,5.352963247336984,0,0,0
26.372762643021304,61.724577875397,13.041758140198818,17.779045113812803,0,0,0
33.61757770825301,89.83536099746556,43.39142510824663,15.44452746771359,1,1,1
27.605894701080775,79.19403278596691,32.21207004129909,18.53091082871255,0,1,0
22.818805712229846,66.9059889701621,1.0170415533800492,1.2626032064890613,0,0,0
21.154575040713112,71.1039325757395,36.231566844969684,12.555141545231931,0,0,0
30.44234217706888,69.86753431130462,1.7775938774527544,2.892566762468949,0,0,0
25.741981466545816,78.58006620009665,49.869056340690655,10.077943965851652,0,1,0
32.32746419878039,61.80899879688961,43.631834384559895,3.1149386370688847,0,1,0
29.89266152961155,65.54876554749733,14.867187377002283,2.5615701796975854,0,0,0
31.94362175812053,88.44425651815239,12.870561509835271,0.24336690764066304,1,0,1
24.07919059127673,64.64113967613838,19.072054105280444,12.604776247658087,0,0,0
30.38538383691587,68.16886943103444,17.808348265722152,7.180452333801721,0,0,0
23.96092977040578,75.8679711961455,18.616890919269053,2.103765697579434,0,0,0
34.086027191754376,78.09923108396657,15.91382730597402,6.456755554626197,0,0,1
29.545614223000616,86.72636678649555,31.05667034241657,3.378881829031699,1,1,1
24.86767700263013,75.65663493331657,8.213183186031198,18.833896630033188,0,0,0
24.042677934384088,87.64526173624385,42.299064622300655,6.400097715226963,0,0,0
22.863898776074652,81.64212074659102,40.620124201565766,6.679070465787797,0,0,0
30.419614383405914,63.95849087983379,23.82416039276352,16.79716006799171,0,0,0
23.280734194968908,65.47160034374934,42.63649826392738,12.955115225720084,0,0,0
28.929548988912337,75.29618039074198,12.357253501514665,14.203432148060028,0,0,1
23.96952540388036,73.89112875811638,0.8782727851983474,12.720036079779211,0,0,0
29.92953417190803,86.02404943730531,30.96039625149115,18.923925678971308,1,1,1
32.224095928108085,80.32579989290731,22.89547034823577,4.140016631160903,1,0,1
31.670378647169798,73.58465783507873,28.35822731479353,19.780784835115913,0,0,1
31.412769963961725,65.9766099207635,44.96697045092015,16.619123551130265,0,1,0
22.81583608538378,67.93929858139234,48.49627867829717,11.779451777526845,0,0,0
21.325774204767782,80.14253564641706,31.72265698778015,13.247432487924979,0,0,0
30.484232427310786,74.82035817149274,38.20277949262192,12.97651753001228,0,1,1
25.52520820691527,78.02246281012353,4.1904216743582134,1.167924481183078,0,0,0
26.48519339605021,65.97371023557818,8.03577924457528,4.360329970638772,0,0,0
20.467236391900865,83.20171883205981,36.66024024764883,19.229417690494984,0,0,0
23.89364673912574,89.83885592995884,21.568272819400097,10.687288577187585,0,0,0
20.50514605811696,69.02788273754152,22.298263520220285,7.567072065238241,0,0,0
33.187786589018714,77.20299790411393,15.43038408177183,15.2407692677815,0,0,1
23.650950248277958,94.14345651573157,30.367819173887188,10.49037885311619,0,0,0
28.36005754359512,71.66346091927547,9.25825227081013,0.2632554286379518,0,0,1
20.584689809916956,80.82662207233165,31.34581396569478,14.724751934302358,0,0,0
30.00271086958487,63.15684950700855,8.689942856761984,14.644351201057226,0,0,0
24.84541018631141,81.2105250867805,3.1913017354856796,3.302974242199488,0,0,0
33.468787804364986,63.137112065661626,16.51788443495305,19.133201768484266,0,0,0
33.32177283401054,93.57324023633377,11.557017100492384,4.478162630822286,1,0,1
24.879359275426218,85.0481928225309,44.44958192781662,9.154987347643985,0,0,0
33.51441343535702,87.58559258474972,2.74767269343133,2.2947192252182935,1,0,1
34.94236510248168,84.64365262700728,8.830684628706143,12.065646389011768,1,0,1
32.38123496185922,80.6405162626763,27.43598027915247,7.50902240114425,1,0,1
32.67307021632843,75.7469473379927,24.05335954237368,7.06346924419411,0,0,1
23.73513104163635,90.04306829163718,2.292600918735077,16.539537544418945,0,0,0
28.650535982866344,93.48924836400721,0.3626214007572237,0.19123425700956487,1,0,1
21.008838709510517,77.46626605164285,49.403397098057496,15.95893541784845,0,0,0
21.423769052325046,92.60372672043417,32.94173501794191,11.428971314961574,0,0,0
34.98338918049936,80.41665184959811,18.27030654507784,19.721970269603982,1,0,1
24.899588741388662,78.84344654137516,23.521612383162065,11.78886441208498,0,0,0
31.222758680732696,75.90689565343749,13.327506022714347,1.1075826829591584,0,0,1
32.099975795402244,67.32507165355419,17.24368918466049,1.0129065288745265,0,0,0
32.87034906510844,60.13018812863207,32.452223363410695,17.66305972743664,0,1,0
34.96442446103235,68.45271793996214,44.14058994336854,16.82428291022106,0,1,0
23.622447278853016,77.84031100612478,9.206501154059243,6.917801511640464,0,0,0
20.605262402895494,73.29859832909133,42.018075269265935,12.360649683622745,0,0,0
26.167872769918787,75.69698298009219,6.077831475913453,9.791827141112005,0,0,0
21.951210047434206,94.32268768474174,10.74961117941956,19.343281102721043,0,0,0
20.336388337430826,72.25953297342647,1.8587644024822991,18.99921801753783,0,0,0
25.406402407122293,75.82640287760378,7.040593104649973,19.67678017081549,0,0,0
31.756073766128544,64.67304429734868,45.86515727320253,17.328975612685284,0,1,0
28.492710368376063,61.67852063529457,22.97193733091893,18.191031815502026,0,0,0
24.69166983815531,87.13933301073732,3.8832930889176778,4.345575575342728,0,0,0
29.815130082390795,79.97391112751924,47.986341901948066,16.62013577979549,0,1,1
23.48027270463216,86.62466821153632,43.9496153879325,14.177142264085493,0,0,0
20.215721691081274,65.2451979610293,37.73412604340706,19.255730176561404,0,0,0
31.46530079654641,80.01400699139418,46.67363959737789,11.425236568852387,1,1,1
29.35614627296014,68.87748660194815,11.006471041788208,1.703343334211127,0,0,0
31.4345393675144,67.9821635915007,41.81846465050432,11.94797782374306,0,1,0
20.584070250314983,60.40341049185449,34.49955981771531,13.731618560425755,0,0,0
32.556794417459784,64.56192532491751,43.48796247838442,4.406420574248566,0,1,0
29.292893000544552,70.82438390248933,39.84557828713149,7.882267670254568,0,1,1
28.450930260689603,64.09075662068287,17.32475315884125,11.9700682810336,0,0,0
29.369210721717973,94.5050454143828,38.71992685086278,7.482114746330111,1,1,1
32.966498703025465,70.80214269833827,13.122815149244516,7.498954344773279,0,0,1
28.804047598383605,64.56133813458149,16.429608151402743,2.661732783455948,0,0,0
28.714255698322688,66.96788094897852,5.395285861148808,18.81493446155332,0,0,0
34.86018735598648,80.56961299195167,46.75383079902344,15.00988768990193,1,1,1
31.35095250602852,62.2415233352676,14.550168170014077,0.02486877732204018,0,0,0
26.63440708176703,90.1851945549405,26.031123258572592,15.312265680443303,1,0,0
30.610955000493917,93.65248877330015,19.566641823309634,14.795899853157175,1,0,1
25.838457075376827,68.63615972335833,47.99640602917508,0.19461920311045988,0,1,0
23.433131937252483,75.75333440068007,16.75245854692412,7.392085952275291,0,0,0
28.95277815331639,60.7747057860324,38.92729107113445,12.134953806510612,0,1,0
33.92273147170927,82.42485786545275,42.770807731559,9.055013037160718,1,1,1
33.93709280023194,74.4874120318406,21.780324874048297,15.559722374410146,0,0,1
25.128579171582356,69.45204631355445,18.90859072264656,8.50916665268868,0,0,0
27.915161993325427,67.2392988715813,37.3872910466314,3.077259389076741,0,1,0
23.174538478547916,82.8908077180566,45.644799015311705,19.528312485476572,0,0,0
34.93446664248325,74.567596086131,37.746586653611914,4.840799855520932,0,1,1
34.71676861801903,66.28807511604693,11.35631827959328,14.353846210826646,0,0,0
29.742633945611708,84.11881785203884,44.41538737188527,2.863126233281439,1,1,1
32.0662108951621,79.77752990628429,19.379083371841656,6.580252275678653,0,0,1
30.7265024192555,90.05352192253237,28.811470588896714,8.840552168608475,1,0,1
28.897373285592025,64.11165646067725,41.57178096463555,3.844640090541278,0,1,0
20.800219954833466,87.49833106805596,9.41973837002461,8.99919152737219,0,0,0
26.821465138289916,83.57308753860407,39.225506783877655,3.143256459835,1,1,0
30.12179453251116,64.02538278898342,29.808139895533873,11.180130779717803,0,0,0
30.16297420825527,84.31872554551023,44.66708209138041,13.27426505040388,1,1,1
25.596839276335754,75.45415511079406,8.598520092177148,1.2486856805602153,0,0,0
34.12537979987046,93.07446749445451,21.034111852046422,17.42264242164336,1,0,1
22.510355483551713,64.95639727162647,41.642154643341875,3.7028177008407104,0,0,0
27.50539169323341,82.49916867855083,0.9615851728380087,4.5072485064064765,1,0,0
30.363259648262343,73.36930159120311,5.610068338282143,13.22699680166126,0,0,1
30.457037088377138,93.48851347068072,49.52826063783674,9.375021208688281,1,1,1
29.729584351532232,71.54912133515967,14.019708929517527,9.987911983421313,0,0,1
24.1293232017779,93.67650683221301,48.77715968619767,2.5630996912626536,0,0,0
22.34309853029933,91.55200478852622,9.126577550433696,16.114716437528166,0,0,0
29.539104902400663,69.46341323587298,18.054722150366782,12.3410849220842,0,0,0
28.989531742091565,88.12396218892496,37.643472225178535,2.7076408661891205,1,1,1
22.690340154338614,94.84614706312271,32.88892036190892,7.47998734051192,0,0,0
30.57708718355845,68.84320507599489,29.05611999645278,16.208198654700603,0,0,0
26.827579876004847,75.28720092631619,26.49495879025038,11.367100919732414,0,0,0
30.016408874047293,78.20632577983659,42.17202218323701,2.1729755826586095,0,1,1
32.56050619655226,70.32258975313525,11.747428141669635,7.455540915785734,0,0,1
22.545926428653846,60.53426938761104,22.12354634967592,4.853887969114692,0,0,0
20.28717301995255,67.70452354691344,7.772614607822864,10.349311073074528,0,0,0
31.6865387959368,69.86779095196155,29.797079786535217,16.86722257743979,0,0,0
29.145461377289237,75.52598954613654,12.527221213566008,8.725342696088397,0,0,1
30.494593544331828,65.98858674446906,16.69210321716929,8.666840607366462,0,0,0
32.57232462482964,90.56390248420854,23.562535831176408,18.107018046540738,1,0,1
32.04216402236751,84.67188964559676,1.3385292851563924,11.523708250145448,1,0,1
34.41380220393237,62.98201671458817,4.596896796041882,11.323821747948138,0,0,0
28.039026182781775,82.7532357898976,34.29646103541098,5.238197837507787,1,1,1
27.32743448989858,82.87797667419672,21.44849903587536,12.154454956742526,1,0,0
26.02830799836095,93.46774107752697,43.23951109999477,11.518209348347927,1,1,0
22.30536564266307,60.10573049746564,34.733600182209976,7.937029406837279,0,0,0
28.589108493230334,68.67763574320325,0.4050470823661223,19.81391131798361,0,0,0
24.155187864889683,92.47270177813604,30.835616538356742,17.637819298961734,0,0,0
33.819612683194634,92.6246870389399,4.686243302985821,14.991725801536312,1,0,1
28.747862064156465,85.2205246779723,39.046658989524715,10.74691176826001,1,1,1
28.892602707621652,86.8017162366639,49.5753844139251,9.241196037892605,1,1,1
25.32386991315515,63.20190352753765,26.559939712075575,3.6979479044639874,0,0,0
20.779840279665613,77.98565421723818,34.13897500970652,6.114749480292474,0,0,0
20.47615648059483,68.10540469511498,11.865708044737577,15.479215996464204,0,0,0
26.350027162297962,66.34263152647661,21.87988718768968,9.074979078751028,0,0,0
21.26848067145857,88.36061546931664,42.80476661181918,17.645390331390026,0,0,0
29.10270433310209,64.72633478381915,8.371147387312561,2.9582227269105754,0,0,0
33.21459508459486,76.40280729487348,13.276780280688104,10.16694192027273,0,0,1
33.24372224778083,92.85023838551115,22.271683764301507,12.939313680426174,1,0,1
29.885681151983484,66.50412194478699,35.612444592200696,10.33696912615852,0,1,0
23.168477472093965,94.22976983083821,18.79419773978369,17.784537831699744,0,0,0
32.94495247038308,94.80007950163707,46.38661398915019,19.791265636582796,1,1,1
33.29140152969812,79.4466004138841,4.722852563435959,2.316693166827395,0,0,1
22.94980377429438,65.95499590620052,18.540209877242376,2.59909808153842,0,0,0
31.06139128656016,71.06367107793135,35.447706171421096,2.6064822712024216,0,1,1
24.297793233906845,74.85724914367873,11.299338283074622,13.62354192141055,0,0,0
32.039604685293945,70.82634785253781,32.82065671148365,7.453521909916758,0,1,1
34.958568498554044,69.82224529567804,8.210847911367297,14.666293225318121,0,0,0
20.45039007994089,94.02803982257251,2.799014243084319,8.109429457739575,0,0,0
33.46048798686398,65.3677689595511,6.050785837432443,12.552134426641272,0,0,0
29.33945800397987,85.66647680509018,46.499239156706736,15.39716011357787,1,1,1
34.600739287472315,60.014360130371124,27.587544146977567,10.964318213098412,0,0,0
26.975142762896414,80.86639342908319,39.817288773982455,10.790071809000121,1,1,0
32.710818958570606,92.05800513839183,16.63272504525256,1.7646865057126893,1,0,1
20.935911028974157,70.07769329326267,29.63293239427233,8.215634858188697,0,0,0
25.029185751174435,66.49340913402017,24.74760668524958,10.915543064498753,0,0,0
21.005248066268148,82.80879282074494,47.2868979701147,9.2396165133282,0,0,0
34.63014700218606,84.94104925544376,37.378731802705516,18.01564000376851,1,1,1
32.25460860907755,84.08106816331934,36.52713157482895,18.13061264238979,1,1,1
32.788211318689555,71.17609080074809,2.317663471713977,16.438347611775235,0,0,1
34.06947847150841,68.82708407557658,27.483483450184554,7.5059615074624,0,0,0
21.27655229179678,93.45715799867155,23.349572695090743,14.345983033750686,0,0,0
25.7839638877,92.31548278944753,46.392113330309726,7.905769221392196,1,1,0
21.065523335660032,76.0060813462487,12.867099409476612,4.651871979515181,0,0,0
23.16189652325043,89.61678531540306,13.491672664554716,6.858052871017632,0,0,0
23.440486655565085,75.83132171720035,20.56731244407502,1.4192926657107097,0,0,0
27.03660816571368,74.85361563253787,12.168485670318802,6.6355501800929435,0,0,0
24.02843251180464,65.48670316597531,6.459195890437474,9.214844345223431,0,0,0
21.514671602266418,74.92421197721904,42.87074233254004,19.1096178956166,0,0,0
22.512366336411617,78.80959285099324,27.91382622019579,6.268211724392499,0,0,0
22.209133453281364,60.78765146000403,43.06813594782834,18.049070784110413,0,0,0
34.596151968684474,75.54395518113922,41.556738270184795,4.577165516469941,0,1,1
31.389387603777102,87.347467643832,14.102117739483555,3.8193779551849882,1,0,1
34.51642197904343,83.80161197309944,27.386872216213696,10.379909128643298,1,0,1
26.59610729761863,82.23049461023773,4.160885137003523,13.45022738594812,1,0,0
24.17552722493985,91.83443999530209,45.76259420153792,0.8866450160456285,0,0,0
31.9743979581378,60.63112034388305,20.213135753257657,4.4213173009443345,0,0,0
24.893808770617202,79.4966655167282,19.68380919445107,9.113673330026328,0,0,0
24.490750605580224,87.55720969433975,15.137768530897661,6.620086719663629,0,0,0
23.48758988311747,78.94673839454435,23.03318723553519,14.252421586966438,0,0,0
21.94518467336353,71.33634434031327,12.587969327272402,10.223211920826337,0,0,0
23.84694591525149,64.76876977821922,18.74261363984023,3.207182112078004,0,0,0
25.329796227108314,91.0647075135667,39.997352429244096,17.88930758630181,1,1,0
30.109913122185958,76.4766837335661,41.71277517925859,5.8581135096671915,0,1,1
20.938472633291774,90.73403189449955,15.209123881425807,14.62262217928847,0,0,0
23.157604094980144,80.5048242851609,23.450721527639395,15.598315582108198,0,0,0
32.135354604375145,83.59672408152502,43.690988814002615,19.263154005122043,1,1,1
22.203828853756562,88.14914040324575,2.6336665914848565,9.970149330482027,0,0,0
25.139677197837823,83.07044406100471,44.45724809978927,12.316710309288643,1,1,0
32.9698838278721,73.93191942376282,10.959217282616585,6.697525869590675,0,0,1
22.32387966715164,77.97716843750278,33.92696221071879,13.56358586824133,0,0,0
21.24105253427285,88.10659336365579,29.127584819230012,9.267669717326395,0,0,0
27.268069926200162,73.07776037305445,27.647037409462605,8.753047294488445,0,0,0
24.536292669178046,73.5842509868974,42.968011237641065,17.109350582322108,0,0,0
28.45112546725781,63.34915406203004,5.078607182233064,1.0033768699737733,0,0,0
32.05707335725213,92.01045523276116,17.3514012662818,17.63924855663737,1,0,1
22.057227322291148,63.18627102309046,26.912637317238282,17.04139675657114,0,0,0
28.710486268314277,82.68732121069945,40.56444269730199,10.127325071235783,1,1,1
27.58263140584796,74.46180675809792,10.822154170583575,9.804057084112564,0,0,0
22.161181790197993,74.19667865894048,40.14649206871381,7.236147360709804,0,0,0
29.359977282934736,83.78431428004393,19.981924124696786,19.883475833634687,1,0,1
24.104606267911574,62.34828064204576,9.44569282168477,2.2233866550768244,0,0,0
27.317514778160188,80.7797024033002,37.94932202217413,11.80430471257214,1,1,0
21.23408486415593,87.02111250903242,4.544945073727391,13.63363180224834,0,0,0
26.893760858204345,88.9874465260308,25.738368703772146,18.686600164338888,1,0,0
24.596952020642306,65.96856362878214,3.1937891930944207,15.604069937135229,0,0,0
32.335718167780314,91.40966675273609,17.82089275788938,12.876944056230936,1,0,1
20.854680904960524,82.96511321466048,30.053839950319635,2.3362463362424535,0,0,0
26.27910912377495,90.8649180287239,27.805777074360655,7.474670336629348,1,0,0
26.876471361971568,76.98482509885693,20.232770895233326,2.776832850959705,0,0,0
30.87509114448678,78.97116707840208,21.452399698605785,17.624254649310274,0,0,1
28.614313626353166,92.16633969600349,11.338477667538328,14.99242311127286,1,0,1
30.008185057912716,91.4968340174135,22.794129421205145,15.150735735944584,1,0,1
31.65573928477634,75.68563056791507,47.66274278604171,13.045130355470882,0,1,1
32.93304460487283,69.60444210724886,42.52264588918952,10.140870738734193,0,1,0
24.708132450837056,73.76096520974924,7.26164345381719,2.999421189269944,0,0,0
28.070340580458545,73.57175149854125,1.4890393660460466,6.593897734101035,0,0,1
32.601621176588,70.04034062439779,46.67621563583153,2.7383158495378113,0,1,1
34.841766964475845,69.40028615165383,26.337487494037383,14.498262857046864,0,0,0
33.34278966565645,90.13720277679018,26.891891157465388,3.2045755204401005,1,0,1
25.572008939365652,62.44516722396316,39.035899785326116,14.042271003433711,0,1,0
22.927497758279756,83.71639137348579,15.734448693566328,13.845107791918094,0,0,0
27.34088806109883,66.04870180097583,24.095378441800108,9.186089579825778,0,0,0
31.124621777540632,72.05770626879222,48.43314565733688,2.704573082361046,0,1,1
27.38853606129946,62.15400619471929,33.60743434662036,6.296016522680734,0,1,0
27.247712949705026,69.44907728994117,7.687251599789296,6.401862181511029,0,0,0
32.57345631622701,86.89473748910348,6.661337399217665,14.007702662865869,1,0,1
25.421056686007795,90.97553635915405,10.21323791665027,2.2748603882744867,1,0,0
32.896920122174684,67.75345031658284,38.335583721035874,16.581372924321816,0,1,0
26.102072014275855,76.22417437406227,14.768850192030802,15.220145803718278,0,0,0
24.92349658517509,76.46134167780222,1.0694423337539893,3.7261383634854783,0,0,0
26.809848667995485,90.5751357015907,47.208718175283096,14.383287635577789,1,1,0
31.436704380123025,86.69796685065319,8.485670819745533,13.370263629356437,1,0,1
21.890030417959913,77.95770264288174,0.4779093074034291,14.962416002218525,0,0,0
22.94628823808026,83.47615201651206,11.85658011916615,3.7785711089738894,0,0,0
34.27167238494638,89.65742688682784,11.751439355906685,3.1518064431293724,1,0,1
22.63237441072036,60.333863390894074,21.100262542286153,4.729679718455085,0,0,0
28.51590976896582,74.1011510867517,46.019491575001844,7.317434062979514,0,1,1
28.689716999929068,91.75351085469775,43.9592458889549,15.873299620716024,1,1,1
27.344366930753672,85.9109560795383,22.844727749121397,14.758478749577,1,0,0
29.67117872865228,78.99944810169261,20.544995249590325,18.50903184557066,0,0,1
23.447400886964274,78.53755844622967,27.750454323742563,1.172591181972309,0,0,0
28.289934016651223,72.17195341615532,12.172700598588287,0.23112562028371197,0,0,1
25.582598828703457,78.21821867745301,2.609249598318142,13.982776594015982,0,0,0
29.925008894437838,82.93841198122087,46.961206808560334,5.585749915883314,1,1,1
22.118353150597244,74.64270634500775,9.334949243858636,6.681577910676351,0,0,0
28.563161252592145,84.99536012372609,9.92003646228582,10.936040518290245,1,0,1
22.779055330749856,90.14312795411351,23.62301644269738,2.04826246253597,0,0,0
24.179645946725547,65.41396968647014,24.580667242016535,12.853888330960995,0,0,0
23.280647004853748,75.80414579860985,0.9217104850370972,6.502948924623004,0,0,0
22.742566698032256,74.28070319497783,7.397736938698535,12.654302486019834,0,0,0
32.38566427341,84.06126814174048,18.907740928037086,16.680138261467718,1,0,1
24.285613514913354,68.74536128402752,34.18653467552695,3.4222266667485934,0,0,0
33.90685672796674,82.40878202332966,11.420922841596791,18.617461858290405,1,0,1
34.54889788017786,90.71212346060207,21.15072231208813,10.613762821248876,1,0,1
28.56890704905646,74.6346059927768,27.86725323582334,18.45855530347937,0,0,1
22.145016839985896,91.8855494992727,44.4296247311646,4.154601644035562,0,0,0
25.618223650693718,94.76073086267175,16.303525116356166,12.091253292084751,1,0,0
31.96598395022321,63.71322174817832,6.677913293174176,8.077742346472094,0,0,0
25.510860930456058,68.15686157947005,24.463611294880412,15.484443823120264,0,0,0
21.30525827454183,93.26329130187327,37.336080084203104,12.118178864265927,0,0,0
28.35177366392282,93.54146902684855,5.492987852636672,9.89030913916637,1,0,1
32.67681277244052,63.419754638536546,21.23417458484802,18.259708128620172,0,0,0
31.938895807152534,60.524947513199784,0.8892570631241714,7.542341283433604,0,0,0
22.6268471019553,65.63850081397477,1.6779590823625568,4.39960409796363,0,0,0
30.091469216187,94.8604474183787,24.14766816083328,12.162023737041833,1,0,1
23.307563951534707,66.29998658137404,14.909864907546472,12.480568743456274,0,0,0
23.273113018282583,77.58916623527081,42.25536495027061,8.781892431437509,0,0,0
33.11107659957778,89.69462042506788,30.107715306322714,9.732200873787647,1,1,1
23.74503429110345,60.71405637408722,22.69664808714952,19.191068285998,0,0,0
23.94871019777017,81.15711437904608,20.396768552714818,14.653713827936025,0,0,0
20.009800861419492,69.69589071043686,24.862274009478163,2.21203502965154,0,0,0
33.06003551188277,90.18172207539061,2.021941560633067,4.242601417412219,1,0,1
31.88892219813702,69.92114022424278,44.639667821032994,19.511532688711178,0,1,0
29.40993402636017,84.03645020986681,49.91515778669792,14.529311075870625,1,1,1
31.253986459082633,83.59768713565889,9.074356242934932,18.300902522893065,1,0,1
22.28072851136738,67.7522742100874,6.0191482387309865,6.077229279774441,0,0,0
26.87485391881363,61.217971995392254,7.178873172429761,14.837337201731845,0,0,0
25.26829081023171,74.32373508248891,33.051352911718354,14.28005417047023,0,1,0
21.406647893855247,70.12176031880544,33.07204192253874,5.893799708787501,0,0,0
27.29195727822386,88.3142212364798,42.396208113920544,11.016326509014107,1,1,0
33.81109475513953,88.01274659593709,37.59131942131266,12.548302225405905,1,1,1
20.600886785760416,75.99583832674189,22.484483668466986,9.622636216549301,0,0,0
24.371913702406907,81.22792788631267,30.64276807826594,16.543574133160256,0,0,0
23.113114043085552,81.14908305954238,34.414233518400394,16.65738083595979,0,0,0
23.572199804985445,88.95053519496682,25.63682351426126,17.012010966031134,0,0,0
33.62651827819063,74.87508449431192,23.782549222581835,16.068471381963256,0,0,1
27.021035813514352,69.64063379266781,32.254872282132666,9.761669543942892,0,1,0
26.994491194097282,69.27622213491917,27.873727448782688,7.628765962980144,0,0,0
31.408634636829234,78.76672977487715,32.19711526679552,16.627525674287412,0,1,1
22.317383060073887,75.72018709562744,30.64273869816819,9.804029171125336,0,0,0
27.30898031150076,75.40422698447277,35.95982802568273,4.927427972559637,0,1,0
26.449778211815897,63.189806868139755,32.1401754391438,10.146870646444325,0,1,0
28.95366035819984,85.15113092415685,25.987124321863362,2.8369964383848423,1,0,1
34.99336554875658,67.48078407936687,34.08984056421932,13.832589811975977,0,1,0
31.54173341123071,66.89337705730524,22.4740982592714,6.718425632478127,0,0,0
25.967985545261406,74.44654120970877,12.083561298630052,5.213175968949086,0,0,0
32.4132957841107,67.97224195662305,0.070911006695773,19.1301749246949,0,0,0
22.5606254496872,80.43503935578053,27.99820735729216,15.537619915166152,0,0,0
20.4569552946344,73.00121687670651,29.53276133043205,15.741390054478632,0,0,0
23.066725586964097,75.71191029074765,48.60244823878572,12.474439385583668,0,0,0
25.106173341713895,78.80092625614101,18.073916704713778,16.78345621020594,0,0,0
27.6587113618934,67.12374328686317,19.70666214141559,15.183249623267624,0,0,0
29.226937108117998,65.45130680029354,10.08997906710951,11.975474082672331,0,0,0
33.65908575821633,90.81476660057616,3.5267147618660957,19.222488037034346,1,0,1
27.647810143256866,75.18032959909974,38.64022464308703,3.8318989936884607,0,1,0
27.51913466938594,74.42327633713887,12.48405321696625,18.86759437989502,0,0,0
20.75364514734473,61.246425259549454,30.445243051501897,8.028763239977298,0,0,0
20.52367328984336,77.42917059055875,34.38865177727408,10.567979668029732,0,0,0
28.26739942874558,79.395940256385,23.561834364582385,2.454786390886179,0,0,1
26.57267919872517,79.55943048341332,43.81760565135958,10.802148778435818,0,1,0
32.58770592470448,84.74609092630095,22.18974204898644,12.224135037163869,1,0,1
22.41019377067768,66.21186422468541,14.245431152088257,19.95403083617048,0,0,0
20.374574931755745,68.82780969807166,44.80077614808112,19.50384822143053,0,0,0
26.73558151895189,88.37556628306444,43.07821421249783,19.327945837485746,1,1,0
23.562178351283862,93.15097158951879,8.20199735382065,6.967761202041148,0,0,0
20.744215600082562,64.75764615785623,1.2980509176960475,19.825329974900868,0,0,0
30.868974302714435,77.41773440768264,4.499277817481034,9.109563031902217,0,0,1
21.673894999358712,67.49616884588553,14.327369927690853,17.03672517523801,0,0,0
29.124792500116577,62.102560892424385,48.612990087085535,4.32639938037944,0,1,0
24.215746252503337,71.39261683441474,27.92580765804125,10.116663593132047,0,0,0
22.60244075532533,65.02906688144745,18.66308660146344,19.320241922552107,0,0,0
25.696272843789764,84.84765757019862,44.435804730637315,18.940627938468552,1,1,0
32.0216866433443,78.68038947850056,22.65681657392498,13.674697556428534,0,0,1
25.88140365356859,65.03420648466088,15.761931420051056,15.956286451061196,0,0,0
31.261544738165835,60.323455594193,47.06097643728287,3.528533932048028,0,1,0
21.88229445198726,88.28549671584744,42.4758833096339,14.433170989683148,0,0,0
31.591571294976188,66.16680421574867,42.18341877097205,12.361016166707445,0,1,0
23.55399987359973,81.21758247772681,25.614237152510654,1.8310347150249218,0,0,0
30.16089694833309,71.7922669576861,39.47191994077275,2.263180131793525,0,1,1
28.486723322614946,80.49200784102625,8.967667963227594,2.1688723550252376,1,0,1
33.93717075817531,71.04787694438134,28.661147877812184,14.487138696596713,0,0,1
25.80983776962971,63.0428846242289,49.19229614237729,2.834304164951449,0,1,0
20.992477832516606,67.80325029952138,14.547921525898083,9.354645422289408,0,0,0
20.287332283268793,66.58204982676764,39.71761646238376,7.139636117555154,0,0,0
32.4028784145913,74.98067733538754,24.523920360403363,11.010082815404356,0,0,1
27.871034564921484,83.0399324199155,1.9902841611043665,14.129529744388057,1,0,0
31.62866077752424,69.23321262312251,38.15096989078337,13.694450744426641,0,1,0
23.51638400017272,60.42244773552163,8.42845721960564,10.310398318287533,0,0,0
25.176256182698506,78.16280774926649,31.573678356637508,9.28669747220771,0,1,0
20.451558083169783,81.20158212756402,4.283209702348644,7.956311902445174,0,0,0
34.42238486861169,93.70046729006333,47.34336987479824,17.238198966087587,1,1,1
30.0180186005122,80.63147810826364,14.586194359018045,6.6170360974529,1,0,1
33.99807631638959,76.49103957823496,11.323234583869745,5.1873164233498965,0,0,1
23.982446111436083,80.06905690641963,6.456820203316715,14.866309873105426,0,0,0
29.171954168384914,92.47652204517095,47.30010966695239,7.195269233934529,1,1,1
30.177499524389567,88.99323509605762,35.595187122065255,16.93997199514537,1,1,1
24.76324550386383,71.30425566773329,37.083044435904434,6.5577743727428945,0,0,0
32.721638525234454,68.3039027279998,24.97022806901223,14.038896491491764,0,0,0
34.20742194350372,69.19217643281257,23.73638926352417,0.9021801257067219,0,0,0
33.272826765440065,77.65473639003245,5.501062149573832,7.7112576022064,0,0,1
31.08600463909059,86.04173079300023,27.992054779199588,6.86460349935103,1,0,1
24.16197019587431,77.61267225140367,12.345824755439521,16.33357478551847,0,0,0
24.224240631584475,62.37287385398394,48.85726664002029,19.3411080645662,0,0,0
34.45040480669057,85.32532451539933,39.82904700075737,9.217625533859229,1,1,1
20.15426743903538,88.20895450348338,20.64960300964438,16.49672554307516,0,0,0
30.740749598632167,70.13242527919019,7.567062934576652,13.993894019147302,0,0,1
30.593692438328933,83.24440087491726,39.2665845569392,19.347719753273864,1,1,1
29.340343114246963,74.93071653690377,6.1026883540657995,16.222170286856496,0,0,1
34.85163269130299,91.1191774504605,9.466687674853524,1.5495613192746105,1,0,1
24.678191536455877,89.5828945356259,10.57602588721137,14.265634447644723,0,0,0
25.099577956898724,78.39011994083748,27.84453191365472,10.709994308447472,0,0,0
21.184091044198333,84.2026941034758,39.352832699518316,0.3287211586465433,0,0,0
26.641972048156063,90.91723953577363,15.715743936234611,5.026259174508874,1,0,0
23.91572789352272,77.35009535273964,4.23349071376447,18.43510490053786,0,0,0
25.15080053266466,70.96377591710876,23.22692317622096,18.52122745573506,0,0,0
32.51857685383442,86.37831482683535,37.40551205799677,15.977009204012688,1,1,1
34.032267702912435,67.70231891746421,11.083192154369414,19.635592065559788,0,0,0
22.785996080077783,73.59859018021147,10.996227401968712,16.1309044924841,0,0,0
25.587633973301987,90.30045329873778,47.361351367335544,0.20408374570490384,1,1,0
33.92945843173091,85.35478190942602,47.70768635595889,5.756686806030236,1,1,1
20.92712691033834,74.13338518366247,49.52328660307882,0.6124836447552573,0,0,0
21.385407921670677,67.51605758429251,40.382980078739,1.8821593747511889,0,0,0
22.44186483809344,72.45889367912828,9.409208458397277,4.376816339015521,0,0,0
28.92819251190312,69.94364522296016,10.599076039963068,10.07117092651045,0,0,0
22.257084065089963,66.16312507803488,17.0112620761196,16.950640069240354,0,0,0
34.521145721761,86.01665197479798,15.906626566674543,17.239335123142162,1,0,1
26.700717908877806,68.822446039756,47.82638745390045,12.32403717114593,0,1,0
27.522769405252497,75.89586145587174,39.45369914408468,18.5635187813247,0,1,0
23.6998792370811,73.50508063926381,36.200439608077694,10.001246531804162,0,0,0
27.064403786521,94.37270825224708,9.298161202906591,17.78072088266403,1,0,0
29.928704489555173,73.68822854518771,45.47627796811648,9.081305126640242,0,1,1
31.26765705431064,62.79938689788642,41.39351897530869,5.5445001484376455,0,1,0
31.308021240648696,63.14390134002294,8.182092066396185,18.328258362008555,0,0,0
28.668366690411325,80.67638024735727,43.55851659804863,7.758701513577386,1,1,1
33.56539662490786,80.97772431083929,13.612376818523565,10.068082176889233,1,0,1
32.261117709591645,74.65656466689292,4.043487291605302,6.577212650613545,0,0,1
31.35572172047938,75.11452923092104,32.841115325710504,13.256752005814596,0,1,1
20.83408282520691,61.887640399430495,32.69023296921653,19.90062450012071,0,0,0
20.103169433294738,78.07912786362418,4.746600478280905,0.5102709772953928,0,0,0
23.186709157932093,77.66588163831231,15.942590446829119,17.996960120142028,0,0,0
29.952853908701783,65.23422614949305,49.64072311277693,0.07852113978530806,0,1,0
26.167962333238187,63.63437851388247,33.921333350436846,7.284557622924222,0,1,0
26.036093889489678,64.32503717098217,36.503758330166455,3.372136125790286,0,1,0
33.2688033234442,63.53598862719405,10.645864280215283,15.146835613451026,0,0,0
33.433442721977585,81.3397868437866,3.939103550195716,1.0122168151434696,1,0,1
33.63762896080379,66.87689283410215,13.845084487046883,11.069699071686559,0,0,0
24.70817114772541,68.80005532656122,12.444919259659597,5.898522676906253,0,0,0
30.36583719108893,66.07502504530039,11.727205037402655,2.6734049772940427,0,0,0
24.074497719115545,93.52423565569761,9.637716094351978,15.436364242052816,0,0,0
22.859147496116748,89.91161121031423,28.737784532770217,4.348336685105134,0,0,0
22.769486860210538,68.06731930730324,16.405173792091087,4.473504241098778,0,0,0
25.13161431295391,71.4648202872744,41.01725075237652,5.50153570275846,0,1,0
26.449364296697325,67.3462494806749,9.1973708923692,11.735335276560548,0,0,0
32.464237565826025,77.21565858112884,23.231353543427225,13.193318633814965,0,0,1
21.798366402090682,60.68636863659888,0.6828918213039992,0.35205047402689926,0,0,0
31.02388771092341,83.49788031138785,24.084116122759603,4.837392722275807,1,0,1
27.97182371283958,78.31053524361747,2.7919110438237196,8.619416850105656,0,0,0
24.31918014013989,91.45236249053862,48.88617559363218,6.639539043224662,0,0,0
27.39229376799237,65.7537439514945,39.529606432520644,17.683413170217722,0,1,0
24.49913104665534,88.14382361213961,24.50557383182277,15.754174617728376,0,0,0
28.94122932857459,87.71863550633505,4.329367908967513,12.517804310776551,1,0,1
26.50765884282866,64.45134162259104,29.622272039520713,6.760848319940795,0,0,0
22.46608293618318,73.94957284504447,37.938187535093874,14.013446896923195,0,0,0
21.74874611833545,65.95534244005809,9.535862650237265,16.87276025691589,0,0,0
28.200435231081954,68.91521751601421,28.41041703937454,11.896607547179734,0,0,0
33.53619549929155,69.21361611906906,40.7105449191434,15.689229337867584,0,1,0
25.159365298365284,79.46827379090205,38.41238888231582,14.982099227994956,0,1,0
30.99500160833935,74.39938261161629,40.14960089335764,11.434746223206444,0,1,1
29.879920324096503,93.17064814022069,43.96617124348599,6.24366433643022,1,1,1
33.97332371464221,64.42295496814518,46.88410510797351,14.915643160025436,0,1,0
32.314715259487116,94.07922471975695,20.276057760176798,4.135927327152129,1,0,1
28.499078883581944,68.07235240749924,28.438455126143865,15.589766929430676,0,0,0
29.85545747351161,87.05058777336485,39.532976302280545,16.09093384285066,1,1,1
33.47579699876052,71.86394741604875,34.856990697289156,16.442897591407462,0,1,1
25.992781768804022,65.00784883960598,49.77601141321894,9.458319419569152,0,1,0
24.901920587866663,90.0261214836184,0.683882555232207,3.8496153554084334,0,0,0
20.162166254527946,70.81013147327621,17.756660765789533,1.9944720013213746,0,0,0
32.398266112871966,83.05993914793947,14.051396313510123,14.867225009758485,1,0,1
32.01471050605048,79.82552897803193,13.11579250827673,17.725227690596263,0,0,1
21.566817771502272,76.5114708286806,11.126489124944289,13.016767176738133,0,0,0
28.652860716990503,77.35368154269887,35.45619204076145,2.883201207767392,0,1,1
26.95972547250331,85.62832699323006,4.237973663766093,18.69792897035148,1,0,0
21.780636432636673,63.07205199432042,37.08044169716692,19.78204029078639,0,0,0
34.70852340591085,83.38632316852667,34.67129210081367,8.667572198698439,1,1,1
23.220438311950332,91.35342354895025,12.540206625044819,11.896505785475425,0,0,0
21.008512701358416,62.02258689569525,12.641689158258062,15.544570400033155,0,0,0
28.922710692528643,64.92286687317834,31.443029267225107,14.727795801000894,0,1,0
31.08300015699549,85.0821177845711,38.10855527418389,19.355743838668985,1,1,1
20.486651690707806,75.30485768856161,43.82428065436827,2.2976618215757783,0,0,0
29.880764580905332,74.1242017284791,42.60697819272379,11.614497322856113,0,1,1
27.98437813927182,64.79383220904826,48.24414970819266,13.838628393461843,0,1,0
21.548975133125726,77.73695142512258,29.06924476682556,17.801968483753402,0,0,0
22.58785815419543,64.4290858918732,45.432778067017985,17.482192554363014,0,0,0
28.519614459741206,76.68171597086891,40.425663663020536,19.559995871225798,0,1,1
24.445364202699324,86.72653546365798,44.73338121570068,10.241569078753582,0,0,0
34.074735929769744,69.03925252605072,0.5813300642683317,16.615217336264532,0,0,0
32.28110344226076,76.82751588629046,48.295149593290546,8.545634162546554,0,1,1
34.753508097704945,94.72055892888925,23.676508142323915,8.446277557120645,1,0,1
23.89506258425621,84.0327648173913,39.909149478742144,5.06696728945718,0,0,0
34.545854491969656,89.44748699568194,6.360205966889043,16.364745740384596,1,0,1
26.468508046873367,74.5196662296191,19.797054790698702,19.716302116270313,0,0,0
25.21278192970632,86.87513230940493,13.573033151049547,5.126834566945158,1,0,0
20.7552429045403,61.417821052946266,14.58293852504685,1.1226317604214464,0,0,0
20.79147886789404,64.30189138897858,6.162780997544087,16.310848748380145,0,0,0
30.38016883919982,67.10747075220218,40.28819162715035,12.404601050695124,0,1,0
26.86893491651042,74.06831736153268,0.46211572905390796,19.193976011020087,0,0,0
23.397824390541587,89.60107074140171,15.625272849260124,5.044784381539045,0,0,0
29.20955459487849,72.11931177757756,8.720527160820751,1.4205531600256216,0,0,1
23.792871773751667,82.9117417730412,29.451947030417024,9.84884521733003,0,0,0
28.66447631516634,84.82600031812191,12.712620130727192,1.7093204593029498,1,0,1
25.388131204740354,80.51638239309194,12.949922726404983,5.235800022054149,1,0,0
32.353283399177286,72.50346888595476,24.416907199765937,2.5195572163833657,0,0,1
32.31044241150169,80.19686695997405,32.63445196704629,4.4826435932015745,1,1,1
27.16025597183602,71.97929574764112,6.065235228258182,2.122893056427837,0,0,0
25.262286640025234,62.935580849320424,8.775572623274808,19.07811998854571,0,0,0
25.43839694838642,94.7481392365105,12.35873722972588,5.57125426899471,1,0,0
32.08571788502327,64.45138587713788,48.687410705898024,8.877951719851309,0,1,0
24.922692241964178,62.532193434262005,19.85762499714602,17.972236152684445,0,0,0
23.13589060560269,90.74857622225045,29.949504531551323,13.546431759229487,0,0,0
21.270325128129603,70.56421313125134,12.077140635798894,12.360749611235487,0,0,0
27.000396813266125,82.76039409257277,24.522976257874397,14.111263807216742,1,0,0
27.23198148379763,71.51520053817815,3.705958719297903,16.576445142107637,0,0,0
32.61363065604361,73.70089947780649,1.737107296116347,17.553385357035218,0,0,1
23.31858044669096,69.17395402058787,23.43667634107301,12.85279341330053,0,0,0
25.714869105025997,72.00654020275536,19.932964375920605,17.800145493881153,0,0,0
32.12608608340536,74.374514020529,6.844015984591384,10.707950548509537,0,0,1
32.3543541612346,85.214562418232,34.38007144603669,5.545817125368469,1,1,1
25.769166139681523,77.90376679821772,49.645174544963226,17.60153417767689,0,1,0
26.886860349300214,93.02478260049419,19.782341059835623,10.829456548261742,1,0,0
24.549288362739244,61.465813784357145,31.227931795869722,18.122751751344687,0,0,0
33.98832317628968,77.60739129212098,48.14879711822429,0.8033562790116244,0,1,1
21.779656486123706,80.44786760911013,41.576748622343764,7.950315030824711,0,0,0
34.00624134502205,92.20689451259959,23.177611165134287,18.956100367249363,1,0,1
30.25799677753015,61.72054832674996,36.87447422299597,4.993001855166055,0,1,0
27.973582290300968,80.07248547273255,6.406752012526201,18.830724920769853,1,0,0
20.489885911767438,89.8770474984785,25.605192773189962,19.078049222584998,0,0,0
27.133942877330124,68.46747048417328,13.953013858996826,17.64284628451722,0,0,0
26.116221575040985,90.67023219833781,8.058184394808055,11.273360901865974,1,0,0
22.41828217962684,60.666519324600216,21.314045312726744,12.93878898161277,0,0,0
29.846144052509853,85.63591201968055,6.550727721680722,17.392339968997383,1,0,1
34.567263610524286,92.65896274090287,34.94925540872428,15.517941647783688,1,1,1
28.432832165967877,83.00191815740217,22.812002202666775,12.60187698910823,1,0,1
30.721299146659188,75.36602353931568,26.55723162823319,19.645188157414054,0,0,1
21.026756788490253,61.57083557654513,7.31879693340785,13.713532726673883,0,0,0
26.265004937254922,92.20398346629202,6.988583054674724,19.509639848955224,1,0,0
21.745377277467437,76.46036779420513,29.170771763006204,1.1477694921418147,0,0,0
29.191937533047657,61.01488605175818,49.25048739147231,2.779207414844249,0,1,0
34.07723237321232,84.14373749650667,4.812529161886281,9.029176920009812,1,0,1
29.92666598707458,76.86430387516904,14.286571428289063,7.6975892176863026,0,0,1
21.152045724716324,64.35208611048438,43.47295582689438,15.654696827140555,0,0,0
25.319993074776242,67.49951332585908,3.613600612761847,3.212280529384075,0,0,0
28.259950691612772,62.257173815954616,43.79428606834757,19.521903582229772,0,1,0
26.048116341998785,80.10027388980008,26.214299168737558,6.301317505218281,1,0,0
32.50466015712759,81.77103177382033,20.413338696321293,8.578474154803189,1,0,1
32.22006507064984,77.70098044244055,15.484028217572792,5.494900648800458,0,0,1
29.177465301548324,88.59857465509153,14.855857906392094,11.587272346530945,1,0,1
25.60186917699058,90.13530874578048,15.290129122473939,1.172574008451679,1,0,0
23.830045606448664,81.54685388390944,44.24015404800979,2.9935501114089758,0,0,0
21.58811477319694,60.44647678976007,36.189761508739274,14.915954068374484,0,0,0
25.323465252298313,84.33303795117075,33.48615039155753,3.730011668096078,1,1,0
26.197587758115795,74.62997259221231,39.93745744760004,4.710289031133257,0,1,0
30.137343876561104,79.79451191292355,12.85573315020725,15.859644714496755,0,0,1
29.872397364463602,82.71782107066096,30.902140604087787,1.866023567145072,1,1,1
21.051622094618853,72.25828150144768,23.003311947897547,8.749476455416819,0,0,0
25.928889731467365,92.0984476810128,39.12208176000967,0.46126773994453973,1,1,0
22.72668300826043,64.68912033624234,15.462805523664274,6.936147986358076,0,0,0
22.352190579752087,83.50291325483632,32.15893084349479,13.979628052215089,0,0,0
32.40953224605869,60.15258529848032,44.11062059086567,1.8020655943445663,0,1,0
20.628728250743862,92.36278868918133,20.107523809746436,17.766692535575203,0,0,0
26.28774313853182,63.9376446633332,3.3311043683730723,18.18998085881432,0,0,0
22.523054836497774,63.32094805516511,25.80254111708964,2.099807502502702,0,0,0
33.189953235177114,71.65526715682854,17.298624390351296,19.814648727515532,0,0,1
28.355607699125528,73.07482001136782,33.611269027358745,5.950591067909778,0,1,1
23.47070954565272,67.50050253130075,47.551646237430305,1.682033422632121,0,0,0
27.536409307495646,80.47925813244936,24.28041589984235,0.10134228994524541,1,0,0
30.972295395546737,75.50199343146872,23.30951150777669,8.170457915277252,0,0,1
34.37177013379151,61.19614561643806,32.72924000957301,12.596199714122353,0,1,0
23.306690063681284,71.18782217893552,5.174875179678384,6.643584998066265,0,0,0
33.29272658194017,88.36515197506097,12.675309446250733,16.734347309492456,1,0,1
34.014561712512354,84.1395537201654,45.94896627501993,14.332125511301001,1,1,1
33.74630816798099,85.37047987529581,33.49713066818831,7.003230639360654,1,1,1
29.531215352928648,84.43409234292332,0.6722021991708127,14.686193332172092,1,0,1
29.447309816520615,70.88405574840617,10.231273627950992,18.809754739384996,0,0,1
26.04815949775734,63.48823727268716,34.14186330144495,1.8619199708603418,0,1,0
31.28596823455682,69.53635144115836,38.21996012812871,6.122079203152337,0,1,0
27.96941027526398,89.11248550648057,41.992978633702094,9.266518782333865,1,1,0
30.161571068424415,94.31647792240749,14.608840169102244,9.959802555095372,1,0,1
26.426868557731932,77.28464551595465,46.55142981387813,10.843912897721474,0,1,0
30.972446960647083,60.33951242230648,27.64734467889462,6.01253813077297,0,0,0
32.36707276406824,64.90156842469801,34.82695111939464,13.345192919646982,0,1,0
22.196543849042243,71.2728201360693,29.836943138995398,12.901690070596594,0,0,0
32.49394573361342,80.25048720075324,6.137002733731023,11.556430125432279,1,0,1
28.10444797685461,62.62827760318599,48.15573296924399,2.2752344342175324,0,1,0
32.66998863635337,93.01750545484586,6.143778994707633,9.539357821918891,1,0,1
26.46952559511522,72.77792856495402,12.74409782055918,7.124537749787512,0,0,0
25.685607280745526,91.9404476273688,40.68139401114901,9.820769396762453,1,1,0
33.72591098775834,87.31826309649577,30.929848075055073,18.43732871030052,1,1,1
23.76753901322602,86.44030453804534,41.90745826881785,9.610626863168166,0,0,0
32.663184879292146,81.23518529237812,25.786809418702244,0.2796158367902368,1,0,1
27.260308587641063,81.93743359681456,18.849661768331742,8.776734761682619,1,0,0
27.711431638268895,82.33011323256869,46.092274977389245,16.41296360098764,1,1,0
24.62702422234226,82.00524854589537,1.8126158757397426,15.601218464363365,0,0,0
28.595633009285237,79.38048809894264,42.80651101765229,10.26780147056362,0,1,1
24.87816794414317,94.52449064690111,11.54088925938908,4.995380257186306,0,0,0
20.589041213624785,85.63016985989937,42.43681638769839,9.301773258290902,0,0,0
24.07997908016534,87.19312359373825,6.95983067084428,11.274044388363833,0,0,0
20.09568565109886,90.5361985279286,29.010948184527024,19.997428765482677,0,0,0
34.675321805852846,67.54739169540473,44.4053959505736,12.883561803387547,0,1,0
34.48620814729621,62.93314556832713,23.676982344944523,13.88529860125227,0,0,0
25.927329462084575,76.90130528095095,37.32833369016964,9.829082871361038,0,1,0
30.92556281509469,77.99282434667455,40.23358089277792,7.089791015650597,0,1,1
25.187091476156375,89.02136229824711,36.82471043583896,16.25905967294412,1,1,0
30.06639735628964,75.53242527488175,46.266486843729915,9.898646486784724,0,1,1
32.081450645689685,79.97985589405094,22.341711525996434,19.893802599290503,0,0,1
34.20134367038361,78.44748284797105,8.656271958257788,9.142411485360881,0,0,1
26.00318413774508,61.33709743150869,2.390553185123989,1.3600056729515475,0,0,0
31.749469744340715,81.53252138089199,12.322993481875255,13.651562741801655,1,0,1
23.98892675948178,88.98151500209883,7.1598751940121055,0.9328290185162214,0,0,0
34.854984556904725,65.51251918265314,27.897437071724024,5.010031937694066,0,0,0
20.386543981465266,80.80161068743085,9.2472668605866,7.074765055598067,0,0,0
29.052932097516816,80.7763690556245,1.9466853644685589,14.789671712426554,1,0,1
29.892589724769906,65.74647374197255,1.799491443433393,9.884718528152256,0,0,0
30.32068335611193,64.32122508057576,41.57847491824308,0.5729186262051322,0,1,0
21.805813681836334,94.30181800417697,29.57249657215124,12.336997025518443,0,0,0
34.077946752096956,73.78017093785631,17.904265094668908,8.228724748533248,0,0,1
22.71774918575124,67.95976050532353,44.71140213701234,18.43669019934214,0,0,0
29.341301048597614,65.99635905590313,3.50983057038568,9.991246222804708,0,0,0
23.340141186846274,83.36605997541322,49.01610363639129,14.17950291878678,0,0,0
24.608246255319063,81.33058540645476,30.81458951272305,4.377369846590938,0,0,0
28.196878125921863,82.52432430455961,9.173212698442423,15.219471290633065,1,0,1
26.257901278468648,63.08021096290083,33.953454948848425,14.419106209673448,0,1,0
22.403384014647592,91.27371042244529,38.16906298917813,18.081634170826163,0,0,0
22.564046036312725,73.6243238883167,21.467139168538722,0.6764328343839843,0,0,0
26.272171822441994,70.96792922506253,43.08163031227737,8.950013952349023,0,1,0
31.359244674132512,76.18265065367088,7.5366203648235155,13.583108054792604,0,0,1
33.46946970271683,73.65231230116699,13.941879178880418,1.9032780016043005,0,0,1
21.261914933890743,90.2251951098701,4.6746180791994885,8.212081342978248,0,0,0
25.896558613391015,92.52413413192622,10.543892030367608,18.842932061323907,1,0,0
21.50368345584315,70.62086257573621,11.93644059555725,8.718689817822565,0,0,0
20.24888720948897,90.23775326109842,45.88165954608551,19.70809566961263,0,0,0
29.92578023965935,87.35330953365735,3.90548443755781,1.1367812215963924,1,0,1
29.036741629498817,92.57826853206666,21.370756009385474,14.356595522817825,1,0,1
22.445286707223293,68.60126092650607,26.61993436134565,11.62032472496539,0,0,0
23.507192496395962,80.19357025423426,44.93465269010804,10.010793542642508,0,0,0
20.355616304667777,69.60906046591556,49.88481093306068,19.416948029700187,0,0,0
32.524208085416056,88.8433071669531,37.66940574599179,2.5930080098225727,1,1,1
34.62035894072827,60.18634666998725,48.539549528451474,17.91997903361827,0,1,0
22.031893051920363,79.76867070102386,39.35505662679369,13.824808222732205,0,0,0
23.47212820647947,71.87212009451713,48.16013204857083,5.1799214659926545,0,0,0
33.026142859204015,71.29392974772371,35.36353629722276,18.03338291264587,0,1,1
33.896956969342774,82.57172133527209,3.9881712725535534,8.585898357220266,1,0,1
26.294410742102155,89.80195572598979,20.096009349633825,16.28454656146142,1,0,0
20.75933708403611,81.32183869876641,32.32986419012352,7.776730340947999,0,0,0
20.590877505392292,89.86105425263528,17.53592547271255,17.01861654866482,0,0,0
28.609247991035154,69.26089891583605,13.66919590568893,12.732582368900973,0,0,0
25.893426633397684,78.18256491677434,28.869963356654548,2.820932671674543,0,0,0
20.429786413664818,75.76877886734766,46.67509383512174,12.993263269390551,0,0,0
28.748785884688353,60.40757148260837,1.749093675807678,3.8268952540374523,0,0,0
20.16953804883534,79.4884250099259,38.46156017707189,8.238452557883253,0,0,0
31.810579372239097,83.15335134511612,36.13636390223135,3.4059116850406745,1,1,1
24.596492340550576,80.71700415466745,48.19767126941436,0.4403223133423717,0,0,0
20.603870045138482,85.76979645741974,46.53556111662718,4.23773078899915,0,0,0
28.8252833147473,79.9968834958577,38.11162810220964,10.727440474482515,0,1,1
25.96526621649582,62.33625891977649,26.020438234129934,9.631219355546921,0,0,0
34.60700620035724,64.0755933429649,10.213377661675993,10.029941910721274,0,0,0
28.162979937555534,80.87661021403834,27.26178591627872,4.953737568932026,1,0,1
24.128587715555124,69.6242717190774,38.26759969598269,13.703224012283723,0,0,0
30.64158296950962,62.7875795162168,44.783460631894656,14.085265736406916,0,1,0
24.072380038140672,75.03609602069913,39.48560046052745,7.159356511193311,0,0,0
33.56364937111348,79.40129093292794,9.763346759552698,17.623401769483486,0,0,1
25.620829557610648,71.50610959223623,29.98431571140297,12.880464332710957,0,0,0
28.24802844164308,85.21517957790223,16.608672976567853,14.260785505172635,1,0,1
20.758596557363433,82.53197128354356,0.46028336953214954,5.546798358778789,0,0,0
26.391818569283462,71.64864263820851,10.011046789433303,0.01223270311174085,0,0,0
32.485453094914924,86.42053851179962,5.661032496672464,17.30751224204219,1,0,1
32.08473208045013,82.70432648865624,42.13595617697343,16.44848769159617,1,1,1
23.364778382802893,82.31058825512658,12.925312607390598,2.463837760856604,0,0,0
23.39118606515844,79.36996952754738,14.234898444377775,7.48210269912613,0,0,0
32.25957968319855,60.398638383099346,47.996828589944215,13.226786167771651,0,1,0
33.95597630253988,84.37775142169112,18.954336152442607,13.042217144374565,1,0,1
21.430413819095055,73.16146268882048,0.4792820072197279,17.20700669617113,0,0,0
26.750879591393378,92.99133985555295,14.192307417306827,2.805363232708571,1,0,0
25.061814184463437,88.62946698770219,5.964979030090623,8.598794955702376,1,0,0
33.06032683186159,80.56930643359593,5.1404280867926975,1.9444883585284956,1,0,1
21.25287372020028,68.82636936367443,3.8743645067874755,7.791904968772563,0,0,0
23.16688913837056,67.13010876471833,29.662973508768864,0.30214891175408765,0,0,0
31.287025063797415,71.91346931871422,9.467386181492932,17.965461302202538,0,0,1
20.769407734718232,76.67987802530065,18.062139702050523,10.54087993657362,0,0,0
27.38803071071434,70.36229285136315,43.10088580650084,16.996045216047072,0,1,0
26.631605520195798,78.0225323387369,21.216906989813783,1.1980940200672752,0,0,0
25.01601768483123,65.78796489296151,45.78456750258188,4.549162209458412,0,1,0
25.918584729783856,94.2199484488925,24.896902669780314,5.187599904423612,1,0,0
27.949108803953493,63.77735942377478,19.941830741987786,7.733829892775761,0,0,0
22.420510375825746,92.61804488790303,37.51944635453508,16.05732744795092,0,0,0
28.57993817425389,91.97523039909433,3.6587549384001052,7.731157474629853,1,0,1
32.081484939499795,78.38761686368244,4.47391914912087,4.09307059292654,0,0,1
31.402413946852384,85.37185951426295,32.59868569614803,1.2998052067753685,1,1,1
22.308498570406606,75.26169042904057,24.347035661962412,1.5898349670537493,0,0,0
22.23874204612211,82.05121021398534,39.52076251596051,15.200944119219548,0,0,0
24.0226155161737,71.92015780973915,45.813541867176575,8.89605982073266,0,0,0
25.416120895115558,70.54056569249059,19.41834388357738,14.523622440000306,0,0,0
26.12683372112724,80.23804251593297,29.820501329232314,13.64574243527395,1,0,0
30.19545825250018,77.43453859643931,25.034831389765493,2.707249235205156,0,0,1
20.850206482487533,80.28377292024933,49.080532782121644,2.857758683845344,0,0,0
20.520090563390994,70.0331203450458,41.55422036782976,15.106840308682678,0,0,0
25.878658444158635,72.84352411359484,45.58688541386768,14.425365869708344,0,1,0
30.457455382069707,62.936428622011825,12.717004378880208,7.560615337486207,0,0,0
22.901530144347237,61.8296730295272,38.62632115812972,1.5484452666568016,0,0,0
29.622567218843777,68.87099953855557,13.273661249882446,0.241960433969044,0,0,0
23.897422069104493,62.598640076569104,10.437126671419495,5.763138989234897,0,0,0
33.29129163220274,63.63211480221592,47.21330798277754,0.18444547174453874,0,1,0
33.43534916399925,88.4524941887878,0.9652208358933323,4.601452422074068,1,0,1
24.459308064219897,61.360579395584125,48.26943518317148,8.390014804226771,0,0,0
23.449906309448608,83.062997787716,7.46309484944031,2.428315306239084,0,0,0
26.169559580993468,69.53952120853901,40.97190408966341,2.085555156630925,0,1,0
23.60797377770223,90.50409882478442,13.796127653405154,17.92874871437473,0,0,0
30.085757649375555,76.97472996021249,17.53511637153637,11.709400580457785,0,0,1
32.39097026822428,70.6951760764739,10.837885566099247,18.689113735255628,0,0,1
30.096381963668257,78.11736274913021,29.275702124053982,6.916523275713584,0,0,1
32.36525670874024,73.3685306665844,17.404777375393703,13.542898746583262,0,0,1
25.95488243311211,79.75053726344406,32.86965197473316,4.093833492435808,0,1,0
22.344754560632914,64.0086503914222,0.7823658971032987,12.366806345598825,0,0,0
31.06926421096388,94.8946675984393,3.218744175751981,2.5917146001996882,1,0,1
25.40711757712331,74.89445571938512,4.983057636562433,0.04161278352571518,0,0,0
30.06906237843699,72.1880723897579,20.949684265511554,18.63063602819158,0,0,1
24.059659129726484,84.85734469106927,40.7398086329988,11.097887523504186,0,0,0
21.21844452210009,72.73647922733664,44.40889551891913,18.53881325564079,0,0,0
34.88872693231645,89.16460067600651,12.240537003045038,6.67663047404144,1,0,1
22.34302261895899,75.89947535261489,28.7184862119507,6.555721383235136,0,0,0
34.826314909452215,85.18454446429023,38.41824963463002,8.013100035460635,1,1,1
34.65919898849671,63.76086257546603,14.441471495980435,14.120819679163365,0,0,0
31.907271558620593,89.61417149442892,20.45038683681366,11.316172683723485,1,0,1
29.891344431229964,85.75012953723385,26.198710134285697,18.507098141982357,1,0,1
28.667105753766272,67.4100872461688,6.743742320402385,0.5088180226487871,0,0,0
32.99152318066752,65.08501034110253,1.2991146862890157,14.163918759450729,0,0,0
24.34159282429232,71.07023220539685,7.640290465914163,6.6065537873310864,0,0,0
27.015218187273156,94.16247051111665,31.342681062676668,3.6046730363692236,1,1,0
29.29084954049753,68.98910510984706,3.6809130766840834,10.20791245040198,0,0,0
26.167857138042365,75.96445231313217,9.484818242506416,10.10127568359992,0,0,0
26.412296811354018,61.05070790010677,16.892694284765184,2.740220573768568,0,0,0
24.954270012531268,73.90296353481814,3.893503215318317,4.037921122657798,0,0,0
28.463477250268042,79.9962005401586,9.584963558081721,8.163293298031098,0,0,1
32.75861792022674,93.35936143777877,45.563489449175556,8.176228247846307,1,1,1
23.022925670094693,78.08576157290226,0.964956611349238,6.351162792393694,0,0,0
34.01649558130162,88.66875641621907,32.67159620871811,2.9709030301996187,1,1,1
30.336314806223445,79.14946748991152,19.220446545759245,0.08747358201959043,0,0,1
32.34909819020045,61.42747547024313,33.63243697161856,19.40470124856041,0,1,0
28.342860389450173,71.0252896316421,29.43458601817023,18.869984594078538,0,0,1
31.692750521360953,80.14423277408861,11.174937717732213,9.673007583522704,1,0,1
20.24300596009201,93.27078880758935,42.36047437866943,19.901035065500114,0,0,0
32.275706371693026,90.06956259129316,24.597019130467835,13.473086615644865,1,0,1
20.6020828862805,67.99244649625967,41.12680094567359,1.3771507521508308,0,0,0
33.34870064544294,67.70384405067072,20.30062680941096,2.3543639816525475,0,0,0
34.87944120857965,67.04105384898652,49.23427769576195,18.322216877392755,0,1,0
24.411011932651668,92.28746137058761,38.52446792506481,12.60104404299257,0,0,0
23.154778344286903,89.84331535856022,48.29751025562867,16.863672533147025,0,0,0
31.48045045787061,87.12092012885321,25.71632394549294,17.965392992676886,1,0,1
23.7953951138038,73.74572899784796,23.684556614535023,8.958840225647721,0,0,0
32.98343574758305,77.65332465045684,37.772690466262894,0.9705190315338608,0,1,1
21.54263888236215,76.25161106783035,44.014563150671506,3.7656069779464407,0,0,0
21.889327945690376,68.86893376457805,48.2072897932779,1.331438946048702,0,0,0
34.687273326509235,77.67598161520684,16.227595301624987,3.7747969139701465,0,0,1
30.10758347405007,61.06737917484641,39.93522869213194,8.210658529117536,0,1,0
32.70330836643429,64.61336307241108,10.532279881776835,2.3639362102997086,0,0,0
24.864940660272772,91.03063586591313,27.278717337272262,3.3346649561068653,0,0,0
30.147256242809064,86.30879184609981,8.992407420459958,8.916435641433583,1,0,1
28.91362740962896,74.80039431706805,17.36986808751694,6.803419007769791,0,0,1
29.047251801844205,78.1002626799357,46.56791836032296,9.35316248376082,0,1,1
30.237986893065823,72.94996100859922,7.3045349886543045,8.583440555181241,0,0,1
28.63038759693648,85.92729535062354,31.620044756759825,12.88956051959767,1,1,1
26.43593553953999,87.4465512731228,29.647713646370168,18.74379097751709,1,0,0
24.138840415708202,86.71498165711057,6.036917635449324,2.1572867688848496,0,0,0
31.52871996369803,85.29141036920574,16.29895218844061,1.9852029861838982,1,0,1
23.394086450047794,67.15765185424786,28.149075225763287,17.05612222181804,0,0,0
30.385314592316213,71.82894927341675,9.358930449424513,10.127934093049182,0,0,1
23.4999923397399,76.44459022442862,40.03118282064077,15.328100471368844,0,0,0
29.37995254931681,71.57775469996795,48.607825476737496,4.308438072145629,0,1,1
31.206174006935434,86.42290700554152,10.737969998123603,16.577251463351036,1,0,1
23.28070833359809,71.52737334874841,9.345598239528796,18.47693248385392,0,0,0
20.899149512919625,64.8381230374868,22.74675358987223,12.709660310929765,0,0,0
21.96460614491261,73.96641582169065,37.38826385700161,2.1175804294760447,0,0,0
29.089954509065382,94.29700514738332,14.08003051176257,17.905896283126776,1,0,1
32.74169609338603,67.90584945267516,0.9939954348640201,15.849754547401426,0,0,0
20.674952318531364,81.42555306301301,27.061031401644698,15.017555530289798,0,0,0
31.012268885624692,75.15405674438972,47.83002838836538,0.7345637781183112,0,1,1
25.119779689250784,62.48585986772643,19.56384277034728,15.979250505139424,0,0,0
27.17792554879284,77.07568120993209,21.006727709155022,2.75902020936714,0,0,0
33.93289324768348,84.57575150269093,48.4450858557019,4.447723523937768,1,1,1
24.979572571037682,77.96269915397366,34.73038058133642,11.54269669738515,0,0,0
26.980054009092292,90.52371223113033,35.95859614210626,5.2996154583376605,1,1,0
20.205236221410217,70.1127955830154,28.13510026855338,13.226964126238395,0,0,0
21.223980800072574,63.01872099563877,48.73046054316208,12.161408953981631,0,0,0
23.87887386702176,92.77979640803022,34.443324221277805,2.1629919602652525,0,0,0
20.417783612316114,73.23687223348766,44.751637580258475,13.120291591830126,0,0,0
29.470629890723764,80.17419430087716,34.96894328666106,18.4790981964986,1,1,1
26.395975352024337,87.72010941455686,36.7557912420198,3.2221981037166625,1,1,0
28.22217804092033,71.35097823564531,14.520546107112326,11.941240418857749,0,0,1
22.61970778844494,85.06575883621639,15.17393490069095,6.837307438733882,0,0,0
24.43898044154924,64.73965974362397,39.14923247880146,9.19223343547208,0,0,0
29.957367122790878,70.19528115219268,14.835314458494981,5.740003581579398,0,0,1
34.479540854456,65.0648722647782,28.13850354007658,7.082612726953905,0,0,0
20.75625160403314,88.39306954404752,12.467615545335098,0.5782364653311456,0,0,0
33.355764812828994,67.79272323293749,40.84916904045347,19.631034758344413,0,1,0
28.653218019668127,85.10912443918235,5.5250675613845,12.495998441454965,1,0,1
28.458793501334355,93.01544390359784,41.47233198808322,10.014111809877706,1,1,1
27.504178028116407,78.47202731741069,30.13649002538009,7.674306990006534,0,1,0
21.04091128856275,78.90102172912407,9.345476741353863,10.787491176480552,0,0,0
21.34815277604241,76.13617488342342,27.10176927530591,7.602119974316079,0,0,0
29.01368008488629,71.4061550187775,14.124941842367022,7.198158549873465,0,0,1
25.114378571533376,76.6479260823721,16.17336673652483,9.278930834440262,0,0,0
33.75902099866521,81.09826362933657,17.576402079844016,5.519660673423816,1,0,1
26.098858060392082,94.50970502597308,3.165962348616047,3.600997999335709,1,0,0
22.149221880539617,92.82175957613785,49.29808422007087,11.13211796360587,0,0,0
30.72078250253054,90.17535354025927,1.5767314065612048,16.855308723006022,1,0,1
24.400301321615146,91.11956874967004,33.12484365921392,3.056563554517846,0,0,0
27.882054610338397,76.3747214152215,18.56138238787153,0.654686812084373,0,0,0
30.46749178257755,83.01055145121127,32.30051454733495,4.936234903080723,1,1,1
33.50396166803105,91.3273353027675,17.81241265437919,19.594412869076216,1,0,1
31.88286792202514,73.75327677469735,33.687532312942935,16.575161474866785,0,1,1
30.145416018090863,93.6616867420914,36.46177547341804,11.917321070571932,1,1,1
30.194497735927154,74.5525121724214,34.52763201998224,18.58497830486272,0,1,1
34.1888696604813,81.03789328876255,5.698099067907614,8.905582336744892,1,0,1
24.43736146244804,84.84316496453302,32.84466173273423,19.66561205150348,0,0,0
20.016681412942813,93.27072045765784,13.999377472704866,5.926040902385681,0,0,0
24.07931839097298,68.56156959182931,1.4400685284666759,4.806114990318782,0,0,0
23.26837069440116,86.11458423835248,20.7415335944477,12.76096402294022,0,0,0
29.927518776709974,78.22854551504288,21.677155140190052,7.563079359007208,0,0,1
29.505673996482933,69.39949992172244,23.358706667622325,12.527310839525157,0,0,0
28.90192074057086,87.18123939287366,35.24120826953581,6.099910366053716,1,1,1
20.243651648141807,79.32777980608464,15.442190457122956,12.358365136759822,0,0,0
30.931670816759713,83.13408372273865,15.764025655196129,5.514925211700728,1,0,1
24.852956187282373,71.30153740022654,3.0276128120630297,1.0194413763777987,0,0,0
29.975839835099464,76.84458831396617,34.341060799614795,18.242718038463668,0,1,1
28.3486764275323,81.60739878458234,28.391304569979198,17.664104037469244,1,0,1
25.140963881418607,74.17187849944455,17.471255634689403,19.41596298545344,0,0,0
22.018644006561615,66.94303889466954,35.25944894586773,14.330543524428094,0,0,0
21.416283464907213,93.65741723103564,26.86788746134386,13.654423554706058,0,0,0
32.472774996683356,77.9013639014916,23.462247293526982,11.180061401496616,0,0,1
33.77596313122337,85.68721296006952,25.566227183056323,2.5188483270504536,1,0,1
29.746820701464493,74.38665177446204,31.817406263352826,3.784706218985401,0,1,1
21.55151172290725,72.42961174090007,33.00013022872997,5.789393773450724,0,0,0
26.03040825332361,74.25075044634937,14.447890957035858,17.803127251467888,0,0,0
30.934088001577358,74.32188253249774,7.037168169557662,3.4593904920615026,0,0,1
31.69731326015102,79.04630405796837,7.831709059525938,18.457463489757814,0,0,1
21.77327933436633,79.02144544934771,31.969544295150083,10.455714661028344,0,0,0
20.000460782680737,77.4003835559005,43.6436642883563,14.311392709461444,0,0,0
30.682055688209076,64.71750247211034,20.47481391727759,2.2048897336113304,0,0,0
25.348942639793083,77.3626417475186,8.476008016473118,5.380670975518218,0,0,0
23.817219974273904,65.9186365147228,37.83012491469273,19.170372163628528,0,0,0
20.193462046842882,64.41475252035178,41.624473720972425,5.322998938594628,0,0,0
28.104491101422497,92.64260010694088,44.02912215604833,5.930434407822922,1,1,1
32.76726103138972,81.17325046016964,30.34157144568666,3.9519476968215894,1,1,1
34.36447469408882,83.08215203436045,43.03642796940424,2.58147330613659,1,1,1
28.486174259199338,74.06277846166773,0.7707479224203839,4.665152829079959,0,0,1
27.716919916098412,91.81433121702025,5.361790088476176,12.846537839015967,1,0,0
21.275845782338617,82.32756713528829,4.628803352604938,9.10735467007127,0,0,0
28.233092023138994,86.92094543332556,35.63023421273665,11.075116726757972,1,1,1
25.699686184480917,72.89968641596998,3.479089177178951,2.4472965753204856,0,0,0
29.107029213253654,93.60041582866938,24.818218623315353,16.042328943258003,1,0,1
25.8308952181482,88.71614515554103,23.635344931814455,15.68189401159696,1,0,0
23.604486851755503,89.88819620550902,15.535176177912046,0.4317982228535078,0,0,0
21.42447912842565,66.0267993599014,43.52025849710499,7.670301890206099,0,0,0
24.723776668833437,69.48371227549268,8.5216600939998,1.3754120394229563,0,0,0
21.449672514316283,69.9969309889252,17.623139219961992,15.842115588299162,0,0,0
22.65345426235976,69.48182281364049,38.70857500114646,14.745393662514088,0,0,0
34.81004237869319,89.93928567365008,1.5211157196642122,18.039761885863122,1,0,1
26.66155335359928,61.115967832300726,33.64752001231843,4.728079179062292,0,1,0
27.97807649757525,62.6634996143271,40.81988631807853,9.125917662555977,0,1,0
33.104277931058235,69.58702047204663,46.61339194190836,3.689757543287955,0,1,0
34.933533507360316,66.99555411273053,43.814832024574244,7.42469868948239,0,1,0
28.74071674017022,68.1150864858997,15.969205841684259,10.444865031337681,0,0,0
32.18710731566257,87.9280116238655,29.31820706614763,1.0666157967717793,1,0,1
24.904115365050128,79.70943078622165,3.8646746575232926,14.297408213547705,0,0,0
24.586159361709367,60.20197314525388,12.89350017740043,10.865867207421505,0,0,0
26.040555814918402,75.02629679964683,4.711118937375369,16.579180344213466,0,0,0
30.087608940104737,74.27597243976257,15.759364507698193,5.435610023823944,0,0,1
30.23287533882648,63.98808443055903,43.759360672936445,18.06642210538509,0,1,0
24.728591519741762,83.664962601051,17.35834198371463,19.97388506060887,0,0,0
21.99814886204943,84.57340159328218,28.09490515007132,18.38596876755349,0,0,0
29.48594384698263,85.23126266682343,21.669042405747042,15.557849516663083,1,0,1
21.924887932831467,85.49648309455073,22.945826214936766,16.247376057475616,0,0,0
28.67738762343995,60.00184894263039,48.478602591827915,11.47488485089173,0,1,0
30.401331920844633,93.38722813463528,14.807723413192896,3.80307725825221,1,0,1
30.509172445916775,88.4973068469132,31.366223476158567,13.540813702954345,1,1,1
31.30208165989395,91.63935938062498,21.00313347897235,14.25506004119863,1,0,1
33.09289132348497,60.547515335760195,3.0573090523843103,19.707702805358114,0,0,0
27.499384879471826,92.68505785250088,24.4665415812118,10.826026325126437,1,0,0
30.953737842943568,88.34259850408367,40.667166452255415,5.427380300501127,1,1,1
29.28759103048755,89.30267000355445,4.9376484340844184,13.673450434790135,1,0,1
22.79959909696524,63.2650584652689,3.4795923698154487,19.587516393329093,0,0,0
20.38534467304112,85.85723101215092,7.681576019663333,3.54427816538188,0,0,0
24.268120785154007,93.59708413747319,38.22000556946531,6.519958370712054,0,0,0
26.645505595064293,83.74915694963562,36.1997692072369,10.837619075453622,1,1,0
29.256589166429844,79.96964916186123,28.250888445305527,3.4042926976400967,0,0,1
32.74938995754808,93.09703872121489,23.41132020463162,0.44441279039876713,1,0,1
22.943685750592486,75.50279926070526,44.416290735131106,6.739662448825012,0,0,0
21.883246848477157,80.97527482086676,38.334891191674124,17.307416030021162,0,0,0
34.45219921211491,76.67184027230282,40.59711256509026,0.8693679864742965,0,1,1
21.620668390646106,92.64961774761048,40.663115067532715,8.57858118033835,0,0,0
27.177366051607837,62.66296543679275,32.1358577372779,15.244015458521648,0,1,0
28.78345593189953,77.53918952888719,22.900731215797293,19.063651938217706,0,0,1
28.120616313611574,84.04333544849034,43.23388762928252,19.709507980088645,1,1,1
21.29048235549415,87.71672884477829,46.30037088016253,8.439387612174833,0,0,0
20.85540371005429,80.40565266054477,1.1903021629171506,19.00768588758235,0,0,0
21.582251411915536,91.81212104425089,2.5777436633125648,0.7083794656172748,0,0,0
28.783815258089188,92.96970064093551,47.93716484542186,14.918338759971126,1,1,1
28.165173314514817,62.251172811775426,13.858030692209738,12.854920692672259,0,0,0
23.506111880551163,74.0829688839481,43.66847198247093,4.990437151723047,0,0,0
29.566612127683875,60.82106576024041,19.439755948070133,10.146370013592978,0,0,0
32.30101253083474,71.5295830081055,5.95500288046778,2.5910747552099123,0,0,1
20.623684397698906,78.79038762897108,4.022160010466713,17.43194301903122,0,0,0
27.471949153220635,91.87782256784821,7.8253949540228245,7.157961710912959,1,0,0
30.339656181540356,89.6294012862891,12.494659743368237,12.52088940931433,1,0,1
23.784678906045308,64.4624904335195,24.425917696541312,3.175525725745245,0,0,0
24.616563579397237,63.25606311593135,35.07489502828918,4.123296892624142,0,0,0
29.204568544840757,80.62435685648335,49.319928824265,19.83912741606304,1,1,1
33.46902940165605,78.6241290360574,22.075337164458553,15.061727888826585,0,0,1
32.14886630454349,69.32321745005083,25.90924711715549,19.239437395481417,0,0,0
28.746953286493753,91.48085795938422,26.09078506916278,5.917023304240883,1,0,1
30.953325766358738,92.45782433115437,26.971717774396804,3.2912575323964077,1,0,1
25.47233705311698,74.0914003419057,25.88703285522311,10.06136926957662,0,0,0
29.61448292148137,91.16058949897321,0.43873775309589136,9.893365644546869,1,0,1
26.992723866913355,73.43821129920404,0.08624110549203534,3.4989302751597573,0,0,0
22.849042046863413,85.78858911403951,4.883315906306146,14.664391391628204,0,0,0
30.52607410815886,76.65797761417035,5.077830171458942,7.235550688774682,0,0,1
28.34696956023233,64.29041047775141,35.244845447739806,3.7273046186103453,0,1,0
25.37932372930387,92.47769704329576,10.245801625799988,6.639667890865768,1,0,0
33.67008785117946,75.89338076821377,44.73570523778064,11.273173992700302,0,1,1
20.314011767401,85.70704641128413,46.430316478850976,14.529418643608864,0,0,0
24.73659726874244,72.85108350509523,48.794666894794936,9.637817721149691,0,0,0
20.853220966664697,60.660830750168216,46.95406524435101,10.51189979656747,0,0,0
31.497909743324406,63.518562554214256,13.594416095926231,2.778918718854968,0,0,0
30.531611811706888,77.36768178214736,25.488842235175625,18.293818494164643,0,0,1
24.970283281044757,84.14875249942268,8.77274850984705,18.57448395984089,0,0,0
30.134943533106096,71.71573643027477,40.31048275862166,13.668531808360074,0,1,1
25.93905839293925,84.34209607121775,44.421585257204804,0.3526281786804941,1,1,0
31.343806871336515,84.45224563011845,42.56444196487574,10.74148431806652,1,1,1
26.812754941050592,84.63775675647408,21.668347434841746,12.58437944177227,1,0,0
26.184195917474984,77.2382648907178,37.93369423433905,19.8930844591622,0,1,0
34.02094873232451,92.02101525425263,4.878958478813472,19.921339103895935,1,0,1
23.763186498360504,77.12187812932154,2.0122385309625344,17.15222470651115,0,0,0
21.806710099948482,75.75928177238234,37.66182071543804,1.2766198405222706,0,0,0
28.768146698891872,66.97832866537195,21.267763716434185,19.065527815574598,0,0,0
34.539827184262684,70.76792805747178,49.777463236978456,12.253224943039982,0,1,1
25.667588205907798,61.481707238140615,4.86271079277662,16.01773540958359,0,0,0
20.930551454431722,82.17373527656596,42.78138407676168,8.14385699371707,0,0,0
25.08957900964351,68.69875103744825,23.999153276449587,6.3933894246917955,0,0,0
27.588974814793374,70.64543390699129,41.357509775193854,9.26488290967616,0,1,0
22.428845099483205,86.97850825825124,40.85636410850724,2.9374902593765384,0,0,0
29.87153327084738,71.45274141065089,45.79960006810387,7.141322775066121,0,1,1
34.96624083515301,68.47685622045998,14.89250056430514,17.152349995365572,0,0,0
26.77609213972166,65.9170212196797,47.48996767310015,0.7590097252176298,0,1,0
25.32092835095319,87.12004407636846,7.583348017881014,3.0175609364920897,1,0,0
26.010562502517,64.53971902965094,4.098438879674527,2.5023231929897105,0,0,0
21.727192675928016,75.88138160876237,21.580775868617458,8.061510854004561,0,0,0
33.24910402139336,77.7425540627018,41.41614843209213,19.939738017817234,0,1,1
26.22238483282028,84.058646944,23.67105653167228,3.4671586042276537,1,0,0
25.80911617137262,82.16492188165483,41.46433387652571,2.909652991985203,1,1,0
29.895354093957117,88.37522355308111,36.48434028971526,18.30111459552309,1,1,1
26.630501313966853,61.566300187418335,10.471419306946677,17.641010339319315,0,0,0
29.723502032117693,70.37542536727891,47.44408124497319,0.6448073999310888,0,1,1
20.92169435196181,69.80469415713829,3.0390584314701705,15.0341192035863,0,0,0
32.20585015583341,65.11059169572378,44.913985377189746,13.10931402952859,0,1,0
34.10755929319104,70.12123888497551,15.2221724495187,15.35481619705418,0,0,1
29.73148079239079,70.84178599500162,25.007404158219966,9.890049095918442,0,0,1
34.31848893288216,78.26595616746174,21.117593635036723,19.827584368965912,0,0,1
22.271484715549448,83.22965676241895,8.59172784584581,0.8769403742192639,0,0,0
27.161242842205304,73.3385179764135,17.907343320084657,4.687431728076115,0,0,0
29.02710100918171,85.18145809596834,9.646721814639763,7.930919739472301,1,0,1
28.7260497113178,71.7657868502853,10.194323773026193,8.995558831314064,0,0,1
26.021926686335647,70.15992870601661,9.352841801319018,18.42734805399037,0,0,0
25.071266140493922,78.94158195499585,24.450869017329712,11.200087281545176,0,0,0
21.902360338256283,60.83007261070267,39.89656837556578,0.9022199104078776,0,0,0
25.87613675843417,62.79261932719001,28.44850168806205,8.157259268513236,0,0,0
22.439912226582276,74.62893402552845,44.660329427542095,8.329808247381399,0,0,0
31.015485147383274,93.00194489871149,31.82722442883621,19.309818768755697,1,1,1
23.13246403241885,85.25291229451983,34.46700578163022,11.983941820422164,0,0,0
20.878479579268006,63.08442993251952,33.38036148635016,12.713021423178777,0,0,0
28.285492067258517,89.62113044733059,22.472959659187058,14.265060625025416,1,0,1
28.928445990791026,85.63052697128634,34.46694111000414,15.400786313642465,1,1,1
33.07869591920758,81.38312839959286,3.485387323448058,12.701021404049783,1,0,1
28.654724186265227,88.71025362132121,42.992573595783156,4.7438870226787095,1,1,1
25.182212805851684,74.1438446710035,38.89060717219587,17.480918286823282,0,1,0
32.045178222894805,67.75253677988485,12.261497911583941,14.642396008212604,0,0,0
28.104183397811315,77.92081861880658,38.40162271270412,14.837409701939118,0,1,1
21.189204269467876,79.20946144577158,0.6321300700009247,19.931134784694983,0,0,0
28.4877584046987,78.84142302034692,10.862328624044022,16.050530697266318,0,0,1
33.620278181324935,79.77758270180368,3.256861933544797,16.583028063103065,0,0,1
25.944689382473307,93.20467213837134,39.01134583089473,19.02811031420317,1,1,0
24.444887028497,91.5785968083681,37.79370755891936,3.0226799969778773,0,0,0
22.1520418552703,90.65009627956287,40.681801190091534,9.954547529561356,0,0,0
22.27168282903036,88.04958838180195,0.22408466627644175,11.611340471815751,0,0,0
26.49157226512728,93.019983754285,25.0616363339204,6.585514584449152,1,0,0
28.935197362422944,63.447312458779116,35.24180987586683,16.78806687789011,0,1,0
21.209231077544025,69.27931415060088,7.770056436950773,15.248392432914468,0,0,0
34.093528835377484,77.32695809791048,32.48953637563123,14.41766149016248,0,1,1
31.32700426167794,89.62870725931919,4.205504965484286,19.942988795163338,1,0,1
28.79935877425494,77.68079990329564,9.066292805215658,5.18762746816781,0,0,1
32.42658006408486,86.1812158769556,23.78984074973005,14.709145033508426,1,0,1
21.202801352181698,64.86359668371207,32.6782576340551,11.028089498118012,0,0,0
27.152583165996866,68.8344834541796,7.293456347694804,6.259783649877521,0,0,0
29.45139690292495,85.61216332631854,9.261166541546896,3.2117374144625166,1,0,1
32.42979359177434,65.76569031107034,10.22231835328315,17.91767674135094,0,0,0
31.752043400739016,72.29745771292244,11.935040234948923,11.909109654156907,0,0,1
24.156038745700997,69.270319023475,11.327692426314561,16.498676752815893,0,0,0
34.11320254338806,72.24515929778674,19.757455424881837,10.906899680030897,0,0,1
21.865187621463054,84.79134171772895,32.68948254183614,4.399541613080391,0,0,0
33.12700427931728,72.87465133999804,21.90158915672348,6.750976262006505,0,0,1
34.56410374406928,79.4342162912779,38.79869543749441,7.63077684947093,0,1,1
22.657302848339384,63.49761569690434,35.96342529743074,19.458696250074045,0,0,0
30.830990963056777,88.17561926321197,6.326345702453784,0.11266556762765001,1,0,1
20.604282781669976,72.94610189768437,2.4420811660371964,19.71332046049014,0,0,0
26.081342377087324,82.69869556616699,43.89707819998031,19.609232702196614,1,1,0
27.74424948796511,85.38863605816414,3.991553328143671,19.92301581060273,1,0,0
28.709678388644512,67.33813227390951,7.416959035985654,9.531763578392694,0,0,0
34.03905872372839,90.96362447336725,1.106663777905903,19.27617939241999,1,0,1
30.08376030941292,81.56784880624335,31.41681826493269,7.911983636996547,1,1,1
27.219169268288553,75.00537996130186,29.118528157917428,0.5258888133677342,0,0,0
32.14512554398834,66.38173142523769,49.34518332176278,4.486943727435291,0,1,0
34.257992314316134,92.98053282654223,44.3466198158586,18.905924898747692,1,1,1
20.33099223023436,86.42738714460688,20.542158874045484,0.2752938667079996,0,0,0
34.73781908384058,67.28085969566371,18.57929204562675,10.9198827084595,0,0,0
21.291982085955205,71.81987711534785,14.842601713999255,1.512031777893581,0,0,0
32.21580168903142,88.33859903308256,7.6203460018940685,5.72793156855157,1,0,1
24.205021288271187,84.34871821253687,6.904182830100453,1.7618570142377332,0,0,0
21.982694866308076,86.80245024505035,6.614185400480271,17.190572422261127,0,0,0
26.597834595707525,75.44203857745264,5.705737859338927,11.821414192954116,0,0,0
29.659348691714204,85.07666919247583,12.025602120276845,18.042129314366257,1,0,1
25.714277675352125,73.52728030023698,15.333431515655821,13.767063990804566,0,0,0
20.818481124240485,67.39420209283688,48.07894855194579,19.420582624901993,0,0,0
28.991917094880748,82.1436962194476,28.923662550094285,10.197553095208132,1,0,1
33.53604914166012,94.1604873959578,49.37978872566405,12.77421163525749,1,1,1
25.748230489208776,70.87103399883654,18.623347391283662,11.526176397781132,0,0,0
23.244991664462404,76.13393572743888,22.88133162947205,9.685208588932255,0,0,0
26.63866018899223,83.59004798744488,16.228932958263957,16.919187308460252,1,0,0
20.725440665731714,78.95271987428708,9.144382544827634,12.890502713407203,0,0,0
32.30731376720412,89.51997284981672,7.158235388878959,16.026245297109455,1,0,1
32.3951121642528,86.66099472643306,47.25395989039159,15.727278732048264,1,1,1
28.820006951444427,62.0404021351825,49.34053408993779,3.820903213105906,0,1,0
25.296543334075842,94.9447431873321,2.2454748254365775,13.003270650352874,1,0,0
31.99675046668675,86.33408588018135,7.517293736588327,3.9929603836266825,1,0,1
28.32030537182551,90.23661607029396,21.17620461505113,11.666409564875417,1,0,1
32.38898462825024,82.79191992333712,9.316673817220366,13.54869368892601,1,0,1
29.47188188874531,89.96997948163667,18.194019681344166,19.94470143175174,1,0,1
31.76608209819196,63.93340412250483,6.454817492981668,0.6108395629947672,0,0,0
28.9784448982664,72.17082424457604,22.82558783608951,1.8248478822744185,0,0,1
26.212116023234994,90.67473302615724,13.584730808462965,1.54053392742463,1,0,0
34.369187898892065,67.05793239434122,17.595252787933042,7.967225725334801,0,0,0
28.11670737318267,62.738473450300795,4.71563257313738,16.431767229716275,0,0,0
29.076342778108078,87.58416289808267,21.406402535507084,16.88112665574271,1,0,1
23.30731459122124,89.24201544751537,49.16288054807849,14.739591914423034,0,0,0
29.384761841409148,65.69282763664653,16.441652344059516,17.937564836598952,0,0,0
28.574114742244156,89.90210939739504,43.82146374212175,6.457198883389051,1,1,1
22.772575969205374,84.03687284590094,42.15995708118426,1.7630928850459826,0,0,0
20.893806460297156,78.20289391258044,47.60292091486053,1.1630605597970023,0,0,0
29.065389795721565,89.05875674734847,39.505475613354726,17.042654392387725,1,1,1
31.455384040254806,74.6737237261638,32.979841352940745,14.608725887073826,0,1,1
27.851020563830122,66.78978846781891,42.82922221137288,13.972306120222417,0,1,0
23.401589379794686,69.96984368137147,3.782234032867482,6.793526770913376,0,0,0
29.997829650395524,77.68074064026602,23.14153285994039,7.598103772364524,0,0,1
21.201585899144035,78.59657774356116,49.46281193075294,19.162270577986384,0,0,0
26.62750557202932,88.19532892544318,38.48000756473661,1.2760948819587004,1,1,0
22.4505013759763,87.6973453278317,48.10376890186115,15.474634738755853,0,0,0
22.76688576589825,80.34782950216012,38.981717806673956,6.192666474167863,0,0,0
23.034409237373055,87.32749191779168,43.74409837210721,0.7810923682511217,0,0,0
25.80060585565967,66.71207104027849,35.32648161515955,14.85140221484912,0,1,0
20.767253084305963,61.7522584482653,38.025100220861994,6.618237713567492,0,0,0
25.96690161393647,90.5771837922145,26.158900491975036,14.442950374855933,1,0,0
27.675611706720513,62.644407281696935,46.21188504070665,14.153087662362402,0,1,0
27.249414274494878,68.6340950410399,41.25194553116808,10.695737508662301,0,1,0
25.74176150604561,84.33616323685345,42.19424828328161,15.547462584210976,1,1,0
32.58719912106129,74.33067781695581,33.650455048152615,11.62076648342487,0,1,1
22.179900386307562,90.67098894704282,15.22899735436245,5.732737056965213,0,0,0
27.58545115672061,70.42929281317943,1.7814897695069665,14.68230602128838,0,0,0
20.930621254348313,60.41549713342758,46.782756470477224,11.782796317554471,0,0,0
21.067335183168645,70.52294741962605,29.306017440274847,0.2545456337984109,0,0,0
28.607987745156443,80.2326267214691,14.907148557407012,18.032883555406187,1,0,1
28.490276373317315,73.15784313911527,7.45675539237689,10.912872366486269,0,0,1
33.17050269266686,78.72054645155643,41.47615827503773,17.372545309590635,0,1,1
28.3681051349011,90.68093415922566,41.82600972237894,17.654736779644892,1,1,1
34.396865306072755,91.9369768980629,40.72539840652657,8.89933313470177,1,1,1
20.730422725998945,69.30909226289393,32.25413459833931,10.15319992902462,0,0,0
21.470115271711116,76.17491656444653,18.300769379593795,8.315087753512039,0,0,0
20.66098792355572,79.2200405334508,15.20351423901285,8.98873550616091,0,0,0
22.7791527550031,93.21893599108864,0.42773850590850926,17.902943179434555,0,0,0
28.119051664125173,94.95160617075346,41.680377934412014,15.762880279358221,1,1,1
29.68358272141142,68.23925370945344,4.371634874682123,2.5305135263115597,0,0,0
20.683777369230032,85.44429549710354,31.53774990203838,12.206155630801918,0,0,0
34.189563347683986,73.23108717816183,25.20374734200442,19.918132807726845,0,0,1
32.63248064975571,60.28378689101746,26.33446794631756,11.911014024649715,0,0,0
24.449187232356397,60.323838285256585,46.335642265388664,15.71743251186211,0,0,0
21.15781295339702,76.11981026467895,1.5807505635621055,15.381229467623418,0,0,0
22.54830609828586,77.09172195515171,38.669611231438616,7.006350517446571,0,0,0
21.90416620632459,60.78993938007049,2.6026199183653564,7.436986054079178,0,0,0
21.849256689484204,84.04245958710058,1.90768029676886,14.481528435808064,0,0,0
27.778425329986007,70.29011860082336,21.490884907069095,9.999670632096702,0,0,0
23.687711637401005,79.59625855375823,3.153758717148336,11.41141418260776,0,0,0
25.372095747937166,70.53216756078966,39.457197564645604,14.258115807296752,0,1,0
34.84258000076484,65.84970102042575,26.47815468241686,15.551500540781005,0,0,0
30.26471373388017,74.25108085096063,1.4519391329887221,5.430331554661427,0,0,1
34.23471000570502,68.12956776766752,2.0250343240959756,2.9358751887392587,0,0,0
22.138348325496736,78.71803419217088,30.63342648697397,5.835892934474504,0,0,0
25.732092122488538,66.9589985600268,40.30559088292024,10.15076650184151,0,1,0
28.320977049235314,77.79420918256194,21.889976563738678,6.842826345940782,0,0,1
21.15137092833107,65.50824802041036,27.72903357678122,11.367255176951875,0,0,0
20.062811654419367,83.48411483200248,39.99147270249508,1.0693144825125689,0,0,0
30.056515006953763,86.38781895544984,30.52530870209096,10.195008232275345,1,1,1
29.627292752021532,63.86379819874768,11.238011882940974,7.359698138754158,0,0,0
26.161832149994176,76.37308442130687,30.65260129347393,10.693335097857648,0,1,0
27.34466114048049,62.48050952292058,31.41397295326068,8.450667097699537,0,1,0
26.231645008881344,80.93638559397009,36.705349044056334,5.684517012750849,1,1,0
20.360075672673332,69.25415042753758,31.043709377840063,18.082158109152715,0,0,0
25.030574093261936,78.46685598935477,48.4621065229019,3.6952997684271383,0,1,0
22.656233830959348,78.11113532845019,9.864415435853424,13.627311511611193,0,0,0
21.47636283652053,92.35240211678301,47.55453397835382,18.49289425164828,0,0,0
34.35080650834025,79.2179127899053,26.91697451750081,10.773399193708661,0,0,1
28.990395875632483,80.40494679014105,33.5978070247456,17.528169771589642,1,1,1
30.92984426354904,74.0578594017533,4.9730798726094925,2.4970295686656874,0,0,1
24.730456148991763,93.2177861113986,19.02879706890535,9.875775405128163,0,0,0
25.89720694241023,87.20150683038634,38.468957323158634,9.140505609618788,1,1,0
23.553859908450853,69.98918516059945,35.345550754949514,0.16237614073989715,0,0,0
21.45448506448137,89.54733550216812,2.006969408270509,8.86514682718669,0,0,0
22.685474561623757,75.13387260647815,27.32971317486223,7.380595127651956,0,0,0
31.962710679447287,89.0033500236758,4.413909648420472,13.395974555492307,1,0,1
30.16318707775664,88.80108239027257,49.792821458908115,18.76659557153037,1,1,1
28.20393313978215,66.6104565366999,44.864829426664734,1.7158217652407304,0,1,0
27.12634809300152,84.53993959842519,1.0540330214268478,6.549527734292462,1,0,0
33.836514254841866,70.17250392572859,42.93247894513154,8.881294747885038,0,1,1
21.091024216680026,70.41224344974339,45.97148002792038,9.103707560687667,0,0,0
24.20901219856874,70.37218269082032,17.677411128172754,15.496194416845075,0,0,0
25.24906780356071,85.39488866459818,35.975082752388296,8.867913316668815,1,1,0
31.736387183191816,68.04391146273876,22.105187310388946,0.5432260290730673,0,0,0
34.88771930242957,60.031704233613155,32.761624228817205,14.202081891856626,0,1,0
23.610057721357297,85.03328987189215,17.015870214909572,17.696593902913435,0,0,0
33.11461001205621,65.99146603422939,16.127961831663416,10.278094250993457,0,0,0
32.45934140647687,63.65688383577421,21.221694442878952,11.622170433970107,0,0,0
23.3698609646265,68.3130642207921,7.278387932625058,3.2587287793809216,0,0,0
25.989988702988338,73.29651828129464,41.55694822176913,4.412918893579141,0,1,0
26.14509303938779,76.65672146156203,17.434894768081833,4.703404782492235,0,0,0
34.673310027898374,61.55995142494208,20.00747769529226,8.614839497625905,0,0,0
22.713378520683474,93.97006664195762,44.70273063510723,18.562904417912844,0,0,0
31.98736956657173,85.06220686968453,24.83119070315857,10.435695334297721,1,0,1
25.01289071259665,71.31179228635176,27.212695467543146,3.841952904027053,0,0,0
30.963055186642407,71.1544040049889,47.82490623885492,5.321754717378992,0,1,1
26.300165064434943,75.69898922789608,44.33631915724946,7.680300594543685,0,1,0
28.675396446748103,81.91856879670615,8.473335444421975,12.465179513855988,1,0,1
32.48917659989196,65.12305733061388,23.660751495905252,8.800663060080108,0,0,0
32.06248347475826,66.61254348177333,48.564811371427275,7.848896883538499,0,1,0
32.996347753095506,90.08021039917428,18.618314911430133,11.294572007979895,1,0,1
20.894259880169884,68.96892233611754,18.578655425810002,4.836699899089309,0,0,0
30.380758295596173,73.30682492913121,9.751511589457717,1.5780654516916437,0,0,1
22.09981065082644,90.49451478325409,5.716155705956261,0.4882862964444423,0,0,0
26.237278520276163,83.21017402899379,37.01523953779909,5.025183269342541,1,1,0
28.228826225820328,71.9599157769591,38.501523435075825,1.831840682889374,0,1,1
26.041092271202462,83.92948410036172,48.45064817514999,6.726812770415336,1,1,0
27.794175137045112,60.68891253834948,38.67091054526815,15.458670807195112,0,1,0
34.94789463197929,85.74749310039778,12.167624701679935,14.325886609736767,1,0,1
22.02825970569282,77.04556141806839,2.0058289144257726,12.218552455760577,0,0,0
30.131840680046384,88.46137515495614,49.27186921848301,17.050004877589576,1,1,1
25.94001449578423,93.41231782022639,17.022534777180287,5.641352490885534,1,0,0
21.99514698360993,92.40259923230988,15.598577121621037,17.701075060599315,0,0,0
22.381051450614642,91.82427652093693,45.29776048746913,7.984783393383584,0,0,0
34.23909659368425,77.92594845768605,29.254994927249307,8.01786636533253,0,0,1
33.19402245067643,72.60497399486283,10.743558692456729,8.10703227251043,0,0,1
33.605629406225326,76.27623636557354,44.45481213581198,1.961887324819629,0,1,1
34.8729916374108,84.14636011596762,49.668042752737165,19.509809966621113,1,1,1
23.12473085012777,90.93992219049153,4.333928057541536,2.7701355565031838,0,0,0
25.331590060460925,67.24452060500418,43.11258141512436,6.8177144893836905,0,1,0
30.038285448873,92.1367605461596,19.5257848842197,6.386006406535143,1,0,1
27.257038097909707,88.53130811894611,26.203622325335218,1.4935886563341927,1,0,0
26.275843000675003,94.25996053123822,45.74079878824904,3.0452026022375334,1,1,0
25.367168740033897,90.80881206485905,48.66895978875586,0.8971667237077163,1,1,0
28.906709479151782,69.79780653921674,13.108195520439969,5.848089871210269,0,0,0
28.63390142960123,63.70845689704167,10.64253854799569,17.33313848057813,0,0,0
22.4218675109636,63.928437519705604,4.025827929575593,6.78884411474769,0,0,0
27.076097562776585,70.19281615023966,28.0898926331069,2.4738366413475843,0,0,0
28.30207664314775,81.49643033945887,0.6802197725334136,12.91387736767836,1,0,1
28.55430408097086,88.15121141340104,20.59491488049683,19.93201824109821,1,0,1
23.151607893685277,91.47376074435476,3.6692008326004277,4.646475790638551,0,0,0
31.134070883784304,81.83136845292314,20.261289146466698,5.591420107411389,1,0,1
20.377986422316045,60.19709594618188,1.9966094632804632,19.43694108561577,0,0,0
25.32247783314744,66.52108717814868,41.76086303043844,3.5755257510097427,0,1,0
31.703189728034502,63.490417134867876,10.486949696928294,10.224281349183277,0,0,0
28.458393815831037,72.71635664491535,16.4154355178956,4.793042660321898,0,0,1
23.917436487662904,77.5472847771811,43.5023998303196,18.647037958024878,0,0,0
30.424296790145718,61.51890125024963,37.31330306661025,19.63042029152588,0,1,0
28.5108641623411,72.19672915284794,10.951918082102925,16.29395692240031,0,0,1
31.94365414184581,66.27128861188629,3.5949709328748023,6.295676316256211,0,0,0
31.02537779284735,82.64745581906058,35.78368884276698,8.0697495056101,1,1,1
29.15161883054352,76.2495329263519,19.535127534405465,4.846113673328427,0,0,1
27.322665129662212,77.33611764268682,38.30399995591106,17.81515934017983,0,1,0
21.99773188501285,74.96921258117113,22.26473861876052,18.29116555376316,0,0,0
23.919995268280758,93.46068986702984,17.30012064861382,8.377413244920945,0,0,0
26.28649209375628,67.51572937925471,22.560270410619825,13.130661398060038,0,0,0
28.98948930509583,78.0832490945356,37.427949283533835,3.311063595493877,0,1,1
27.70561782822957,85.76060789278677,45.11101432701871,8.69871800726818,1,1,0
24.322767889392942,79.4895544597097,2.4883598294287768,12.629982133469952,0,0,0
20.09696536684566,92.51573100008804,26.205577061347757,7.708062370360391,0,0,0
27.44358832851221,73.22889244744495,1.64177145419388,7.151990513729198,0,0,0
24.284389828433646,76.22865320206122,23.420477251217935,0.01997984533885333,0,0,0
31.019124510658024,63.098281032515494,44.26414145484502,16.085869275542283,0,1,0
20.359193979057252,81.3149688868175,18.079513321015483,17.786752240428964,0,0,0
28.772417169586863,70.08741889568371,46.62252105403216,19.38927059091664,0,1,1
34.12211356259098,65.6108163830449,31.53042358253047,14.38542770138431,0,1,0
22.616139006672494,79.05859525165778,46.70776718965032,10.97584624739769,0,0,0
27.07474236125893,78.63085921829688,37.85833127062598,5.385690396174187,0,1,0
21.37132987725707,62.65550744284167,5.171758332438115,19.985989519269967,0,0,0
29.38522868392029,84.43754087230656,11.557568378133853,11.79505709064211,1,0,1
28.257975208943385,81.83202667277985,19.70852272917531,13.623081446608925,1,0,1
26.110482863192484,66.61560489612741,8.505344100603802,13.648123239106354,0,0,0
27.82065532210612,76.43022017539153,24.745580238833025,16.90503591514363,0,0,0
33.448619877035156,85.2113020767496,23.56840778507453,0.1934507769383842,1,0,1
22.944414534666006,78.53025091894467,47.81295990136906,4.404938808627437,0,0,0
20.33846767558021,73.84211766642495,21.686394144798886,13.310680003400279,0,0,0
32.92497327048652,71.28184603283303,39.28134021439989,17.902914736491354,0,1,1
28.656756235818598,81.36378533254188,47.09552724257399,13.706775638427125,1,1,1
33.359876831927636,92.86880444085841,43.849441548699275,8.269825829873604,1,1,1
28.95417835119759,83.51106941671192,10.433381225579591,7.231109917405232,1,0,1
32.15241634939554,62.616106627271044,24.801494712677215,14.758960165666409,0,0,0
26.445100450327217,76.12397407187468,17.386989114796286,14.824753942743868,0,0,0
31.247898969324034,91.17884460287196,19.992934756860777,12.141159850113807,1,0,1
33.695622003347836,63.306184903038044,18.040341312287563,5.8293404819467405,0,0,0
28.581844455833092,94.61064992481403,41.317960508750204,18.503096367810873,1,1,1
22.711777258435692,93.21742877758975,22.60695275612237,11.037598842372782,0,0,0
24.031964225452974,62.73960682554566,26.18471661223441,15.809847124966613,0,0,0
22.979668653461086,92.66946621573442,49.12236785235373,4.286165243236633,0,0,0
23.702855413935993,72.70964065908117,2.998963609575822,6.880815772294557,0,0,0
24.596231740265544,89.56482084765518,24.39788198953744,17.49159032774685,0,0,0
28.327006801297827,74.6434168199645,38.7030853473058,1.0021405987993681,0,1,1
28.81987444195749,75.42992894458806,7.558097909411327,10.246306225133242,0,0,1
26.397496208627917,82.19850818421399,30.576579730738697,9.63410959688018,1,1,0
29.23131169731253,87.10670967465941,11.973238976723339,15.024603778161643,1,0,1
21.22362388417049,61.182620283188704,43.370205661228376,5.6378754119866485,0,0,0
21.3168235558724,80.7604598434497,16.354983270003963,4.381336437191989,0,0,0
22.57744190536488,66.53565479340799,16.45314084504548,18.522656775464675,0,0,0
27.77116247060517,72.10823312521211,29.909693925894675,11.434193039169296,0,0,0
23.209920180474704,72.17890331543258,9.178145405995435,2.09379136567309,0,0,0
24.24926605238866,76.41711190774038,14.244431945153051,3.8607232442864214,0,0,0
26.00469254259491,71.69477441566607,20.831592505970576,19.976521190284966,0,0,0
32.1779918601557,63.75763914577337,17.68189315700552,3.9121799250438483,0,0,0
20.207932038692903,65.09700584839081,26.24386090027912,12.209510227073574,0,0,0
29.740682303549335,61.170329494638416,29.982007203448312,8.402561579912362,0,0,0
30.03314796561028,76.4587179865064,28.33337268750823,17.711981896996708,0,0,1
31.97983670534955,93.4056693198546,32.70841559959661,15.103371845906555,1,1,1
33.9912940859047,64.04863282768407,15.387475830391011,11.939027925236317,0,0,0
20.302067734239348,93.11925725510787,6.321311357751402,0.21477963595964988,0,0,0
22.306755582698244,85.66765301562327,38.040377071553856,17.59590414986919,0,0,0
33.292569410839896,82.31245810269571,42.5390191315341,8.893349416774326,1,1,1
26.87777843280523,82.5847214363247,12.850311611121612,18.63155306037153,1,0,0
28.468859584001954,88.93546769386987,20.354597807900987,9.910780257084024,1,0,1
29.94540805584721,63.74219525329375,24.928460848177764,13.88448978365451,0,0,0
30.185999067434558,77.66640132479395,26.66634213764682,1.385852989332843,0,0,1
33.97610604974762,84.39818983912654,32.974508554382595,14.903033070535717,1,1,1
34.95424126117504,80.53871557757472,2.0801616677660673,6.759920626238458,1,0,1
30.802361913964106,89.14726748581532,36.07385413670085,7.027180286635617,1,1,1
24.30831813807726,62.529509815397304,3.0985503489705133,2.373116894187799,0,0,0
33.19628603441515,84.1745363824708,23.414428383643394,2.9371429728040455,1,0,1
20.738313718111424,78.69097056346513,41.383556778459706,3.7151811241242028,0,0,0
23.466212793117442,73.27063023929801,22.560765663919813,6.5641233714284475,0,0,0
33.46078576195572,71.90962437819108,7.4544874384123885,17.83939825551211,0,0,1
23.842872716590325,81.72914214709675,49.251692250297985,7.365204764601609,0,0,0
23.309765894326226,91.18483811254927,44.46427310371316,14.487254131264368,0,0,0
22.071879397103707,77.36615741353904,38.5656816612507,1.654950077797428,0,0,0
32.886676364703746,88.8653107426922,20.57558014496052,11.821975985439853,1,0,1
27.5008738878663,74.07547336453887,9.19228634446489,9.63782462540879,0,0,0
30.123398045812323,63.58380619776118,47.070559070925064,19.55915893909009,0,1,0
23.585995761125446,62.15270077605235,26.61755632585695,16.92415539757926,0,0,0
31.370606315168246,61.79670299632871,42.617773019374255,9.096595448772995,0,1,0
31.40008317443148,73.30525496851845,17.10475028797129,15.502855280906775,0,0,1
24.688970373624503,71.80332127925448,16.76441585397353,3.8607748258755503,0,0,0
26.160239495154244,85.12779582678994,49.277024033701956,11.24672654783556,1,1,0
23.145354161453014,85.9987525554703,26.091652424742488,1.4923811113741636,0,0,0
34.64841534984356,61.7798889091809,7.034771193037315,6.961780645033661,0,0,0
29.684038655876172,67.73931420111552,10.98373389973537,4.517243632443407,0,0,0
34.018158210732736,69.59916475556149,24.097213969636037,14.378196306504218,0,0,0
24.550783154437,79.16641944499833,2.123545524420567,9.80181382428723,0,0,0
31.728363694953345,65.05803283674327,23.126699268915026,15.02140957696021,0,0,0
31.48787965827113,64.68794267900002,20.947042104006382,10.305908752628913,0,0,0
30.374834777998124,93.03261112227852,38.966813265974345,1.7296888430327706,1,1,1
34.48458462900201,88.14710175542234,17.74709822446209,14.707352994650535,1,0,1
25.903330041594735,66.32292157319097,49.12743807697997,16.66458527975611,0,1,0
21.96075985384636,74.22987327669219,9.038495965045158,18.07062451825585,0,0,0
30.075632888660913,72.4467699740148,29.549334248406744,11.439838906134163,0,0,1
30.939647007158094,87.68514259228925,4.484964850412732,15.071707179989902,1,0,1
28.62590860188222,77.85745207673428,36.6931991996991,15.040886737652542,0,1,1
23.102268397000945,64.47474079477135,49.73768440309858,3.114995195978887,0,0,0
27.56683912504033,85.86472221046853,40.95693188758161,3.284413749191415,1,1,0
24.68284604853694,73.89107923787216,27.785177036015064,1.4177101161825223,0,0,0
26.411997922500337,69.20234866712515,24.237067869984603,6.398272702806029,0,0,0
29.67827863766996,73.1424517707252,41.751498063342346,9.47017175482129,0,1,1
31.178221140362517,77.42147972624137,46.79870423553621,19.95795705508434,0,1,1
23.483370363520148,72.00904307459533,49.46032628990465,8.61986684136339,0,0,0
26.0798804097043,68.46670204071152,19.826961378224205,14.524851770147418,0,0,0
24.037423564874437,73.9475710081393,49.545873739725614,13.867940525450692,0,0,0
22.979474207928035,60.67105187624644,7.796312608691575,4.089639005011591,0,0,0
31.750808299937574,87.03742461337099,12.67748879659546,1.1701430289887282,1,0,1
33.63879041655488,65.98307127486551,4.45080623669481,10.92013503067175,0,0,0
25.55348278526865,61.5366614770723,13.586925824224084,14.00611184628952,0,0,0
31.269183865606504,82.87945425167777,38.39687758090056,19.96503580372512,1,1,1
33.454929340466165,87.08776450882853,42.64621790892249,7.172221045623415,1,1,1
32.69186315795348,88.48401960574951,38.94463225512859,17.927291241621933,1,1,1
22.74220082808839,77.272821393121,31.553288908384815,7.6386491173837285,0,0,0
34.34437822270042,67.18788646414949,25.69832562613228,13.788234168610256,0,0,0
25.650146606441936,85.80296870374394,35.435214460682324,11.965058610341039,1,1,0
25.088609917607545,84.4899577004018,19.54167746336109,1.0595758660519383,1,0,0
20.936469909166703,68.61947569361107,42.06541757498509,1.56776853940517,0,0,0
27.292604811573245,91.61927145519775,33.859504698839274,0.41528179448921954,1,1,0
21.63520423461393,63.65300103289901,34.890234924720424,7.4166816918797895,0,0,0
23.72809731391139,94.39408838569639,26.79679965645356,14.916020975320215,0,0,0
24.75413932650922,90.10867338421126,44.26144921055863,3.455107879814454,0,0,0
32.132394852375256,84.07645259176763,12.600736683952624,12.117059367677916,1,0,1
33.13232975593845,92.85624608979415,19.057382668052536,5.776555600621558,1,0,1
24.536994761922045,85.28089089132978,38.88212848388445,15.939852479581443,0,0,0
32.88047181866861,66.66599489605161,24.637444806466885,15.967922980059818,0,0,0
32.858464060546865,75.47546483394841,44.460700671209544,15.508290299328472,0,1,1
31.469764255773104,62.502605851607235,17.319965988142616,10.496670276027535,0,0,0
22.200426710227724,73.63800978008403,18.46650844098224,5.691334201597034,0,0,0
30.354842703510933,85.9561056908023,44.436789469331266,16.188880877572693,1,1,1
34.17536096870853,73.5255172825786,23.218516009102053,3.7220112387848303,0,0,1
30.238107181507356,71.5602961413847,25.806229210124336,5.79519204057312,0,0,1
24.974252736617508,80.83745028786092,16.63818576678397,3.6789541232124323,0,0,0
27.50868976146247,90.52715851496133,13.833497108954095,13.484203207752953,1,0,0
29.685875650265807,61.665411739113935,32.7974355419196,13.724720562316362,0,1,0
27.658556130927554,73.49146521449074,5.992033077060194,13.05019985573506,0,0,0
21.799294125964547,65.5384259635342,43.96363205914546,8.312029337293357,0,0,0
24.680960669780312,84.33739877561544,38.96015683825539,2.0034201440286648,0,0,0
32.03594045830449,63.700359615089724,9.53741318529014,18.223391690300424,0,0,0
32.92127069143276,83.26827155030855,34.70099729122827,10.154619280244763,1,1,1
22.059500490733555,70.01633047792676,30.131646064281743,8.13944389822183,0,0,0
34.28580128598087,66.96208848080286,9.226752536832205,11.776497864965865,0,0,0
24.93233926772914,92.77233952387448,13.660175302511623,3.8558087163821164,0,0,0
29.9347060809608,60.648360186108455,20.44932518669172,2.650975582097488,0,0,0
31.27737718935022,75.32220451613492,34.962136762273694,8.11050442915887,0,1,1
32.17919351956825,60.75694473616278,31.936170440850297,4.54441388199821,0,1,0
34.186245533388956,76.92575668365151,26.611742383834898,4.885805890743291,0,0,1
24.69379322043234,77.53665822280463,38.42052715570171,17.850229755570588,0,0,0
32.87759681827332,71.25818649881614,37.896886980308295,10.615183543716498,0,1,1
21.975303551543107,64.62566221337583,30.892957703112796,9.669381286467022,0,0,0
30.575613595303892,73.17356382070663,39.349504169241264,13.789591874571947,0,1,1
31.12966594270979,83.5292028976398,16.71316873896046,19.030962273534794,1,0,1
30.165848618019808,87.38385330255608,44.06247641613028,2.2439712894112818,1,1,1
23.784721042027293,78.57627108358498,30.74550429009704,16.670691342185144,0,0,0
33.09564720522805,80.64420380539144,41.11817569062153,11.680383597356919,1,1,1
22.532876950555924,67.02157298936284,27.313955239514197,2.9233070762367452,0,0,0
20.80452187281246,70.05656166296774,10.921912249434019,5.942986373779833,0,0,0
30.761974859178682,65.66634635183254,27.12050643391543,9.64722832929479,0,0,0
27.132135728491004,68.7253372501614,18.555583188829406,13.82354289154846,0,0,0
32.736470299380144,67.87103730789362,34.87495180185473,4.852140339069044,0,1,0
25.750957115873884,78.18070752369331,23.789689586736788,10.697576309351797,0,0,0
22.524178827615692,79.69410645267553,41.805640246384385,13.693432548317235,0,0,0
32.54663288704805,93.07315972875266,33.90362561609584,8.974815016950124,1,1,1
28.233644474601075,66.84497264855331,34.2272216515662,17.260519222403516,0,1,0
22.837936885855324,82.45864985565235,10.857766674553249,17.38918205680809,0,0,0
30.805759978796686,88.6040744145633,49.21248832456452,9.413824352808914,1,1,1
27.666704577342507,79.60845123240684,42.083760463574436,19.45851420817799,0,1,0
29.064694733604796,68.92512783753764,39.450244228034734,1.5117018481089461,0,1,0
26.913475073098727,69.1892580507,16.510761258001374,0.06724756645873242,0,0,0
32.4306347572701,61.373856857484995,26.781582642361595,7.613365276078381,0,0,0
32.443440735245744,70.69054792919685,6.855159403716432,12.021941227450185,0,0,1
30.640832327365793,86.0611287651183,26.923798833135297,12.584003148993217,1,0,1
21.581020660946933,61.66312150224886,7.294462324164364,9.528914725876572,0,0,0
32.58280792856103,67.67533488766907,27.65189219948006,2.4976662648129233,0,0,0
30.065194707993648,84.71813744861237,32.43609400774528,3.4099504357578847,1,1,1
30.455362490064495,87.39280469880069,19.50979836249512,17.042959677040184,1,0,1
25.444742606058075,75.93614435216749,24.927243916564663,17.358222634785225,0,0,0
33.1891933423551,84.4326018467527,43.78266938372929,13.477970757214404,1,1,1
30.88057400352286,73.57832590292122,5.4281572351404686,13.284359445577646,0,0,1
21.68885699793792,65.59696357584447,39.586644649982645,11.953642560556151,0,0,0
26.11667051609244,73.93523227330172,8.537727549809821,4.058517714039764,0,0,0
33.295705429402126,80.29887370711,1.8353991402314196,8.565014005198064,1,0,1
20.707950525460685,93.18186486485115,9.278730137252388,13.917893029267574,0,0,0
34.42124929463074,62.40628332310371,38.252159498524485,10.745045440066773,0,1,0
30.187438524793443,77.75879328457361,20.256303666843,0.3716066811019836,0,0,1
29.470639664650648,71.51219223737536,43.6260258423091,19.071136134401968,0,1,1
24.058388847319872,77.7909092996843,26.23537705911329,16.896321051442868,0,0,0
23.731876831087657,60.83914065817861,1.112517596316548,5.210900282194757,0,0,0
34.13087329232893,70.95588741455535,35.835680480096336,12.329178703325923,0,1,1
24.47408681351184,88.69538516344517,5.511645436061635,18.464787674563755,0,0,0
31.63257945078499,79.38796068491231,39.46898167309622,1.9202202422730275,0,1,1
25.896826973106187,75.7703872485641,8.405127490259002,10.060589615934013,0,0,0
22.08881106177056,69.99337751003688,17.27231929027567,9.12486051692589,0,0,0
20.160729465430386,70.43148829769746,38.06357148126801,8.204100105670646,0,0,0
28.16386005522876,73.40855017567046,47.71156787382108,16.7117721778585,0,1,1
34.63668227823399,89.24497484875961,18.571697532336618,7.612922933949147,1,0,1
25.537042907138066,93.85246223828939,41.47001100994679,1.2732666648201518,1,1,0
25.35788500989567,75.3529383472631,9.539613273791936,1.3167548432860499,0,0,0
25.161374267741632,73.76734935617166,40.358988510124554,0.8548921304921797,0,1,0
27.808157559572876,89.6292771536952,32.87470296281255,8.182908437480744,1,1,0
26.6099732513644,74.94168622227062,9.637175360618421,14.3681255539672,0,0,0
33.19871940090522,79.3206360303478,15.125198017570579,4.07444923861031,0,0,1
27.582811875852354,68.08295826095605,6.5885444298518,12.929370408630989,0,0,0
27.61636757282853,86.02258875226764,19.148350553215664,13.741769442074084,1,0,0
22.07557392080835,78.61959113947736,10.18243205616387,5.104042480311959,0,0,0
34.74109311365579,88.31620925841196,32.19989768152367,12.011153121212585,1,1,1
23.749593363032446,87.32564555100345,49.725255211027935,13.697366800536948,0,0,0
21.10046101189404,67.525166889451,0.600458154213207,9.332272456042514,0,0,0
29.94719373462813,85.04724426952168,27.045990664364933,6.734331945601902,1,0,1
28.93049555235309,88.001904278298,28.683329877450486,12.383031031486546,1,0,1
26.227184809891185,72.11375342738383,45.71043948404059,19.556941746561137,0,1,0
26.33288350821017,66.04131895157961,25.300266738346878,8.536828187379562,0,0,0
31.77595881569647,60.09212544528559,27.185070982245875,7.83470192570242,0,0,0
22.935689601494737,75.78162785826018,23.58264006641943,9.285338048522267,0,0,0
32.30379978417335,72.33514560385946,13.445215228074069,1.5243678689009643,0,0,1
29.731206708425272,79.4218441838893,2.801456662445684,11.0632655934278,0,0,1
26.284546606692864,66.5814382406075,20.432884110491806,6.573947744345272,0,0,0
26.87042924875803,90.08829416832663,2.6295735620339267,2.4284424466252497,1,0,0
23.849708107791436,69.02143254698385,27.52462347329589,9.325134822347467,0,0,0
31.281714990454624,67.92503617806776,15.364682162114656,0.06767973147954853,0,0,0
27.693121134579016,76.82499197695246,26.68012007627139,8.035704903255178,0,0,0
24.812818141247654,77.4597858310496,6.714848219759334,2.11470535852901,0,0,0
28.940751736414253,67.52798300747826,46.63149828696798,0.4858540679956058,0,1,0
34.93601678076985,69.51512543540706,44.72606217749674,16.48950092489004,0,1,0
26.528934194848308,65.93968337043357,9.499825460114225,18.324976065652695,0,0,0
33.810371011679294,85.14610624131083,17.172214164700495,4.1534929671821335,1,0,1
25.17525259886849,86.95311609389287,30.67463859259898,10.785965276685225,1,1,0
20.820990603874787,76.18149741107489,4.784310365295314,5.559163142619699,0,0,0
23.063631595526434,84.99304579397561,17.728391055807542,9.871548773443644,0,0,0
26.280427149915262,85.7577387178106,12.555614340950305,8.732626417883205,1,0,0
23.294523928918537,64.8396434687233,45.77583643583483,5.381021101609713,0,0,0
20.003405573273835,93.8162308692088,42.62553181446026,14.007871592705953,0,0,0
33.72502306621291,88.73611814837508,28.99163706334319,2.5298191864050845,1,0,1
32.65819116846394,67.15692114185383,26.01731684357871,1.0614556434273426,0,0,0
31.134383472304208,66.51577625111246,46.53628972726986,15.353508660745582,0,1,0
22.51721893469043,64.3981400952854,46.621389148940764,13.318600624413596,0,0,0
21.80545364314979,64.84324968896715,48.46650626758302,9.97052248292796,0,0,0
21.01407124208575,86.18566296600437,6.268944205409382,9.355795409450831,0,0,0
30.86043783159382,76.43789899330682,8.02789053815851,9.948227589828525,0,0,1
33.93211941031828,87.40269604589535,33.83683493399433,8.740481521973457,1,1,1
26.458037313695556,86.11892130225719,27.071723830492246,7.857845916623583,1,0,0
21.78711007994072,81.16144497268276,0.9232952446617981,9.993812057722407,0,0,0
27.6858923109816,84.02283123025379,3.098751799475968,10.57030342319521,1,0,0
25.23247861187945,60.642450353269965,44.404019112940254,13.838046281672419,0,1,0
25.622373865249966,70.91221763817578,43.44353977696932,14.224143214680451,0,1,0
29.31995936233561,82.32377627407936,17.863546099802257,7.552581602802892,1,0,1
30.780771698933037,60.327073372018546,44.552530846526736,8.270810454869775,0,1,0
21.65905398309741,61.15419302889077,29.68375371989509,7.4739433947244605,0,0,0
20.533853462097145,89.81607938646341,40.295282350945094,10.730715472514207,0,0,0
34.91495454028572,83.94087015922251,21.371553558010714,9.067070758283906,1,0,1
23.49092523373328,69.28794065921204,5.6699163672454365,17.791929262723873,0,0,0
20.807457873626888,84.07869940415482,21.686353132300813,13.927225338329452,0,0,0
22.8481299364388,87.73598341987422,22.864989899844897,17.97312767508891,0,0,0
20.584367695226963,70.73779990885355,27.54720969203015,14.182739831188512,0,0,0
25.877163419257574,61.26130821247156,5.2791356452214,19.41984297047628,0,0,0
32.036026766769865,92.64726936407071,49.570093152480574,12.714735565105382,1,1,1
25.11866674636581,72.08129434034707,12.206841040345317,19.271002763261095,0,0,0
26.6627511031755,63.72686171496473,9.927620176854646,3.1633978081885217,0,0,0
30.133801603511582,77.21499049876016,26.340145942796827,1.049553616588077,0,0,1
27.633411051048203,86.89637284824468,26.86040896974443,11.582503704077185,1,0,0
32.921685290319864,67.75765601161457,21.991036891662212,19.669864115995498,0,0,0
32.99053512568635,69.43215175466771,38.594607316262724,8.352104946047936,0,1,0
20.148660432367304,68.49502453795041,25.832720036430135,4.240867243859192,0,0,0
31.670694597247987,94.70855684910873,30.484772757249207,10.43082898387028,1,1,1
26.91100400362511,66.90913068056899,36.18731927038928,12.975972491577771,0,1,0
34.83260811955495,80.14320759381434,1.2512550781933307,6.303573910317779,1,0,1
27.248481138131528,92.38426245799374,28.53220912725224,14.29538716998519,1,0,0
34.80343918082446,65.14137991072228,44.209723561418464,19.502290140914514,0,1,0
31.318540418086048,93.9798969253695,0.8694371462716954,17.93926243421234,1,0,1
23.729073269199596,93.16170320384686,20.259105190048054,5.831707470243906,0,0,0
28.075924689304365,90.9600195470392,46.3113725102915,6.534473662891966,1,1,1
34.88203459217874,67.50947824655007,17.65772011412689,7.430824488991772,0,0,0
32.86295911627886,82.19192696038442,22.936441210012042,7.891055567872907,1,0,1
21.460503406868316,86.63120155364341,49.07706965221564,2.0063899838655885,0,0,0
30.59557995214994,94.51097748687505,9.96619294752869,15.239256777785785,1,0,1
25.183693788062197,66.31483377284796,3.262759456250297,7.306785272214009,0,0,0
20.10473392820522,86.81090648317537,42.97112954306522,17.596399534109043,0,0,0
26.052214535404993,71.85804094744896,43.42326706061843,18.538812462402174,0,1,0
23.52131632587457,66.14692629488007,23.60389173400066,0.4886261861537622,0,0,0
32.28303905780707,74.74819294248492,25.710358723864314,19.770061398564124,0,0,1
25.059959132686483,87.78425692520157,41.790318480891806,14.20045463000369,1,1,0
32.412855409307255,76.26974312964182,36.92797490578975,10.407844519859246,0,1,1
20.00896908252193,78.8133085071067,13.257450110850533,7.790552167451066,0,0,0
24.617287250391787,94.83057935700424,0.8446677535759228,10.370362652194258,0,0,0
23.61747821461643,73.9688254845099,23.985008126677286,6.492494479568888,0,0,0
23.503510416029165,81.5390264148234,42.94561630478207,12.453756273930965,0,0,0
21.022799296481942,72.78354705653801,44.79173383450811,1.8596055288958246,0,0,0
22.806864056157526,73.74749762150468,47.81130985380769,12.422452058236203,0,0,0
28.333243548284297,84.34742637058929,43.978161880639064,5.506897002768882,1,1,1
24.370416092566167,92.82604416332092,29.002177764904918,0.35269658104692736,0,0,0
26.26092173493722,78.98256326723126,22.230279961805046,11.054115323257552,0,0,0
25.653003205207828,86.8939975132073,38.742492326704955,11.568955117053928,1,1,0
33.13857387499842,63.12222955859373,36.99108171827982,8.53138009423072,0,1,0
33.579484985157734,67.39053131011744,26.907171504072718,1.445724651006337,0,0,0
27.3943545748379,77.57460743218364,4.366368627923456,17.86685905608383,0,0,0
24.952339254734067,60.70041032700712,46.30406733934594,12.228616144557778,0,0,0
21.602010560035453,68.84992425668956,22.780126875083106,2.3142659913793917,0,0,0
34.30104319073143,78.10904514387381,18.166689095813215,10.218611531882953,0,0,1
20.903404173504462,60.52364193897053,31.478369758438586,9.94508631896943,0,0,0
24.464754163524205,69.25912001791146,33.69189805834885,1.2080373758585394,0,0,0
24.470993017550065,77.99107868165544,10.534395851515072,12.13719407205895,0,0,0
24.806019292103223,80.0602236793436,41.84694224049781,16.16652797843129,0,0,0
22.46430264908614,92.40130925693569,14.496854683118892,14.980161084969563,0,0,0
31.74742146385546,82.58709681377127,9.334196295715834,4.059388283283667,1,0,1
21.83746792948984,74.51575308854979,20.31999264272487,17.245850591084228,0,0,0
29.523599887297443,92.56229119965738,36.52800404487326,6.850843313187019,1,1,1
21.857690400587263,87.4709044185728,48.27290892199017,18.930167565838826,0,0,0
21.05803456389435,67.00031223894617,40.46406321857166,1.4349592845142745,0,0,0
33.64144255528815,64.57948264720869,47.017418883509585,9.724173770396852,0,1,0
22.851931494780587,83.65340725099566,7.03029020382634,11.942487543550984,0,0,0
32.31875231839557,79.59591079519444,3.5588399431838393,4.953001969492094,0,0,1
28.169463066607037,87.63857648274644,27.88523809533356,15.427603774404554,1,0,1
21.167847794131543,85.85817675275402,14.514874152201717,12.537913596214342,0,0,0
34.33172287157101,81.88240368501303,41.40274864846364,0.3621887457591111,1,1,1
23.70441750487839,94.52337600701122,33.599393570116305,12.167371813924717,0,0,0
32.8946801802891,78.6756405538643,48.536408199289724,9.829564688368928,0,1,1
22.532150086768464,63.9587014775602,12.73961778656521,3.9205840340701537,0,0,0
32.809143232127795,88.98957476855959,24.289205717761618,19.914964541190592,1,0,1
20.19843219357941,68.81486768209982,25.062023871267662,17.9432438965523,0,0,0
27.67670684854221,87.20557518503713,11.95883974286881,5.85015390058127,1,0,0
31.54163869132335,93.4987483600018,29.50466997440039,10.821418415972326,1,0,1
34.02193276239175,84.38784298875194,22.164299303961975,6.330042798205815,1,0,1
33.638032043097304,80.86105563324304,22.33607779949368,15.509915032721562,1,0,1
32.29437304321468,76.11351614862642,18.13683239862418,18.6066286639291,0,0,1
33.322870244919564,72.75434530983911,0.846467621276753,7.176572138287671,0,0,1
22.98829528755615,72.35516628401427,26.10476184573945,16.11168498287255,0,0,0
24.262764435675933,82.27304469983567,16.762391785016558,9.968150854264097,0,0,0
24.33452787381588,86.2945590928211,0.06599344921648376,7.931571226231546,0,0,0
25.655808965025482,83.7480974319545,15.397185383096602,18.768437041975396,1,0,0
25.89981005577783,66.94435354177469,13.93141665448785,10.208093774380629,0,0,0
28.168329869820134,77.28955130502219,19.67240766118179,9.348210005149298,0,0,1
22.39819645049662,87.70740252640721,6.592599482169847,13.44868803924686,0,0,0
30.36869995678984,76.64964273661697,25.384191231754222,5.224684020365689,0,0,1
22.513498089567598,78.78181479074229,34.6220176259065,6.495857415766315,0,0,0
24.654627231568213,86.98976168597878,31.509278452728623,18.640916724772453,0,0,0
27.550176959092312,83.1442857192782,40.187747378459534,13.570596908738848,1,1,0
31.946608422852158,74.32707223088374,22.600414399354058,16.53274295542011,0,0,1
31.09203849858091,91.33944489179765,25.95458651698641,5.422235238708593,1,0,1
29.683015346157834,65.68984740322175,40.52009704294917,10.875803798597442,0,1,0
22.336598908702552,94.84307570066136,21.385058540961925,19.427925339789965,0,0,0
28.205680184233664,64.1598402466683,35.07996749497985,6.374077980564352,0,1,0
21.31169752699828,60.52324898864836,21.73011843589959,3.2095295263408374,0,0,0
25.66044765194976,91.15066154020677,20.886809725578132,10.21772016449328,1,0,0
26.202747954349388,68.57337279280847,38.01028122645801,7.7564217744975235,0,1,0
20.59717159168631,85.53948696063523,8.741845773310558,3.191544655734271,0,0,0
24.109821492049576,88.38553812262242,16.929298597078677,17.77102765406736,0,0,0
34.33474200899734,90.06452368612409,11.208613837345089,19.814478211075556,1,0,1
34.30448911744534,94.70579824824583,17.955497148379855,11.371643613799955,1,0,1
25.28490581378809,70.29138985139997,11.5187411183012,15.49353536746908,0,0,0
20.64650163422486,84.85851696745407,28.970281554332733,17.18076739092599,0,0,0
22.686424089922724,64.03899503982899,39.90854013089226,14.019640120436538,0,0,0
25.883266901503102,74.23832519748973,39.330653060895095,0.8831209822346242,0,1,0
34.21669546953845,89.67900926594066,18.225048227439622,3.1526846343363557,1,0,1
22.117985953057776,72.86803161206879,49.438020294713084,1.4197838230277293,0,0,0
31.452737655023185,80.68833831874649,29.692718235290037,0.1975921328411312,1,0,1
21.63023809062038,77.6320705303622,19.97001508891474,6.1199281751447305,0,0,0
34.718863660869154,82.60830358892157,41.77696396207127,7.847119209631195,1,1,1
25.724247486637026,94.05130362856931,36.49370063213204,4.820594646718515,1,1,0
31.62851808348584,61.95074342754907,37.46376684120522,1.2920929617264187,0,1,0
25.138866242166976,80.08865311255704,9.80696748669358,10.597261816733551,1,0,0
29.41503315738213,90.20600727375997,23.416215368427757,5.4663863991428325,1,0,1
22.88024127110055,76.84839491119496,43.091406541230135,15.920743097271245,0,0,0
22.19031528945444,62.748451507955046,25.201900381437863,0.16105243250562395,0,0,0
34.07096209352197,79.61887733458698,34.172637171052514,16.850541025752207,0,1,1
33.7647091685665,71.62258617883371,29.396686651713228,19.09507357891914,0,0,1
33.312034103193234,65.42296248682776,42.117839385919105,14.32270126307139,0,1,0
29.381501752498902,89.71620796492155,14.22804198808013,14.67288130525133,1,0,1
32.12402316824417,78.25598295468926,28.773763894318243,18.671246232054663,0,0,1
21.035554053670623,92.66467443326734,6.161733400490199,4.181425706006983,0,0,0
25.021835628360186,88.21057766110742,34.51053883497339,19.891311364171532,1,1,0
24.705546871357342,84.25401278207836,36.5983919176356,15.469624067570837,0,0,0
29.5346798292892,60.17589261778592,2.141866059449921,14.531414166555873,0,0,0
25.339366602059606,74.97382098233875,33.789548181399255,7.221811579905855,0,1,0
22.227601724655212,66.91201985782114,20.734507708289318,10.915549708112211,0,0,0
28.947006131203153,91.87792688671037,6.204843805484117,13.07835576546694,1,0,1
32.21575881003622,66.1104394636726,20.99537738492338,12.406857226344318,0,0,0
25.7318524168996,70.01210180807499,9.711646484779084,14.099692769551615,0,0,0
21.984030726477226,78.08928687070747,20.777976606165826,1.6476347815682124,0,0,0
22.950322959692347,69.21772666493277,19.216951397926387,7.112968656633935,0,0,0
23.56224957754076,67.34526370476924,36.91958184680287,8.680000331909543,0,0,0
24.498463894918043,80.96847637859634,38.71077790831794,5.212585957499329,0,0,0
29.641926057594638,63.11253329642584,30.351432719227333,3.452545405384475,0,1,0
29.014182268065785,62.03587155523236,1.134342109122377,2.778549598257256,0,0,0
30.441197923505587,73.0285853315125,46.5511139535497,7.327667845131702,0,1,1
25.4375297679727,85.22325590777518,34.31166400482238,9.868834011251318,1,1,0
32.359964778199675,79.41823653958818,1.7097724960594418,1.2595288029332141,0,0,1
23.061314917336404,74.80067639633725,40.941644960705894,18.929161891810992,0,0,0
27.03561121277231,79.80130474786039,10.013307735899806,15.304866457215168,0,0,0
32.01408082312145,72.79080196286458,28.96105947855534,14.617035463709332,0,0,1
22.702379715989288,92.76512174012396,23.331718497509357,3.457210499774539,0,0,0
21.647946706111746,61.9216711818771,20.991939117753834,12.07601536024378,0,0,0
33.25525951531985,83.56870176604423,44.48568600621988,10.594498936173348,1,1,1
25.14394494138794,91.19489326897127,21.868064578130735,19.649376915733875,1,0,0
30.25805187363548,88.13596480573386,3.7672058786575366,14.953435401603159,1,0,1
20.380229063959078,66.44143621875064,47.331936360747626,11.515237674324624,0,0,0
30.350703326141744,70.35742221431009,46.026761561981374,17.016253329402446,0,1,1
24.741519673204557,85.09667785474866,34.22163447907994,3.1018854172141896,0,0,0
20.836112803811627,62.949469571326794,23.394626406601247,0.30433059381954397,0,0,0
29.147191423221756,88.41515949414044,4.642973647176063,13.804666668290464,1,0,1
23.6120572410976,85.16174306116767,39.53740592887381,1.9662292047447494,0,0,0
25.8021086307782,85.53623272323699,3.773895721201448,2.308672799670184,1,0,0
21.208712184297703,63.5084479593657,3.430049244757283,14.89361452849061,0,0,0
22.20744876642418,85.12161906856808,26.869192121968403,5.410696882679781,0,0,0
24.469658532437656,83.79363438269895,8.006412009232012,12.572624311377858,0,0,0
21.346392508402356,89.08228717876477,0.3865133670174492,18.34813852185497,0,0,0
33.66239397029473,61.45585846897643,21.15567154978931,6.3294906327571665,0,0,0
20.090705647759677,60.808873396372725,6.860861580503297,4.342883156798376,0,0,0
27.25790328296467,73.05524849574962,8.025770764034561,2.1312576748210343,0,0,0
21.84871187198827,65.20758993472035,3.845531936766733,2.6092472283945223,0,0,0
24.615186342169228,79.54345671495777,10.254687686180496,1.2444539075768546,0,0,0
33.890893397273985,92.1072115527362,35.77420898871947,1.7528475765948026,1,1,1
22.425418299109804,73.70179056169056,40.44636536088957,8.640091776183079,0,0,0
34.48748479577499,89.57326320454115,22.62668220146503,6.417300900479395,1,0,1
23.086915654841327,60.00843060812532,25.327690794070882,14.13121628645996,0,0,0
31.123491627002444,65.89801252107145,1.6327517297101302,17.404833164940037,0,0,0
28.200158973459676,61.064823887893,3.4658130685658426,15.695464062847686,0,0,0
33.267180913951385,71.4851513180274,12.878386282475846,10.612745133313044,0,0,1
28.309898832546963,91.7866358493776,27.194921035657377,2.0488423246530685,1,0,1
28.018388287344628,63.39332432596457,36.97755743674965,14.195345678831071,0,1,0
22.931870005525997,81.22434218603301,30.250153066901653,7.256574494537471,0,0,0
22.493440430774882,75.80235786918055,19.606392749339413,1.7130078783082037,0,0,0
33.747337266732714,92.84638743280344,5.916203650156909,16.849328144252514,1,0,1
24.91757298275051,64.28816998879829,39.03866174435947,6.764330343650111,0,0,0
25.581233824443437,67.42097476757802,18.189302579952855,4.3649766502314264,0,0,0
31.397354876425826,61.03396890140226,36.802700724139484,17.429041292376862,0,1,0
25.08235223634211,75.18773373709809,25.648942095717093,18.042677368940097,0,0,0
34.28093669958504,69.7241514847629,36.93310267809126,6.779416743831197,0,1,0
31.068916534982005,90.44670768616123,45.36447807262859,7.096028385627468,1,1,1
28.9614386386013,81.17292846192143,46.0514758026901,11.592570551662881,1,1,1
33.213427408171285,81.49317582914956,26.75533900003017,14.668829876213163,1,0,1
20.74408862524224,78.61687439084558,25.575418238281937,1.2629840381372692,0,0,0
23.85594038283813,63.214761803022036,13.283923275141863,11.866873143769434,0,0,0
26.97554501331365,75.57565393038743,46.789991576464566,19.056401235671633,0,1,0
23.404678092072814,94.98268163979807,22.895958359981044,5.241877943599073,0,0,0
31.15857780953228,89.23302517961052,6.3795619643688575,18.176544281938675,1,0,1
33.788120465805875,91.27106689584906,21.635245731327498,19.003366815261874,1,0,1
26.35655179896385,88.81292257362747,6.352662511900197,5.383072819421795,1,0,0
25.131989001678424,63.60645927008439,25.126584212853754,15.084037317707011,0,0,0
34.423260982063496,67.96068889226798,28.06377574281061,4.7755001663912005,0,0,0
26.672786492413113,60.109257797474335,16.887788074679268,14.752223234642655,0,0,0
27.33572600673925,70.6228543707339,3.5825307115742335,15.948399425776518,0,0,0
25.27474808512858,63.80125908212724,47.17517678166195,4.9441140742129885,0,1,0
33.64322709518208,76.5477670855554,38.66765567417148,14.3173908716647,0,1,1
28.53433224922776,83.69946210008656,41.94405402525605,16.242090777281796,1,1,1
31.43261880772467,90.6076853263327,18.34341971431147,7.171577442138235,1,0,1
32.1771007752633,86.22260077818143,38.041551500972524,3.3540555197945388,1,1,1
25.127735628758874,92.85049585224769,24.26864475845971,1.8392913463502714,1,0,0
26.5054149698057,61.88644016378261,10.054174420302298,11.507634072198838,0,0,0
32.72707661609397,60.42629423957895,6.221168845360664,19.561962386314264,0,0,0
25.448830275137155,83.14683398426745,17.252543466102843,16.459006400444324,1,0,0
31.90902700177777,70.12733435777862,6.877605573756984,8.716792778691056,0,0,1
34.114884838616554,68.87253556370206,49.913448810203434,10.73241805709917,0,1,0
29.348155596020106,71.5810480692828,2.459449511601103,5.590557708236378,0,0,1
31.124409311778333,69.44286202623275,22.057179968453827,3.2613173472012713,0,0,0
32.07645968061702,77.90027422055556,22.60467611951921,9.641623164645466,0,0,1
32.675594733449635,75.40519565284464,15.031596429083777,9.270031323343703,0,0,1
25.925800067851938,77.93499929818297,28.567578285347267,10.438599056075205,0,0,0
20.76895188763997,83.54497640251526,7.498851207577234,19.056091711278814,0,0,0
26.028144068551093,73.5495678139902,39.19561902936168,12.077906002895444,0,1,0
30.106343446761347,68.79576904997549,16.622385912381915,12.115436732447476,0,0,0
26.755255786711892,65.81701878830609,29.567129489932086,2.5604952572215356,0,0,0
31.23444726290598,72.23159418364189,35.78196180334797,19.92977732353641,0,1,1
25.35473644202996,85.96322663361602,44.45210588450806,15.45689888469337,1,1,0
29.521162116560443,86.48467185390143,41.78937182261001,17.544066881880095,1,1,1
22.79629707280962,83.34168853394736,30.41545140517798,8.286008236619882,0,0,0
31.240541549674354,68.19098613574062,19.419659019194345,10.042561915712497,0,0,0
28.18543953219539,80.58301860491441,25.1602335037482,10.44167618324553,1,0,1
23.06096582819901,79.97413815518968,38.43673966894013,3.8818907857921037,0,0,0
24.37866760246711,76.9493169338404,43.87727712797365,13.789783126539144,0,0,0
31.229130628727486,79.24926452343524,5.189096408833594,18.05953447234913,0,0,1
27.23901853492281,77.21267214182838,19.242813124652674,3.27411636276838,0,0,0
23.240471605896083,79.7909728125938,38.80582992067503,1.72636546972329,0,0,0
34.50906785555446,85.04270841173951,21.58258812969805,14.764378110806843,1,0,1
30.72687529725332,63.83698680412039,16.611388203314192,5.464036633459641,0,0,0
34.357022488096945,86.23690132521583,20.566134841163482,12.477250832346588,1,0,1
26.406575680405147,64.7560152544658,30.14223733931754,13.915166759843613,0,1,0
27.126505110375806,62.33197994436311,49.990257206690075,6.438215271636436,0,1,0
33.46932824277529,94.16278901775136,24.64962145522659,16.302891948515686,1,0,1
27.87574010368077,93.49471191046545,10.424723747713028,10.999779642284338,1,0,0
30.609183678585005,62.11527907291974,8.142328763954737,17.379988159036056,0,0,0
23.78259316243295,75.51387045162367,2.1174873738207145,15.26587105117895,0,0,0
26.700897030539608,66.51857284049211,27.940861745916074,17.371512640749074,0,0,0
21.851747987155328,76.98707139970463,27.22860457444171,0.4032276423578818,0,0,0
23.089700538154425,89.05620350498556,10.261696339015458,4.870125214771894,0,0,0
20.014151229014466,93.27141211600116,34.76647032262835,1.8001588089187726,0,0,0
20.588975774729903,82.19884287080382,37.05535208148404,8.841660343786984,0,0,0
34.65925734765394,72.38669835241359,12.954910269105563,17.799202432306366,0,0,1
23.635305427051435,81.11639479756094,17.204988201486827,9.350805245337384,0,0,0
29.94966064256003,70.92004571379576,49.52358361736283,16.994260891607883,0,1,1
32.58649548199418,91.84382742912211,18.713223392536708,6.543564760386358,1,0,1
28.259906888548464,90.4640162087043,38.04008358780509,6.791401456105048,1,1,1
22.29716750125934,79.53811125978814,22.636271331497,17.91123460653755,0,0,0
30.921746560042497,71.36796203831261,39.6672413930488,8.516342930234032,0,1,1
29.003771151493744,70.26863864540424,38.4511619391324,15.795309755893328,0,1,1
30.968758840210626,61.16962981467708,33.38780125992678,4.732870957638027,0,1,0
31.54619934285631,88.55372978588534,42.73891731477896,18.97601659355271,1,1,1
34.631155515271175,75.76341245636527,46.960924743884256,11.491564930611421,0,1,1
28.60344920040065,71.37965249400925,28.999166022604193,15.186471371568038,0,0,1
25.124616690359026,76.4888624249214,11.873445361137286,1.79031399589771,0,0,0
29.72696835350356,88.65582966591282,19.93144808220375,9.853284516610575,1,0,1
21.02661063863939,64.36149726976325,37.91528567566466,18.020769954680464,0,0,0
33.46095977482379,90.01795958846395,32.54417425619348,17.54077258086609,1,1,1
21.79071517007295,91.41280922879238,8.889916928262437,0.9362791446845509,0,0,0
24.917642568287274,93.13477702618609,2.5619770573212355,6.073969382578934,0,0,0
32.23618070939182,73.91207973479197,34.14807967710324,8.866400129581603,0,1,1
28.959685674960678,67.59991414131852,12.553951201467267,3.4452962871157644,0,0,0
