Temperature,Humidity,Rainfall,Wind_Speed,Rust,Aphids,Fusarium_Head_Blight
17.49080237694725,67.7135984124849,14.945632738667939,7.495053655935802,0,0,0
29.01428612819832,71.30460467187596,13.31648384925613,11.201201587688914,0,1,0
24.6398788362281,88.45463269409811,7.046156500114402,8.440001709844998,1,1,0
21.973169683940732,65.30019737269515,24.29066680405952,1.2495387466769459,0,1,1
13.12037280884873,89.13423581654772,19.064966420345154,2.783703551753331,0,0,0
13.119890406724053,53.96604939395112,34.628039692960144,3.289922760463787,0,0,0
11.16167224336399,84.95592967438839,1.2843832192823301,3.8679638046726734,0,0,0
27.323522915498703,88.13964348746313,25.754717102205053,8.481050879257564,0,1,1
22.022300234864176,58.18179437768025,30.517955140462444,7.559486697380902,0,0,1
24.16145155592091,69.36559395674902,30.37946276753228,3.0474005754631337,0,1,1
10.411689885916049,57.447489859864504,35.442958683821004,1.0133226518353062,0,0,0
29.398197043239886,81.7971858047398,29.161349713179764,2.571483067120771,0,1,1
26.648852816008436,74.09064956277456,37.11240246590785,14.765719689279049,0,1,1
14.246782213565524,78.58955060187445,13.306263992835659,7.028204246872084,0,0,0
13.636499344142013,58.8419135130295,20.128376670061723,13.010182570531686,0,0,0
13.668090197068675,59.52856379235888,0.563186531315627,12.73128700003265,0,0,0
16.084844859190753,51.86737964794579,0.2783034921316485,7.672793361943105,0,0,0
20.495128632644757,64.49303908380784,9.605064818060796,10.600315626908152,0,1,0
18.638900372842315,75.18850976001536,4.03228788556341,2.8912801561906845,1,0,0
15.824582803960839,88.6070711298798,10.408454717430144,10.325950573903624,1,0,0
22.237057894447588,80.01173513564063,7.081731781135896,4.085768688949343,1,1,0
12.789877213040837,69.59283455298882,1.1408009935459296,12.480931451312262,0,0,0
15.842892970704362,92.8904051477362,36.37216585624198,1.2558619966336488,1,0,0
17.327236865873836,82.36603402591243,0.328925255555661,11.597080093279162,1,0,0
19.12139968434072,91.85743412881476,29.443285773483417,1.499053598529293,1,0,0
25.703519227860273,73.74145879724745,6.085915476780661,13.217838553414634,0,1,0
13.993475643167194,61.650692365691285,36.489184879984,4.563067772025056,0,0,0
20.284688768272233,52.37720088641249,35.71183758359543,9.81590047245862,0,0,1
21.848291377240848,82.67381831677326,26.156045854770294,7.312534179304198,1,1,1
10.929008254399955,55.45863491024903,26.889365992024207,5.494547178935084,0,0,0
22.150897038028766,63.62488077223853,0.21356567878754174,9.681627497752446,0,1,0
13.41048247374583,73.96119085477538,39.394862644544084,14.21284470826857,0,0,0
11.30103185970559,75.39874645008865,35.11330414303258,0.6190462106193279,0,0,0
28.977710745066666,77.02624386442112,35.80424902920368,13.782792838246564,0,1,1
29.312640661491187,57.48148986573653,26.369781482034877,9.136224825315203,0,0,1
26.16794696232922,67.08818321697419,13.79147714618146,12.109714511535785,0,1,0
16.092275383467413,77.7737402202635,35.745945963619235,5.758124301514163,1,0,0
11.953442280127678,93.64184890852032,11.660677126047695,7.077644622564206,0,0,0
23.684660530243136,82.74340119648599,22.508461733688115,13.03276127701746,1,1,1
18.803049874792027,91.5171690692281,3.989238893755296,6.222719547147346,1,0,0
12.440764696895577,84.29954262413797,36.87822520531001,8.019893501236275,0,0,0
19.903538202225405,76.62726360015802,5.630818310848533,0.3029238462649936,1,0,0
10.687770422304368,58.6410516111355,8.99587222921629,2.378970087570634,0,0,0
28.186408041575643,80.00085433516308,22.3253663251286,9.625297619621996,0,1,1
15.175599632000338,78.05208046819581,30.56372000851926,10.754653515958157,1,0,0
23.25044568707964,77.11111267057699,24.774052237451958,8.73901405176749,1,1,1
16.23422152178822,72.04036405947083,9.285356512006246,2.1496505441341602,1,0,0
20.401360423556216,73.7895471795174,0.03772170109961337,6.681081428667523,1,1,0
20.934205586865595,65.04991372031468,30.286023212297568,5.326421495447847,0,1,1
13.697089110510541,73.36907116890364,39.40829303644375,7.434920160526325,0,0,0
29.391692555291172,58.89001575553152,32.39652481224362,13.054935518311414,0,0,1
25.50265646722229,86.23284788121695,18.408264726264612,11.637921579879778,0,1,0
28.789978831283783,58.35996296144185,36.150690455964266,1.2598425208373842,0,0,1
27.896547008552975,53.82348304502599,16.393906924734,13.354637966618464,0,0,0
21.957999576221702,69.63107118607208,20.9973633697387,7.076507267247354,0,1,1
28.437484700462335,79.62383477777279,19.08519069582733,11.157932173289977,0,1,0
11.76985004103839,69.69725712200936,17.904954906620997,2.100588468965282,0,0,0
13.919657248382904,62.453935937808886,31.00763077175623,10.060792885605721,0,0,0
10.90454577821076,75.11770327506983,21.07075629077968,3.544890264141869,0,0,0
16.506606615265287,65.615105093549,12.668684881008643,6.575713457113973,0,0,0
17.77354579378964,91.97904605569849,10.326326706339133,0.25294305123156613,1,0,0
15.426980635477918,91.51903128216074,1.5098926786973355,2.27415956895714,1,0,0
26.57475018303859,72.6067318987443,23.32780647532184,1.3812073968542964,0,1,1
17.135066533871786,64.75477973082164,9.19845661604137,3.596162594073877,0,0,0
15.618690193747614,83.17095862804877,5.925356880655324,1.5002713503648342,1,0,0
20.853921663164968,51.652082456738,26.153198553107107,10.378650399293429,0,0,1
12.818484499495252,71.36460527196431,27.248370312861955,0.43559853313829056,0,0,0
26.043939615080795,65.13455274216501,30.08619569030664,9.266107509374969,0,1,1
11.491012873595416,91.42411482961495,20.14307585354366,2.1106174623836136,0,0,0
29.737738732010346,50.540136227270715,35.76218420815546,14.177421857668454,0,0,1
25.444895385933147,74.8766694073257,37.453710135929114,13.996411096647813,0,1,1
13.974313630683447,83.32986114799817,32.294837591699576,3.3825465378144393,0,0,0
10.110442342472048,71.82580943858186,25.42373928032749,9.216319473345443,0,0,0
26.309228569096682,53.84313635732247,12.148838143647547,0.4200797920868765,0,0,0
24.137146876952343,93.7607625512556,39.31779686480885,13.97682814576761,1,1,1
24.580143360819747,73.3104694119244,10.965446687677534,7.844809622875645,1,1,0
25.425406933718914,77.63838099435551,8.106276879617242,0.6483472712666849,0,1,0
11.480893034681808,60.647440221837826,17.68616455146331,5.137499895122061,0,0,0
17.169314570885454,71.75741382980617,2.2736228284955384,1.152741927918513,1,0,0
12.317381190502594,69.31172713812448,39.13977858687163,5.894166590600398,0,0,0
27.26206851751187,53.37031289008927,23.53734225665699,10.048895132419846,0,0,1
22.46596253655116,54.77721590963603,22.27808366656701,7.048348620621594,0,0,1
16.617960497052984,87.68626338284486,26.231851195988796,5.755832620791817,1,0,0
11.271167005720473,60.79189784929656,19.880945911088265,1.7873556831069721,0,0,0
16.219646434313244,58.77312221743837,1.2825406837816633,3.6740856854048447,0,0,0
16.503666440534943,72.72101530625626,24.492451553615872,1.502149316075267,1,0,0
24.59212356676128,84.59362091131308,28.646955078257225,12.11248097484991,1,1,1
22.751149427104263,52.78759333605446,16.669962424962126,2.0285974197708385,0,0,0
27.74425485152653,75.95635638372151,30.29182288284772,8.930600498233403,0,1,1
19.444298503238986,55.3644699278258,9.080051973536825,5.141106203832688,0,0,0
12.391884918766035,51.640747287152834,8.851063642647361,3.389675769827752,0,0,0
24.2648957444599,52.37347784729978,6.456679507502958,9.592026592381556,0,0,0
25.21570097233795,87.53738486937986,14.879790391566473,6.855034640654109,0,1,0
21.225543951389923,55.30876176326277,33.88048141556334,6.002182009268387,0,0,1
25.41934359909122,52.03181139855314,33.11648248596257,8.892780073383323,0,0,1
19.875911927287817,69.70549492143105,15.312968318540152,7.36901442735001,0,0,0
20.45465658763988,87.97970623739111,23.564749439209464,4.552263128273411,1,1,1
18.550820367170992,61.80837694201858,28.832652658996626,8.385919316478775,0,0,0
10.508382534881903,68.97706778866623,9.64827098512092,10.042478648260419,0,0,0
12.157828539866088,51.7965139653688,6.725643435789883,0.40039737880281423,0,0,0
10.628583713734685,70.2085331360694,38.88383972849244,6.98807593361513,0,0,0
22.72820822527561,75.99258862867102,24.70229252838474,0.8652492687531566,1,1,1
16.287119621526536,75.6908174188465,39.25662887334656,2.796081211021666,1,0,0
20.171413823294056,64.95920114784643,13.510239485289164,8.407631011169595,0,1,0
28.15132947852186,64.1989931298411,28.12126799896526,12.992833728983712,0,1,1
14.9858445829775,54.798062852146906,8.90414546164951,13.242085187827273,0,0,0
18.207658460712594,66.50592442908209,10.448006850956517,1.049160152079469,0,0,0
25.111022770860973,54.47726009928341,20.476084850784957,6.286576294300599,0,0,1
14.57596330983245,84.49681751204233,12.784725020322849,8.74509724506827,0,0,0
11.53959819657586,93.48234339866836,6.704862553623379,2.2060485682551514,0,0,0
15.795029058275361,93.65335055000182,10.51522807957304,11.481483251171575,1,0,0
13.224425745080088,88.92819947189273,1.4299357786345857,11.163528876558582,0,0,0
28.59395304685146,77.03564672028286,28.176944859099464,13.55011520560192,0,1,1
26.16240759128834,81.53895637597459,19.684666283434463,0.12729018125164526,0,1,0
22.66807513020847,62.834261120618635,3.769722656181025,3.25026365983504,0,1,0
27.429211803754356,78.38466890776793,6.867759725139648,12.407800713679826,0,1,0
26.07344153798229,70.50422972479448,4.1013815245057605,10.058700762404031,0,1,0
13.731401177720716,71.69078028996196,24.50371233103506,13.415847805477362,0,0,0
27.851179969799556,84.0999452168821,3.768414544499752,0.8576948179539978,0,1,0
20.786844838313016,62.686326001876324,30.171293321408644,8.954459485746643,0,1,1
26.14880310328125,64.3117825262534,0.820436772815647,8.535698623405112,0,1,0
27.921825998469863,91.60888060078865,9.975031519835685,0.5351162454079855,0,1,0
16.360069499437277,52.530093268293754,35.626667035676284,7.702831153687253,0,0,0
12.201038490553536,71.85354342860032,28.74125272488984,9.142804669648864,0,0,0
14.558703250838834,91.07603601835378,2.9187333170275087,2.8693976130316083,0,0,0
18.542155772525128,77.46633535181707,32.84504417940719,4.099943746869944,1,0,0
26.36029531844986,74.58831833954594,19.721404861608193,9.605210194466055,0,1,0
27.214611665126867,61.238488065320986,33.87132108675317,7.024514213999375,0,1,1
10.139042610623815,65.44739700790018,24.029590978015737,12.870204863524902,0,0,0
20.214946051551316,88.34217871121118,27.27332128131435,5.1357264901378255,1,1,1
18.348220062975578,75.16481592958061,39.740062415828326,3.9998948758230175,1,0,0
14.442156209414605,73.1633987190551,9.293421836960727,14.772989105172641,0,0,0
12.397307346673657,54.4810871093013,24.957822990455533,13.66703655195125,0,0,0
16.75230342807256,50.72126704048054,18.412855602295934,0.43489117498469787,0,0,0
28.858194078250385,93.36583349091721,1.5780781169076574,11.560929229598488,0,1,0
16.464058640415104,66.96437752790787,0.5788256601146013,1.6550216073780444,0,0,0
20.37581243486732,77.1445877944777,4.769143112714347,0.41227792244056427,1,1,0
24.060379177903556,53.587178293427826,25.963669621541925,4.1054327394952335,0,0,1
17.27259204758588,80.7401428575371,22.686523516535686,4.0401881859165645,1,0,0
29.435641654419214,91.96550189176824,22.137182446549097,12.28978143520447,0,1,1
29.248945898842223,75.90493638488388,1.2742705011304034,10.660008689142527,0,1,0
15.035645916507283,55.675189506893474,18.77211985440028,14.724141409980215,0,0,0
19.94497011784771,76.17746873630645,36.98491271370114,10.672693504677277,1,0,0
16.017566196335395,84.48562458970936,15.903674772425864,6.273833298840719,1,0,0
15.696809887549353,68.28874414583083,24.996898791538253,10.483914914178253,0,0,0
10.737738947090655,89.59269865736604,31.192747024925744,14.991886007796031,0,0,0
22.191286679597937,79.1907329010814,31.3570111656755,10.652128238437921,1,1,1
20.05358046457723,90.4662013230141,20.771203295810853,11.425220339704774,1,1,1
11.029575024999787,78.05773900613018,34.31807781609345,14.075475227853891,0,0,0
15.57292928473223,55.90795874021709,15.655123734549878,1.7047689196752502,0,0,0
28.165317719333075,63.93612699973351,35.54772859139193,10.571764401715903,0,1,1
14.791237813339448,59.08077267136056,9.609086655821812,12.762089369511735,0,0,0
12.897897441824462,90.8971923972588,11.208656279622842,14.315679003313395,0,0,0
19.78905520555126,84.21800302793672,2.124824967960044,3.1645393456754904,1,0,0
29.713009082212015,80.43792660095028,31.823273461691315,7.5589351158636635,0,1,1
14.841105430230009,63.54348438342298,16.682209449308225,10.208322714667228,0,0,0
23.442710948117572,58.282014742259605,9.16466455645596,3.7120159425200616,0,0,0
25.23239230657435,84.04029895950103,9.271611104663187,9.00709294875411,0,1,0
14.752750879847994,71.33710756455858,36.05599764916933,3.8636817374699906,0,0,0
24.56432697223719,60.16052984677831,33.35666401844148,5.001855307974709,0,1,1
17.355662654385064,77.74798901743738,22.141235414287333,6.622780447662976,1,0,0
22.64611661187159,51.81502334623034,24.644432016628844,7.937851481198504,0,0,1
22.670594215217896,64.67766143577141,18.97302282201164,6.740488074377259,0,1,0
20.71549368149517,71.08506475660106,15.666661715152355,7.397932796818938,1,1,0
11.805795401088165,56.65812503492326,36.61907524873326,4.478831344324389,0,0,0
26.70604991178476,94.30945149158778,5.024508140812083,2.3844764103394587,0,1,0
16.415601299434716,59.409381406532646,16.737871588649117,0.7102496599025915,0,0,0
13.730370207997085,55.86589085194695,13.782476319515013,2.9396808373750156,0,0,0
10.815502831095278,59.159069324910334,19.926028810045935,8.729154622586746,0,0,0
21.817858863764837,84.60775099218759,18.305274981807003,11.791731717046986,1,1,0
23.55128723684565,69.14775466723293,20.755581266043258,2.538713961643418,0,1,1
10.331756578557123,75.4437172888642,5.596759089079764,1.628330366589727,0,0,0
20.24186116598562,50.94541206438623,20.525660060531084,11.239355408238755,0,0,1
14.529915503958758,51.54940888579915,9.696752555488434,4.5773749580593455,0,0,0
22.903455808188998,70.06214974221572,7.37325395952765,14.272491588410286,1,1,0
13.48732858009983,86.74948594407306,2.593368751447649,10.714769559155595,0,0,0
23.81875476204932,89.83574954184044,30.506102350245637,4.9013407086454635,1,1,1
17.734706926010748,53.90179554180381,17.097676834262398,4.343141216905574,0,0,0
28.73459977473469,74.22633959454603,25.065747332470334,7.855475794069636,0,1,1
12.750418882919865,91.09533588256717,29.103733732189735,1.1871700241731413,0,0,0
16.82132702100517,67.45877394790489,27.17266661254214,1.7651476896794849,0,0,0
12.269470424811782,87.33046241427658,18.820028763587292,2.6378682197428875,0,0,0
28.493872365571256,56.016304447974626,15.515941158069193,11.620853899568402,0,0,0
27.54678706761962,92.09275203505095,15.038396385626548,7.707860389036837,0,1,0
15.158832554303112,83.81404928890862,25.601951877202254,0.15850684161664408,1,0,0
23.19968092068358,92.36004767541058,19.791774197674936,10.102747912081634,1,1,0
26.344444004024318,80.4477755098628,33.965289919540425,6.3553526799074564,0,1,1
21.10401623198925,66.35317693997422,34.98807937306849,7.662785474456969,0,1,1
20.59301156712013,92.21815276361251,6.822415120260739,3.211743651194033,1,1,0
14.837045818009035,62.400504933913034,5.449346061829026,8.276733425911555,0,0,0
11.862055356117985,64.94776349277797,25.216037041439982,14.68729859627233,0,0,0
27.944315159066534,81.53637881007832,12.049029922491176,1.101670365086422,0,1,0
28.008361143266608,84.43923347864238,0.7428287506039544,4.25876099496646,0,1,0
22.66202914546536,91.82315677321192,35.5457067745182,3.644963892912447,1,1,1
16.780595820974014,59.216108407529426,9.07603068975233,3.728239661267694,0,0,0
16.984191492253217,85.90991158486509,37.171226067432364,5.680595363480659,1,0,0
24.519113577404788,83.23457240286336,28.697378035130146,12.271646771162512,1,1,1
27.942205199051543,52.8707550314119,30.50613959645937,13.69288034946581,0,0,1
27.741728485302346,67.42504135445931,8.058459831726417,3.0332263118846,0,1,0
25.597510917152476,62.724445567704436,9.367777024672517,8.144249069221692,0,1,0
22.840632923085757,63.702069095931364,20.85071015296263,9.553484582482204,0,1,1
11.682799299900976,94.23260957996155,6.8839941059944865,7.8274121154576735,0,0,0
13.232574281892276,78.92498360659675,12.217267707321291,6.511145912953793,0,0,0
27.971083770541586,82.29542710070749,12.858499117912178,2.8796325878885676,0,1,0
22.1285811931918,93.94779367917542,6.385197330110564,7.323290387988578,1,1,0
10.183941032332593,66.97408021059374,8.207313335806429,6.018222415669933,0,0,0
12.029430857320643,86.08280758037627,31.54207368033026,11.933450437534045,0,0,0
23.270035382161115,69.55389334870229,6.687834181890735,11.454065387444928,0,1,0
10.101231676924375,89.12901523167409,1.1382956737568994,2.0099802180850608,0,0,0
13.216161028349973,58.12958935900864,25.17419770515754,1.3277857884460138,0,0,0
20.974675787331723,92.64587796789257,39.039324775698,13.622309148412544,1,1,1
23.837903953853864,59.84472687848958,13.248552584924855,8.032625834467465,0,0,0
23.03922519005201,64.67992281414192,4.746228127850092,12.86701405923886,0,1,0
14.485386189211196,84.02865053480512,22.815493014701232,0.8722668084960172,0,0,0
24.24358442695072,67.7189813704433,36.25416844382585,7.897734247824454,0,1,1
14.744981749936002,77.3695119544901,31.36247119313915,8.091397718643545,0,0,0
16.507993963185356,70.00580754812428,24.90063473650864,12.910530488132249,1,0,0
24.92982810236048,83.40664716904018,12.602259864303974,1.4641499734456125,1,1,0
22.992657980944294,60.274906356587486,21.6752069310488,3.6066834551386395,0,1,1
26.98446820988356,52.630609425659465,3.6497936521702146,6.098074708305196,0,0,0
23.15225784600687,63.49682288628798,27.157816971226797,12.987622131299133,0,1,1
21.36617206670943,71.34388991907936,29.003840755906033,14.083249726058504,1,1,1
11.87349535656185,57.56090234867054,38.60126491639675,14.89086929390442,0,0,0
17.35431606118867,65.9658780345375,10.415894349802866,14.387902296877822,0,0,0
15.304047353634509,67.99923582321058,0.7382567617209057,0.08912633766531619,0,0,0
14.87979286758167,52.58263296597231,21.824338577086024,0.7156251218080806,0,0,0
29.460211095048912,76.24882616828921,28.271620175872577,2.21410228736383,0,1,1
17.861954493335208,89.79545425870793,31.61629903531952,5.232931451554097,1,0,0
27.840931103542268,56.82843108288736,7.749557320992424,12.448770464804381,0,0,0
22.622772519945258,76.90136060306813,10.470114761480946,13.389842930032207,1,1,0
25.896226070832967,79.91326422098808,20.503637010691854,2.8025160944187455,0,1,1
20.052741862103844,68.87006061886797,13.224032398800073,9.29496227429563,0,1,0
21.53807769252718,81.54939143139215,34.4204594634978,13.760429775979148,1,1,1
19.850353876377277,68.48291945709553,18.95040614954881,6.955976038969812,0,0,0
13.90485975596089,72.70867795898457,31.98314576408012,1.5531535792917595,0,0,0
24.44904230523011,50.33088700494921,23.224790419294152,6.867204751269374,0,0,1
15.615447248817116,81.127405136061,30.92360566468448,5.636923534320858,1,0,0
10.486319328629076,79.7604205525126,13.306919461212953,8.664869940990105,0,0,0
22.909445918143355,51.728039479685506,33.256664877212444,6.579880266106555,0,0,1
13.542213588140978,66.571254832781,10.982892622040863,0.2601889028057691,0,0,0
28.809171687058285,94.05643283562503,21.84395232013163,14.909966001205067,0,1,1
29.078571540051747,68.93314531558775,8.56028452695497,8.153103565958563,0,1,0
28.29728780440897,72.58754323093288,19.021060865047733,7.104461332269143,0,1,0
17.403174005108887,90.94685711718734,12.727008380348126,14.319260572560811,1,0,0
10.309132330577349,82.27678441395904,10.66813722548857,2.337905513806157,0,0,0
28.566371251754507,76.19315590059006,38.679400721121496,2.8385640381787236,0,1,1
18.563682966346285,85.90121066034826,6.402964219469225,12.120221235941752,1,0,0
29.333096380873393,88.8964819905188,31.49303349829581,3.9124662003751314,0,1,1
29.272399541785056,70.55996322817701,39.36659837932859,11.988406594372904,0,1,1
27.060189109347203,71.3798764219326,0.7960593496031132,4.073002243627538,0,1,0
15.888977841391714,67.37229210433262,27.9610965616838,0.4978144533750223,0,0,0
17.701954572038506,93.50177630083073,10.116472222251485,7.75522085830074,1,0,0
27.022733430337137,81.37248144306577,1.6195129731321778,2.9502965119029207,0,1,0
16.338440103125553,53.745037979363254,16.11558315826523,11.367694393987065,0,0,0
13.38985493372185,88.83318304908583,37.408712406835,9.617994498482222,0,0,0
21.136025249167005,71.62519733763206,0.47060377467990744,13.854040019668767,1,1,0
28.72309548321562,53.093925789011934,23.51542767719127,11.744825358986038,0,0,1
23.92059593349946,74.73727648234899,20.055859143812974,2.7116393226109023,1,1,1
21.4012234017873,68.7723925539066,34.9353665748419,12.002373549971946,0,1,1
11.94352987541537,89.49872321881813,3.3600685808250264,9.626055672210349,0,0,0
22.300144533983396,59.17975716242243,27.261041195466014,10.034274626409374,0,0,1
29.801077002085265,87.19090742714823,27.20438793733109,12.483943289552231,0,1,1
12.80168030473048,75.09599110334537,26.76320067449133,8.607361037834103,0,0,0
20.366593047274733,52.45746364460611,37.69337979740148,6.990052715295193,0,0,1
27.547461438559107,93.73303855964681,32.923501160275215,9.549615530380919,0,1,1
24.815372355084087,73.067685984644,1.6789090497402404,4.4693614343753865,1,1,0
23.94031481990536,63.08945844042121,18.843314028180526,2.7389569663064894,0,1,0
24.049681679742186,71.12330788951661,15.91812224805334,9.248817571068695,1,1,0
17.189823024395103,88.603600258287,12.405888843632082,3.507725536282165,1,0,0
15.871836885289866,63.72064059732786,18.05346900616389,1.198726640199101,0,0,0
26.187223109570272,58.67043784190152,15.367767397039099,0.00831276877880871,0,0,0
26.202267893583617,55.80820611188967,17.293355995146612,9.124791021001007,0,0,0
27.341446371602075,63.403672927559505,39.1704746243457,5.432231752203553,0,1,1
28.264811051129428,85.10216391680196,3.5453189899832305,11.28466456010184,0,1,0
20.226847977218757,71.22318643378678,36.88923479354919,5.627645974696537,1,1,1
20.030325893743992,60.2366721662093,19.20946853884107,7.2900517235734,0,1,0
25.965903579335503,57.478324982438714,24.949689819981646,6.106274592230774,0,0,1
22.999278615555305,64.97282644296706,33.207318664707756,9.758621866640192,0,1,1
24.03933754515407,92.2965967798569,14.418521165970223,5.342087430224523,1,1,0
25.91585338872202,65.43620206655109,17.216876323518676,14.456514749134634,0,1,0
27.800106836351326,94.46558341795858,16.38073921114856,14.042204798977952,0,1,0
16.759903137030715,71.83537050944102,14.989240901430394,12.72041853985922,1,0,0
17.51165905279888,58.06237632305679,37.0211728658758,13.804504058591222,0,0,0
11.87963879681738,90.10130413070792,33.157195647720485,6.737095326890865,0,0,0
21.56560281992348,70.71599179106721,4.359999594519044,8.046455951842383,1,1,0
10.718845475934842,81.9352104577036,4.324934099083841,11.131388888373667,0,0,0
19.311960362649202,94.26702124441184,17.114780594119647,10.442188874078116,1,0,0
20.85289269415153,52.25789076439883,3.946295069312362,13.360178934082063,0,0,0
15.730825042565687,54.35125519044052,24.763723810844787,10.74496540885043,0,0,0
21.816665211380215,82.42055336582402,5.7476642904693565,14.968270623426909,1,1,0
10.610004998780989,62.68212514829624,20.894930558672044,5.227586997473866,0,0,0
10.746963774984287,58.293562862754456,0.2887978801487101,12.49496613359127,0,0,0
26.452011213193167,51.77128459188783,12.66385393650587,10.464522342489962,0,0,0
17.20381282822526,50.983102039379084,27.087628946906218,10.370796678225279,0,0,0
12.541210253037695,84.85185214039059,19.361557609113937,4.887533922674984,0,0,0
20.444865201096086,56.04950423162975,39.130779439959525,11.784026886345337,0,0,1
25.399871061972217,71.04742771870178,34.964151842648434,13.505640335213988,0,1,1
14.316420549936863,77.26535668307673,14.36283116172605,3.2782269228084444,0,0,0
22.457809516380003,69.27583102559808,1.819461658890984,9.382452556750561,0,1,0
11.70694929987536,51.21979935513049,33.82505200460075,5.882022436541628,0,0,0
11.033634423372154,85.2575676164559,36.449372412586854,14.843221789423156,0,0,0
20.62709263136296,50.47309510437441,32.82509573676147,7.182492237475223,0,0,1
20.81270243220213,84.28504524698678,5.117997636790594,3.4248026069541404,1,1,0
22.748598029964132,90.19870222046552,39.91660537649151,5.727864378327488,1,1,1
24.52182667445323,69.47779644757276,10.343368862110953,9.807575847249394,0,1,0
29.51704158925069,74.09941128940092,28.968196512334803,1.141340570243644,0,1,1
20.326006966023904,71.46425266779443,36.32139505342886,9.054028803318564,1,1,1
16.45912945882492,67.51438783805474,9.427484573228377,13.96837138768347,0,0,0
25.90372389537407,89.93410409166621,36.33034218708264,12.755441814867757,0,1,1
15.416645025241484,90.22700798014958,12.37926316779468,1.0151030498697504,1,0,0
18.779428414112722,65.11173640886905,39.05652889536225,14.900848181086022,0,0,0
11.569127626845319,77.6781389306614,11.250400815218985,10.480903855558187,0,0,0
10.50701486830915,91.71084029656389,38.13743299031341,2.4342123647103553,0,0,0
29.252968293558503,93.29263245236082,2.141786035706996,0.18624133754135241,0,1,0
26.719602410244118,72.90315681899214,28.37088046679252,2.5692395443822704,0,1,1
23.91948412187396,70.37711623779471,21.284445353480148,12.572638810286078,1,1,1
18.179058888285397,62.54124421678366,19.115083084909227,0.3245898741774561,0,0,0
13.465886401416915,93.14923429356844,8.9397725702336,3.4972095542712984,0,0,0
13.128740853421721,56.42664370127903,28.223831591059678,11.359583930023131,0,0,0
15.004857963291906,76.09233092214762,7.632379657852284,8.791658038472027,1,0,0
20.984533294122407,62.71476203833875,22.11367183939073,11.741035655402877,0,1,1
24.291918454001248,62.55537306565085,10.129814521610033,11.192257557401819,0,1,0
23.203947534354626,68.22358643192848,38.22485519125424,0.759020806827071,0,1,1
15.598677938918858,94.94568211170446,1.145247753426113,13.387671286412273,1,0,0
29.09730561326388,52.47348380779199,7.989131204449462,3.4054775142340303,0,0,0
24.75793833391537,76.03438181915891,9.692424255497908,8.300886603446456,1,1,0
21.087081050228015,53.715747111587476,16.562713030712658,9.664322347916682,0,0,0
22.234414924687044,56.953437349573356,9.30920967480214,2.529423163276431,0,0,0
18.3920012485558,69.78033237978045,19.65396361075141,14.643468850514617,0,0,0
14.954619790023148,72.97070591058986,34.89862093034156,7.322339341309635,0,0,0
17.119453573025233,61.64565837640358,28.48253685636683,0.8646404339609015,0,0,0
25.15692220928738,64.24057088934873,23.19847922140444,14.058930671667605,0,1,1
10.287869772595117,53.91351591151699,3.560127119307186,8.794017647899022,0,0,0
12.321452810138325,63.644890272991276,27.759684335571023,10.487897969720645,0,0,0
10.920052840435055,93.49512977212449,6.656571372437594,7.877636849013362,0,0,0
10.814576046379402,92.51183217526167,31.45469543846792,12.521069321654513,0,0,0
27.109211680220145,65.06952305616433,10.002270340406128,0.4970019328981634,0,1,0
24.073157187600472,75.68842713254426,16.681949132836035,4.025675479157217,1,1,0
19.483476581746505,90.93179259999249,14.018808092717116,7.044725346040383,1,0,0
11.95668321302003,50.27827201884035,34.35255658699427,1.1490542447056507,0,0,0
19.832317502336647,86.48076066519164,5.0617783485363255,10.588600039899873,1,0,0
19.469435415611315,92.67662987550136,22.625795295391544,5.904951210834612,1,0,0
13.464037398200304,54.109658045010065,5.682464377722489,4.09001985402216,0,0,0
18.67703298475946,57.265145871481444,28.191833445287465,0.05068270212618409,0,0,0
17.97009468794747,93.233583624711,36.203125111779244,10.797454676249306,1,0,0
22.31700196104433,74.18930646381558,17.384306154690137,12.507139633092926,1,1,0
22.701873017352874,50.63884855122757,19.523690410599034,5.925608035222477,0,0,0
10.90608019544089,61.59343994435881,37.09691345931049,8.463269655500483,0,0,0
17.492252292529425,70.24746534209868,20.839655545974285,3.4152993889439767,1,0,0
22.517198314284727,81.18090099611454,19.503937521982436,9.332964694201996,1,1,0
20.062725171601755,82.99221701615599,23.133164108172167,0.18206187472800783,1,1,1
27.129796823766444,94.79396808164552,27.569189454518078,7.3296584564813765,0,1,1
23.173872632378902,62.93800397226916,4.275335003481255,9.663082227610383,0,1,0
13.258688541628594,74.21990458408139,32.844421109660644,13.77287659844601,0,0,0
11.411374948008596,73.99955965368223,17.42020109813037,5.720037256834264,0,0,0
22.84838556412631,68.25403667512569,2.8939403958994214,11.477853044715447,0,1,0
10.530226210832437,57.61228522290891,31.447306767928524,8.965305449152511,0,0,0
21.715511625469265,93.98554534327292,15.077998867450884,13.905181693876209,1,1,0
28.80460482849915,88.39927339999637,4.0146998038021575,5.975665134891459,0,1,0
21.50948355751758,72.42498627324068,25.35116158173002,4.78643009809482,1,1,1
17.763398524130437,77.14604402078135,35.20525413734567,13.307129980412157,1,0,0
22.865764368847064,60.2267474101848,35.510140376559455,0.7386660211243368,0,1,1
19.165057809830333,74.47041816762861,38.306538992358924,2.045780894005152,1,0,0
20.9123357863187,81.27365599046641,34.70821839066752,1.2360665187606668,1,1,1
28.8292961755305,73.1825162773965,0.08563677381900892,12.64664934864604,0,1,0
17.722052756015486,94.56283267632236,15.20964665653561,0.15911135055479086,1,0,0
29.223811276478283,77.51037453114768,32.74170319622012,12.924857332455723,0,1,1
28.107012839121275,66.69381706664761,14.650120239938968,6.769016930569002,0,1,0
13.915822695785929,84.74684124271272,24.061940255188247,0.06037918280956123,0,0,0
11.387226017503309,57.67081302117389,24.252677894981282,6.024677658180628,0,0,0
12.015560027548533,67.303211616782,14.601012161552923,2.8020126156755336,0,0,0
10.364436513030995,65.61315276699136,36.178957091251505,9.366007312082445,0,0,0
11.888859215118568,69.43131927984997,20.129133815444703,10.190381848824698,0,0,0
23.660135468327137,85.18009216679269,18.59136823750003,7.312913556074998,1,1,0
11.42377296920458,71.78778644735334,39.90054982647584,0.6077928815950495,0,0,0
16.379512605875227,85.73065026196832,19.740014562904665,9.84193206550803,1,0,0
26.89750621938909,75.94200064129396,7.135930077143242,12.630581754082819,0,1,0
10.465438714716518,65.39312455958999,20.522776914537523,10.804864159896022,0,0,0
26.289369651778717,86.44904346575626,32.560669420797204,12.449368784329778,0,1,1
15.637095495468,60.72303517488912,31.074413075931258,3.007642853263312,0,0,0
12.363296552433125,60.097234090990796,31.54327060433884,13.333319094847239,0,0,0
23.934743307283014,72.7026315824676,28.32095135991647,4.832901759719442,1,1,1
22.578856935597678,61.738216068294,10.16871316266753,0.2010722137798654,0,1,0
27.54944027054106,50.408916572804735,34.483363433609256,12.65087469493606,0,0,1
24.701420876077716,79.17338872844607,35.7377386150506,14.1273190344709,1,1,1
26.06961860769697,72.9992219662579,7.766107864741962,9.833372961260231,0,1,0
15.640691451426129,70.04830165219225,5.218225462055757,3.47154945695137,1,0,0
13.548790875594456,93.5135831578242,39.02419874356448,3.776166964237956,0,0,0
25.012295032817168,75.70396327833112,34.732958546014714,6.998893101534293,0,1,1
26.13669478534528,88.85442100052231,35.72944588839787,13.467466194021293,0,1,1
29.810102840013467,56.27526062923221,35.45505538497581,2.2439648422133756,0,0,1
18.25235353822853,75.61429084082425,21.667472961349134,12.389605043752304,1,0,0
17.440361715855666,89.05908320289063,25.856069466631986,4.369542130577255,1,0,0
25.528259214839935,76.23975907759541,21.814514085345667,12.128792541436468,0,1,1
16.816070805060356,82.31063801571507,2.048253967613163,13.80406796402308,1,0,0
28.615146512071295,66.74196055154934,29.820123414110906,6.412408079914803,0,1,1
27.168255036860238,54.160228266668,20.213281333435212,5.475759811582963,0,0,1
18.579880547500366,70.60551328071821,25.90836299160919,12.033319784569526,1,0,0
25.017421355829946,67.75157258774858,20.105592199021412,7.94224323569091,0,1,1
25.090857481693646,89.01770820705264,19.67245289289824,10.266735726947957,0,1,0
12.062477376718652,60.97978860586125,6.871564379110673,9.342438554417694,0,0,0
28.051058133591333,93.50304023907987,11.148548605645958,2.293332684671945,0,1,0
20.105047448957144,93.11621539120233,6.354107677758232,12.671855404343425,1,1,0
26.529149322154833,61.14342393821474,7.826651825013697,2.936626671197043,0,1,0
16.400992020612236,65.66233799647942,38.919095216812195,13.984232161061712,0,0,0
27.91046456992401,90.30000833932482,6.124537830887937,3.758569371332218,0,1,0
17.784033574683264,93.49799994032483,10.770816972208305,11.008214599106129,1,0,0
10.216753029605968,69.95475962762198,23.6235863095434,4.26983090240388,0,0,0
28.107639528385274,64.4448670538404,24.407143049465674,4.7667811288029585,0,1,1
11.825733535722671,73.67423059631939,6.158965189753163,4.65002779173458,0,0,0
16.3862727518083,80.94961428645806,31.748697031408494,11.218383810391249,1,0,0
29.0012393410161,62.306353191874095,31.408114716513,8.352226769540897,0,1,1
29.012142938751122,83.14129285785828,9.492708168155644,13.244286837712457,0,1,0
21.46875776246572,52.32458107015885,11.546652107018417,4.610590788060673,0,0,0
22.636744243395984,52.21825217439874,37.51951461837988,10.379887830851166,0,0,1
18.968910439566393,67.38294673154954,33.02685783917912,11.29422899494666,0,0,0
15.864215433961292,65.90629364273242,27.911881322500953,2.2722316954493724,0,0,0
16.57329090739832,64.20349469152185,3.289328860424021,6.008840359797167,0,0,0
23.450369121540767,72.09588932010095,16.73056323610303,7.2422624152561665,1,1,0
25.0474905887536,64.4330112040207,22.372074883073083,5.335310848415615,0,1,1
25.83158087451697,58.65160633106414,7.496451519351077,4.831688939537072,0,0,0
25.792362855891078,63.92612970898704,17.929063284328983,10.29629840996463,0,1,0
11.824122060973806,93.87069227646057,24.0410350995476,3.2379959648923284,0,0,0
19.88840609405163,68.50010376476818,13.095067204615969,10.640861178766931,0,0,0
11.151175200332887,70.0120749586251,31.237792758019488,14.025662945860958,0,0,0
20.990577646474712,75.94452454780131,33.61798326555222,8.477962817666267,1,1,1
18.83061002746754,94.25033457864019,12.94437877736283,9.171513551092112,1,0,0
27.754083655165996,60.872057439609335,33.546286179698285,1.0339905318613363,0,1,1
17.018300251041573,80.65769497395952,4.143062644120601,12.967153554267425,1,0,0
12.341340328552118,82.2193112093776,33.509163944906255,4.281716807997983,0,0,0
12.859833641056717,77.32959875568797,6.110017266704664,9.225767482928473,0,0,0
25.230212634349446,53.986025283648985,3.3170861003890417,14.686682546172035,0,0,0
22.364361266325222,80.45925241224094,25.67101617764045,8.932539008592117,1,1,1
12.022453522455805,52.8842619966279,18.87749463021177,10.870642311965664,0,0,0
11.682136122299948,76.82641922974537,36.31562401651331,6.679794273356278,0,0,0
24.0193826291824,83.28115297497843,14.527567843633967,0.9054876527258604,1,1,0
11.455260127283871,59.49364507789777,11.486090537505147,11.963990242346828,0,0,0
26.437201185807126,87.87299033942483,20.029396245767934,0.524982618959785,0,1,1
24.124844543129925,51.36592124898519,18.237847430746452,10.509867433317812,0,0,0
11.626975612837995,87.97157886462378,13.77712184868753,0.34382359724455414,0,0,0
11.69675428170384,70.71480727892443,27.749651947933142,12.934578548650059,0,0,0
29.732791570023508,59.791457296924,30.382473356556332,2.3645405374947086,0,0,1
17.485415915122406,56.02001652472856,34.11935876120546,7.714072431638267,0,0,0
17.412842941337818,92.89882254120675,38.91426418841371,8.95726056724721,1,0,0
26.25599134515005,53.26995144115205,10.666247685300178,6.8631811106011815,0,0,0
28.944971547677174,58.95920389711665,28.64373929959846,5.111452340233308,0,0,1
29.720021276457416,65.65200563448707,15.77032941982981,7.017214442714575,0,1,0
25.067563705178834,77.91056820325042,27.083278878044325,4.671236308217381,0,1,1
17.525191710618316,74.51604883742442,19.039267613968814,6.571835206212947,1,0,0
11.670014333973375,55.65395715855413,39.750924110717264,5.38369486497046,0,0,0
25.542938318548735,63.03775926821966,29.156085431629997,8.493072352607179,0,1,1
21.1680849947161,60.74382969887108,38.09965201737298,3.5688624336747523,0,1,1
18.484440184939526,59.60942845206536,33.39878197924743,14.829848323710188,0,0,0
28.12708770189472,68.50149514159942,36.11604044653484,7.513049300732483,0,1,1
12.223949646123026,81.68141536662456,32.576767888587,2.9124311612176443,0,0,0
19.852502085817182,59.78538194977562,18.366365215036456,7.1560012435090865,0,0,0
10.227072895348382,66.50054958663416,10.071538133875375,12.996226942872363,0,0,0
19.373212839882527,67.5912842078523,14.812807018020887,0.32710189686593394,0,0,0
11.126065513636746,93.94054382459345,0.8094493055980179,10.193311786609332,0,0,0
12.376358325361439,92.9599860595581,20.959726698586685,8.21951695190892,0,0,0
12.350524935542097,86.00619122384342,20.20231201081635,2.5433699155520326,0,0,0
22.984206042321272,60.87465143686333,21.010018593219527,12.26214658957381,0,1,1
24.920897585308467,53.061679134125136,38.96124899888255,5.533269335610084,0,0,1
21.667375301943192,64.26068619742811,36.45816013819357,4.407030432232611,0,1,1
29.243450969490837,62.00575472452239,6.46851113320432,12.421877877853515,0,1,0
17.49741159047408,72.76666100658773,14.755300862235568,9.577875692874969,1,0,0
15.714241725637216,84.99775595305069,16.958247178530478,13.473886255122366,1,0,0
27.371982563789206,88.62453224954861,14.42131671406591,9.448255555067991,0,1,0
14.471916770389052,88.01888384347288,31.939838544156522,11.112264868981729,0,0,0
29.264450788812226,66.18540025503805,20.961506794703478,12.546688443894192,0,1,1
10.243089493796326,80.92554545573073,22.883992678865003,0.8210945386490537,0,0,0
29.39757653415278,64.0775388885899,34.12054235951702,11.640734383040705,0,1,1
10.863198239011522,52.74074944558322,32.23712613661434,9.205597227743652,0,0,0
27.822862273961423,81.57043695213241,5.2884609128119875,1.0426169477278986,0,1,0
20.554022181725998,50.44223986564045,28.55658336334537,7.628668828030726,0,0,1
29.859295922386007,68.41321643563198,17.41744515608142,1.2368711697593082,0,1,0
11.475931294707976,64.82206711859341,11.785956122500018,11.039208025848335,0,0,0
21.077085688026415,81.20198923334836,2.000752836087454,8.197525708468246,1,1,0
29.38605071238198,84.48104627421705,19.48998241381804,14.303603061184461,0,1,0
20.461956883402976,63.68425861870777,14.217467228981256,2.7470305735765477,0,1,0
22.58797276270525,86.52321565001841,10.060521587056034,9.090501787805676,1,1,0
23.914973779692343,63.22625422272202,27.786869183878302,3.17373201855737,0,1,1
19.090821295355465,70.08468619939525,30.77941549262348,9.210974770910974,1,0,0
22.55116160168127,82.71583371563602,9.791580761176991,10.839745535412847,1,1,0
21.686286238462003,81.18141031511549,1.9778974671738903,10.834564939943078,1,1,0
28.02316020981978,94.43158125404901,33.9501080226094,12.226109860239148,0,1,1
10.908927606829158,60.132246089716936,0.39838964817213274,12.80325341937475,0,0,0
15.619263791844606,79.80430610928121,37.48449975685888,1.1590758940076555,1,0,0
29.008229681531176,77.43568587240998,25.104794959308236,5.149007356086061,0,1,1
27.805275677818326,91.17943045205135,12.873865408052811,10.306837805397086,0,1,0
19.11313505571426,57.03629637401938,9.859116383069448,7.478794310868182,0,0,0
22.402651956030734,83.83091736141199,0.36022657057900975,2.8601392013218723,1,1,0
15.547623659622653,75.57208773209457,9.418856680435086,8.29064355250047,1,0,0
13.762423194475225,62.359964140455745,5.509132060685644,6.111534791492157,0,0,0
19.273968098799642,71.34957113662284,24.486648828925826,5.850574164814576,1,0,0
17.067044560521055,65.0199468681409,6.661823543752052,12.146305761534958,0,0,0
21.67312223701744,76.06910312548074,21.14519350146477,6.113975007482718,1,1,1
11.554692739299696,90.00502748665997,23.60465689377883,0.39681758220636243,0,0,0
29.48789615332333,75.6187242985491,11.92166793387658,0.8709500833663691,0,1,0
29.72421488959206,78.42750882469628,1.4025979607487482,12.843660625374303,0,1,0
23.963234280394904,73.34365312016192,1.490155224567844,14.40901215018782,1,1,0
20.72192732688241,52.302447790046415,1.0538932877567042,10.326140046835613,0,0,0
16.190552325726557,60.47863505942424,29.56498668546185,5.465524411501203,0,0,0
26.275900394138972,72.14007782444372,12.720388192571924,14.079004736920911,0,1,0
23.694623451077586,63.960587768511715,31.852007438706543,9.942046295636038,0,1,1
13.252338786897827,58.17936189925374,17.269312953713968,12.665003237990065,0,0,0
28.21854368987685,72.68597788632972,18.119924033198554,11.48778456055514,0,1,0
26.45074485846338,64.52644070515326,20.51530410038295,5.687089736588886,0,1,1
28.99599826583848,61.61484394280366,28.521258255004156,7.180533012761783,0,1,1
24.5143901677672,70.87934378481714,10.940114633188283,2.7919823155214925,1,1,0
22.268303918715798,55.99779161369779,4.863493981341076,4.380211506611011,0,0,0
18.364860725812377,91.74855798839333,22.242293407658458,11.671884919297826,1,0,0
28.654569667080267,89.04659440636576,13.07910492970957,13.409675878246624,0,1,0
27.321277790008168,81.84292635832409,17.699652546721495,10.866906348771177,0,1,0
10.904373402123788,54.77962224148053,25.877868333492216,6.977605449849575,0,0,0
10.52733948994504,84.91447645113618,19.765029645650824,1.297639034096213,0,0,0
17.52926733756099,86.35807976490585,24.811152684033715,0.8542192304767232,1,0,0
26.211066615636657,84.5494077971452,21.768000084545115,5.614883469192807,0,1,1
29.74552258629889,55.12846492036585,29.591854877443964,6.957325781514946,0,0,1
13.008337822070564,78.9758580680494,28.2374647084648,9.136809333199453,0,0,0
21.8826143070427,87.54461580872294,21.36759567234477,0.09734282080495815,1,1,1
17.61781713262043,75.98090305488505,27.156120834388275,14.845843356994596,1,0,0
29.398287956292066,79.08833188526401,34.94238409090451,5.459083251060644,0,1,1
26.842378462714173,70.62635657418377,17.290851511526743,12.72141995701682,0,1,0
26.766574094222758,73.79182939478237,16.510522909951746,8.024500584981066,0,1,0
19.373863195899403,51.546958625827635,30.569824834095204,1.9565918180001973,0,0,0
18.296390046753302,78.7533359887978,23.30215348167976,11.963483288017828,1,0,0
15.468141438614126,53.665124580102166,2.840271208903542,10.647406123798142,0,0,0
11.127509933018542,69.57565674531006,35.684480627643254,7.91154127393842,0,0,0
27.294447525101063,63.16947939503335,1.2313240895056055,7.7182963700067,0,1,0
26.258020182601552,74.54425775952708,29.935854248389724,1.3121940862639208,0,1,1
29.99435346572261,56.00373509854432,30.351765708172515,9.837734228608111,0,0,1
29.93273674147811,81.12395308879931,38.12444341127722,13.668677336314497,0,1,1
21.10863411205255,85.77551916178118,2.16537633609283,1.3986737883203753,1,1,0
25.37974830361021,57.35095023844204,23.87427443137964,3.9526717597335734,0,0,1
28.89531459764856,54.694088930834695,17.113622825082118,13.534619601631482,0,0,0
26.99294781354823,56.54819672543116,13.225318194381682,4.265158647296899,0,0,0
14.946962034863953,89.47074028543258,3.6127424119629215,9.809155082698895,0,0,0
19.01088270620187,73.76851677903602,22.506164786852366,8.022272474147162,1,0,0
12.5831883030299,71.02674482033761,19.161629026984546,8.94491407505793,0,0,0
29.081020545174447,54.80203185960594,4.182178326040971,6.236833523658797,0,0,0
22.123492689017603,79.23002030406329,24.499580283883336,4.499872058305667,1,1,1
14.572856110069255,89.05998163527904,29.518124810117538,0.7280017609450345,0,0,0
23.434013688117133,87.26836411955539,30.69113204214593,11.164214089412463,1,1,1
22.362564809157917,78.17246190413606,36.21492753049709,11.191401932913402,1,1,1
17.163254360656808,53.387542249325314,16.37882967555109,10.060886101180849,0,0,0
12.27115184399258,55.05786622292058,38.12291074488548,9.654506821794309,0,0,0
23.431463911855992,52.21890441994211,34.617176203307444,3.6557569825128935,0,0,1
20.406154018075867,61.586564742161116,11.86006284095756,0.3351740064943681,0,1,0
25.446367834712788,56.104766022217,6.371321493978339,12.130730953281596,0,0,0
20.403270022239866,61.702161811359524,17.415575845120536,7.3670780354374035,0,1,0
27.0436300063708,67.32761250735328,16.075948318238666,4.602571960539275,0,1,0
21.03813677548971,92.4342252832011,23.02877221324817,1.528978601708551,1,1,1
21.218759430707728,77.46692269017615,23.33544929310992,0.940823863520826,1,1,1
27.5330720531669,87.5738203557333,29.99947937519901,5.233000826927659,0,1,1
18.06965732424794,81.96581753205496,20.395597928224408,12.071055971504109,1,0,0
12.680304569012815,55.06264087369843,4.192905637630622,13.780856240007457,0,0,0
10.57565352626678,83.1164182868277,34.33165342212425,13.45127046919597,0,0,0
25.10274511347238,62.3794496701606,12.390583327407484,13.800012521244824,0,1,0
22.406191027069294,78.75985311476178,38.85189841226368,13.61588014694014,1,1,1
24.08159536198447,65.34328881393448,4.714404347190806,7.908371274005938,0,1,0
14.259283230178214,94.89525184690967,38.33004688930013,3.2912345783535573,0,0,0
12.727429511735394,61.859816577355005,3.640472275300679,11.970698742552306,0,0,0
10.290893313357639,62.560871184842135,9.24144551788238,3.205694622788685,0,0,0
17.011751176131938,91.88025150030792,1.8631976834616637,4.0081091513485365,1,0,0
21.79835373709266,51.10899820863452,28.2045258655598,3.4988148273382267,0,0,1
17.844880901994646,81.35100445429386,34.01194946287167,7.724736055437088,1,0,0
18.749498440474582,82.63968758311452,17.362843272639218,4.827412622536198,1,0,0
28.083173889874967,87.63703598346797,37.14088300169719,2.312340744380122,0,1,1
16.965109340466007,93.84976897873139,23.611962870223984,6.797601178408236,1,0,0
20.279789783196215,93.90208636204936,25.20028541786093,13.108608581777505,1,1,1
25.67306025482286,52.937454090490874,33.8167680680308,8.558292824249584,0,0,1
17.930855646425403,86.98276952388062,11.872008202073555,13.175034088313806,1,0,0
22.441734004557468,79.08394701458215,14.170628853105033,2.938082776187061,1,1,0
27.247274174934905,79.1303960467891,36.23807676778577,2.50460810508831,0,1,1
28.990412473152844,55.77574669766126,36.03853984155055,8.633656885476304,0,0,1
12.941469618580758,79.2584224900544,39.059311048034836,6.949933523194096,0,0,0
28.53175250322989,94.21171612705615,36.073532657666846,9.902589624704353,0,1,1
19.842325861590766,91.03183562927512,5.094881441334436,11.919401865401724,1,0,0
15.164887765979167,69.76087973621827,32.94897144547949,11.269609434782646,0,0,0
19.182715124765224,51.79765879787425,16.393539124383764,14.133917604878416,0,0,0
29.600651505709543,66.30320705000922,39.632054237837515,5.9738461373551734,0,1,1
19.85236187985739,87.18756402202499,18.891238573152044,3.0958011337227114,1,0,0
16.575032205750162,81.56745956593247,22.153443300088824,8.263689599218287,1,0,0
22.668017086334515,70.67046450172803,21.19099661027194,1.6611468028677838,1,1,1
14.802912375563862,52.4795690821474,12.869481194331112,4.332766849974472,0,0,0
11.517266562173278,69.21026275204862,3.000883555716727,3.118320828947167,0,0,0
12.577594438212984,71.10612228730476,35.82604921607674,5.948455751956214,0,0,0
12.560916779155448,91.78499898023611,32.10703250105147,1.6682486250332307,0,0,0
13.038053870245887,78.84887466119717,5.581071222386771,0.47762616822146775,0,0,0
12.776543452988204,64.0243812494592,31.070730854002914,9.851910069450478,0,0,0
22.817494896064293,73.63932190028245,25.0338666420244,9.153734674347072,1,1,1
13.637601687982897,52.972488851997205,16.36575151670489,10.625384040579918,0,0,0
16.913345666477262,93.76557060423815,10.16084596382251,9.90579660407016,1,0,0
27.935768198120236,66.20269558688267,34.3891513400893,1.7144202171357525,0,1,1
19.479232805257446,71.50403097109111,28.007530371762122,4.366183220634695,1,0,0
23.351154770420543,65.98777884066152,21.909596378765475,1.9428991485052856,0,1,1
13.446397424032597,80.713027855229,24.382741355938563,12.644586030728448,0,0,0
13.845780376173416,79.80044712483169,3.642647283287239,11.203554830332848,0,0,0
10.817372325329577,82.1895039738111,18.956790436447676,3.0229050437736364,0,0,0
13.378701261443291,62.06644533253644,7.74801171142808,5.119638607348401,0,0,0
15.571806780639172,64.20508165238297,8.335347160353015,14.499224883963214,0,0,0
13.540209685534936,55.63630539932936,26.45215849147467,8.912390368194773,0,0,0
11.774050675141112,79.49794873307506,36.450246073371524,12.017333959517359,0,0,0
12.412717422012015,51.790870730104366,16.150264419133862,3.968865521530937,0,0,0
19.215575360654515,76.89570509855565,8.309970920487615,3.150793802689578,1,0,0
14.12667436811585,89.13631481832353,25.949877489466168,11.758753932698227,0,0,0
17.28539722096151,90.08744667303351,34.84748185401271,10.288086828471602,1,0,0
20.068345417097138,70.20669921664827,29.932752044899633,10.214668938176455,1,1,1
23.807896572587307,70.66866596958832,34.75028922146349,8.289518727437908,1,1,1
10.786242796821979,53.46361323536078,21.462186840431976,8.453675141648233,0,0,0
25.988207978180853,80.18442614493661,30.075049774767635,11.035462579593807,0,1,1
22.558007789818156,86.95667391677804,5.602582374357459,4.0500372168179295,1,1,0
11.635180638977438,61.009477457212085,13.93098461452766,5.291526987854336,0,0,0
27.471572482135546,68.9585396735014,15.581966579260897,13.074551557800826,0,1,0
28.417448010636264,87.74777015443716,20.45182984984138,4.632978015182366,0,1,1
11.221559197097275,89.47042104480296,37.16305441027295,8.194643570689486,0,0,0
15.537552962944075,60.94309911189016,34.97186240888697,10.539591960100262,0,0,0
26.124025595861227,74.77567855436139,5.381019691567381,14.998872402497648,0,1,0
24.965193807673167,58.66219177861222,6.911586075298528,6.529369972429979,0,0,0
13.690420387127546,54.584544386280044,14.305621983556453,6.421393149374157,0,0,0
14.186986466734206,91.0004225626381,11.629754635626956,12.638825691505012,0,0,0
17.40944205582764,86.92283769044491,24.590838126250492,12.08254666889795,1,0,0
19.690459703820427,84.20157058114282,36.1110419105818,10.966138226018227,1,0,0
22.36509543060592,52.19448434659132,38.49166166690347,6.9484445611354335,0,0,1
17.378272791395446,87.9677956719616,26.14411810140906,4.8590868024107365,1,0,0
19.25069432266296,69.71198341574227,33.52636805604347,9.13095723877273,0,0,0
24.94941876267513,65.40778054831368,21.008088009231884,13.143349396974614,0,1,1
10.733664057811957,74.59143624614194,8.333077874401589,13.256661873128799,0,0,0
15.048738886880415,54.11089592256001,20.987536483739095,1.6274751760565764,0,0,0
24.26699171769105,84.04909472085794,22.203304057506045,6.42525425719726,1,1,1
27.904136753743987,76.20957845997332,29.698302568542264,6.970829342981242,0,1,1
20.233548842313322,58.39655435929254,8.795319588293964,14.664230512856298,0,0,0
20.642269705306312,58.47044898960705,14.732415283469269,10.169970228638768,0,0,0
12.143440226795521,58.29118932077034,14.561098768582653,6.108696258931058,0,0,0
18.948247336469095,52.56510743983703,38.377583829646596,0.390868289783895,0,0,0
20.652345329100463,76.45093022172581,17.757798413068755,8.48077740148794,1,1,0
14.849410072694592,87.81566799148285,30.20375869192586,1.4411396345753418,0,0,0
15.384864618987619,50.787419629432485,30.032455254977563,12.516749360216446,0,0,0
17.545683262092453,52.20520902370731,10.621767392129655,11.287779908555432,0,0,0
10.401423955554527,75.77466245091256,22.874787574869284,6.907637398622681,0,0,0
16.441583311663564,86.87730584237235,35.772115732745924,6.438161693125496,1,0,0
14.228960139930892,64.70325007558851,19.00790877827798,13.46008448353153,0,0,0
16.54994704355829,65.7326479463475,37.80470029370184,4.326875256271926,0,0,0
12.395242636385024,76.83559238735492,8.578329172966463,3.735299431601562,0,0,0
27.8105456147979,62.339580010586616,2.9663642309612293,14.08796149238643,0,1,0
21.871849071080973,51.19737647349579,35.65815492578997,12.138687551302239,0,0,1
23.582046382889793,83.08528331457183,33.907247918488665,12.309383896007919,1,1,1
25.783424772146766,78.15424608236539,39.70359503735379,2.927907214138883,0,1,1
19.968843978581145,76.13401995750466,27.175739524497043,2.149439871464016,1,0,0
11.738405761748474,83.37578580463205,37.46751706668598,0.3904432472570235,0,0,0
20.742130836370954,80.38538769029168,33.077961003364436,3.5556226337802004,1,1,1
21.736822360417584,59.26468946802445,33.777053324803475,11.61285737571487,0,0,1
24.9087894836866,65.8616471124508,22.765662818170732,3.6005762814622466,0,1,1
18.63319092459359,55.67495637553812,15.294583916668433,10.936549253923143,0,0,0
12.551606055911275,55.84356560380465,37.38232290173127,3.7786239805113224,0,0,0
15.675518115974489,80.42880858604427,17.28468702463578,5.929387469260075,1,0,0
17.2616459279727,88.63700481421242,21.552774689986762,14.747434348671126,1,0,0
22.918344826632023,93.32296627375126,17.84457228500751,3.6721759692620335,1,1,0
21.41556609337824,78.275620289725,22.592732558407885,5.645559409474014,1,1,1
17.121934517956923,58.28455955124306,18.820203159693087,4.516307706978205,0,0,0
29.730304975859593,54.75426554520188,1.918702343179035,1.6443747949500342,0,0,0
22.115496387137743,86.5782937191541,35.281927440307946,7.348412131962374,1,1,1
14.74453583471989,76.04404143619996,17.77575275663079,5.680359949995034,0,0,0
12.035649452408075,77.8228259456174,23.557745940293948,10.4233062871092,0,0,0
13.05718278368664,85.16579399396191,5.567512110319481,12.263918204273192,0,0,0
14.919154567690162,81.64747524796033,0.13551391930556544,8.163745717434578,0,0,0
13.213627465191113,87.55062137852434,9.811603745745717,0.48294633131005293,0,0,0
13.731340481026116,52.52962574569453,28.18344128533401,9.283835343520824,0,0,0
15.701903373876942,83.63842865359271,3.967781204515144,0.8308609503140879,1,0,0
13.467471905895096,88.2883740794943,36.35549761545872,9.245344853985374,0,0,0
27.935308492528502,62.87607691062414,8.600902774247384,10.275449239037828,0,1,0
11.604674913232845,78.82012732969638,8.183744571671031,2.966514414262776,0,0,0
20.490227791405093,64.13729287266375,7.260318464859821,12.290192230826566,0,1,0
18.20793653979323,93.10869799171043,0.5592685188545898,13.666276973610728,1,0,0
29.64757233817213,51.50406075959767,30.872218739129384,12.196304461707294,0,0,1
12.240778043361047,76.09067797248298,35.00138124981034,4.576637853181232,0,0,0
17.95711198091483,57.49265961722818,24.566508104647955,8.799645186684517,0,0,0
29.38940866550738,82.04990923297214,7.527999267194492,13.722227237868417,0,1,0
27.310142517879605,57.91506275383979,11.41111987763519,4.809970893342749,0,0,0
26.3414414189856,60.59224678542609,19.037067894598533,12.300417333981375,0,1,0
15.158056540898796,72.24668649705912,38.173838064932035,0.14212696892544785,1,0,0
13.417751747801317,91.16757274985952,9.894054872709713,0.05470054177014405,0,0,0
23.37286439848862,59.52714674665869,29.265836156795523,11.395674905084512,0,0,1
28.587519782551716,56.49080095031466,17.577928931716812,11.421713731906816,0,0,0
21.135257860278596,84.15395743343137,11.913893934400871,11.834657817784407,1,1,0
21.432253789397997,72.52787895502689,18.23663748088455,13.950402568322435,1,1,0
15.599581873205683,91.03033005717971,2.8482687016493013,1.7685946773042631,1,0,0
25.389858663838737,56.5976550721929,31.9474948372145,3.4797747747553256,0,0,1
13.740874971150468,79.06675518603677,9.732077119318685,13.555873805607114,0,0,0
16.473584728084873,60.47956157683168,29.016484927718817,2.6585429665853018,0,0,0
18.508728772328336,57.05421928932377,2.733934857927789,10.23343901364876,0,0,0
20.1522075736891,80.75432368207717,38.20394224662744,7.95694500061223,1,1,1
14.848194648301604,76.715807895893,7.7205994162279445,1.2479051527726086,0,0,0
12.29673649478407,83.9672356263049,35.30968304828322,4.2789549291229925,0,0,0
22.21240084883265,63.92581594007821,32.37892838461738,7.805583246614518,0,1,1
15.772611064805115,70.15872453719855,38.71439696325664,12.785251750257512,1,0,0
21.624764428452245,68.24622543486883,19.115626437829984,10.613077344220105,0,1,0
13.087254305484047,94.28402587849314,29.09589175383806,9.328247421823995,0,0,0
19.62280203709635,63.151203053272454,14.828426281511362,7.440493349121223,0,0,0
20.651788651031715,63.26677572560451,7.374729520787753,4.480259757212014,0,1,0
11.036470736448539,65.95466939728733,17.723037317337955,1.7886736697889178,0,0,0
16.732085563878414,75.40673365806447,6.629960615538195,6.136140518491433,1,0,0
12.688293538779485,61.354523491868534,39.28178491145536,0.4277774086693886,0,0,0
11.267499409455354,91.18804731706732,3.849859645628655,3.165838339002759,0,0,0
29.799204647798906,61.95585041898185,23.568468938104814,6.487250638089898,0,1,1
16.44707689949446,90.31170792020876,25.058554210162235,6.2790777850787265,1,0,0
26.1974889170927,54.65637786409631,21.52318171496217,0.664431464954886,0,0,1
15.092813095275277,79.54532160798436,26.487435428473344,8.835902302879369,1,0,0
23.630054444478585,90.81434832972096,4.647231000475638,8.245263837798543,1,1,0
25.204557197793733,57.59372472792033,22.200740968211644,1.1715645603136926,0,0,1
21.912774812156886,93.57471320446648,11.488502845094462,14.147445786906589,1,1,0
19.431523771003167,70.37975121869803,37.607042532042264,1.4907416842629018,1,0,0
18.23681828294537,92.5571798798461,30.482866137589028,12.822512268560041,1,0,0
16.977365330859904,80.45690196335212,38.90057928638971,0.004645978725089095,1,0,0
28.59058288495652,63.57140914430982,1.5022427896075818,13.234216425680746,0,1,0
26.612388155754584,58.47361362126979,11.405327007228347,0.29579598306468835,0,0,0
29.300538213330253,63.66807708012947,7.81690346553396,11.36718047838174,0,1,0
12.485944469710894,54.18578341682037,0.44618349247322,5.425362169503794,0,0,0
24.617349504072884,56.47405848544984,9.693029209852856,11.073252002044798,0,0,0
28.766809136420758,54.709719815591654,27.151039340817157,6.0261780813746775,0,0,1
13.624661323313203,69.03245946837009,9.243556885382741,1.063618834977626,0,0,0
11.32992534733555,85.8010269315914,20.36013781930473,11.512600430930462,0,0,0
24.82241298580118,56.36225993973531,35.512724598599945,1.0687902798204747,0,0,1
21.489462263598238,55.86441949275512,27.75031681396301,13.831806539418269,0,0,1
26.83657553516544,78.95430272827988,15.785162796241279,0.7646105368749206,0,1,0
12.79544753252579,58.87323418856298,14.898757556484332,7.189879166572732,0,0,0
25.905346237197804,54.392451714904624,18.22943256033939,10.845516462761935,0,0,0
14.03254640095489,57.50818601925099,7.081657642396255,5.898696971880566,0,0,0
13.27311885731409,91.56791281445493,25.360030696639523,3.25850211888652,0,0,0
13.285315958619858,86.96620637492859,14.56611276418422,11.386364420940406,0,0,0
26.29149440462764,65.93290530597923,34.094613970481745,11.764420571830897,0,1,1
23.303944413924,79.51193452973268,30.262106402312654,13.840424759315509,1,1,1
20.461308495382386,74.17740531506172,24.4205265636864,5.642476656466165,1,1,1
17.17660968247005,80.47059185671537,14.568088905980643,7.593776017459903,1,0,0
27.544010816262166,80.72020186082418,8.397273266939376,5.44692664269108,0,1,0
17.84890214845271,78.29303067769968,31.046074564224917,3.856227327770523,1,0,0
26.33198878943154,61.974561584178886,19.45636395964346,11.265494423064128,0,1,0
18.78269817140437,51.75528893432681,8.9900015270943,5.094777675254331,0,0,0
17.538888588498153,70.5005051895549,7.806984601600249,6.4222416298852805,1,0,0
19.25359571339213,90.09382481108167,6.616036180054361,6.055104864360418,1,0,0
16.02755748328284,75.62737663333591,31.0864478482238,10.689918384701187,1,0,0
24.952187603525022,87.45759687658585,9.159487412012467,13.766934391660197,1,1,0
20.054407801849585,94.62309543325526,21.0656905410079,10.001340919610659,1,1,1
14.644253902936345,57.36272918622243,18.061854438922257,7.073738941413489,0,0,0
27.991491465491368,81.1299937613892,23.184435969131357,11.688076721083252,0,1,1
17.67782442746423,80.34321081650111,35.08619601484777,9.614569861832063,1,0,0
20.871057222279774,94.09799513112253,34.709895603269224,0.9091553567672023,1,1,1
28.12944221929094,94.35203302787602,18.043042872994384,1.4349537962826249,0,1,0
22.484759918279842,80.90053752758583,0.6146500293889323,0.5687541611045,1,1,0
12.337960814167282,60.96266563919874,17.057752228572127,6.852244893094798,0,0,0
28.796642472269504,85.93501271587695,24.247741496965617,12.387801515084472,0,1,1
22.554161061428356,54.81631103949671,22.310590363922472,4.696247540270281,0,0,1
16.698112293141723,85.1314686877233,26.05344423200822,5.762402746387226,1,0,0
12.785441453267746,90.95882558651134,6.163029298923339,13.642156625518359,0,0,0
25.88050378540592,67.22750276457958,25.861403951229303,12.553551679749823,0,1,1
22.40145511857027,78.37858827423862,7.306064749750889,9.9757216857384,1,1,0
20.66922183952643,69.35642294435718,30.02095922786996,4.002056731383769,0,1,1
27.877851661019154,69.69942747446578,13.563504530507199,1.7556222403266526,0,1,0
25.771944224490614,63.9666900098654,28.395817335258144,0.24088234020170574,0,1,1
13.033497594655024,84.29583292026462,1.9146239562442835,1.6051600890663131,0,0,0
16.234441355910967,92.12794538749273,16.314401023636535,4.388946654359142,1,0,0
14.969782796289316,92.33378866555074,28.201380890533308,8.276850953692435,0,0,0
24.878925851453538,57.86515781937202,9.074820653259765,0.9600012412858033,0,0,0
10.670648694715588,89.36346423454548,31.8114817918889,2.043416674776735,0,0,0
21.39779369742633,83.18441486422049,25.231189324197278,2.7162105346191154,1,1,1
25.24917371481381,61.377683031063015,23.502470885991933,9.479731394749592,0,1,1
27.53531273523499,53.02780758146815,14.141954168173484,9.236846984701867,0,0,0
16.841634974318147,62.059877009797006,19.2980588152447,8.261485895582293,0,0,0
26.425146093440258,91.04937065516864,23.893972039114125,3.757521370439094,0,1,1
12.212634739104145,78.49304037030976,18.89848455659562,5.56679536828098,0,0,0
26.929045834690363,82.44745974040424,27.932532957622406,1.4503457450661457,0,1,1
12.54977324663965,61.571855799909315,17.347877324278382,3.396909056370823,0,0,0
17.945745811207345,82.37246700086692,8.090927269681213,13.465578397088706,1,0,0
25.94590731559107,51.26546778250657,8.55735131204189,14.695376196537428,0,0,0
12.998348546975475,66.88946055978562,0.2321507537176437,9.71489378460442,0,0,0
14.58502790465283,78.2039006844049,12.038308622346898,13.752349380351303,0,0,0
24.445051367861325,56.57434544935941,29.956705619140784,9.641128506021376,0,0,1
24.400730730921488,87.03516085011206,31.76650835350438,0.4979472915820482,1,1,1
22.822952657705947,60.57640844653634,8.09870168383,14.951438774796134,0,1,0
23.878968889342,79.35265007683009,38.36175987485631,1.4842845252980235,1,1,1
20.854488866951925,68.23387141588984,20.09611173920507,10.239627021675911,0,1,1
15.035981178139055,76.82196179649412,36.679149960740105,3.7925430461218506,1,0,0
16.913919870078388,54.835274868300864,28.270611274465246,5.8797166936044025,0,0,0
13.631954336028514,50.76107599647233,28.897336920896525,9.689012772014074,0,0,0
28.169011226672566,90.93039923211356,3.401744852242845,6.547310239615606,0,1,0
21.66783589532241,62.13335039452323,8.799645075877226,3.7581908839669236,0,1,0
18.017028335272798,86.88546512512066,0.3525933317789054,5.0166928031748705,1,0,0
19.240116072882653,94.97076352124901,28.6451056190695,5.123221753847645,1,0,0
28.945666792236306,59.514406609951,13.7775315371404,14.389858567623206,0,0,0
13.067028062321604,61.932683353251,31.46610064305387,11.979195238851766,0,0,0
21.724596640335946,79.82869044355996,13.557448797481051,6.878231572191002,1,1,0
20.11777357768932,93.44518855702796,32.77335009195444,2.997313805120462,1,1,1
22.22908470869296,91.21164566858349,5.22793014993252,12.16524165393984,1,1,0
10.36220367641681,72.62939840295132,6.934926270300328,2.3577370741256027,0,0,0
27.44247817888303,85.77996271370262,13.635061583357459,3.156933257130051,0,1,0
28.642365649672247,56.10856338949555,16.33949555529093,5.490200877602267,0,0,0
21.30266367178418,93.98471828918056,13.948112433719135,13.205222937779851,1,1,0
23.933016477537844,93.3958955316194,30.545881300928794,1.976800029511654,1,1,1
28.449987623545915,57.3678031045627,3.878055705068588,1.8335128928178912,0,0,0
24.14477268626797,63.474040616139796,14.048680785539522,7.40962482457899,0,1,0
13.050780858285227,54.50697488780451,33.48959998061837,4.14615811640512,0,0,0
21.525767203336265,62.227291950418085,2.6718830904868796,8.530919124722399,0,1,0
22.13430092765712,86.7180105236843,37.693740306854295,6.774550270248352,1,1,1
18.48261342604772,67.02420232243668,39.452673690880516,6.524386595268252,0,0,0
24.728884712494455,53.97786352160413,3.5427269530032035,1.6795945573048994,0,0,0
28.687340295380295,65.40014861505071,11.65090089022948,2.1157453537476023,0,1,0
28.51137025813553,94.1622500408576,14.896026641414245,12.316178661702752,0,1,0
19.016787428082644,78.33576178666414,31.05565474610904,13.288241063576166,1,0,0
12.264760916815105,68.72724258827711,23.837072484669353,3.5202529932787536,0,0,0
29.69682397924669,57.49423310737715,25.774628019702696,1.7019075228715357,0,0,1
26.777961728918683,94.37795587776627,30.30039291274024,0.8012500790176591,0,1,1
12.493253624065337,86.93820541684079,4.719159977481029,9.124464206128453,0,0,0
28.416837652347446,62.66647861029137,33.3283782764105,10.730298187503083,0,1,1
27.397927241242567,53.15309130745352,28.224792167205763,5.5921498380480825,0,0,1
20.376761142521442,52.54815008199011,23.09366900785481,10.195138012359594,0,0,1
21.825508714898586,55.41701672774902,35.58941339132227,10.694382233392892,0,0,1
17.980054077402606,76.13458626264898,28.012254155352284,14.03013422095358,1,0,0
11.095232776440627,91.79435395424716,8.067998505241016,0.9731045675266087,0,0,0
16.70394483291802,72.3534542602693,17.18981524302667,2.8843758484661968,1,0,0
26.057068971960227,87.93254671052887,19.76171467742933,1.027889813954822,0,1,0
10.092640460092056,70.06489789369135,2.208705070016226,13.019909000041658,0,0,0
16.669983433822885,81.88625955955214,38.18550053440223,11.888807400503529,1,0,0
17.963373871818867,82.93427317789254,5.143090431875139,8.619631059327585,1,0,0
20.74791205875846,57.82836676565024,27.898450689069072,1.2549511507677473,0,0,1
28.39711232825521,66.25472265391153,20.249241443635206,4.099685379805794,0,1,1
16.926919887319226,78.67859704421107,1.0252899953769035,4.465797720877754,1,0,0
16.939064037924553,53.18134736829648,36.989899034574464,8.411147940231256,0,0,0
24.750024962194967,66.26930844933304,34.07347235275733,3.870658410550732,0,1,1
19.044358817796144,74.06597598265367,20.97031711615342,1.0943979586943224,1,0,0
14.49209645879964,94.83010218700875,9.15769344557781,10.96143452779949,0,0,0
19.04879032265387,71.35401031800984,4.86491562720377,4.48620317483117,1,0,0
12.817140407595996,86.72255407014455,14.535699177285064,6.785612655349509,0,0,0
13.527739730124466,69.4430278279978,10.21713124184362,1.9149995247345801,0,0,0
19.967355454789594,85.8375825178869,20.26764804025195,12.038224550918693,1,0,0
18.378508990090957,76.79366607290487,38.656371844937155,8.482978153860865,1,0,0
28.296918021362,89.89679486760792,22.998139729185656,13.523784393147942,0,1,1
17.24787798233266,68.49241485575494,35.597242235603915,7.43207344598,0,0,0
21.61176700556087,77.19369889196655,26.03515349983109,14.121385077268195,1,1,1
22.645285758390607,78.35084062784723,19.009861063488017,13.378023065719889,1,1,0
10.261889131766672,68.7822323810213,34.18430250933485,8.646897846888509,0,0,0
23.270747440334212,56.49404196593667,18.8547244069199,14.008401572247951,0,0,0
13.560719337395028,54.2101733110551,34.74512682041444,4.846331209418285,0,0,0
29.221406349389103,50.75021977698349,11.663070783030612,5.48463244056317,0,0,0
12.973254555062258,89.30904189103467,5.152522950519525,0.682169269590554,0,0,0
18.292482474540474,60.641371050741256,34.212578574517536,8.838013601457796,0,0,0
11.706993361572877,59.51780371767956,23.49660655170667,10.828859548934,0,0,0
29.937485036918947,83.12159301917295,35.563695929958406,11.602787853631547,0,1,1
20.04390020662485,64.40072508893263,37.513088279695324,2.2472442906915497,0,1,1
21.907700346400876,72.77201115853265,2.145135614857967,6.662386084687505,1,1,0
11.34152954776855,57.312997938385536,20.038772074354732,2.6529481814087346,0,0,0
24.999209407983557,93.18855746578862,14.99858196298117,9.931910232813733,1,1,0
14.198111861911716,88.32116300077568,25.034335882804687,2.369195586326522,0,0,0
27.961085788814273,88.87053303342515,31.74364788809294,13.562455259341125,0,1,1
14.102792809640142,68.30481868574023,11.223608638974758,3.4595196849212,0,0,0
13.813754413273331,84.30625461682277,22.271935374926866,4.371033994323673,0,0,0
10.730993356961898,56.47442699254011,28.349143196195982,12.763594832264996,0,0,0
19.441338902199984,50.387855116630114,5.377243313429361,6.877014152185857,0,0,0
21.29682266525233,50.89878196601126,32.56267623805067,0.3599391870010954,0,0,1
11.314172788567047,76.39707818320522,24.244383994118923,7.418793768039686,0,0,0
25.51055233390021,70.49277073615734,37.98149748454607,1.2681500307018456,0,1,1
19.065776694960554,73.31069070088338,13.581156765227732,14.78017078030966,1,0,0
20.4878053865516,50.335841318774875,4.325837693487946,8.821673556834035,0,0,0
18.81525493876456,69.02089788458416,20.260048041477013,3.847989264164677,0,0,0
18.01526121750652,82.31306725403874,3.432430868377554,8.455765193214265,1,0,0
21.19280662616436,69.9212165885346,38.78106093296027,1.1530065507263227,0,1,1
13.10480491861425,82.94986428405,1.5473983302876615,11.998369564032256,0,0,0
13.638562609905422,60.48585339785757,30.140156044292322,13.879920807962456,0,0,0
27.235712420270346,86.59139020167765,21.00409592568976,13.116665823092394,0,1,1
28.922309242672654,76.47940582040536,14.744826099931547,5.126364034478442,0,1,0
17.46618632559506,59.48433947434578,2.633686580346186,4.886521794650528,0,0,0
15.414893462871076,60.65242141342248,24.88667696694431,0.5263141682445,0,0,0
22.879990864780314,78.26137090562916,23.40881317563821,9.771005380513751,1,1,1
18.17468342196193,87.34728169455995,11.23533092270399,8.023571762846924,1,0,0
10.507727113206897,68.70325019131198,36.40886805641249,6.89019556991012,0,0,0
13.123051947323807,61.62351931074165,12.164400293713475,13.614464300020606,0,0,0
24.31944457694795,89.01552231097702,17.989016423684244,2.5181835162426944,1,1,0
23.178478838203027,80.11707312878757,21.75049823674623,0.14499400035273502,1,1,1
10.54191985006967,70.16384692773845,4.009275127051444,1.0997467818114814,0,0,0
14.439443238658988,71.95550878756859,37.28646876854529,3.3505715674105336,0,0,0
14.621495931761428,59.19154105713784,14.981446098041644,0.4992832389518542,0,0,0
23.43785487197457,78.20611835291797,3.2311685549737446,7.542655659647032,1,1,0
10.394210755087283,66.14341297442999,15.491646947013198,4.71135682850367,0,0,0
12.082171639691477,94.80403295034571,24.008101883703226,2.70724512102199,0,0,0
25.998321707463788,71.60825818678495,20.546106872853183,11.251261124229933,0,1,1
13.570893241086672,71.8648522785326,27.78167896149096,3.0667698934879506,0,0,0
23.054922157037495,75.46333043348024,2.219357682716425,10.3140765149069,1,1,0
14.76365562093453,91.25402014034361,11.381624410882246,5.238973587714584,0,0,0
11.988827855186903,86.03681449368877,32.76922307360409,7.677416409938318,0,0,0
14.863443819989081,70.30085314090286,3.1957475116544343,14.008005597769797,0,0,0
24.44533863711318,82.34146696877582,34.2194381878383,0.5602745222371924,1,1,1
27.113929362125717,76.38059744513427,3.67584368308425,7.503967612161928,0,1,0
26.604397291339833,72.1565171915562,33.37816859566785,12.816344404914274,0,1,1
17.943670592369095,58.654209775295776,14.431536043149066,8.819613725555227,0,0,0
23.361702731412922,70.87713185547008,24.488362530288633,4.1530577544773495,1,1,1
14.09968590831642,61.06183641601586,6.115484625919927,5.965217027175515,0,0,0
15.862954605220265,91.16789674332446,2.646748869007234,10.203984430928617,1,0,0
27.926716370422394,65.0933066073356,8.637528160805402,13.362178414707046,0,1,0
10.26003847021472,92.85188065400175,5.114152716347822,0.6159956061991739,0,0,0
11.71017061708936,73.987488054262,12.496235907185271,1.073082328355646,0,0,0
14.157725102920546,78.41949704042722,20.575329860440807,4.875772854143813,0,0,0
10.530644077476394,74.43232000201975,23.55037854260038,3.4916952665621848,0,0,0
13.628708701795947,55.82212776350154,31.594724295189714,3.97396329333609,0,0,0
21.66083121939384,66.91195485535735,26.249595729934345,3.319049979388214,0,1,1
18.428491011849957,54.461575052493075,24.35033300518212,2.9373757328273657,0,0,0
27.853434221539498,78.03293198825217,16.471281099430986,1.959359503039377,0,1,0
26.34887123476882,70.10933878401976,18.952337398405547,14.00931197692857,0,1,0
16.83634703395752,85.00932372069215,16.580833175607243,2.162841958592296,1,0,0
15.18846866862585,59.92117164497164,33.68664120245533,3.0660566214830425,0,0,0
17.59384816334534,57.40547262932007,9.200018101935994,3.693985859711786,0,0,0
21.805898850296153,68.28495039336956,0.22883726167858498,13.995223096956307,0,1,0
15.361272816457525,91.69634224482715,26.05279588904957,11.33571200401627,1,0,0
22.482978156982682,81.96898167555852,8.098487345553256,11.84549145473272,1,1,0
18.18823304382481,68.85156311568134,35.60460545239237,1.5713738930774706,0,0,0
21.040943617039606,73.27724763894398,34.361853188266245,12.544648125235074,1,1,1
18.722530582706334,53.78958550296942,3.0690948771282356,6.12289622726127,0,0,0
15.889315190838353,94.3059153369251,4.255536216563094,3.942345393185831,1,0,0
28.969066139243132,79.98832871127135,19.806863689866653,8.636251252804659,0,1,0
25.272115883195216,62.84318308085401,24.36890651077419,12.33274358725101,0,1,1
12.80226351532905,76.36137773968599,10.99633349928963,11.67978226612364,0,0,0
27.369359517958255,54.92670647310473,28.671908667974826,13.349962238716982,0,0,1
19.748623964990273,93.46265009634126,23.79664083675486,13.921982790231658,1,0,0
27.89104453788183,57.865324454751466,12.992964389942188,3.571831071416243,0,0,0
25.997105118946305,79.16136431248464,1.0148595216926237,6.357868412539075,0,1,0
18.50427008938467,61.04545081425187,30.006011251940706,0.2194280880760502,0,0,0
10.449386166402348,82.29026221918411,8.590146633003307,13.1898248889759,0,0,0
15.373547187698922,84.95696152581264,33.378949738505135,2.318582272121513,1,0,0
20.83268429321734,80.30388780101447,16.811610402170206,12.922122185140415,1,1,0
22.669564396522944,77.65247571148366,23.083097705270617,4.940809829798946,1,1,1
15.157753708664046,90.16110922784053,34.91794921636008,5.522003849717073,1,0,0
12.787121481456483,53.538201994539115,34.54492003679813,0.5869838172578906,0,0,0
26.69860473598598,64.89116446010878,14.860783009742931,4.903181846479794,0,1,0
29.68804361407104,61.172936583388065,8.355555708593725,13.325455242018961,0,1,0
20.513803646053717,94.46062829294397,31.005843109143786,0.3832110168240621,1,1,1
13.43358571696607,67.52254008500931,17.323208144085246,6.09491209570088,0,0,0
15.446146530387379,82.96757146581794,7.6816797423601635,0.47099444719111705,1,0,0
10.367813530949334,80.8126323746452,36.17701369268601,5.5638513766359745,0,0,0
28.28597613120998,59.543655686482,7.924167769643495,2.5896096117043674,0,0,0
12.355021657802823,60.75489560951981,1.0322867276492431,3.7832758990255804,0,0,0
21.53032951028507,62.65780535988654,0.8111989506967987,13.163975597421285,0,1,0
15.48110441374412,68.50072752167206,24.89261425817057,6.540738309328365,0,0,0
21.083560050315867,60.54462795427371,26.467002428701214,4.106969871028683,0,1,1
23.028407767037287,50.88431672360815,12.441668202279356,8.840075669258217,0,0,0
26.594836074144034,89.5726875563238,12.800439569882535,2.1316043974887355,0,1,0
14.128425435212064,93.45244241213979,13.57975660239771,3.8908741113128382,0,0,0
10.219916573169609,65.37066741642056,27.206341870355146,8.193719514043329,0,0,0
12.737712601376145,65.23280957414627,2.3253516410731434,3.5628456277210323,0,0,0
28.0003728369621,50.31913157484669,37.16465410765303,10.186916061013099,0,0,1
27.477801551250305,80.61128097486683,8.900841767097859,7.372369533892838,0,1,0
21.948262043406167,87.14479530868829,39.98692820968369,11.579836053820364,1,1,1
22.010337208673068,56.59737351620014,6.8609077514874794,14.22366803583703,0,0,0
23.30073349092511,57.184985721521784,30.8618582924951,1.737073340211116,0,0,1
13.507425572468993,85.5537462487147,8.936501797185002,5.019975149768173,0,0,0
28.288238918499196,77.73308367593651,3.233872065730159,4.793235943176098,0,1,0
18.375410497841465,52.01872509324727,34.99733297402595,2.2677437900588138,0,0,0
17.66277056498995,78.01461457080268,34.350050367635674,12.154547060002063,1,0,0
20.37835410565675,63.901297527969476,16.142815697984055,11.39818056058185,0,1,0
10.9393193355011,66.59263199618806,28.095845701617073,7.266382062515985,0,0,0
13.325667375121588,84.63791382335961,22.282637307356687,8.066561666919144,0,0,0
24.76067232852741,86.49208367026748,34.11824454694995,0.8931620700374437,1,1,1
11.655973358502528,68.01604820779238,12.602238772746176,8.332610284905684,0,0,0
22.063042189327764,92.62188212028596,20.94689599995941,11.870122860294547,1,1,1
14.906982193626419,68.29082230784326,19.41489484818202,8.607413603757857,0,0,0
17.785912280839533,84.73262158535495,14.156233050274349,3.9795955518062835,1,0,0
15.773874735413997,71.77447690539165,35.65820258225489,10.01322408501506,1,0,0
17.113454329298982,90.38895469349379,6.635116986501419,5.422326449478715,1,0,0
24.38091810368491,90.84925596425805,5.980345580827846,8.173099264286028,1,1,0
15.9424343124635,53.93375635419877,23.076381412910052,7.313480449183871,0,0,0
21.328092805937942,92.14219990896015,26.29976919939768,5.717625014477702,1,1,1
19.521008043981993,87.14906786841871,7.784770172982607,10.783169705912027,1,0,0
23.273423307252962,85.60898214407001,15.628697690184964,13.258141679788228,1,1,0
28.73659478649516,59.04101028584851,37.86255371914975,0.07818777715387415,0,0,1
24.651441944205004,86.23036439395992,9.86469690762696,14.004247788455508,1,1,0
14.298807571815136,88.25597306082665,26.734428084695764,7.672727041248375,0,0,0
10.623662701225694,63.01176505043679,29.60597574790363,10.510978205448978,0,0,0
15.245280885996502,92.85170352630456,17.925147978606383,12.834368492638157,1,0,0
21.901558614005097,52.24370658796239,37.50103947038332,7.00655538471405,0,0,1
11.028516269685007,56.74591639612129,29.46626940875162,12.524611100473354,0,0,0
19.927324944024726,74.19115121231815,18.316983194435913,2.664297291828033,1,0,0
21.936856978337786,75.91066120050394,22.77340807104376,2.387513017197217,1,1,1
16.684877816339217,79.03175374854065,27.704537737004028,9.862070532842303,1,0,0
25.418244074916437,50.76361081919599,23.68760721716873,13.052145083276057,0,0,1
12.131965062675436,93.21650485799586,35.147903353043034,13.38639266304059,0,0,0
11.502755634716175,52.00646417303648,14.275546491216048,9.656106875658699,0,0,0
24.563775124072066,56.43778787255311,11.995429602232196,7.882338453139762,0,0,0
19.90982632412397,50.63065328867256,8.553555579810572,4.970896315447743,0,0,0
23.768047928554722,75.50862949823426,1.5113187225838054,14.70000623398997,1,1,0
18.696546772074925,91.95200977644376,1.7205585752022134,4.795435299993757,1,0,0
14.928040664782136,79.96762247362089,34.802207724371314,11.162791608473897,0,0,0
26.382046353483993,87.01958608161922,27.13572585623629,7.9797269985750106,0,1,1
25.988317579379583,50.59765415563611,26.421296617459443,9.127685137880201,0,0,1
23.893929417088536,74.39068843158768,24.58571275739544,5.9022082588293925,1,1,1
15.442902744599253,70.68033398774848,33.9687657877642,14.472346882083716,1,0,0
21.804613337381742,72.45355748993569,19.2106770266251,8.575234891489066,1,1,0
17.219477938800537,53.24959334008346,34.816433142332016,14.06681445688185,0,0,0
11.831641466532684,80.79959124811884,14.377801047289566,0.11387124260871184,0,0,0
28.346271509244858,72.64491866863855,37.06830017356362,8.590058747866815,0,1,1
12.736372618379228,84.43169824375687,27.946279203249603,10.757803345879072,0,0,0
29.00474707641605,71.83807853277719,10.28708544097709,11.17620256743327,0,1,0
18.920115459159113,56.722173630189445,22.563396867545006,13.57465322672522,0,0,0
13.702658576772393,79.17156293350199,21.321222459530222,0.06602413505679416,0,0,0
20.838018947567164,57.757386294732484,5.515952869213359,0.004952388892146553,0,0,0
27.458916717528165,89.25775535096668,23.649716230024566,7.08395191192823,0,1,1
24.644497728191226,77.59023075811587,12.591424948678318,0.4394055750805598,1,1,0
26.131222957228996,57.074174760062945,2.0939506723840973,14.617988304935619,0,0,0
23.175667334214346,93.3052125866543,37.946246308262594,3.3309776181208797,1,1,1
23.84553129035705,73.32644585008943,25.65961476257151,7.0899709404726705,1,1,1
26.983913031306386,53.28043033422448,35.07675727483388,0.9170644501833541,0,0,1
14.99336017718372,78.20748069867803,27.042240200530124,7.830726242568878,0,0,0
19.788499272862808,61.39395081557646,14.279347685604517,5.699341877211127,0,0,0
14.424188836392045,86.1662053344786,20.507522893152455,0.6699004331583563,0,0,0
29.75336015993294,86.80199331047858,27.029870413887082,5.026864000443371,0,1,1
28.881186793732265,94.05263101345977,38.4100930080575,5.871540303342834,0,1,1
10.788536227370118,72.58412889610267,10.14677836486786,14.8488223691241,0,0,0
24.11150345031377,70.47305958774817,34.999082344964705,3.118288078790632,1,1,1
28.504966348313317,83.90640224509163,36.96311221177078,8.171694230551495,0,1,1
13.61150690254667,55.9611795353867,26.816620586358262,14.80973323797943,0,0,0
21.358904611052587,74.61119812069059,37.25066509605351,11.880288119102026,1,1,1
28.309765951760838,74.5811420058883,15.91514349909474,14.900512513231334,0,1,0
10.678919571715976,54.02629052646743,38.12064704161771,14.524474719902539,0,0,0
23.9484053449368,68.80928384781112,28.111315086638996,7.3430931314123145,0,1,1
15.946980147451015,88.39781593552408,1.680230696752476,10.445637748058486,1,0,0
28.487923907530607,88.52691298975972,36.27491327276211,1.6566469041172667,0,1,1
29.421164903307357,54.46569492138565,19.378912361327703,6.617232375702028,0,0,0
28.885329782268677,54.082439723652385,18.413079391113314,12.135278134000462,0,0,0
19.484284333149276,61.82129646508709,22.65866423918537,7.580029814657151,0,0,0
27.240853019786268,89.36447281492971,5.975381870849117,10.540485492258478,0,1,0
26.890987970701406,55.800616328307456,18.766641942695944,11.186269949764155,0,0,0
16.382009464865114,82.39985611823508,33.245088668709826,3.8020371186434083,1,0,0
26.57830948301355,54.55245288258965,0.6192983655006135,13.135490594138483,0,0,0
10.740152694309852,78.04120341865215,10.916686412974851,6.897336463637684,0,0,0
21.92539756964106,66.02302846036152,0.0981834577537688,3.152776554323156,0,1,0
14.60017674575406,85.50112833346401,16.628452365993933,12.981238226826656,0,0,0
12.411337715545576,60.51607019714136,29.132620419749387,6.267282091593805,0,0,0
11.539064032584182,78.76408232254819,31.95087316458514,11.254686575695796,0,0,0
23.925775517562794,60.605714055914824,37.807590445080265,8.220496083323894,0,1,1
16.797499275361325,82.11471274004691,24.34018451883146,5.728076283517506,1,0,0
24.49533543057523,89.3155115552337,10.185074666115819,12.14814622557854,1,1,0
11.307126815978847,55.7060809607042,36.96591796546796,8.767048974669196,0,0,0
16.305806756612206,88.99680598679765,31.012630155215042,5.858431536405476,1,0,0
20.789825847506744,76.71088644864341,22.97713932012578,1.6439680550269054,1,1,1
25.814463296779273,55.71997208901608,27.82560862875744,13.431679706500619,0,0,1
16.3750500586414,69.23938349118704,36.972654200297164,0.5320437801249983,0,0,0
22.51782752874018,57.2387132068294,28.495761138916865,12.947810225520843,0,0,1
27.71955496472374,81.51565499899563,14.73498030338936,5.399422873247332,0,1,0
22.31726376364609,84.14906604880773,28.521128091563867,9.590081452521087,1,1,1
14.659189495072676,54.76084341227595,1.6111265094155147,13.832995857535279,0,0,0
10.48801563113076,72.77629337125899,15.456622473223248,2.275599232558476,0,0,0
27.401977478018598,86.65812752116628,16.25292127382317,8.504257134582152,0,1,0
10.425388217007743,92.12733686979485,6.673529376833387,11.46649293555288,0,0,0
27.49403345368399,73.10830400337966,0.9234192220708071,11.363757490785861,0,1,0
20.578742680544238,92.76256506251332,5.335249465509713,7.884478718992559,1,1,0
28.781353970257925,74.10600367052135,26.184859831882203,9.371091898596871,0,1,1
25.975664715473307,67.73857225699587,32.0915526545475,11.362904911992668,0,1,1
29.95868221066675,88.1691407848803,39.528139709078964,12.615414566361176,0,1,1
17.014236309034203,72.184221970614,13.85454012433977,11.427196453137956,1,0,0
25.34376577862254,71.23561297540354,23.97516889044407,5.310074147718639,0,1,1
18.03861827218484,72.06406202344228,37.48579867260488,14.950896015865997,1,0,0
19.597512406078177,88.10532508413854,6.681671253526105,6.517540405789566,1,0,0
22.5501092643674,87.43736937596235,28.705823453709705,0.3669705413840013,1,1,1
27.473542283726776,68.1583996598095,30.199149325966527,5.4392542737819305,0,1,1
29.681669383985902,64.99849369417362,3.559021434773535,1.9167443186076487,0,1,0
25.365468277290365,72.13676108176082,34.449975407322604,1.821639235925625,0,1,1
18.355335643346677,75.77476293816991,32.52420188443375,4.223025601603415,1,0,0
18.427140045541403,60.72517447825986,1.3361202630973779,0.8006324126589126,0,0,0
24.75164603177783,85.72797881220157,3.643376595202059,10.327682826143446,1,1,0
14.775542915366046,71.89172445795903,1.9650757556740928,1.1098332630285763,0,0,0
12.209482262627894,65.03204967889818,13.38974127197449,3.0493433315393426,0,0,0
17.09244315281553,54.80694468337958,20.371559627197048,1.3934957174117906,0,0,0
15.744779833081635,60.74803221816231,21.29390911818515,0.9475159635454661,0,0,0
15.9261624091198,92.71765272901926,10.706670390777706,4.016274983093125,1,0,0
14.672155020998199,63.72948590687869,36.46387546241097,8.578484514905549,0,0,0
10.841863792727239,57.59866802151659,14.730511594876528,14.470283346702626,0,0,0
10.357478694668277,70.7302756244747,1.8220062386141,13.133349815244094,0,0,0
29.75444779472063,63.81894845121119,12.009084461655455,13.139008881679871,0,1,0
18.555462674717248,51.582166262203735,21.24437690176622,2.6410055405648643,0,0,0
17.686532943193633,64.54153477757377,16.32887290352928,3.9736079024673017,0,0,0
23.5929456538614,74.48488807727608,10.953700763970367,1.1458997519295855,1,1,0
14.365077757301282,74.82705674089851,5.252929990572697,11.677025098727775,0,0,0
28.99922367900451,66.04515145296,32.76658000384919,1.0472445222834292,0,1,1
25.726900288311043,70.12862403136702,39.845809684967676,8.3504350623128,0,1,1
11.78822004624519,93.44830632056448,13.181685340955283,3.7181335848592614,0,0,0
18.35161551569857,66.98068147536402,15.264841767064157,3.6516845104311715,0,0,0
27.582366151243292,61.620206596699234,24.721500987078283,14.860875828714077,0,1,1
28.894640445828205,60.956016983004204,28.737658989421654,11.351697104678061,0,1,1
19.348030224997395,70.59940757168604,15.68118139214365,12.554090374365753,1,0,0
22.268227784214154,84.17840669226248,36.197180679272606,8.57974028016019,1,1,1
13.340678921841505,59.26946828848129,22.400159569156735,13.065214310906239,0,0,0
29.823372522739533,81.91832572133455,18.01560305623724,9.682358087495293,0,1,0
14.633434027668867,50.95174205072373,25.866910126396206,14.19260557194518,0,0,0
28.854635482702513,68.85198400927757,38.11215392996693,4.220078790684552,0,1,1
22.992932979847367,84.91392793412541,31.78209177686822,8.929793186743426,1,1,1
22.154735897577183,65.24298300984941,1.6005252214049737,10.351970219053381,0,1,0
20.25377022033017,75.36816956504298,13.292396429598385,5.8940595754171,1,1,0
14.613396234355173,59.224065477165986,18.821787398048908,13.195619736060799,0,0,0
13.530560640110165,83.38979260067775,12.580702888364211,14.697047446562316,0,0,0
14.409724181403508,52.35255964709418,28.00750243321826,7.406542370589923,0,0,0
13.72876524288509,88.36441901939752,33.050765994503244,5.859609822065086,0,0,0
25.591689471335066,58.918837388975064,29.25380380741086,7.07906892834688,0,0,1
17.002505183334602,89.34791142687487,39.57333147313101,12.791051185978974,1,0,0
11.156853531267927,65.86381585852328,10.901905915721164,9.682026382772515,0,0,0
29.382052602816227,82.5207608513519,34.99957980097686,0.6715855877714261,0,1,1
27.675717699268514,64.36513840037848,30.664906606979446,8.132548656685723,0,1,1
28.55504566390426,90.76602520555915,14.487150302325844,0.2595018411145472,0,1,0
29.898156452928706,55.698670648326846,29.364981746278747,11.678030565051081,0,0,1
13.477904984389745,58.03339051726694,4.1630382567298785,4.924684103136956,0,0,0
17.924840378053176,72.1863556321461,31.573339293622094,7.08011223175994,1,0,0
25.164769514081826,53.687229756716576,21.293224103484107,11.98017158861448,0,0,1
23.920412361075844,58.819108311579285,11.691606908370126,0.6967322592864233,0,0,0
13.077918126797101,92.46948719954065,26.231092071367208,2.3781230338741564,0,0,0
26.316662499812356,93.94203475165492,25.66479994857636,5.969405646676723,0,1,1
14.488811436733213,66.93166981986899,8.379448908783989,3.4488774531834085,0,0,0
14.476352296452461,91.5478709456271,1.2158965924610454,5.068521386625947,0,0,0
20.73948845786827,74.51711040530444,17.344903476066953,14.972621068386974,1,1,0
21.858798696834064,62.13841096431952,22.78047477377685,12.381216563607161,0,1,1
21.601724156756223,81.60794244862694,35.064211134823935,13.258527224401629,1,1,1
11.829736747955097,79.65058129586858,37.12867182590378,14.05581950348663,0,0,0
27.54921725260761,94.51063935989299,21.152208726270658,5.1140382047129345,0,1,1
15.31200085177412,61.92712793341775,30.152139350741795,4.45615436694709,0,0,0
12.590298425656083,80.24267761977809,17.572130893119876,3.5109373885811235,0,0,0
27.774961597379544,52.34106897632511,29.84328626291572,12.451753669621839,0,0,1
29.113029964595068,55.114071741352376,8.192060997566678,10.193277934277774,0,0,0
27.24255234530901,50.176326872799194,14.842589392141257,3.5425797372431593,0,0,0
26.19032149449756,94.97573064768528,25.369119952544594,5.654907438156823,0,1,1
23.104839612780435,86.1023163716365,0.7263186242831532,7.600676458991974,1,1,0
21.017147412182787,85.40253566300933,28.89845241355816,7.922100859106306,1,1,1
11.739735198228203,72.93767338796809,33.421420050726674,13.33091592827572,0,0,0
18.169064261413972,63.5030187307448,15.965666443758057,5.708491994208245,0,0,0
17.45377034024628,56.806892800820414,17.917696687086572,13.627860457507685,0,0,0
15.195075675206525,62.810363248090866,34.05128848866124,6.620513404796845,0,0,0
24.468402273771698,66.91870498681126,31.026185413041336,11.195590121885306,0,1,1
19.917514701575417,84.03395436411324,11.525979561335,13.95381479977584,1,0,0
11.620924318152959,74.28478050064186,12.959044262461559,13.613635559448996,0,0,0
14.403664038996226,53.48676319499672,27.155129295623865,0.8542930094352175,0,0,0
23.66517527319192,50.81130540315105,22.527923697926447,3.0855644246485476,0,0,1
11.522617189806004,54.604948079032845,6.4891828438598775,7.153581382984127,0,0,0
27.024138280975375,68.47244211638207,12.397196369166657,6.47331434929661,0,1,0
19.902930540279485,91.99368126720583,35.999331075146166,9.613374972558105,1,0,0
19.61173154653296,78.68311165441497,27.526977468890536,14.170635762381183,1,0,0
21.84815569319035,86.08216549439818,39.43897270742078,1.6860706691692324,1,1,1
26.493619318502983,70.98685675270468,30.680501199230775,6.7778799770136064,0,1,1
16.95618415804386,66.27497374377693,37.678977285743606,2.8861655683070895,0,0,0
23.56032305118127,54.878016772248024,8.647542954819016,13.411613975969212,0,0,0
21.314639279915824,89.41698599837923,30.85939499267703,14.468702787024792,1,1,1
15.340565403388426,85.24220130625562,0.8087008059118972,7.180525228355251,1,0,0
27.57259972710316,57.56531439189763,26.830400868461357,1.5601544659221112,0,0,1
25.94852043213856,73.05172537443173,18.771291124809654,11.779420000840098,0,1,0
23.169036693168508,71.93186635645603,13.870402876802746,10.457120257385984,1,1,0
27.011634581884838,78.12911987089379,34.49617409172356,5.320062399154657,0,1,1
27.34588401919605,92.57841022960676,34.17070770630123,13.311112109534452,0,1,1
24.167259534300698,76.08971487931159,0.8920681959457433,14.637478346740608,1,1,0
26.74026656727344,74.30977700503783,24.38020489797724,8.367807736952932,0,1,1
23.949429233385672,52.26453198205988,14.713288972838257,8.485918670164384,0,0,0
23.602815435206008,52.830836420811075,16.626440060017966,4.4627025767066675,0,0,0
22.372227564303685,58.4306056097055,33.281629568751036,8.767590539749714,0,0,1
25.054332791152824,51.46118472612867,12.393590861107132,6.594634807872698,0,0,0
13.172102105861473,83.45088030065057,37.7219524255048,4.532865403920779,0,0,0
27.61741518397857,82.54986367972833,7.18535305488563,1.0077779478585196,0,1,0
27.43687055490464,56.122530549423935,26.50889693472711,3.7906178956368737,0,0,1
10.584945660691183,87.62355053578764,26.884202680550587,2.967819745164966,0,0,0
26.516335011295254,56.96537156807504,10.087806457116727,8.130629768309234,0,0,0
12.577397349468903,63.55290141488115,12.990024358688078,9.025050326453908,0,0,0
16.70237708518284,61.20396046226143,33.391939703197615,9.128575864590246,0,0,0
24.870165125832155,66.75381943578715,30.4722101981981,5.822715015685186,0,1,1
13.215197920966164,61.459869465048286,13.163835212590381,6.31844600528244,0,0,0
26.359340482381242,72.00279168973034,21.358261877397354,12.5135764446096,0,1,1
26.64268355915484,68.33335466096085,2.4672118501238183,7.143492202757436,0,1,0
20.149354675216724,94.39562708506969,8.34983529594517,14.816599982056836,1,1,0
10.127717434336672,52.516685755770155,19.432822354415965,6.5942584501329735,0,0,0
15.740762663498256,56.39816193743082,3.4389494111684638,9.743714169267585,0,0,0
22.338538367514843,52.37716522588711,33.7332941956775,0.755444984900937,0,0,1
29.62372356054847,78.16285377420691,28.720248404305913,9.800098866282163,0,1,1
22.636270540333367,52.452917483617384,37.74534682593979,12.771395916225092,0,0,1
15.196071621283195,87.63978818192555,27.738676238561087,14.136867577999443,1,0,0
22.680114061992228,73.03723838068674,37.61605489048742,14.959809174596558,1,1,1
20.79970759431711,73.71534310616902,22.180502227638602,4.232679684738497,1,1,1
25.596907903022874,75.27175284704873,24.008744442478775,8.630550972385752,0,1,1
12.139612776539169,57.686616783779485,39.07884218505043,6.76076978298221,0,0,0
25.22055805004056,58.89606364015194,25.685165874570416,8.457262208627565,0,0,1
20.825331573522206,64.34677952928521,1.231462754429864,2.3617943578476996,0,1,0
29.25984007717989,76.70733871198331,28.952111065220933,12.842243588939123,0,1,1
16.837443320773723,59.45529991730965,36.21874768549662,13.643534150168813,0,0,0
22.652437862678962,55.23492772099676,31.823209991773066,6.744924946693838,0,0,1
28.64056211020035,93.65525988882945,23.353330905016904,4.206447923603653,0,1,1
12.050194559813585,50.98918166643303,26.85214052374065,2.112501414795185,0,0,0
28.744569744729024,86.12138324012096,39.60767157006687,10.256472371667066,0,1,1
23.757714446016266,85.46158173087599,3.626483540373533,4.683477594311028,1,1,0
11.356741182103438,63.37463512302932,26.68979314532958,13.64307854870083,0,0,0
16.019271338936324,56.103197720329106,11.335907782823753,10.06518712267305,0,0,0
24.16344177290563,56.553289101744056,25.6036158634468,9.68527987761361,0,0,1
11.347012029375435,81.38442277567367,24.304943035357553,8.391031738473613,0,0,0
21.643409203525465,78.92629659887781,6.138273284326483,0.6866450914308841,1,1,0
16.917661139059135,85.2235553413124,8.269865829609566,13.978836535283804,1,0,0
22.41831035534954,92.1866527579597,24.865183121728542,9.419062399491901,1,1,1
10.914840676250257,81.13673134699664,5.129197892150965,14.910929750746655,0,0,0
27.430736123047524,57.01331914481496,10.607235005212914,8.060346071593306,0,0,0
29.469779383547937,60.95491775444348,33.4098219095201,10.651663378593197,0,1,1
29.37755710571383,87.89871788929015,13.083660240065544,0.8431433679933326,0,1,0
24.993036634858495,59.41877341253939,19.522406250786517,9.476042652351163,0,0,0
12.60172480261264,53.26350426295166,37.645613405833615,11.469744173855359,0,0,0
25.16526391858045,81.64760243190128,9.085963553477852,11.677714422788359,0,1,0
10.49173832917603,68.1136859970564,15.585040694320416,11.551674783454281,0,0,0
10.442471030579945,91.40180236456567,24.258311021741825,3.394239409405015,0,0,0
16.472204382990824,79.26147819921476,30.213557180158887,14.630977164078388,1,0,0
19.772863808093316,54.06885400062473,36.06613546850821,14.92773180937408,0,0,0
25.408148356155863,92.65354552641473,36.61891950294061,1.133938127424019,0,1,1
23.665907532130106,61.635076863811065,31.06560297490492,14.046696342176359,0,1,1
18.918054127534965,65.17456206828285,9.133233463732417,4.34173791456554,0,0,0
15.472533325633318,68.1017186157594,0.9923732017026321,10.339261226264473,0,0,0
29.942490003154223,52.3050933381941,15.350957214224952,5.071663811041982,0,0,0
18.523626044719457,72.34319400037722,5.661954039512933,14.516314850596823,1,0,0
19.02774048659351,55.54933209838815,28.415505897531922,1.5225578745530322,0,0,0
13.272476423833384,68.04366470097582,26.445223473028673,7.4662022543456406,0,0,0
25.89619097499859,65.78194045964379,1.7588656648581935,6.4207168791311195,0,1,0
23.87364451562977,84.77780375419266,33.463751165238044,4.8903517841697735,1,1,1
14.415392255775208,86.1426730234729,9.94973065164729,9.68300986320223,0,0,0
11.647620912316853,56.90357970750896,17.289083019641687,1.9658361513250122,0,0,0
23.60998604149426,66.49480343206518,26.717349418229695,10.749936272005453,0,1,1
23.090224285622703,66.80089224643243,17.176751474090132,14.70888185707181,0,1,0
15.465190539964187,56.81346997712383,17.651512111997736,12.068380717029452,0,0,0
29.017271245008207,85.93040772730357,2.625119813429615,12.90025129364318,0,1,0
13.021157835618006,81.82527477509404,16.05774197040015,5.394551147685037,0,0,0
18.64669602085204,58.56718038336656,30.593915728799338,4.873299097218281,0,0,0
28.872318403351976,66.50248588672096,36.60705348746391,7.755725320351998,0,1,1
18.394546338522446,54.76122611854314,16.53988548253487,0.6858992214340903,0,0,0
22.77051895328171,78.26929686918697,16.943433075163156,14.18037201684799,1,1,0
17.951887959255885,55.461736604687886,28.105084252946085,2.156777595242883,0,0,0
15.484304046973401,94.36703758812129,37.710880044211066,13.545195587521386,1,0,0
29.679552959196563,85.13069336095381,10.682437609574409,1.2537333300053355,0,1,0
18.18668012630086,67.56073473127978,17.605768261517476,12.3393739151784,0,0,0
27.88198407358269,76.03537695257094,31.838929742092045,2.279437888173227,0,1,1
14.599092117821723,91.01038172973838,24.38774277496154,0.5719742113720905,0,0,0
14.262094080501665,74.93446761781217,4.423453758558189,10.79234175389113,0,0,0
10.622681657690228,57.85243188790798,25.10930942249063,4.203979502616424,0,0,0
23.033336507517703,67.04165100115216,7.469851383893076,10.717442291765243,0,1,0
17.370526874475225,87.94151892633855,20.408637363136165,8.326278757092297,1,0,0
27.28716499679274,78.98958571953281,21.164130706417538,1.6321108534509836,0,1,1
19.464198133831143,79.28259729502102,35.048134488999395,13.981951099517456,1,0,0
29.363868558294435,89.00696685598201,18.499770960497525,6.784712621452163,0,1,0
13.710510314062423,90.22878758581271,11.177696889435769,11.01670916698032,0,0,0
27.372463359112217,91.39066573007463,9.238653928641263,7.515308580234377,0,1,0
25.531937055834835,54.268213696392024,34.97007506737344,9.06542212441807,0,0,1
25.41843689288104,74.48567008833953,6.8404341767291355,4.541603885350386,0,1,0
26.895664562337753,83.32292845482434,17.03474243532575,3.0054045600517543,0,1,0
25.220479818859978,84.06170803071562,7.48692459707788,8.138553051121017,0,1,0
22.524406432628307,77.30222908865017,30.932161604575015,6.60328459456503,1,1,1
12.624897553647752,57.50543008326534,18.97490559898476,5.851698201508997,0,0,0
10.650523589825038,85.88392492737489,14.045747622272483,10.088507926419346,0,0,0
28.416956956313737,82.40501000817255,14.443985625058673,10.357599480167039,0,1,0
22.33300629041476,53.87610971970663,34.088568268919175,0.6888008413689456,0,0,1
25.930745819523526,70.87144211034693,22.150958171777525,5.081167413655082,0,1,1
19.630447030251002,57.828982978481164,28.714714045250545,6.176468253395661,0,0,0
12.34616377924789,65.18646705708373,35.88154065002738,1.4533824174625214,0,0,0
12.503715844051008,50.813649149255845,36.06966704162568,3.5385130004743255,0,0,0
23.711305744579427,68.01484407848412,13.140362173514525,0.7746269583413495,0,1,0
18.606117897989254,74.74446145202947,38.09805052585541,14.943631479255309,1,0,0
14.010494534006735,77.8812166772189,0.9950352805842178,11.048358044547667,0,0,0
19.83189093482874,79.85706553079196,15.073422440646628,1.311752347541305,1,0,0
11.284178741502682,87.6331090896107,35.831954300353665,0.3037406968513817,0,0,0
21.639428038287974,59.69583082740785,10.985475192679317,10.789317002284204,0,0,0
15.379868088701954,55.42168200973106,10.923258012852735,6.587882485240004,0,0,0
25.951182012743764,88.31917273540665,12.104891403275548,11.80195063596864,0,1,0
16.207239178471475,57.04757667016924,24.49253539387689,13.852140567275756,0,0,0
19.104402981636024,93.8642036601288,17.533311024574154,8.989505835245588,1,0,0
10.232410798162013,87.91422032293866,29.069393454133703,2.8066263437587957,0,0,0
11.448937755891178,72.53944726503195,35.79642570258663,11.732910540696789,0,0,0
17.849871128133696,94.16396412149113,26.967974997714425,14.337176147615617,1,0,0
19.59877669434247,54.38195280986019,8.17866880790302,8.70346930589934,0,0,0
22.000410962386074,63.637959252879575,37.30727609442009,10.229961709211002,0,1,1
15.833251574186065,78.72009867682752,10.57971493389914,5.062120425550096,1,0,0
23.89963772253085,65.75030908129304,5.995771813126325,5.722915419904668,0,1,0
27.20244794378409,91.77676483913564,3.598691154438436,11.019817467795958,0,1,0
25.597019777866997,52.95317396800179,22.535349626646624,13.916566476102288,0,0,1
10.792376506967143,74.7235324427434,4.550498499226072,9.434825808365284,0,0,0
19.610138945156578,76.58898203278015,5.55103536450523,11.847718627280212,1,0,0
12.098603568363497,79.37276556997509,12.001219223819866,2.5745252612305953,0,0,0
14.840900317250549,61.504980049931646,11.266120387378553,3.179386353869603,0,0,0
29.73325186534293,66.4054892383939,24.169580413285694,7.980520302500851,0,1,1
12.849910858030265,87.965623834924,32.66981117890726,2.6483128836426078,0,0,0
19.97776306902712,58.77242460365719,30.453986248115697,9.524926053313854,0,0,0
22.36311468636238,87.2090531228013,10.499378188659069,4.374797780920485,1,1,0
24.049299410882078,75.3194940306234,9.812419919439197,11.87298928000338,1,1,0
21.192973669738283,84.2984380037337,38.63166120427871,12.121655199215152,1,1,1
10.195416948383674,82.11233148185622,0.329449663678405,6.956811836330296,0,0,0
16.529226164879837,59.338017292319556,35.18882132240863,2.7121595255645294,0,0,0
20.35423286769423,75.59657313952428,7.989140764896199,9.701624416228988,1,1,0
11.757329982896668,89.04754187622916,37.891372923590716,14.891805273953796,0,0,0
17.012538624183616,69.44523065608682,13.692291393100788,9.33886346913785,0,0,0
10.66406217582733,93.49658466004925,17.614070955730092,0.5366203607101178,0,0,0
11.571569943100414,70.34967950457731,28.284824557775238,0.2594096365062387,0,0,0
17.93846552403192,56.42535365005481,23.506762058930413,4.805429557384593,0,0,0
12.654315080861206,67.5245606034953,12.717573188272912,2.936757102906073,0,0,0
21.35081696523116,92.82660828757417,22.15323663471294,12.195768107149622,1,1,1
23.789299382745313,64.38743822029343,29.228275374515448,12.672085005540007,0,1,1
26.011733982181656,89.06441719401784,1.6933978360996838,3.8792815696571425,0,1,0
14.003004884896201,89.65628067568504,0.4479722102281647,4.884671654248391,0,0,0
13.349651645181396,65.75839359493824,18.32267756291565,3.54370451572672,0,0,0
12.091356806688005,53.74659461227844,5.273464712140568,13.62573821056896,0,0,0
22.728604990872732,82.60510591214683,26.573771658588576,7.539740019334234,1,1,1
24.129514529738024,64.01805345562937,8.562098249097367,9.8420556612303,0,1,0
10.63172289651284,85.23156264159076,17.314044271826837,6.23223130049405,0,0,0
28.724244924873798,69.91946817171949,7.906837474970758,9.465212902567966,0,1,0
11.039425673029449,71.83700340541797,21.93934342996498,5.7878306508260415,0,0,0
20.82592670602141,85.00592330368416,4.642138375382756,5.095176565938382,1,1,0
24.18121038901833,67.20634989777325,0.9242741114992103,9.517201097602204,0,1,0
27.41938247492171,69.94073053953116,2.0452655242678874,8.86593117073484,0,1,0
24.281738642648556,66.928571094633,38.1703376606124,4.402919312519245,0,1,1
26.034561661395838,66.53032318747759,5.691448744437433,2.240226754792101,0,1,0
16.78900385085612,73.66759596056568,28.33913012547341,5.528650407572064,1,0,0
26.296502274930244,86.39597500255178,2.71704816891305,6.227964587128638,0,1,0
11.602296927693503,66.27957403651547,4.326414089407287,9.430265001369072,0,0,0
27.896333121210553,73.59146242419816,20.355050056373386,13.717931454552957,0,1,1
20.951847523074726,80.18272964491703,18.594837206173747,0.5427719629938771,1,1,0
26.345955399249874,62.124775083664474,38.06321237759478,3.654915188127674,0,1,1
19.046365690366002,62.48852622060767,37.79341812082949,2.9057391341934053,0,0,0
22.871553903930497,92.00359071605547,31.184345701698604,7.534416130406754,1,1,1
20.528053218722263,82.55905579989899,24.08407320509399,6.445512105647397,1,1,1
24.631790435106637,75.9734004300489,18.198412695720442,10.935564357302827,1,1,0
11.632599640611792,79.14740244892754,14.247141373136841,3.6362386881729574,0,0,0
11.207041679811276,51.318474939653825,37.88350187902222,8.917475486246378,0,0,0
14.942064680202929,77.81463345027636,24.11635245698742,13.25785895399939,0,0,0
13.190893602263767,72.92789929508909,23.16290110743978,13.660166098774571,0,0,0
27.435671331844034,74.5587355900746,9.276044870756595,14.381769070875468,0,1,0
14.384279747160885,66.17407220738677,1.8679127154045227,11.598917281199828,0,0,0
29.517305116382627,53.66632539708239,37.80754319038178,13.589818593883725,0,0,1
16.737915835422136,58.700265512542344,12.549410353786158,3.5179630797791135,0,0,0
13.642358313773986,92.78351209457023,17.70356093297835,2.963714165257155,0,0,0
25.79397014284958,68.39148030219204,4.5855977434282735,0.09732125670789682,0,1,0
23.17415551001752,71.00074201238888,33.47697319637168,10.602665361436475,1,1,1
19.96391432906278,52.371940543404754,1.105273314237225,14.062007817206165,0,0,0
21.107271018752627,51.69048032947913,33.35963048396386,2.8040301756251464,0,0,1
24.384035565445277,82.2731651171041,5.611400511518672,9.554153631403183,1,1,0
14.569094826625975,74.21425988545,35.462564505246085,11.196896388326664,0,0,0
29.926678321134837,72.891769289732,29.190905493446294,13.914213527220848,0,1,1
29.495863242935663,60.940603869020094,6.586810500292204,9.702903360258325,0,1,0
23.00651372693874,83.5137829233465,22.632719714378723,14.554405991231285,1,1,1
13.990849018582903,57.57064605988214,12.506252574208778,5.1700971151882165,0,0,0
23.604564848625827,58.547063464745904,7.129323956463338,5.248928006571115,0,0,0
11.443968179583518,70.73204771067239,34.36728797644434,8.145187650215183,0,0,0
10.613050044116122,62.88259379503734,16.140910660289176,5.7525282167386065,0,0,0
15.153657770224275,61.13583415549159,15.9417485746153,0.021385924312989357,0,0,0
19.252459134786328,79.03569400489992,6.7954669922648,10.97658037630481,1,0,0
27.36545010816761,79.2937285348345,15.322627043431147,11.27575562217725,0,1,0
24.54338139532616,87.10326814099682,34.86467385315401,11.204619070301558,1,1,1
24.85413042399962,68.7968855137839,14.525148419585436,5.175309999156999,0,1,0
18.50986668896151,53.28882909617676,38.06414249999152,7.8343420996675786,0,0,0
16.91869985093926,62.314987321465594,37.8523559683355,5.3996027726500415,0,0,0
17.420775259692054,94.10024584385675,5.795946372293841,0.24054600045968655,1,0,0
29.752991274721158,76.8316358854716,7.092450140905795,8.436734119071282,0,1,0
10.80218382824965,81.93816881604592,34.506962813275564,1.8564099912601657,0,0,0
27.340629922448972,50.331102333143654,15.710436756988768,1.200619861371609,0,0,0
21.57350817144787,73.31925794821345,0.17495929132037347,11.332486030451808,1,1,0
18.77230838379181,51.688789588931144,10.95487278821484,0.14259303627158437,0,0,0
24.50515320830273,75.61535954411517,23.905159727822397,14.385126654130893,1,1,1
19.733378828494057,91.43468823362339,31.97063863839872,7.728830461688653,1,0,0
27.46846476163321,93.57886087251836,5.335544683730382,14.745246460592226,0,1,0
28.01403728022517,74.3248703925016,4.421654576669414,0.8699635870906264,0,1,0
18.434418537469107,70.61921623634971,36.88370614289327,8.752943232988699,1,0,0
15.536555944701032,92.52576924118223,30.045934712903307,5.239905539638668,1,0,0
21.847006571867244,80.31244243985128,23.591184031123138,12.652237392214287,1,1,1
28.24726691233382,52.92046757922843,30.767471599837123,5.418341028514294,0,0,1
14.21324378011333,70.9576509950374,17.154174452265536,3.9073136858602364,0,0,0
22.459331671269656,60.811025830893676,30.338229892365064,12.863296906498698,0,1,1
22.63120440185041,71.14119446519067,14.87211965098143,5.619796374798915,1,1,0
24.66226044830562,70.49595074028628,9.763782899704093,0.25249979790842203,1,1,0
12.631353702545196,76.1965161266634,29.160536851718746,5.854336512590007,0,0,0
24.31649929364177,66.0546720657163,16.786891686290733,9.817834035164129,0,1,0
28.18065041331282,57.392170225516765,39.25508417304779,3.815393082095728,0,0,1
13.59366217740484,72.66737455654803,13.97940729232404,6.479813886377359,0,0,0
14.750866498477553,87.35912979555928,36.869096821242636,0.8507270742333828,0,0,0
29.427901880832792,79.8805502630421,37.31850194268318,8.821391872709357,0,1,1
13.619539054189795,65.22655396663471,9.674117882589846,11.344423857905907,0,0,0
27.087701867391583,92.09853602414857,31.928847263520534,6.1996884210166545,0,1,1
19.845557128960696,91.0493407062132,17.322980205782606,6.303489492021901,1,0,0
14.944621488063541,59.420677972284444,36.70098908921392,1.3242374787737465,0,0,0
27.414998025450227,51.77379133041634,18.00497090540955,3.0291129676797386,0,0,0
18.90610510005331,83.35889187578431,29.772148693494643,2.32012954691869,1,0,0
20.296347078593804,87.2424617607119,18.678696366551915,7.225316529923069,1,1,0
17.18466738799531,93.55390546781098,9.112030228514246,7.938833114261252,1,0,0
21.85901702869855,90.04263773397398,7.974005157787452,14.2341019692639,1,1,0
13.270477451700454,77.02406456928867,17.017247770253825,1.0984725641585085,0,0,0
17.821630733035214,73.85235526455713,30.2197862805686,8.998019597325706,1,0,0
29.38824644670575,51.252847306816385,24.202859407230672,7.897477909923619,0,0,1
15.16266865402255,61.099540108015006,27.54517159602173,7.743496469037438,0,0,0
23.134733290825842,70.68266382798168,11.293054029277698,13.097389310742397,1,1,0
16.503801284493896,78.28267550376054,19.25741383830422,3.0830770604322972,1,0,0
25.46946251373201,75.07633249932849,1.77581059877308,0.6115991151205719,0,1,0
12.617473214366996,83.41861953567607,32.70129663832483,10.084072614512888,0,0,0
29.396420901570895,62.589511889916835,39.59568648959498,5.1773619620397024,0,1,1
19.075790827672783,75.4228673443613,16.275162504986834,0.2638487431878689,1,0,0
14.72100926692928,53.966400952585644,0.438546125261734,3.770610109356207,0,0,0
11.469934946600253,68.61494856124432,6.791705582037895,4.639901613252178,0,0,0
13.395158101750814,83.75723748295704,26.101075110016755,9.25257565176363,0,0,0
20.395478971120355,81.20303840430698,24.48317272815437,2.5887869107390813,1,1,1
16.740063528625726,94.57892317274806,31.514588783421758,6.19581521930097,1,0,0
26.57766731765219,62.50510066944902,10.155360438442727,7.237131666267488,0,1,0
18.617750473236118,72.41851846282907,30.545276621885364,6.8885608704613635,1,0,0
14.974285451752598,64.82886861982985,27.51936086094679,14.609111500001726,0,0,0
22.342899732080603,69.82714013266286,12.912579908553731,0.6825635668544416,0,1,0
24.135544337708914,88.56275584412246,21.81952592227848,14.26452279678599,1,1,1
13.340838158018997,80.7894083834819,5.890952339933069,8.7290582099105,0,0,0
13.352384325766353,89.70985361064118,18.102580137423306,11.935915724547574,0,0,0
10.733428538670859,59.15799987493489,35.247893582225636,6.455889270241132,0,0,0
24.72804030131281,89.3012503028647,16.847655193015633,6.807568218854707,1,1,0
23.276090552436102,52.6893023380273,33.58266825901688,13.189897485237355,0,0,1
19.492617514996276,89.98696761967186,23.610134610387775,13.439017444378532,1,0,0
26.883408979383944,64.80832007573275,7.675068524094271,3.5803332214694645,0,1,0
26.113403059001065,64.156443503633,23.244249787915855,2.9886281787692726,0,1,1
21.707087287935042,73.04398595143988,20.239333166282538,7.4435276080492665,1,1,1
27.365425610265174,92.33105844754543,15.94565340785536,13.504155406915375,0,1,0
14.116824200735365,52.150161410663245,4.785217580642813,4.835326401092645,0,0,0
12.238392387954558,65.85039387818354,16.668346553889194,9.780219230086969,0,0,0
15.394992230339792,88.54573949075011,2.9104950495850845,10.622275316109016,1,0,0
11.141737121786297,67.822451484596,3.95076205595005,11.680119973412337,0,0,0
20.62339056002064,58.962060391868015,16.63666131730864,8.458866868814448,0,0,0
28.732113845899228,69.11573815991353,12.215259278738548,6.0368276741845435,0,1,0
10.786870813370193,67.34986256712511,37.02177303448894,14.505239831984593,0,0,0
12.442198280200536,91.19372906600165,15.02823221521082,9.169961299542791,0,0,0
19.043980565668704,84.28704690843938,30.314324882884005,10.928478174499062,1,0,0
28.6775003505581,72.73020000848028,21.20990105464971,5.174742685438175,0,1,1
16.32312209953501,94.4766755024707,28.163426745693418,10.049237715046202,1,0,0
20.144696173767848,70.93748890741655,10.404639320615967,3.866964932461889,1,1,0
10.831457181007842,52.620702386912384,37.67619891353316,3.676453762929542,0,0,0
12.966864019241777,61.80234448167432,21.203539876576958,10.720833027141396,0,0,0
29.73260245917694,69.62317160986908,33.25296285140999,7.820921043944026,0,1,1
29.30237392872091,57.0606180865754,14.60182773904454,10.249149156335847,0,0,0
10.098799618688192,92.64043068458193,4.008453962020981,4.041577361221375,0,0,0
29.03623570846478,84.5082004017998,26.948465908833953,8.980850115850956,0,1,1
22.78239875631001,62.07292401924977,0.3103859334969794,6.659004745546689,0,1,0
27.358365890400442,76.58620400830621,19.01171906262033,8.954404302682919,0,1,0
19.09479711267718,82.46521206993074,7.71207610665837,4.3631959836632905,1,0,0
20.311920571585006,92.35755180080591,25.095020177414487,10.731764454736858,1,1,1
19.776931605138405,89.67359071289349,39.17679492551409,12.088940492391982,1,0,0
23.337285150922085,73.18365017621961,18.576116252825837,3.8987471078658547,1,1,0
12.793025095126257,84.85936789068579,32.699930261026665,4.509308397834631,0,0,0
10.599471797453559,75.29651392224133,20.311367478044843,9.917314045786394,0,0,0
16.158598831823817,74.87167505204931,19.833601244160963,10.433777614553163,1,0,0
24.093615254732935,55.16338812521863,37.216939727151114,10.561495265961751,0,0,1
14.037069042458967,55.676194610726846,35.59863474986726,10.240477571637552,0,0,0
23.468648666498346,73.82901267601059,31.432018607518977,5.892115754288082,1,1,1
29.39824092214541,62.0987695240553,11.850230132671363,5.922805116055176,0,1,0
11.878014315788368,50.94666061072109,21.800336628957623,3.8222643546657213,0,0,0
23.452042364502525,82.52776417550956,8.9558893322274,2.3525054984454448,1,1,0
18.875004386091423,51.461896851057425,17.75666792186159,10.388660690953586,0,0,0
27.362845087550106,76.78745784968245,19.368522630391624,1.3978317895846926,0,1,0
13.542995788947717,74.26372073572915,33.26560160677324,14.066884301801725,0,0,0
23.85251904452329,93.5966610760012,35.841134612999724,12.40029455507177,1,1,1
26.762305792962206,71.78959127064388,16.584802495859115,12.862586099358841,0,1,0
28.892284389480466,52.862064637000884,0.7081778029294883,13.600032219227852,0,0,0
23.664960565792917,74.82595855129077,34.47095359157419,6.1290745608486015,1,1,1
19.94349528016855,87.84932767772457,6.971147140054428,12.700510850256016,1,0,0
22.356944804024277,94.85821779266479,24.87527855561574,2.37091950437474,1,1,1
27.378099689574363,69.36544281600825,0.9988360173652477,0.32462691912353514,0,1,0
21.412194932776593,64.41344341235342,15.980259010422571,11.773370919957753,0,1,0
10.607741193936738,90.79939836283995,39.438412084613994,1.1219497199540895,0,0,0
28.618973910139555,58.60589580842546,4.027744044152124,14.827870009888823,0,0,0
23.790535020631225,77.6943011764817,16.947726079985692,10.121946444023338,1,1,0
23.53026771554493,68.25714908814265,12.285998007598087,11.301745653631583,0,1,0
14.313503047954343,51.84870642299999,36.203524935530574,3.687057844167989,0,0,0
23.177709404653143,65.6279813437564,34.773604316294204,10.107980908795323,0,1,1
17.877288113083168,61.93528351262036,9.507950412249153,0.6482990588243581,0,0,0
23.02465954082984,80.8741019274569,3.247511482017247,12.567385798854014,1,1,0
12.131860606159815,92.69557239613631,25.0855357624447,2.5443613954735866,0,0,0
23.156906092060723,62.0621234320387,13.45474847534839,10.460371002506559,0,1,0
29.98827451541333,86.51596726182568,26.88337562424252,3.367207518490925,0,1,1
10.96424077721112,52.491191762228425,1.284790242712579,1.026797541390641,0,0,0
29.543483684426345,74.2154454517916,5.335969407099577,7.222405178240915,0,1,0
18.13815921445741,53.174752866945255,27.454889310905735,2.5392931540918418,0,0,0
27.415069006745185,92.03148460087877,8.49482621209991,10.941659824898247,0,1,0
25.64770968116547,84.48580762508256,34.303507030496064,3.563487650752273,0,1,1
21.340325219733355,79.60774600420666,2.3436355084054172,5.137088343537433,1,1,0
24.768984185026532,87.07533717310989,8.619279311422986,8.511588768967094,1,1,0
27.57031122602696,79.13839080065733,39.942409939402744,4.274524163659674,0,1,1
18.082806433020657,93.6024978728431,17.323044103471705,5.669821743149424,1,0,0
16.540663231264773,82.12810765391473,28.11862654178574,12.2343265656058,1,0,0
23.351867711271694,91.60963743120111,7.306521954280547,2.6881477434153855,1,1,0
26.15691883882517,73.27093514047871,24.39474939942151,1.2330238422290052,0,1,1
25.245702695532316,55.26789858418382,29.044242734776738,4.925366776995289,0,0,1
25.956272977172688,73.76799746403577,12.579065434660421,6.365651505208173,0,1,0
18.71166629625866,55.7092772628392,33.15588447903511,8.139889232048516,0,0,0
26.35668432350043,76.66220656293822,24.13670313889133,5.586355442625106,0,1,1
12.40418110741217,71.71218772374483,15.564920384601209,11.848675503342076,0,0,0
20.88978195921699,78.01589290247517,22.305695733726342,0.589792315027099,1,1,1
10.115173209962432,50.45211414746742,23.07043389743697,6.476513072978369,0,0,0
16.491716598005404,58.76782212449139,6.621411707754641,5.733838719846069,0,0,0
17.32923069742796,72.1098694360459,16.109294794678647,9.713677362102885,1,0,0
17.923453832185107,92.77266027151107,13.737223520779725,14.49414377846094,1,0,0
23.909344133797244,67.26240681598213,16.036108903165044,7.655631099432933,0,1,0
17.771162025406916,69.09674117241356,30.444423539410316,14.803152704125807,0,0,0
18.973872452450614,82.161324005298,19.301536298666907,4.533740923697962,1,0,0
14.75088261748655,77.1706740778753,37.61264612957057,0.4630219881369152,0,0,0
17.4650358325868,63.451676754424994,11.747056534337448,2.4849475121461913,0,0,0
14.545392545263029,68.48673780053426,16.62814313139716,5.9268732716185095,0,0,0
11.463918475368873,59.79649094857546,31.478272419161655,4.745008637828283,0,0,0
22.06897186762756,93.47096566085938,21.84098373283001,1.455811964750665,1,1,1
23.364255971100327,55.87854717008119,21.88112585697791,6.489901615360752,0,0,1
22.389806920192292,66.73265530548888,2.1336065202073407,5.071736574893441,0,1,0
19.26988087601145,51.1627537499005,15.943986508738233,1.8392883068615768,0,0,0
17.595715603584594,59.98007713700959,10.8293492968693,4.441756959178634,0,0,0
27.266672991436504,85.12120122710698,39.973404913244615,13.296540830330857,0,1,1
20.38163570272436,59.052885452999575,12.334202825292412,4.530732982340103,0,0,0
19.58363755259462,53.602853113803455,35.37986139175454,10.709331348630775,0,0,0
10.512841316128714,71.35039309300355,27.049349401619097,9.180706194866334,0,0,0
16.824956552523126,50.44861556305333,13.636656367683617,6.407717436125576,0,0,0
17.60391237571714,53.81447694918499,21.741375134964947,3.5853845520550376,0,0,0
17.976455617938008,86.34316413033389,33.62143519796775,5.5352204901891815,1,0,0
21.603447384546648,84.71630051868229,35.334731921236475,8.881608202065642,1,1,1
20.67205093453757,91.18124691822032,6.415755000245809,5.261298221240324,1,1,0
22.158101855868892,88.45319461598373,13.582925648326786,3.223446503613477,1,1,0
25.297665230842565,80.74290034579181,13.408927208542867,1.7469412333744816,0,1,0
26.25971477432187,52.354978578529824,1.6817918430377876,13.19650406864348,0,0,0
24.362461524529888,85.22818780939959,23.929510394075862,6.604694636278585,1,1,1
29.110473919098695,88.04798648782523,34.19280211968752,9.378124826143951,0,1,1
10.364651653527233,85.95869655973794,15.262975513020711,7.356155417052078,0,0,0
13.915559713670921,72.88155658886117,29.60143779936708,13.08849777536945,0,0,0
10.151257499562842,60.480582739226676,25.108016544029596,8.204022786723163,0,0,0
22.949494283092058,88.0398489059927,15.025949419720032,7.2117212692367,1,1,0
27.96061097899974,82.72232643830623,5.642391979691883,13.86901485632569,0,1,0
14.869645931525985,94.13425284749832,28.372954111038695,10.795343940680318,0,0,0
28.540690895926133,57.00616689901698,34.182606757649616,1.6732486102028599,0,0,1
11.205347805791217,60.15490623734247,27.434179696059676,2.665566917952211,0,0,0
28.688720536110285,59.53091674466762,0.7151393613927226,11.806842944091628,0,0,0
17.03245374479269,85.66428954296015,8.64931577563965,12.537769817699315,1,0,0
12.02841656898433,58.41082834025532,2.7791993953412764,8.177862436354447,0,0,0
19.717435183726515,52.999692342048775,22.81544398304907,8.316828417999588,0,0,0
15.135531354410158,94.93523629635328,30.259107153616497,9.478994442771668,1,0,0
15.697458039238457,51.116774515031715,4.423167482746377,6.586736614239593,0,0,0
16.14579929852573,87.58598270714896,33.53351282373541,10.20298685225856,1,0,0
26.060517956653268,66.44150786977937,22.22035913581933,1.6272188634962355,0,1,1
20.78322553350509,87.87269568910169,27.598760485668997,14.419188635510796,1,1,1
16.22615398312007,74.95792210450152,38.85607394434585,11.252322356923825,1,0,0
22.206675666218366,90.5734053268862,3.3472395299078928,9.467613060135104,1,1,0
24.32301348446387,91.6786843886582,36.04896091911157,4.74483085514221,1,1,1
15.452480014670675,50.40941815763492,5.044107839496372,2.4143323118509374,0,0,0
18.270982030507028,53.39354791967547,15.71835226546729,6.14014445743417,0,0,0
12.43772186673895,61.266142830688494,34.05754785324457,9.923651108610876,0,0,0
13.622986990693606,80.11919373635757,36.25016946951473,9.505646151346664,0,0,0
23.622357079299654,89.97224884301778,20.254866941805815,5.7396173259835725,1,1,1
13.628766953912539,70.69738780822833,23.764185531017006,9.199295907496946,0,0,0
20.503267673341202,77.31379023234194,28.325893383942287,12.206224433513214,1,1,1
24.180925234448654,58.48249337580025,33.310346738108564,0.394271585064106,0,0,1
12.137538461894877,86.22350752467584,4.8604467815066466,6.759315718954135,0,0,0
21.346244392578072,93.52976501090615,32.4027723291691,11.378328427001865,1,1,1
15.131255674027276,62.086951981156886,19.25104602046467,8.192167056950659,0,0,0
29.258537504751597,72.26716782202459,18.02493700432676,9.77214131893605,0,1,0
19.670912934398494,53.875224972786825,16.955990079879932,7.75014588908013,0,0,0
26.119850995503164,75.16114954083358,20.368463409841702,14.878118170234664,0,1,1
21.004530843125234,72.62525488310062,37.80202213578414,0.8193230473355734,1,1,1
10.868250657096382,56.49964178697849,21.928150911686064,7.36567232658566,0,0,0
22.663027511880447,69.89297959031337,38.12710153052557,1.3712482367177654,0,1,1
29.02806684413314,65.03470934389534,7.2116052246256235,2.3967834317035566,0,1,0
22.032236402926625,73.48238938873352,28.965439153305326,5.745575256273928,1,1,1
26.383777188535802,76.35444509429597,32.48958154434989,2.3331013725073095,0,1,1
27.684129266968156,50.382301037324424,27.165153253394475,14.455307489349766,0,0,1
14.56159543897865,84.24526923272998,24.276891209061617,14.201846650877386,0,0,0
14.240896798164533,82.08564313377833,22.59251124344729,5.041644693309057,0,0,0
22.219619777019837,66.4828873792935,34.43721930314784,9.596215680565193,0,1,1
18.220569396134096,52.38211710059682,32.86586388658,8.006299808906792,0,0,0
26.797226057334406,83.97196429032726,4.891548847223981,12.23380470773653,0,1,0
28.000462467960222,92.98288222151595,33.94350628123512,9.411684147254133,0,1,1
17.068427586054362,60.806821820990635,16.5627447776177,0.00378681735843156,0,0,0
14.73741117948964,64.5586076181667,10.147873199832432,11.447615784146082,0,0,0
25.610510304877238,58.271580026681676,34.790742720557034,11.202721819441772,0,0,1
15.496120710962721,75.96212555051778,17.280991985349665,7.645840583497216,1,0,0
26.45228637027357,56.96786275913547,32.33458760707266,13.543784598495808,0,0,1
18.474765072975256,66.02872745576207,10.53614447823378,13.626693085356024,0,0,0
23.35099798582941,81.36558562704184,0.15717285688871208,7.858675150565958,1,1,0
11.910706276693364,75.20521923542069,19.818367716117777,9.119823467948065,0,0,0
22.477186493531462,67.39081539475708,4.0091302657153705,14.947831078870085,0,1,0
19.035353574744583,68.91123208133939,30.175038220996385,4.482303522171263,0,0,0
21.732169263509483,75.29498971804533,11.043005442776415,4.8692586346721605,1,1,0
13.360284154897268,50.26391275492226,17.74582586413915,2.7416085399524452,0,0,0
24.73747489888364,53.53294408041244,3.4813426036621697,13.43800408736802,0,0,0
27.25594155086457,89.65661304933553,11.466369937890107,11.167325849238994,0,1,0
14.334796001815512,53.50455450910808,31.25960973034288,1.5846427330536283,0,0,0
11.914291110403234,81.80616182947273,6.063516476092778,14.726510267969484,0,0,0
10.472771720926728,91.40171738490736,25.886382445078297,10.96442562241674,0,0,0
22.83943000886532,62.1807621935779,36.69703411218005,12.757831644074619,0,1,1
22.141880721775614,66.67211466767814,27.19347039030881,0.7222618375980139,0,1,1
20.9339482542814,75.60146326301223,32.440867571689076,7.574413784132515,1,1,1
14.638941922319509,89.67690363373632,4.358865172156632,10.47897430090559,0,0,0
17.81811991811029,92.38575142671891,10.029273040082177,8.14419876857762,1,0,0
21.88952670372346,83.28034616500706,35.78155408962364,9.999711985489162,1,1,1
19.93533717718339,53.89788923846123,28.604224544723568,12.268110953857088,0,0,0
29.755710404297744,80.11193699906829,25.582153055092448,5.615055944402943,0,1,1
12.728795051134663,68.46366748426979,26.550669444868,12.730030134280646,0,0,0
23.902891080951875,71.18154497709777,16.568022172185735,2.443741571479361,1,1,0
18.086375362085843,52.211677565532966,1.7822652647061288,4.0632908253956215,0,0,0
18.563992298512296,58.597796270586116,31.37766168282916,0.6501842989098866,0,0,0
24.351955313163526,85.57311233901416,27.148529448614156,5.466402170028767,1,1,1
23.84872302648739,70.4281474871537,18.912178564508988,5.6986431723618045,1,1,0
29.825119874043764,63.5748008734017,35.990384614730296,12.079058958108764,0,1,1
12.567885789082505,67.28085832842312,13.446386599403954,9.79696005434484,0,0,0
12.082192987683326,88.44797809965561,11.772869769249436,6.550838372334999,0,0,0
24.48677634257482,83.70495578322306,34.91185300317771,9.781709679356222,1,1,1
21.56773834012818,62.254192873148725,31.879506190359418,0.7917502577353674,0,1,1
15.483213331196117,55.287582809556795,20.59919242593379,2.704073040275641,0,0,0
11.588387379779732,61.33991997398323,5.229389578313999,9.404217828626326,0,0,0
11.713164991928611,91.43404029746301,8.602858858602097,9.620502288379534,0,0,0
27.883817493282365,76.171497703239,26.249119616352267,11.612019880611408,0,1,1
13.837346494374858,74.00660939351523,15.401649513616466,6.0449963858040325,0,0,0
16.467431242310415,76.83771198616077,33.45892766663885,10.838311449242344,1,0,0
14.53312804453976,66.47127195859318,37.998200373288164,10.259704988402842,0,0,0
17.09992611663875,86.31981591437807,32.22547701099673,14.450900675547736,1,0,0
11.388476854921867,73.54788121851124,15.101816919822287,3.2269533963701873,0,0,0
20.38119581816541,55.2536556245958,31.547457169256962,8.275193456289593,0,0,1
11.352251271844299,55.80793061730783,14.057666938827339,9.02646663165704,0,0,0
26.007130156447232,74.15866159261782,6.684003510625356,14.979718274013312,0,1,0
14.67424163820866,92.14565981318776,1.3357281946342958,3.0177621324997754,0,0,0
20.800238292090214,63.875845475428946,15.4286685104408,7.848270299509384,0,1,0
27.601581751229165,89.12935259866482,36.14237214789127,5.192779615704583,0,1,1
23.01754738094388,84.38430139604958,9.55946351022706,7.888394528684997,1,1,0
20.659155731026708,61.151559930810805,8.26052659719136,3.481929031546589,0,1,0
16.486675062307512,51.63533367423091,38.792831409641614,0.7141856764123217,0,0,0
16.660038261163958,54.58312693140722,1.0001645140236848,8.588481808465334,0,0,0
23.3897391039638,82.78222702313481,31.431286015750175,5.037814737912482,1,1,1
29.88278722442335,58.9851382118291,12.854798229634813,2.7291210262265047,0,0,0
23.236783796987574,66.70719142274272,1.4995182747863733,4.859033491170506,0,1,0
21.1556683474005,72.57646247028912,36.71210160838334,0.7392030217161738,1,1,1
24.61301020478492,82.64606758025732,5.585693208383344,14.25663351135155,1,1,0
19.30411224567436,55.095405046660645,22.071171349027814,8.717218724598906,0,0,0
11.202846852015703,68.28648823748577,10.962168297181911,12.221530220205373,0,0,0
21.245936317558197,71.82828091142129,2.6077120873876414,6.3467729632159555,1,1,0
29.152505690107603,74.33721787871929,1.9968994265351636,13.549720013492786,0,1,0
13.506058847153193,86.82622886278475,4.622267953453552,7.2497733232838,0,0,0
23.800097816413313,57.72551877694476,2.854680555575202,8.60917983301004,0,0,0
14.01867377318113,86.352415332198,30.422324620796918,7.376909700939852,0,0,0
20.716553689461627,81.17952924634935,19.422648091337166,10.999174438014773,1,1,0
11.933528992934392,75.01418663895316,13.715683653959188,8.499841164030936,0,0,0
19.007418725163703,81.47875416811573,16.734756405280287,4.073983853705966,1,0,0
25.12326657790492,68.54079825282454,37.15786942290493,2.1830929698396946,0,1,1
16.951430484779642,56.22789136856561,36.430072509525885,9.091865833244665,0,0,0
23.29823448974436,79.95943581194153,28.627059204903077,7.337699423205544,1,1,1
25.908999215794584,73.610253800853,35.38729509686751,1.4396354504416942,0,1,1
28.543556389589053,78.7718660244249,12.785921103504991,5.934261986899026,0,1,0
14.69284163710907,65.20994514628205,15.244373040331315,7.721646330006804,0,0,0
17.986318316186164,90.80899598029262,24.548487274169123,12.40339850738385,1,0,0
13.048320266608348,76.43164408590096,24.945037891890568,1.1415158375004353,0,0,0
29.849670043167503,53.84311179308932,19.26799352049364,5.227430223690044,0,0,0
28.540019358485907,70.24117958169928,16.026313937518132,12.33984184065578,0,1,0
20.79914260561119,84.03602246346355,39.44721246434781,9.726358976573682,1,1,1
26.840665887528424,85.73605527795226,32.84494504470898,4.349374827056802,0,1,1
20.41915954544084,72.25686737436914,17.399207915521806,12.680026830339635,1,1,0
22.471713760055195,90.26364068740855,29.09169908958274,7.399403708440385,1,1,1
11.782488642320333,62.04507967374339,10.782467730098379,7.475278369656908,0,0,0
25.10540840993616,68.47694137572199,4.006773049493195,14.648810088005765,0,1,0
12.554269672704697,90.43686097560365,14.097241022109625,14.206747548545676,0,0,0
26.521352605050566,90.33155224122105,16.11891200493577,5.377990250547659,0,1,0
25.640561753407717,80.85707459711064,0.6614849824268321,2.1086869299462347,0,1,0
24.174893954859527,88.65412462049991,32.59168006543584,4.885000984171411,1,1,1
10.723207610495242,53.99479701303047,14.36773609556726,0.4572489046708206,0,0,0
16.06256711890657,88.92477392934993,23.21672663120588,0.31151830065586805,1,0,0
15.262251398216858,64.4278957947602,2.9585274908382386,5.932832043771288,0,0,0
17.20272814943038,58.02491805926974,6.999873150023359,14.115297340458513,0,0,0
11.75285493527677,60.771642635392084,35.587749013102396,13.070360118483116,0,0,0
28.739156460621256,68.80858286062491,24.34750111531203,7.671642508764346,0,1,1
21.076044814247524,61.30364020720103,38.011362006819425,8.47839571756246,0,1,1
16.11048621316047,64.42554137074245,39.950001375652676,0.08900245119084715,0,0,0
17.939630341485667,56.074031873223895,14.874404613323776,3.2325173375064824,0,0,0
18.944050810096712,63.327954450154934,11.952122563330985,0.37161190401575617,0,0,0
22.011886667212345,75.75277165439005,34.33424220636387,11.318092990430813,1,1,1
20.313588553929954,69.88341686409788,39.94445708149817,2.1846869403974662,0,1,1
28.387839464288348,65.602344255616,25.185649369298293,13.035706537152254,0,1,1
19.939269658116604,83.59034579857013,31.805628900460896,9.649864705136824,1,0,0
29.84316029646625,90.2079487126993,31.269834352610978,3.4412801477357,0,1,1
27.028499154901915,84.05551503060786,14.213588328781878,2.365804756248746,0,1,0
14.170210287146716,64.94003159529557,22.97081521028349,9.414370513845796,0,0,0
28.611904292878325,83.49989755268992,33.322277650568545,13.512554704234853,0,1,1
12.327327957709521,56.8391082113323,27.524555050442217,10.775403283715724,0,0,0
26.348994169823833,55.86430946410809,0.8465525592815304,5.2281997740506645,0,0,0
17.6124658695316,65.55321666662715,13.468226755901341,8.810753929029707,0,0,0
27.55948640890139,86.34660660698256,5.779027863784214,4.661425430586321,0,1,0
27.361133802149006,61.08567112590359,9.318888483121563,14.987243501679883,0,1,0
26.118508002352424,52.84640340044058,36.219579099653025,11.232587826927768,0,0,1
25.800608726141228,55.92692908428598,1.475731556430726,9.215724596351304,0,0,0
16.093582781960816,88.6435235838311,8.79202847847695,6.348887141487438,1,0,0
11.618385661025044,78.52024781362795,12.382774089529258,9.27228435389336,0,0,0
18.05960357530323,61.39405235164895,24.675362878655793,5.124240937010022,0,0,0
13.470490299730173,74.98831213976815,21.36406760343462,0.43297259187046133,0,0,0
23.899021778049235,73.74108300914077,8.730779314135443,5.926327835349492,1,1,0
16.92199453075571,79.49461902982975,6.569642688926178,13.957212293698005,1,0,0
29.512204017198297,60.493439948972735,9.471921383844752,9.394516421607989,0,1,0
22.81944154690664,88.8981344237479,20.101185068066222,1.2593355460635243,1,1,1
26.449611272687218,63.92158529360058,10.847111428448137,13.27490420092539,0,1,0
12.650493454836969,81.23592442893066,37.904100064308885,4.033122740122723,0,0,0
27.24028964545245,50.72560908674967,18.5546088571539,3.6565423962409116,0,0,0
28.455143810267888,66.76957084523663,2.3518406617854826,4.456364531704812,0,1,0
19.741238376378718,65.82694180814637,29.170656233465337,8.658033541889361,0,0,0
22.12505875501955,74.45679928623565,13.153811528359585,8.17032140150965,1,1,0
25.29619601805991,53.273131779973845,26.139557282329903,7.371206319343226,0,0,1
13.496772545208252,85.55591181767488,11.18377482092928,10.763052952689405,0,0,0
20.051321529268847,59.800136079540586,22.829749669332795,4.748065970024385,0,0,1
17.973260555446263,80.46670166969045,30.886100192298585,11.730967823586466,1,0,0
12.927479843244981,86.14454554598419,37.12034967098216,2.629825175678987,0,0,0
17.350688445830627,75.2844630308681,10.445085777323083,11.739311836155139,1,0,0
11.363446187709872,83.33974430248935,13.394278039959246,9.957151578754242,0,0,0
10.51623813898974,79.78371404967524,18.570656811437587,10.248124643213798,0,0,0
12.703325783096455,65.99884087184034,37.08699350943955,7.2233009569089,0,0,0
29.262302231783476,86.39863425651043,36.05547427242628,10.005022990212971,0,1,1
20.99059071790034,63.26156164484876,3.595131204025521,1.1969556983918612,0,1,0
29.3164432230644,75.70458129881827,5.277193030152434,12.773266755740508,0,1,0
18.649957566602637,83.54289826136929,19.82036709322553,0.8332085023146901,1,0,0
16.23632266170519,67.05301594156285,4.26477091221694,2.2311226480724624,0,0,0
20.122837256804882,63.624542342784125,13.823234933947898,8.651845627458545,0,1,0
18.790233772658205,70.67057045777702,5.935415128699106,11.091171831850373,1,0,0
12.11329368523488,86.8083572457119,25.441614205275435,1.143773465193802,0,0,0
22.816526293804124,91.84647934155493,37.97981726956647,13.811472211834797,1,1,1
14.320763650191992,74.52875357869506,39.86935081177526,14.60411473201048,0,0,0
22.39175909795659,79.76597923956433,15.009645299876592,9.089252595115665,1,1,0
23.004021847963067,90.64731300075114,23.96050548458449,7.218651830652548,1,1,1
13.040497062572962,54.43460831358241,34.25070614096325,11.120924584196246,0,0,0
11.226992542213363,60.44353600397743,4.6984829118553595,4.9253602849080815,0,0,0
25.615231721368797,81.90050028132121,27.582576442078597,7.398966511576597,0,1,1
19.196008475386403,87.06850078605348,16.35374646900273,13.74226540221602,1,0,0
11.163275910109515,88.56630627487601,8.245846411206564,14.334831378623004,0,0,0
29.897326343395342,68.67982295847196,16.110144749897678,13.906036740767775,0,1,0
11.155611219927334,54.02029560313401,3.0384114785966743,3.936721004457602,0,0,0
23.900704577171062,69.7001664784829,27.81628594357223,3.487035603251451,0,1,1
29.67357850526827,60.383056559317424,10.109706749938123,4.464967588939714,0,1,0
14.783602084318513,63.103840474848084,12.45622580179512,6.619666685826903,0,0,0
12.844987373743923,84.75204005768776,4.84325192965851,4.712511191879454,0,0,0
12.427698788448577,53.39871887116491,34.586364555595665,5.61319193608587,0,0,0
16.06550295135191,87.2411547866316,19.737771171309543,9.309554281811392,1,0,0
12.020916220212934,69.2451088620876,22.88587511145601,11.437885156409639,0,0,0
23.84322683388264,76.82287689952678,22.777307323794183,11.033372974018755,1,1,1
11.245835962601253,54.03435040560556,16.419724581653668,12.21635350618728,0,0,0
20.188442562995796,65.18115852607758,7.701196617525579,0.48276604823103253,0,1,0
29.933937077059536,54.036541355668064,29.805309939936,0.7160068451813412,0,0,1
26.279405390120377,93.26946752964993,5.0822506143069734,11.84074441032944,0,1,0
22.304388764620217,86.32677421968127,4.15495161115242,7.996182334869478,1,1,0
16.125072415732234,70.6834739460407,28.405801503860136,8.672110106431804,1,0,0
22.47791672583277,60.0621146745652,8.353480818079353,0.7888029032156563,0,1,0
20.540829278233034,92.00547973624336,12.270910054113294,3.8297070175690635,1,1,0
18.52166767780743,65.50684680771373,19.00909868006961,9.575314573282165,0,0,0
12.61420753480399,57.244299425931864,17.974052669181848,12.887728351660142,0,0,0
27.732084304809334,75.34239748042796,28.343165002599967,13.754750957721038,0,1,1
18.99569297642645,92.46983541551673,24.937271737734438,7.506292437526226,1,0,0
13.892450236415302,50.172363072514514,25.775846491274628,8.182113491072965,0,0,0
17.35518701754579,60.715617946429944,28.56217322621829,12.495744466034862,0,0,0
18.282595050578543,92.23014381846835,11.704509096938613,8.064369011210319,1,0,0
26.550757911337485,57.69886850857229,12.893332472018946,7.75287788305976,0,0,0
24.672287611228043,55.09595532379189,17.519909915822165,13.576260566414305,0,0,0
25.386097872826795,75.6584247109912,12.298486921341043,11.848990815838201,0,1,0
10.220625288572943,88.78297204826734,39.39751475883454,13.636087895419418,0,0,0
18.32307996359523,71.46994179622668,32.562077056857184,3.273705821717307,1,0,0
19.626883032706473,94.75539155080361,6.586187530241183,7.8656322998303505,1,0,0
10.383845536461134,80.56272647920967,0.22376623527478046,12.63708192890037,0,0,0
15.196264174900683,53.33337082447015,1.7113307298907143,1.667217412006634,0,0,0
25.2057964624427,94.67744592568889,9.762538041717011,11.919932314409428,0,1,0
12.74219411457998,68.35524065510857,4.571651433474262,2.744600751223042,0,0,0
20.706202629051834,62.93311402304671,21.333524595702883,12.121781324779818,0,1,1
14.30403744034475,75.10456326100486,34.31980890909435,9.180014063353022,0,0,0
10.242415492877866,63.693841631938895,29.470008836529097,2.898539872273007,0,0,0
14.82402915199083,53.89058782040686,8.624362523287616,7.100312689992016,0,0,0
29.517475098201075,50.06427543856295,15.971970241031435,10.228577496911575,0,0,0
26.03074223765979,70.2312508814118,20.315768381251104,9.507793513253135,0,1,1
29.191532886420667,87.65885400019665,32.40823398013342,6.408707943475566,0,1,1
19.757080878527248,75.75418335335344,33.56486412424659,13.490497933813904,1,0,0
12.19472397355007,94.96432845245484,36.38873247631104,7.788951217317664,0,0,0
20.95918977947386,62.908099054124,20.369810020115008,7.588009477930326,0,1,1
19.08754669119922,62.62047791420249,27.770989857434518,0.9337588491218141,0,0,0
26.88714165479232,57.18872571052749,4.472014849357486,13.831805846964556,0,0,0
11.961651615684891,57.38286147194008,22.611558398159282,2.656748530175595,0,0,0
19.764822740435562,62.83339682045215,9.947672378845404,7.925170401548313,0,0,0
13.000973293879685,85.67780203730872,17.268675401064442,12.053514021004652,0,0,0
16.4935185378012,90.75905557864016,25.362020332268777,3.2317991543346496,1,0,0
24.747141547755994,93.87892263684566,10.279437514151244,7.910599349562617,1,1,0
19.52036258737533,60.45303443434037,2.0874023118704432,3.6102736383501126,0,0,0
17.517765702915387,89.65838955263413,0.40935425635030054,11.395424966998677,1,0,0
17.889525571400707,64.77147901748017,0.8863814217808619,8.46511751809726,0,0,0
19.188935368119733,55.0778245032598,0.33398950055078647,12.839637905927152,0,0,0
25.700330876741138,89.15112164840745,4.414202262315019,13.418370043160742,0,1,0
27.84169377880469,78.62475355896284,9.579548582805195,9.731002236680972,0,1,0
29.106693730078565,57.41289032364778,8.848860567291968,10.880868692384167,0,0,0
25.7380677251059,69.34240658808511,39.47186376719587,8.238301498302956,0,1,1
16.308137914960255,62.92659626946804,12.24024420835773,5.766430996010744,0,0,0
23.762694121730842,83.15575559195887,5.096831334375964,9.72176884531252,1,1,0
18.75206248110784,70.40373037809206,21.822501766710317,13.624329352309934,1,0,0
15.093412440921023,94.51759752978732,34.318298215900334,6.2502057064715695,1,0,0
26.817431588518453,52.46352420168178,27.122415071507007,4.71615039560693,0,0,1
10.7685269792465,65.9756869761311,11.843283565418012,5.826554078288612,0,0,0
28.03523984270847,71.68550751994898,22.4646463916582,6.530964453173994,0,1,1
19.22954929249468,72.64100996367439,28.594238968016366,1.1034154346657432,1,0,0
22.74402953616561,64.21711200735365,29.124179694709692,7.476627606524916,0,1,1
23.187078444115656,82.81581120939056,26.661538211907555,7.414713720750894,1,1,1
27.902354814130728,89.36361830700386,34.83241699102472,8.826657414607848,0,1,1
22.733393643344147,92.24236858900383,34.804218333764176,5.4423004570699725,1,1,1
22.278671695201236,86.22920195597868,23.15746237628013,9.196613939333846,1,1,1
11.333040811213799,88.27610887879698,17.19425476444849,13.173244654113045,0,0,0
20.36816043890408,74.7745385278998,25.66281182260399,14.332064857427463,1,1,1
13.003380016340833,87.16497018920666,32.728480054818526,8.754183242115744,0,0,0
24.748675374429713,63.65767591165785,0.22608419364738896,0.6388643095546964,0,1,0
20.244438416253487,67.93154429491464,39.67988036059404,14.538539959006634,0,1,1
23.604555584167066,64.2610856218345,7.315750893167969,10.587930913443843,0,1,0
10.833458012047686,71.03243009515664,18.809959426399047,5.039454728304782,0,0,0
11.695840320916064,62.85108273073864,34.88118939371467,2.2073655144558506,0,0,0
24.326467761253646,93.27251490145011,9.001615961767975,2.151279183544124,1,1,0
11.441686719973468,64.07800826025506,19.071808956015328,2.516166092094041,0,0,0
11.425134555305172,54.412004214992294,5.303287207247167,0.6835878242073046,0,0,0
10.242169504697749,73.7067724722686,15.803053015527704,13.532312829793673,0,0,0
29.1300279659896,52.56945853003294,7.085418191720101,8.111523492410045,0,0,0
24.75016718918014,54.97444248388612,14.54510995084628,10.499391190707557,0,0,0
17.065028170041284,59.872522513831086,14.93856867170888,12.421627639024612,0,0,0
15.930711625753105,70.89576124469637,39.72683158393331,11.873115094998003,1,0,0
16.994064594916992,69.49629195390625,39.79252117215089,13.239084355932624,0,0,0
25.493070623623638,85.9861337901256,4.591451146424497,14.508819337874279,0,1,0
23.227412221408287,83.2763594247851,29.03875117313389,6.586059221129093,1,1,1
13.703911357349359,69.18432322958157,2.069819186764046,14.255032000025858,0,0,0
13.482186706681688,65.01668934090334,1.207680613487545,10.849349225142245,0,0,0
11.967912994267946,64.24109528276743,4.213355769798572,1.060022854621177,0,0,0
23.206054394026765,84.82977892823041,38.619426280317356,10.22674681818518,1,1,1
25.28745324443472,52.34325827995714,37.63454191578789,10.30074989407273,0,0,1
15.30092856650008,50.57697422797726,7.757112811227218,13.587908456887906,0,0,0
10.418899220618256,85.79949763669916,6.466893422148461,5.5939819870513805,0,0,0
11.643433349528546,71.47158691950722,9.62140346063788,8.773672504077267,0,0,0
29.35720069690061,55.88965123491092,20.621879763005687,0.18281326517613772,0,0,1
15.908895549548404,60.60046705675256,22.788185281416396,4.98112863272004,0,0,0
25.384462956762672,91.9626778893822,8.863737217577894,0.933655892381714,0,1,0
22.493271377085275,88.67763390312041,30.26491152359781,7.828094591473454,1,1,1
17.638792793057917,81.94032726007876,12.38212677610603,12.261714757604299,1,0,0
14.113745243911103,71.70013536517969,36.88525302117641,3.0966403819360346,0,0,0
12.427728363188129,73.41456317861235,26.268908258269224,7.911615683366677,0,0,0
22.300259360777332,93.88600408777813,17.454047772144467,3.060129547661506,1,1,0
25.49267561275576,93.45966997479292,31.596480068113813,1.8103270176936066,0,1,1
22.878085070822614,59.68710706036254,32.716585041866594,7.6649518790151365,0,0,1
20.606042664983164,86.49970548373932,11.619264224357746,1.1872293142459145,1,1,0
10.839024468632726,58.87591997751576,13.588581753443375,8.81031946706984,0,0,0
29.369775551887678,59.60918650477781,37.438206149144136,0.47006191015089405,0,0,1
25.97428383309149,80.42418653740596,6.589641534530877,1.600724578025633,0,1,0
15.856440734019294,68.22504943643968,1.686016678517368,8.249962282310367,0,0,0
29.599406587177015,91.9194983197934,18.162212904381967,8.871111193483708,0,1,0
22.037631792726444,54.005438070320395,32.048396009745154,0.4348039514063712,0,0,1
21.64845316414493,73.01865383642719,30.866724252429833,8.600651820023376,1,1,1
24.961463588590643,91.33346886994045,36.7812251565133,12.577537879854555,1,1,1
26.23539576180275,90.68511472157773,21.32802657476161,10.834742659409308,0,1,1
23.129572146630053,57.043814603708356,4.002586862661333,1.9677765588119795,0,0,0
12.561914927324,66.49869650434054,23.547558973440644,8.887119713454224,0,0,0
16.765350119889966,77.86046300210133,31.135824574128463,10.083787501113202,1,0,0
28.561672806520995,57.1727698147131,3.733124810793056,0.5584680262843766,0,0,0
14.492312236877039,93.56099774205825,6.90629604390359,12.83021503025434,0,0,0
17.443340476750265,91.16371979274471,0.49162644622683604,13.594010959347452,1,0,0
18.64153765888392,57.512758056551114,23.746103177872413,12.75678410043388,0,0,0
18.788099793889046,55.451995756744346,35.469375677836176,12.3694720198367,0,0,0
22.25879164989051,53.84338172637194,26.82653264008398,11.1744779769134,0,0,1
28.86151675489415,90.9249648816484,39.28160350363928,9.501480469229403,0,1,1
14.8138542366501,58.71307144079574,2.5213460999904624,10.179405074823778,0,0,0
12.43002752601836,68.73282178449597,36.12004340605985,12.095929400024746,0,0,0
13.949409797198747,70.19831145434014,32.562731495467226,9.93747687541957,0,0,0
27.73849800418539,76.95549698961054,12.569660819980196,4.915904350231065,0,1,0
22.91621625310412,53.22809046863412,38.94106207349007,5.6394165324203085,0,0,1
15.718135784783202,60.204137783023214,11.5175099268566,13.455862025584382,0,0,0
26.318938779372345,91.91706741135167,35.57218895312874,0.2568312869574285,0,1,1
27.22739992726872,90.87845482708562,35.22994308296758,10.48230871866423,0,1,1
26.930286773805562,85.15807913325615,30.306304664118898,14.321663286378232,0,1,1
28.37853067279109,50.87305605281969,22.538818952514074,10.593422549369604,0,0,1
15.04482040346723,64.71530458232459,4.800109984675522,14.908679823476731,0,0,0
25.100838574925568,78.25814309043085,21.27886937985993,10.313173582924962,0,1,1
19.2107899454828,62.383559529806405,14.271850226197383,0.5154454382529161,0,0,0
26.83997105780123,90.93140127741998,31.68868132621407,12.405148224703854,0,1,1
24.569813543232264,78.52502578245989,30.325168259873795,4.269448679089786,1,1,1
25.528948929994492,53.235802279240055,36.424500294904206,6.690858384966615,0,0,1
23.12323675362143,90.90525149760663,0.5932064972683149,4.681378738606231,1,1,0
13.548575389394138,93.09949961793001,32.364128672921844,4.028311593145192,0,0,0
20.900538377938766,53.49705882762765,37.53848212498675,6.4710855550467805,0,0,1
29.693394790490164,73.95621056875918,31.572017964326005,5.681271726610106,0,1,1
28.747761329942378,63.65139269963767,5.207778394814668,9.50007872763884,0,1,0
10.863474715940233,67.6777584416631,3.2511641936355096,12.197268014812659,0,0,0
13.296296314588743,58.084304807990385,0.8338095923080324,4.456329797808611,0,0,0
12.634575469091239,76.01324459055857,25.149809033122843,3.2058172923302615,0,0,0
24.51959819970591,93.10907089620008,25.18690607439549,10.003429063055135,1,1,1
26.3557065971389,72.6382670122224,39.47654856872849,10.054800987461725,0,1,1
14.270227326213439,53.73115616275165,15.92172696416383,13.516968589292576,0,0,0
20.11705385903658,77.90006000648337,13.27625139589987,0.23918529679966272,1,1,0
26.814060560224,65.31003475030657,24.9769970873757,12.79560993174765,0,1,1
24.65603089532501,88.51663353160839,33.024346900303755,7.815032594225354,1,1,1
20.844744109836967,69.56051667424116,37.470957980920076,9.319531337581482,0,1,1
21.806953809175457,58.67778240240105,32.12496664716154,1.3705716084212216,0,0,1
20.1672109383256,58.59975302110152,17.06695922463219,6.489223993080685,0,0,0
15.950969026376411,84.59438813245222,25.396569412482567,3.409536108577857,1,0,0
21.300439857180322,61.9514419238312,34.25197306864468,3.8133754512376363,0,1,1
23.777706041001814,84.52550273716503,19.624387532469576,7.561426720140411,1,1,0
27.466458317216155,59.264928984496976,8.667465748215708,12.186839256046685,0,0,0
22.72582707958496,64.47588659155892,6.7889375899149185,11.156713952172842,0,1,0
25.22243074086316,70.94691375978647,0.0063097831222691525,8.864999386289307,0,1,0
13.201432699091459,92.44381323620527,28.72951979925137,8.091272891302005,0,0,0
19.231149488395797,91.9279141139221,4.44388835383962,6.40959064851735,1,0,0
10.186632396541865,59.30923439400295,9.753563987837616,14.590649603420795,0,0,0
14.93357729043246,66.11985685593828,11.915053260911733,8.4028883135135,0,0,0
24.529234302260097,56.722972480419756,22.415194405470732,3.809495974683332,0,0,1
29.83619902698727,72.94932856910737,15.91829109183077,3.4513618806005937,0,1,0
11.983561991744319,70.72621478126,26.98695968092647,9.170295461627127,0,0,0
18.029886317225767,90.53420731028297,2.2255463731481084,7.842412909663931,1,0,0
26.00141937398319,91.85024200059827,4.957567770577578,0.11546704432069177,0,1,0
14.080712692577977,67.26053259532814,19.968460141330667,12.45098058293669,0,0,0
21.101698986045726,72.12820743585452,13.478591513873193,10.561835313486519,1,1,0
24.661425920593494,90.33063121157599,11.832534510054389,9.927439345171553,1,1,0
22.31970900520358,86.30185134852776,2.681123161500909,1.0317098654648844,1,1,0
13.760494692308322,50.164534010509215,35.828766989920055,5.4308377525873714,0,0,0
17.107691373714786,64.40268038826122,27.67274344500203,14.030733910991792,0,0,0
25.675835689707945,68.97984088712566,4.864726272785975,12.938838620120455,0,1,0
21.084530282640333,60.337232765745426,2.6018383094856246,4.2831440680430015,0,1,0
10.104592270858255,58.98072271531724,38.99490133724972,2.3558832614870804,0,0,0
25.219815200561875,51.70030279680559,27.246902017580194,6.736319357528656,0,0,1
10.706227098804781,78.95163762813922,16.69824284374966,5.337455680014913,0,0,0
24.914675654624645,61.81296307174245,28.069241630231396,10.233395650589866,0,1,1
14.049611203304748,52.35562302940909,30.253271459206363,14.496522151264795,0,0,0
29.161469602387605,60.39406897376286,31.198488095551173,5.445021749738422,0,1,1
17.35881502604169,86.0861278776257,19.115092226122307,0.9333625897836301,1,0,0
16.538632326761583,88.3170131740946,17.19531032499392,13.464210125135779,1,0,0
12.977761006648894,71.73798103369862,0.4411233707560136,0.5692459535980621,0,0,0
16.112084309804295,68.72318016839088,37.06228460567352,14.291488457299996,0,0,0
27.53301523656401,94.00341620758019,24.13231513555772,9.968691420135597,0,1,1
29.926686752544946,59.025409681463145,8.126157487598725,14.125338126629238,0,0,0
17.366190610136968,59.69116772845738,36.784136776857466,2.994895299734674,0,0,0
18.97221261909085,63.134022966637986,36.59727607081186,0.6104969288071144,0,0,0
24.441418764054742,57.77407932264893,39.567366574643835,7.323149674147377,0,0,1
27.72391560930149,67.0714519191884,34.962262525559154,6.7593512185518785,0,1,1
21.860886683735682,90.98754021453892,39.91137551280259,4.972384098823243,1,1,1
17.830513963556587,77.69065282828583,9.787447524930904,14.364847115830463,1,0,0
18.252436816972477,68.53759468755186,33.689983407969365,12.338755982421484,0,0,0
23.912362929936137,92.04848575570466,32.92113235183058,9.923730320633899,1,1,1
10.064365272085574,52.180890461412005,9.23761436882935,2.442874374567416,0,0,0
22.391786749196815,59.46242800558376,3.937501960039631,11.01485112327787,0,0,0
17.109860208827147,75.46498722957915,39.176820547103986,10.90518682049586,1,0,0
25.883946625541686,77.69986804369306,11.840982060824414,6.376022604240112,0,1,0
11.859812796462643,51.78008779531759,34.83567161871224,13.871788645710204,0,0,0
21.76404533896781,68.13674410582095,0.16508618698415578,2.5046682334351567,0,1,0
19.619457797722475,79.21192841738927,0.8409922887840882,4.010063436174964,1,0,0
22.846510518104548,81.41317458815307,18.634852347854736,0.9483650887595046,1,1,0
11.297071889659367,78.71629561323212,9.548587357402543,11.931764372663812,0,0,0
21.599675748562625,64.4253450962416,27.593651337438573,9.32639079143096,0,1,1
21.229691759190473,54.20840556190593,22.62257302271817,4.724104585218743,0,0,1
21.213201888323418,69.22006008887004,3.099431898019658,2.4572049539147307,0,1,0
22.069753331929096,55.793949681562495,6.505131852628683,0.6022165504311056,0,0,0
23.529358744527244,92.64306463343001,15.521970802336572,2.5011835293890488,1,1,0
26.099779993615396,71.38268897101827,7.4241625582173265,6.799269695064873,0,1,0
15.396414402564286,64.27666284605904,31.688893889757143,3.7076545351590924,0,0,0
26.500988203601242,84.4836832003505,16.6428094221312,3.884732661479501,0,1,0
19.96511364526907,72.40768666620187,3.7372746736999707,13.133645500015716,1,0,0
11.541165582686624,63.95153108056025,19.373716090884994,7.7270651019165095,0,0,0
11.171018584879583,86.53854840758608,3.6335272424565668,10.938779596926219,0,0,0
16.684766373921214,89.0218467950505,5.157492216792687,0.5356642354221464,1,0,0
25.69793954222935,80.28536748299047,9.58439328112821,5.477450335170431,0,1,0
24.153618694818313,52.11339900834503,34.381108209899594,7.187540210931627,0,0,1
25.77229929344813,75.48452960749394,36.98450129331888,2.7962528281527703,0,1,1
20.345381128832187,84.34827103987767,33.05030917328276,1.80287312168308,1,1,1
18.80397995910981,56.1426355437612,13.36308869671389,13.054556677497638,0,0,0
12.949050534125679,60.29018381230715,10.897857644353266,14.091474406496948,0,0,0
16.56385507218623,89.71227972806614,21.966227631609566,1.1821004706811111,1,0,0
18.680387323477504,50.90547748338833,28.874126421324494,5.235280688136647,0,0,0
11.772008593592345,83.87272120216892,39.73491152640699,14.374284422167106,0,0,0
14.412239054224225,71.31979816314903,5.262828475157049,1.2474259969869732,0,0,0
21.964505881274775,70.1047471477823,1.9716799609521773,9.654620593180894,1,1,0
24.713262284783795,50.319343962269926,27.77423555981084,14.583320564505083,0,0,1
29.966950227858995,86.87292039349217,33.28903134015622,14.673355028720618,0,1,1
28.662266626871155,66.19212052864549,33.85395119465693,7.068349963556148,0,1,1
22.85130399070383,74.33445340852444,27.138541963086425,2.441236616735709,1,1,1
18.42496106588144,80.47853088510468,38.160632164767485,3.0312647246615825,1,0,0
22.723547294164653,81.61833093970621,20.440190541783476,13.34402092686592,1,1,1
25.71303236160464,93.01910264717326,36.5525919334485,13.675245064946038,0,1,1
12.366723818467747,73.9102978956474,38.71248547966092,9.118194658103322,0,0,0
18.198097793925765,67.98737979384924,33.88629828012431,11.49264599204867,0,0,0
26.796045712712345,92.91666319212686,12.390342530344824,11.098968772056123,0,1,0
17.67665903866088,78.89496057614845,7.848626046811811,9.927323969836605,1,0,0
21.437445424543732,63.416766032445004,21.924802599272738,12.409154323079086,0,1,1
21.755387217243964,55.690891043160704,18.12059001520754,10.281099345604815,0,0,0
13.689525062672788,87.91495256593316,35.11033368770932,8.01003458621249,0,0,0
17.244708833045767,66.29817212573681,4.001266842686149,3.5543454388223514,0,0,0
16.690225774838645,79.7211374613994,10.309602452460744,11.158322161779285,1,0,0
10.523934170641295,71.18673887146542,30.071957780748342,7.101568017574117,0,0,0
10.483835277827104,58.95184009077673,3.799465799092485,4.42187526011264,0,0,0
26.63394087351547,77.07589738792093,12.830576560868007,12.02919413612663,0,1,0
15.461416199456249,52.730738102780705,15.486215762159325,10.450704005295425,0,0,0
20.36157532477631,68.60041069420365,24.903751862507598,14.0600934468705,0,1,1
15.974511471775461,74.5976722848652,6.325305828774583,2.481624600283166,1,0,0
28.81358490230681,69.62211383533605,34.42417961398838,9.737839269547397,0,1,1
15.185935177315475,83.69024788629459,17.90168941865097,3.6635920213226396,1,0,0
18.593136254778702,87.25662295453907,36.68086847522226,13.553744779524626,1,0,0
27.454605009692038,84.705938331493,18.714796545357263,1.4924912138492352,0,1,0
26.838671335836175,51.74658265153109,11.001610357629335,9.842427096673157,0,0,0
13.722028356925547,58.73579467006875,5.673153147506995,11.86628582292045,0,0,0
26.05286619591421,74.14733791686984,0.14980378845139253,5.323767605470608,0,1,0
19.163737734757852,92.06699181997107,21.286299399393425,14.312071190757138,1,0,0
19.659377441707104,87.57305487734526,4.286267877076937,12.760960268790559,1,0,0
12.669599448318875,87.91405287583108,15.669110545247129,4.419274495273551,0,0,0
11.612030275142493,63.64436871918537,23.57087044948347,0.11311639073998014,0,0,0
24.558786139475302,69.32515536854162,11.027435876108012,4.449857641770913,0,1,0
19.929223047105996,71.18176762921718,7.00897169464461,4.219657057061138,1,0,0
18.737014052303593,57.08172125074597,30.988864904373663,13.349469112513635,0,0,0
24.590164573047936,51.39806586100053,37.871646891264824,14.506817673821214,0,0,1
25.310257979822197,92.61063047572327,4.01761671447864,1.0565997895539052,0,1,0
13.17816335338707,60.8320663548578,6.223612975400314,7.069422427999751,0,0,0
22.204502989552825,60.79770066756341,38.400506290108744,8.224979977946937,0,1,1
12.70708164555371,53.75205741959418,1.511368872489851,1.3936749199455494,0,0,0
25.027501720580915,91.78284883747003,39.10529346201889,5.662465637062838,0,1,1
23.139103125342793,76.08817017228974,0.18577932339955083,4.756236260894259,1,1,0
29.13229242166916,80.01665857064093,34.94674622605325,8.04084531490631,0,1,1
11.379160327128425,91.02095992683736,12.293007239509981,9.91786349597907,0,0,0
11.141094423025086,65.55290760053553,37.54355432709186,10.552276657448498,0,0,0
15.643741493864002,77.96782900121379,12.677811545423419,2.051325354200813,1,0,0
15.23411367471812,51.74597546279993,26.17225286136224,12.194215529169321,0,0,0
14.939575981439997,58.40476377040082,3.201302790637466,10.178130446861385,0,0,0
28.125091610420732,87.40606122904741,9.69319245814956,13.336123751200793,0,1,0
14.990923996990123,84.50457603522511,30.94717385917003,6.740040891531511,0,0,0
15.43899452257262,65.7789211155716,21.147434147152786,13.408346440832874,0,0,0
25.187965248359276,66.95647824983956,37.11876247148179,12.986611835341131,0,1,1
18.9947968490108,74.00994950991108,17.15005633365417,6.576139985389044,1,0,0
25.534211139103625,50.01084521083106,34.792494632556924,5.717149729394679,0,0,1
11.307323151287704,60.85599512171125,17.9582174991295,13.992180224553852,0,0,0
19.751423873467687,59.37043138736965,39.169931148079414,10.727471018076566,0,0,0
10.672272003665652,61.27173260373935,38.39337525595507,13.923680196571135,0,0,0
11.25306406910709,86.26576291400485,13.165468222243213,11.954621683437196,0,0,0
28.12874906688822,62.58532354458994,35.436946816672126,9.139461589371216,0,1,1
12.784907422351903,58.61845949225667,33.90445496862597,1.7377916550564676,0,0,0
20.64841364550434,72.69185573568642,8.427215893102513,4.372210088686478,1,1,0
18.221912052014133,88.95402663677294,24.97161603133079,14.532636106475874,1,0,0
16.94686652517685,60.860736672687494,2.9072926235925944,4.791331480713067,0,0,0
27.99666691374545,53.53413092567594,33.46842882333846,1.3988230467805618,0,0,1
10.43646793550979,66.03821311323492,6.981835340139861,10.613300338789797,0,0,0
23.275793723511782,83.644332105424,2.8325880554305805,11.010063818155263,1,1,0
29.267888684271007,74.78107451126576,16.00876382155245,4.2818658043072615,0,1,0
21.20336366923684,86.75570163084564,23.07688554398574,4.465079690194556,1,1,1
28.736449240661837,93.18164664241553,34.19667834239084,7.033394782631758,0,1,1
11.045157585720474,85.66981145382277,38.96970102086946,0.3268342464338331,0,0,0
18.375866381483227,77.1711385479689,17.579700502794545,11.839845155417454,1,0,0
15.203155819241022,72.20037146235713,2.4178769194108085,4.756331809111884,1,0,0
24.616419299614595,51.803108885672,29.964623161034826,12.806446530029664,0,0,1
29.625941809944933,94.29448904663187,22.606930248957497,12.039456324000506,0,1,1
15.130601248884956,67.25665051587691,17.915653793778525,9.921030496781746,0,0,0
23.08349202948149,56.850269626259006,12.370755151687586,4.8731230064893305,0,0,0
13.961952655194803,80.00189849284055,20.095941113741425,7.7447484249175504,0,0,0
21.306605091432196,62.79297300929567,13.547184178281238,6.672438863969385,0,1,0
19.278649733766724,76.36002219189714,30.280474709894413,5.083228293730113,1,0,0
29.44010659263074,76.4045558530066,21.755747859705643,12.722044339547672,0,1,1
22.170545453929332,70.05784194062912,35.073910966164476,7.252606118664979,1,1,1
16.990127441736377,87.62533769952691,21.741756585977683,12.490846466957198,1,0,0
12.281915697758667,61.92351776999494,9.530496533597201,1.5782771121273642,0,0,0
13.02493657469869,70.18846662279805,34.04367528928578,2.115371829005036,0,0,0
14.506338599024701,74.19614578659372,22.288761797201758,14.65980457669465,0,0,0
15.01933322680596,79.86311243452849,8.27364152574245,8.816526939091345,1,0,0
27.012321156822757,85.27873327275152,24.940312398248885,7.646545102485735,0,1,1
21.224455765650497,67.76632772952152,14.308670597697102,7.847340947161675,0,1,0
20.467818227487328,79.07211248434682,33.77622449168263,3.229031610492897,1,1,1
12.29537743738435,56.77749288808336,18.131989545861714,10.780559242529595,0,0,0
27.2027938669887,91.96916452441154,29.05765432429667,1.2717093559463155,0,1,1
24.456286064169674,67.23764628894516,3.8214483054494863,8.599855696545347,0,1,0
11.353367238000033,82.82846398893973,15.840973852093846,8.56153194878852,0,0,0
24.156701944595373,50.915348684697996,39.32965745889595,13.712826362002664,0,0,1
20.870764346852923,59.23342143071631,32.338411579085935,7.8927421515729055,0,0,1
11.634506914935566,71.91871449456102,6.397632094677146,2.055940439612693,0,0,0
19.16601283057313,89.5213610479556,11.110561979090203,8.591298888722438,1,0,0
19.69392574260094,73.72648174778047,13.192632354254442,1.3699146654799854,1,0,0
13.315490803265515,91.84417170322456,26.014622419817826,3.056907529498825,0,0,0
28.913962940005646,71.77086034622583,30.279790379586224,0.466628762811242,0,1,1
26.99950742961324,72.07020935311775,29.98106435231639,7.699403736892474,0,1,1
23.380446746582166,55.388605482523936,20.394962252256114,1.2679892294035855,0,0,1
19.245911220012143,86.1195309868499,32.43282151352605,7.040915677969935,1,0,0
18.23531083169017,61.11344356101781,17.483123310299003,13.994175529862162,0,0,0
23.019469343019082,90.48256202175418,4.955222611822476,10.79642119528998,1,1,0
20.90863738813811,90.98708991486782,22.57767366615253,1.1611751133793957,1,1,1
11.245462117637713,92.44895503433673,38.092055384044265,3.3631471831326474,0,0,0
20.250052975406632,73.41037200963905,31.719746055700455,10.104936298401514,1,1,1
26.12807234465679,80.469220315264,23.148025907689696,13.420527915362756,0,1,1
19.184797551939162,85.03321460277485,25.872226413963876,0.4937788014593064,1,0,0
11.039131551085369,55.89565783927095,37.222481081422906,12.18676697580891,0,0,0
25.725563987680662,77.04307377488738,17.133711777398418,8.427208205074631,0,1,0
14.027275642719488,51.54340555864903,13.255765557705494,8.191369879445888,0,0,0
15.172416697760776,72.39047375249267,39.08966260001796,14.36719774130037,1,0,0
13.294127068645917,56.96792067291023,34.53772534041334,11.214669188951596,0,0,0
16.60430129742995,58.23153166829381,12.921743384744095,12.751783020841678,0,0,0
25.1350301137727,66.42714050116707,18.551223894436912,5.3099335431700005,0,1,0
20.387717190078746,69.45967250224264,16.60312516031196,8.315460612426147,0,1,0
14.097625483014252,78.04275910394843,5.963827146857357,9.231085161416562,0,0,0
27.556601563040818,53.34927882973321,38.312772952530366,4.823759105436976,0,0,1
27.591637099030585,72.66612925568501,16.17249724879035,8.553721874210993,0,1,0
27.41156850092014,58.218130861389554,35.01316330551632,3.5498306921957075,0,0,1
14.775924227630785,75.82888287642838,7.574249107226603,2.1506350660235936,0,0,0
19.02478688361976,78.68320755175326,21.91483242548879,5.609553889159989,1,0,0
29.699793122817503,75.05191654487842,0.9584554049707927,11.089344431196555,0,1,0
25.440249526199807,83.22329797152383,30.56881935369234,13.742807221108313,0,1,1
10.543348424511196,65.10241599084056,23.236555929851136,6.865710772473488,0,0,0
11.304091825209841,84.42979662349089,25.023583338790107,9.642355324131476,0,0,0
19.278627536246656,69.47451867686871,2.0688353021861383,1.545556964626507,0,0,0
28.184404117231203,71.78830242451686,8.441533208344616,13.566956378284932,0,1,0
20.774035959054284,79.16459572674822,2.9732348941432063,8.529063203549017,1,1,0
19.956250160685805,50.82612727996508,11.55657263215247,11.705073714377356,0,0,0
12.10947399913261,79.42973996391117,25.097560307286038,11.916618013820907,0,0,0
23.135602094485883,77.83633170824518,22.647439372695008,3.847207895521589,1,1,1
26.44206321200451,63.9431202538976,24.48599286453561,7.937616797727743,0,1,1
17.608400150151247,53.86074282047703,21.970050855115772,14.40719627341466,0,0,0
25.51223701850655,54.09209524608685,10.921151827034375,1.3445181723124167,0,0,0
29.289533078016234,91.54506861433529,9.78029989377701,10.24574847044345,0,1,0
14.075329182553782,81.01756945516267,5.482387341463251,14.43396117052758,0,0,0
20.466592623894826,55.71961761968332,33.962834996139684,4.508656620810332,0,0,1
15.742759161691511,66.05254261890079,24.65917434164978,12.921718821065221,0,0,0
25.857088380676785,76.66173472557185,7.460440500162391,14.004863181124074,0,1,0
21.55186731762315,87.60072672907918,7.088375192849581,11.206293140922376,1,1,0
22.691648351006073,51.964741792085384,34.92142406104547,3.469924684604374,0,0,1
25.958283192317882,60.6484909161504,29.709234550532774,5.010010782398908,0,1,1
17.9194094532491,90.0387045632921,26.375963196214855,0.537139416265961,1,0,0
28.301801368140865,50.41244975827174,16.274564301571992,12.471798513680328,0,0,0
20.6605773449228,59.06295962572493,10.479022571140701,12.744167797666199,0,0,0
13.15909645670696,93.15608791878347,39.17803052451295,9.49065464949289,0,0,0
23.917982363376048,77.6030830934977,31.88958300091201,5.28791776895777,1,1,1
25.86522700876509,61.77521149868779,12.071168925451058,1.152165414598808,0,1,0
16.335233541350533,53.014599247813145,33.90259185113979,11.295864148723641,0,0,0
27.14358513997506,51.268610320125,30.35727794458726,10.897892904148843,0,0,1
28.122865095315326,61.013528583661724,11.883221995119936,13.689037826083515,0,1,0
15.538089747556178,89.66686188150098,17.062114169665588,10.957980315080432,1,0,0
29.67042945430444,68.71611444338792,7.438137815641066,12.430424133660027,0,1,0
12.814230560975169,82.4150016124697,4.442097775124374,11.189319268559993,0,0,0
14.0403133680498,91.3228265920981,28.91048131358787,9.460307824684746,0,0,0
13.684496784760523,68.36182077212675,10.700474294154665,6.404495912865139,0,0,0
27.87979420015741,58.60748169668287,32.80237462985014,13.531759629634166,0,0,1
23.085851046499236,73.27030688856138,39.82434846057704,9.764528578612047,1,1,1
13.042085664445457,90.86376591769346,3.064792557185947,5.975329829488636,0,0,0
18.806468367366982,86.19684863619653,18.92140500334801,1.2520394277293585,1,0,0
22.30596050139604,52.962342951341924,32.082502372432124,4.360572838565732,0,0,1
11.669281699787666,81.16577600349117,31.55803586164934,8.155901022452472,0,0,0
27.648327368146774,75.73538851065291,30.39988633323874,4.134530550242918,0,1,1
26.072070708830704,90.83584293558914,13.959797412076437,3.3185302187685317,0,1,0
20.104135471532764,55.511663758263374,18.154130227402092,7.910902711317708,0,0,0
29.342532305183408,74.03162509420955,23.79873429365881,2.5473051884360185,0,1,1
18.35521958550199,89.57582120803515,38.95762334293029,12.006150949876552,1,0,0
29.682206380729955,68.45107040337844,13.101890837539717,7.265522270139869,0,1,0
23.35839997607254,71.68977129797902,36.92575550867431,8.607941609439752,1,1,1
22.69342546507883,53.170730495013125,10.774276727219764,2.2107490139602284,0,0,0
13.3190979059157,62.51646382020098,39.562978618948186,4.868645034440511,0,0,0
27.63855516609288,64.60279921260263,26.810547473103668,6.151345248917294,0,1,1
18.549793758412303,92.53051019351992,18.540459214342036,12.123192457747544,1,0,0
13.244668115649587,62.720031224352155,24.535617122544195,11.552392846292289,0,0,0
10.25215039951518,70.73909308713434,10.901246761608272,3.3446621218152206,0,0,0
21.19511367276765,80.20869906039259,10.966954300458664,9.242686224105116,1,1,0
20.547992442453527,57.29825175835448,4.5421817537397535,3.651845366579964,0,0,0
24.387072447383172,71.88990742138435,4.5620119082159505,14.82370733535368,1,1,0
27.805161060356042,83.23425677641583,13.906869658756452,14.281858171963059,0,1,0
11.58813169286059,89.00848458621797,30.514219115854864,8.448970807809307,0,0,0
24.629929806807247,78.1816673598092,24.3188467039265,10.483538578412144,1,1,1
13.748238881951645,80.10740818926266,4.1033824132408325,12.021455733129676,0,0,0
27.163541063143278,55.6827562663056,34.08946099903644,10.814976300673559,0,0,1
26.38127027723312,92.55994237608562,24.054705079602655,10.497430366236312,0,1,1
20.815875099710887,55.965833486801706,38.43422307139119,14.37831011924292,0,0,1
24.20485597246623,84.86028217318093,26.807418696448302,8.94684159460925,1,1,1
16.287002263674967,61.916734480024346,7.00699454816724,9.544540077285834,0,0,0
19.42335797865629,92.01169146655633,18.95133449231289,12.739031256572718,1,0,0
26.432737954209433,82.39817927162659,25.939903901888165,10.048363017876103,0,1,1
19.185303943464277,83.9216170840266,1.1305880419991077,10.993989330262838,1,0,0
17.155965306508836,59.85766278769475,0.5964105661923158,3.5125302929496365,0,0,0
19.884248945006,69.93679894858224,5.176120023942716,5.569003861726063,0,0,0
26.56498504874437,77.80159375651789,10.06657740181883,2.2095201856783953,0,1,0
16.704160947417456,84.64881281929704,17.181964940827022,7.586481635022082,1,0,0
13.475231862714876,54.67817191605753,19.497618950391534,6.835911010203695,0,0,0
24.240280406615614,93.30643924045378,5.521104357515871,14.957442214191852,1,1,0
26.519564254161637,90.05993017495501,26.935663164633233,9.168129792233138,0,1,1
12.012749570470667,62.1656865723013,23.845522467861393,11.796672347916349,0,0,0
14.797482255118894,87.02421093645495,11.778563953646408,5.010220061364813,0,0,0
12.839439795219878,73.32457653679205,0.5463953374116803,12.473179970141947,0,0,0
16.95882823164333,70.78129167029084,3.1059166141316297,9.22627449731525,1,0,0
19.007019578108252,64.14953476151324,15.667791020433576,10.454884973976576,0,0,0
24.976526739266127,76.14358639842166,6.158974046627357,4.416461669241816,1,1,0
23.02295169763348,82.8450102966619,15.072784245918832,8.229575875433657,1,1,0
22.418571349568623,68.49198072332412,25.127304180414207,9.510554601204129,0,1,1
17.047498932193086,78.31486368537314,21.88949711517134,8.836420137248716,1,0,0
26.8289510616952,81.46908145198867,9.24703532549577,13.727905671368498,0,1,0
19.42574334796329,82.00048176568787,13.752899650350097,13.474089967388302,1,0,0
29.58209876030309,52.338474415903114,24.561247937946025,14.564760868153058,0,0,1
22.682842765914735,88.688651255828,34.43420112173795,10.01142009010484,1,1,1
12.525294831290054,70.62139916442716,30.12853754955509,14.57871195188527,0,0,0
23.52355124150868,61.80872367632965,22.136001073336597,12.487170000478633,0,1,1
16.50208030863398,60.87940283658567,14.491719932659448,4.062482105099389,0,0,0
23.72654393372195,71.73563507797778,14.602051101672217,6.411535043269456,1,1,0
11.392822963248115,89.90741927610316,35.17669241057584,3.5758866328351466,0,0,0
13.497628743519188,67.02564117571912,1.569743041621856,0.06295741245847808,0,0,0
27.114745178115726,83.73765860525944,39.51930577681044,2.820731297203629,0,1,1
14.543591140470298,54.35684289442484,26.57501643406249,0.060908794303135005,0,0,0
26.7408225048588,71.42255159679777,27.245507962895623,10.79757692025735,0,1,1
15.585521769088208,94.6258763176731,1.5199134921896862,6.383014465817993,1,0,0
22.857638201174154,84.66970112565517,24.221170995650887,4.688620906167874,1,1,1
23.88301147019662,59.473781979827585,19.391122403617878,11.42581336642782,0,0,0
20.25309506290106,72.56486631640598,4.23115627576268,12.487301619294676,1,1,0
16.106213533934625,60.5131143641855,11.116880430774362,14.6294930797482,0,0,0
14.252887527421922,68.43024172681291,35.61257824854605,9.630203770128617,0,0,0
10.663787091248524,85.10378106807342,21.99953663463812,6.922934378100775,0,0,0
16.078928024814477,84.70511668806816,16.53666300695635,4.578964524111538,1,0,0
23.063255810625662,60.26451700560733,2.907286233632438,3.3347731382133943,0,1,0
28.766096368969652,91.5000493169687,28.564861096092223,3.193889257239018,0,1,1
27.42408964526104,76.6655682244172,28.1140329358413,6.137840620796982,0,1,1
25.321295530706053,67.09659309329065,24.56174427890254,14.876795329318947,0,1,1
25.768946865065974,72.58710113513872,20.41050584882597,0.012805461561049003,0,1,1
23.299698069519906,77.22820640469847,17.351376088294906,2.958088458465012,1,1,0
15.20573715132006,75.19507393306034,23.73084371951969,2.8258947360536073,1,0,0
28.143900614116596,71.88822659912802,9.335818069136268,10.756792282984385,0,1,0
23.41464623811668,72.721976184023,37.65036256710591,5.287270913970927,1,1,1
21.2088126196088,57.93853596925488,23.55178116720918,6.858912068877309,0,0,1
12.219789384269621,86.57298069371058,12.447697774175062,2.2293619570485745,0,0,0
18.94111087612851,74.37921439734569,17.98719403540629,6.074955583154216,1,0,0
19.207165424038525,55.898593776711635,32.22739155507569,1.5479971785875408,0,0,0
27.291272190453398,84.477069571225,6.464642429211898,7.995649318328747,0,1,0
20.93296440375577,91.95997902698079,11.713424898410416,1.469075480742839,1,1,0
17.608010979408192,92.62881046566329,27.180320909462218,11.857625717597344,1,0,0
29.536006570213186,66.60579795850278,12.619568259288956,8.499025763107342,0,1,0
12.214411866526314,56.09825931023393,31.70006727445864,10.859518106602753,0,0,0
18.450968566238892,73.32798319848793,5.218139487094433,6.277745799790258,1,0,0
10.840493503428107,55.06741532071493,30.50744681818434,5.722369398633409,0,0,0
24.798082415338605,92.02943383306777,2.7340685940226495,1.4731333357329541,1,1,0
28.361531043983014,58.26108323098157,0.5037045066997914,7.85783410564234,0,0,0
15.600746591009788,61.37446369780238,35.92894075328648,7.71753247285638,0,0,0
27.166833535982416,68.29864370982366,23.253568677291945,7.021530666744081,0,1,1
15.844364609237955,67.24240108516067,14.073075883472459,11.107775470236739,0,0,0
28.215403232878305,85.75983015790501,9.303785478554015,12.487566000485318,0,1,0
25.079238071935677,70.53425692479331,24.675431330432644,11.261845124227621,0,1,1
26.09813553682877,57.68457170015016,20.36008734146953,2.1579861421026574,0,0,1
10.360131112009089,62.02444529687334,39.66391102119941,9.330892639231621,0,0,0
29.25620714148052,72.91010233343849,39.32863946614983,1.2048465853430006,0,1,1
24.533419841406463,56.63542628417607,25.400982645664385,10.419334311607148,0,0,1
16.095021907722668,77.52450540407064,17.71482024423562,5.727586448416901,1,0,0
26.58789329717694,75.45862879480157,19.645638765386483,1.987484343994299,0,1,0
15.630423968298599,82.1616042372016,27.29916264947448,12.930762854641918,1,0,0
27.455076791322558,92.19670769207156,4.062981769415255,9.21012508558406,0,1,0
12.25160780823874,91.051455249552,13.134082952428727,5.3208745192129125,0,0,0
24.073719549215916,92.5734028130974,3.0108896401441543,0.46090769475749305,1,1,0
20.813969532898206,61.01220186606654,2.9344303806767824,8.059653885054157,0,1,0
11.930689403908817,55.92043879877096,7.83356967576935,13.84838817729349,0,0,0
14.83787656517678,63.60245152234018,19.410130183729073,8.945697490535485,0,0,0
10.248080725546295,90.27883277448416,31.390972846511573,14.574759069292398,0,0,0
19.37535930929012,93.74240635805697,19.4198356466349,2.046766774056878,1,0,0
16.025305215200007,88.66962279817142,13.41906442243479,8.524576568922553,1,0,0
21.967149685955178,54.950797450739465,3.2941196134703254,11.971875720096442,0,0,0
15.944756154172344,92.6342599126907,22.011820927325182,7.883110966885743,1,0,0
15.998382230139693,69.05111123078537,10.85074345932707,1.365995339812089,0,0,0
24.863863974632068,50.418963084305915,24.5973671166859,8.743290023208266,0,0,1
10.96285671956707,69.90771833366871,39.087509565296735,9.176068587637076,0,0,0
28.057899903839743,52.07311263539604,4.452572859102006,10.930638727130289,0,0,0
27.04527748782363,74.4745064522503,8.485015948877596,11.418172727482109,0,1,0
23.35609366452813,65.23493123466731,18.923781523974988,11.561590323159107,0,1,0
21.864431402147687,71.30457201173219,38.74455261383718,9.951665904584491,1,1,1
27.846049962793046,77.59266623344027,30.872391050799823,3.237167796279872,0,1,1
13.70660359057429,89.09604931180192,35.92916772651321,6.06353633759219,0,0,0
11.579383243816572,79.78557094123678,13.348593939031716,11.64194958921598,0,0,0
14.790203398190762,69.53219908151813,39.68153895114378,14.301404751012198,0,0,0
25.891565574003806,86.87425341516644,4.113312642566296,1.1842044725493301,0,1,0
10.693405334529666,90.75119619079095,2.1189162418440333,8.033050166957922,0,0,0
21.656136701669794,55.38919848944887,34.224105082161124,4.687834069864596,0,0,1
29.908750323826197,73.93698398987561,37.09059480827945,3.3809084147524464,0,1,1
27.113921876750787,62.803038188409985,3.62341430184407,7.587160252795726,0,1,0
20.428913780871788,52.11775390446263,4.53709706983366,9.091340108348051,0,0,0
11.272818185732847,80.08460128012933,1.3269663102309526,0.14658347129221871,0,0,0
26.627470287714196,88.82468498566516,4.180302505708964,11.703098583017864,0,1,0
21.97957016354421,57.33061945148273,8.376792672011234,12.298231968891715,0,0,0
12.298659941191337,86.55861459307553,38.80306475640004,14.482662368518996,0,0,0
11.877145696467124,88.40280800916237,26.71440888958722,2.7096559983704243,0,0,0
28.19253638873185,91.14531991999175,31.142121020741683,8.91828843541422,0,1,1
23.38400525876157,61.937829008872356,31.045576147660885,6.399380602145918,0,1,1
26.58573598633511,90.67788793354501,21.402949991168583,5.02241777333026,0,1,1
27.579578005645345,64.42982396313946,31.899559108520688,8.48450177156257,0,1,1
21.435447040966444,74.85521060549763,23.832301295598786,11.735746398353253,1,1,1
20.348927035100825,52.2728361874527,12.581843904134304,0.3457917516781517,0,0,0
18.608548206419805,51.974648976593464,22.44440435073603,14.541001688492802,0,0,0
16.338931755822387,82.41679457294913,21.34034344538054,12.148223785585662,1,0,0
18.691919217174235,70.0015990090006,32.93812215037283,11.267305554683677,1,0,0
25.477593114603128,61.533156891614794,39.26908869526636,11.405810732707552,0,1,1
22.03846862030263,58.56860732112096,16.441702616837222,5.835910644279789,0,0,0
27.850465799096924,80.14790708866481,30.535627137654387,11.274308262672205,0,1,1
18.867600287583755,50.018069481140294,3.9905201615253416,5.801553129044365,0,0,0
22.14179157437508,86.26510261385843,31.073254777931542,13.480602443621896,1,1,1
22.626151061839774,53.566232275846794,14.856676479729284,2.658335749597045,0,0,0
21.83394324612651,58.61703267086538,1.5756065155874666,4.385211363227272,0,0,0
24.052675461710326,67.38063778845904,14.529847142487089,8.27006314048614,0,1,0
14.748669367496126,71.81864328722466,24.42571003686579,4.788165538309087,0,0,0
20.247275550915813,65.97478021162738,4.770006707258663,6.363558679429101,0,1,0
12.084496056166953,64.43204742429323,36.961379697210184,7.38634034097892,0,0,0
17.69022655289625,93.37622054329347,3.1068965309135432,12.84530023220263,1,0,0
19.75334137242529,78.87108565595274,37.20026879332665,7.847883804130392,1,0,0
23.044485190909448,51.05448299153247,28.28550071742746,5.4368977292184075,0,0,1
29.01062105172407,69.3579158799941,13.188487016568144,3.7160424605267366,0,1,0
22.013021330967117,89.37539148847867,15.630013908363729,6.130139681882958,1,1,0
24.871878323531195,63.56552838848006,29.632374589309766,7.736041566215548,0,1,1
20.125321189904056,54.25503551484747,24.058844035248296,11.191722858048545,0,0,1
22.682080627526627,84.1273147215463,26.865716858197807,1.81573164258508,1,1,1
11.418644322675469,77.27062243712365,15.566584660539199,3.324137823587263,0,0,0
15.08783161683694,75.66406285219267,19.51253927230396,5.694810238030098,1,0,0
17.237061864102774,52.41094518233336,39.59469936151574,5.405976076792719,0,0,0
19.44986710013027,56.32245544079828,8.556914819988709,5.876221314078176,0,0,0
10.912974910047675,78.01472282959011,16.714247460885257,11.90281896960487,0,0,0
12.800481951066354,59.352072865647614,11.672927502958693,4.862316044432597,0,0,0
15.536286155826115,72.68315358867909,30.60446041759399,7.528472706039969,1,0,0
29.430653818021014,74.5196758713227,30.560505026628828,9.358605492868447,0,1,1
16.626940142061017,62.75782356219227,11.697818439895835,3.4826782527540767,0,0,0
19.64082116224165,92.67913199936717,3.2556126653193163,10.780430807213083,1,0,0
13.921954254767858,87.91088480760088,0.4573070668881618,8.206669796074214,0,0,0
22.215601421515366,82.50680784347594,17.09802132969942,6.7017174454706705,1,1,0
15.613664310319486,53.50972398842341,16.413503773430836,12.146760401074708,0,0,0
14.139851568768535,54.77585086890588,39.53559514559452,3.65242888777773,0,0,0
20.33145256891958,72.17516056392301,18.792083027907186,13.247639559214848,1,1,0
10.110115983208416,57.232100713594356,10.256734783016825,8.415731030500556,0,0,0
10.153280652984506,94.02194585882634,35.649177641258696,9.137623190694873,0,0,0
14.381376182037155,57.13341053123342,19.64271798614314,13.125884462534142,0,0,0
10.734427250016424,71.93605259587883,23.967025408423112,12.263740317740039,0,0,0
12.160515082613827,66.38544755786774,3.826748417128507,9.023431032328505,0,0,0
16.777212986775034,78.7723889654344,15.316656293190963,11.297815557722611,1,0,0
26.051713591596258,55.80663840002412,37.76894697895147,6.4997923534934525,0,0,1
21.440972867386016,69.36423926190758,23.58021536701702,8.210666302496193,0,1,1
20.25335451912833,62.361726476321465,13.780074205698467,0.931052050627667,0,1,0
15.869776464162433,89.94881861022597,25.026687225263725,1.3478687700007024,1,0,0
28.635074388656328,51.826357046061275,36.41644358312465,12.441381062794981,0,0,1
17.940300824743833,91.11773723029066,10.959624018903602,0.8950748352374499,1,0,0
11.74185533591543,87.48473623488502,20.204668738826975,2.5409868844891093,0,0,0
22.341330322356026,63.39068223983669,38.34762615647021,11.937489884256623,0,1,1
12.276767869532028,85.51807946046972,6.895845731938106,0.017189259423844305,0,0,0
16.90446285603384,51.40461021524364,28.78655702386846,4.236064932687965,0,0,0
20.148238774356177,93.50894976320271,24.579240328119294,8.760579867399327,1,1,1
27.484450493703516,73.69677241654051,27.187005245625393,8.931748972039449,0,1,1
19.870931606802372,63.64764617294504,14.048785226702787,11.657293623442104,0,0,0
24.045175320633284,66.31624456676047,12.555174939350596,7.588893817382557,0,1,0
29.856336779981408,52.98824090572238,27.36838682353482,7.641028042964555,0,0,1
12.629782397959632,94.52072813189176,8.621731404181814,10.879658633110507,0,0,0
15.49463051039039,51.76813753178116,16.786189794360205,7.479366948994253,0,0,0
17.891521511952927,79.47082054165365,7.52698584211672,9.127366298454252,1,0,0
18.436563570776627,69.92311674679063,0.3321936449331897,13.466611023825765,0,0,0
18.220421505310917,92.70122981849218,38.80229440152278,6.0217651141855795,1,0,0
28.1522200511311,61.06998831380578,17.268119146256762,5.776876063788333,0,1,0
24.280652889337127,73.94390707721051,38.77398457679301,0.05323487797156967,1,1,1
22.158104281814076,71.70602938622389,5.6129407907130435,9.201393922818479,1,1,0
16.187454357255643,81.62898998225455,23.49467117829944,0.4465786111069797,1,0,0
26.475807684425895,53.06046043785892,8.038961311649583,7.562227345924744,0,0,0
29.101210229699777,58.72051085105097,31.60296507853099,12.0635068354834,0,0,1
26.42396565100453,59.65541690417824,31.34811955043901,8.248816057794947,0,0,1
10.031302103829457,83.21678396787604,4.504285961572472,4.04454247825014,0,0,0
22.72802740366814,58.5112413347033,36.48257811505557,11.792526321740569,0,0,1
11.022707628842014,75.80712937509395,7.785185888128985,4.045755061238083,0,0,0
15.152144406674438,59.68597192254292,24.519093663574413,10.99547671418848,0,0,0
11.190494006955433,88.77312275377903,39.42534480350816,9.15387682785347,0,0,0
22.075909058987754,92.39834545203374,35.29586139065455,2.5499444512200182,1,1,1
23.731798269852135,73.33218387240082,38.26255714244676,13.577008122662786,1,1,1
12.289752761318102,65.85389978941302,13.703950848724777,3.0096552443579356,0,0,0
17.67677766089959,60.53259987578746,4.2230256887785345,14.843806112110048,0,0,0
19.12473017911084,52.24014506853697,7.533874931578004,0.10965732982411158,0,0,0
17.38106043521833,62.08250342888729,20.019795803064554,3.9522506571435456,0,0,0
12.420500009703861,79.4406100975393,31.729187130932885,2.997904459112983,0,0,0
18.37895580374951,74.01276190891448,6.006145767355009,0.20990115255693942,1,0,0
25.02356095616836,92.48185752264173,26.389261290430284,10.985518502209734,0,1,1
11.420153290665109,67.83247681212653,12.943104161580475,10.401387031493943,0,0,0
11.60360028163807,81.22385040477775,13.64808289568614,11.885264465323957,0,0,0
17.095425836719684,72.01952363638046,26.476709206317054,3.8504781969684787,1,0,0
28.834514232378503,73.06592971658952,18.679976781328808,6.665027506244549,0,1,0
23.371452934458283,62.04984415718529,32.48133172103976,9.886702824323212,0,1,1
23.573399133451296,70.47278495788998,6.236740386513082,6.596527558322154,1,1,0
17.2383998167573,71.18532486557183,31.597930790681538,10.459886554768737,1,0,0
21.87321582417077,81.79891347870202,2.5694099222968347,9.509601126606633,1,1,0
10.202623680554868,92.32879996337513,7.7621552098242,1.7197170453326471,0,0,0
22.721920928190844,64.8194574867127,26.245988580126614,11.715646816154521,0,1,1
28.265738951524735,51.89902108615843,34.19702626044285,10.810145386387774,0,0,1
22.251469366896384,72.3332806475288,10.107185109573962,9.83751581426108,1,1,0
27.473971869326903,74.50075994671259,13.087664233156517,2.326404094065035,0,1,0
24.479461109321875,57.57982480093619,21.484829931469598,4.019946731930455,0,0,1
12.411168328073805,84.220907282423,8.462912259572093,5.897655473814006,0,0,0
28.049066145716836,94.32180987986712,32.44625046350023,4.198944324846651,0,1,1
11.328876887115499,92.55986226538074,30.94546580023043,3.417154360141972,0,0,0
20.679349450955275,58.86977174706435,5.8116684786312645,12.080365052426636,0,0,0
12.842742475869153,89.39134579553424,18.553189272665286,9.573483695403036,0,0,0
10.234132214618082,81.70221363852582,30.993110666184855,8.482081973253756,0,0,0
18.44068520255278,70.42309537131102,13.493181244136592,3.3892906627988078,1,0,0
15.900814153083125,74.3274947446128,25.32427290870927,13.77114843402962,1,0,0
19.72000987595206,88.23200787421061,2.008524858302909,2.867745586459744,1,0,0
21.54399773469102,71.60607228372679,24.34755042117272,11.924263992370157,1,1,1
10.874781446178947,66.7943316097307,6.10611920002428,14.500090000579396,0,0,0
12.460065902474913,72.19613718616937,33.22333300457805,10.906390938363542,0,0,0
21.172847929008505,76.06084118157722,14.21797854321914,14.892881627769446,1,1,0
16.863347063453165,58.5084944200257,11.262154509127829,9.765766754669201,0,0,0
24.58346975098896,90.54084786201457,33.6355590684594,3.2619051540584247,1,1,1
23.04583297183879,80.33841269733261,2.0057609228724083,3.0572924057476696,1,1,0
26.912087259798135,78.497101280187,15.864351973373791,4.868464263832145,0,1,0
23.849856533384504,54.47733017812872,14.800141623001256,0.10695030331509092,0,0,0
18.598621547802964,77.18782721776662,11.392014969982034,10.22547705124252,1,0,0
23.45933244788865,55.443229800732155,36.47017328005908,4.030016769417414,0,0,1
15.50762348510837,53.54139538379296,30.03713574066889,12.227748484391292,0,0,0
16.126269975564256,73.7289903039077,2.556926567677551,5.387589758389504,1,0,0
25.779703198415866,68.12534903209227,28.587497977398165,7.199347401949691,0,1,1
18.928390328031643,76.49646215703004,21.091965325151758,14.485333748405539,1,0,0
25.96760681036705,54.014997562575736,36.034715776063166,3.632581845709156,0,0,1
26.44844747336557,69.39423782812662,12.517824693934338,10.818811461446094,0,1,0
27.151246753225674,57.86540217703211,22.966479984383316,11.326766839581257,0,0,1
28.332704716824146,94.41950386658525,20.030210989639443,3.3149723628545273,0,1,1
18.619704410265925,75.25175955958285,19.58243624910423,7.514952549182935,1,0,0
16.377336366422774,80.93465874233902,18.244215980688505,5.253028879694525,1,0,0
21.643974931882276,64.64382263071735,8.22517902129125,11.578593651001338,0,1,0
17.423448468752554,54.263251165070486,30.22839689969571,9.337249785435562,0,0,0
22.021483336004657,93.91418882525915,18.053441309571546,7.139745822908205,1,1,0
24.111717252876492,62.881656592243246,38.34065100010423,11.690448975715773,0,1,1
23.768100369842738,69.07136833281083,10.432337087711051,3.5273335501262553,0,1,0
17.491057740402425,79.24387647661587,27.309753585081644,11.304328208765387,1,0,0
13.337204033975055,51.11137839587501,37.62868318556434,12.980614681392366,0,0,0
18.61058676924415,86.4616608732779,26.5383329206437,13.179323952113586,1,0,0
12.851882881638176,74.14601855128791,34.85091630469579,11.755103895294058,0,0,0
27.801940703676166,62.519773418096996,33.09923839028024,6.120212504974031,0,1,1
16.91754921475715,52.77235933816112,14.404708619560154,14.727120340767405,0,0,0
13.089194944466476,57.31242869634986,24.00495759757986,5.693904657336598,0,0,0
10.508955198115018,90.27652364840466,6.250453592454224,9.579380986536385,0,0,0
22.916447725729686,80.8710900771151,21.42103530782398,2.41611267104203,1,1,1
22.738046349094866,61.24557747366004,9.216878872573488,14.70673347954589,0,1,0
16.812083331625836,52.95203442252633,29.749472598097825,10.559788827969948,0,0,0
11.43423777695302,81.07768905739863,21.122336875684983,11.300663178695526,0,0,0
18.19257789790464,75.75834766854943,16.44909450526642,0.9866505511671692,1,0,0
16.22434990126787,68.20337860062057,10.751883846679103,11.451267213310077,0,0,0
23.542412794700187,66.36251521355287,39.94793927365147,11.62085143830902,0,1,1
22.115584989053808,59.756642416809875,2.8684208353973073,10.076590895433448,0,0,0
17.2918745639508,80.13250654418829,1.7424272228968007,4.378644206855155,1,0,0
14.357851085099803,93.68006125072418,8.690296019754582,7.345350632413223,0,0,0
29.760719323111836,57.90718606265716,38.842898345112786,1.6565155696307472,0,0,1
19.080032423922297,76.87024790069765,39.169526732799376,7.073805996887289,1,0,0
23.765484715604742,69.08832750856894,26.197109390885437,3.6573577890060727,0,1,1
12.811059351567216,70.10099247850992,35.20426668825619,5.2364547974112305,0,0,0
19.711793993187957,61.436627605751646,8.558469233631815,2.439006126055479,0,0,0
10.55073439738931,87.13106940476385,38.88168376706494,3.4508155162034555,0,0,0
20.109102358209,71.83650218662585,5.711394005582586,1.1485296273017438,1,1,0
29.280348142354047,74.45326334892188,4.045007527266331,13.79852049655382,0,1,0
17.684134259716004,63.714241075879656,4.488461569890916,7.95616031963105,0,0,0
10.779920251498233,58.18138095501274,22.925116930902586,5.951129568941095,0,0,0
10.61911581838687,53.86596746912692,31.238976028722092,8.025438191531759,0,0,0
17.759735198937392,82.1353613416212,14.666687114985324,9.42439842722329,1,0,0
13.200498729263881,58.8305426759535,39.11583951144506,13.828181900540237,0,0,0
10.467041926563718,81.0533909384959,17.37680552473318,2.6803942842947,0,0,0
25.124272279003534,67.56694007211293,6.017942030928651,4.433287479528264,0,1,0
19.170460177637814,68.70986604453432,18.63866992744547,14.63684004516172,0,0,0
15.784895439453091,71.11298732417472,27.161486616897594,5.567894799727866,1,0,0
28.001663660329616,66.54688286573945,33.28903122017515,0.3384247613599145,0,1,1
12.322779204010512,54.527898975016555,18.350731598263717,2.214652389557382,0,0,0
29.118376579106386,63.93343145012806,23.7442730419667,0.39508052622828027,0,1,1
16.279334347547056,79.86804623122723,10.693788486354133,14.848847136310926,1,0,0
27.768073446173624,79.9602980660992,25.83666105622056,4.183062734868345,0,1,1
22.058857529589233,62.88009382579975,39.438877758013746,13.853141354043391,0,1,1
26.53414719482975,70.70461819509596,1.9621429035117544,14.938294136395736,0,1,0
29.680263264209287,58.70512526053719,35.46122682820671,8.997618317146713,0,0,1
15.768108756374914,59.46674366884261,22.491300110700912,0.4979447259834263,0,0,0
29.22270970815186,51.037118978297336,10.083946382491998,1.2238744558039043,0,0,0
17.789637898048408,90.35359474584851,38.19558840037032,7.223835826618166,1,0,0
17.710238094738447,59.481799928370776,19.33417212235596,6.09258019367229,0,0,0
16.807742085090112,60.23902446214085,13.267610066935426,9.092659586726516,0,0,0
20.8281521469517,62.58206446903093,7.259905130833646,6.582717145670459,0,1,0
13.082900863569742,55.7333632262943,9.778088410266484,14.011152739072266,0,0,0
21.074229707160224,78.76682974316132,33.3139616636577,8.021095731202665,1,1,1
20.83409624820008,53.3814328929914,24.576400372686635,10.405890921936633,0,0,1
25.2380362520974,56.03910918468576,36.529824779532646,13.447279089637448,0,0,1
26.67299923875171,79.01405269655417,9.278738086311433,2.2030781374981108,0,1,0
18.80882700624848,65.28472792166492,4.845542953956059,3.446019811777928,0,0,0
16.046664987029875,81.8576522015535,0.2435012390236002,1.609779907110226,1,0,0
15.186697946341889,75.08411351015639,20.31448150463975,2.094575988448684,1,0,0
13.892476734097439,61.52095278776809,39.93227721527953,7.688759504013497,0,0,0
11.152951643980497,79.28725777201976,27.79861075274556,4.81768888451196,0,0,0
16.848959576694266,55.23231561317963,12.335783678605843,6.347592592901323,0,0,0
15.404953842615665,74.13846723860136,35.07434332104687,14.737347476910927,1,0,0
29.328347717328146,69.67166472702655,31.26889063951839,2.3505652169392217,0,1,1
21.154176525000878,62.05431122678483,0.6166066430615702,8.112181061971134,0,1,0
16.945540780610152,77.1802248982775,32.674419221640896,1.4830673258047644,1,0,0
21.60935201987392,89.21001165531271,12.02107028953984,4.777444698958179,1,1,0
12.78393402691391,94.95071148933846,5.986938583344044,7.912888855118979,0,0,0
18.88087498404406,77.3493245934541,9.053233589482982,14.199476189480066,1,0,0
22.524686428421276,68.21176434481265,18.74319217500556,5.868423319252245,0,1,0
19.77795663584903,60.134319509729075,16.99471708272044,0.9736004432200474,0,0,0
18.035576013086484,61.56932402278003,11.555491974969069,5.822421719404754,0,0,0
29.876967777993965,71.57547401673946,6.888732888281308,2.186117638109666,0,1,0
27.60629524297854,66.52749655763192,30.48923158568677,3.4498441993716793,0,1,1
22.468119163188803,91.12165351812249,39.604391349396685,9.271359347474856,1,1,1
21.387547223645655,66.57329604450693,31.11166321678762,1.0113579930552252,0,1,1
22.413209596491683,66.80500660154459,11.83747870686165,6.970856343750561,0,1,0
14.026242156448665,67.25905305952897,9.792358456485335,9.141923790161465,0,0,0
17.902754865286372,87.6479094665446,8.70663504263753,6.327875885512453,1,0,0
10.789190657817986,79.28547443811058,5.467802979561451,0.2868952593559554,0,0,0
19.510920749736535,77.63759826435017,22.053221987692048,14.782790353542982,1,0,0
20.860491679153263,65.03643600727379,24.216014878133766,5.50673651010803,0,1,1
14.554994722064192,86.80568795745978,28.22010642652549,11.678657803999004,0,0,0
29.280576943310276,51.72637376100655,27.20853483734672,4.884697382811798,0,0,1
28.18909221874484,89.18587275521509,11.693332451335298,7.125251354901282,0,1,0
24.44286470911812,73.07374549072684,13.212440215873862,5.826954639164948,1,1,0
20.66773257530725,67.92126056885357,27.260581417693516,5.138088442644115,0,1,1
27.3993831929537,72.37252763229586,13.977905631345134,0.32777065811668116,0,1,0
12.613046876469259,80.0336988740224,8.50492758477252,5.400314067817552,0,0,0
25.8101958854977,50.57444419330538,14.973446147869582,13.34234985599295,0,0,0
12.496416279336966,89.21983354062115,10.883366303119107,10.355900078905256,0,0,0
25.884213250988108,70.10327863901267,3.532508848743112,2.1813428864315973,0,1,0
15.51535136502714,65.43349338650351,33.20555609106614,8.867325069341089,0,0,0
27.541811620363777,56.22105045353257,34.124455566281455,13.383462899233074,0,0,1
28.880841876507958,69.7759418461299,8.790012006675179,10.500510614472832,0,1,0
12.975919388102312,72.33452470779704,2.59088798100807,2.230265885350451,0,0,0
19.25351210130787,68.1641012522065,29.55309749404718,13.01748745101745,0,0,0
29.619747563253704,80.53970422221036,8.461145034536548,4.523160199332981,0,1,0
19.668148719462934,68.94034379416517,15.737419577474409,6.811142164685126,0,0,0
27.270950450290904,93.2637910030958,2.5654100894953302,7.8921413953371955,0,1,0
21.774630442626396,76.96748830206164,9.050783390337408,12.75759906567293,1,1,0
17.506598158392038,86.33650710433591,31.71609113318543,13.974112427214916,1,0,0
15.715671110517404,54.92101563992655,32.17585787660808,13.944793166858341,0,0,0
14.064461821721746,67.87810818256575,8.283392995508416,0.1193127191781096,0,0,0
25.235963827553945,65.15814656512187,13.436553804267582,13.828327283781858,0,1,0
17.73081013646056,75.62670746614663,5.369536763749743,0.815804490023585,1,0,0
20.225509244015022,88.75010840276416,2.9669052113968952,3.9866048522615305,1,1,0
19.846509600023637,53.5252197992903,39.68686857793638,7.724817820917494,0,0,0
21.545580584662623,53.26586591201198,26.223758049793567,7.198885335065911,0,0,1
27.311542912491046,88.26429686709196,21.683860367932752,9.07064690831088,0,1,1
29.61478687166859,59.57825387172608,30.61994001621198,7.1916934310550875,0,0,1
18.15168417147634,80.09389645024162,33.60308638750897,14.015635194606311,1,0,0
26.55037844212606,74.42951595623623,32.2685907217891,3.608232723218805,0,1,1
25.290555893094353,87.48021176992532,0.6615779715950643,4.110370410577287,0,1,0
21.470579029111466,55.62900094263816,7.472315927619939,13.811069035395843,0,0,0
29.12094287223866,55.840233457517506,26.196212084713242,1.1510927061788434,0,0,1
14.009490310568056,75.05682621252384,15.030373912158517,9.143412328572149,0,0,0
12.185284206192428,92.58703940112669,39.29930604244428,10.226039280984162,0,0,0
27.079239339108444,68.67489912668394,26.616191705530163,7.583125851446092,0,1,1
18.782996332674966,64.71239451146127,38.26195634916826,10.413478182347058,0,0,0
26.93937708414121,77.30101954390486,8.057859265831752,2.591319690179505,0,1,0
27.861804103908298,91.8701870245264,34.558281124600924,12.789483491573097,0,1,1
11.249151872381429,87.66175247800807,12.854092232609013,2.1003853420482836,0,0,0
27.669295259721213,94.7967624829949,39.58259232951227,6.012186664736245,0,1,1
18.966381107388443,51.01558624410697,6.307546882925892,1.128864019623087,0,0,0
20.208649780084645,55.0786165120743,20.65359275353306,8.178166182261002,0,0,1
22.531850221864204,77.426049351498,31.713781353484876,10.046187111384587,1,1,1
28.527652134601734,86.92593977002323,17.305699224161437,14.118324526429358,0,1,0
10.38232188859528,62.835995403804496,18.723362407505867,11.090042938440012,0,0,0
19.536869366356342,60.76449896153984,39.454231820229644,8.116543746812267,0,0,0
23.754440848611214,85.41391097215404,17.01232601204613,13.989255257555007,1,1,0
24.45413915396457,52.53718342339542,24.162884023962544,7.176552570613149,0,0,1
23.85064863074216,66.62221914121633,2.181586427006028,8.41808479648304,0,1,0
12.688702588162437,72.76141501665484,33.6884032084104,8.941477915051436,0,0,0
15.987911767433625,75.21569034576456,25.92672195918174,6.149695888298503,1,0,0
17.17431050834027,82.78768205567496,16.16080411451254,12.577240358487362,1,0,0
26.0887441535901,65.96805755437963,0.6467815981807901,2.7776390826758868,0,1,0
15.57519744829106,77.57079551035733,23.666752823740154,8.32263285557412,1,0,0
14.214099277344063,76.34189402559304,0.5063131393664877,10.833498842807911,0,0,0
29.148960380761924,74.64272452941862,0.04814455636071635,13.559642578148658,0,1,0
10.177265702269377,78.82174819139955,24.643942485974186,13.258775946514175,0,0,0
29.956417113639564,61.67521269806343,7.56068269338217,7.631104341452129,0,1,0
23.536425977147914,53.809193911308306,7.675501988723812,9.647421767450124,0,0,0
26.56938598898234,55.367225241788454,26.130862633309746,5.913566041939515,0,0,1
15.892387926923863,60.10620721942555,2.147887517574971,7.022666443203004,0,0,0
10.2863055533412,72.50890709852533,12.536222458982254,13.593986888595742,0,0,0
24.7573903712306,87.8199237745709,5.977276085680763,13.96055989788711,1,1,0
26.682891940013516,81.55820039397729,23.207054791861353,13.431210871005295,0,1,1
24.809522639070384,85.50682718909212,26.470606189095832,2.0755629272045732,1,1,1
12.857005746016771,65.79390307667411,28.84543414396174,12.751260319959544,0,0,0
25.06855844513938,68.20941837418476,10.209248676742618,14.225455965322205,0,1,0
25.37845564215282,67.71568486957757,3.56999006546336,5.41874541860407,0,1,0
23.1708103134011,58.634293298202564,3.147346277675913,7.779694341325039,0,0,0
25.322318655911722,52.75474961646074,17.046061938028952,11.686428837194939,0,0,0
26.918428793554643,76.5912241772252,37.8337763625086,8.43117206348473,0,1,1
22.272082284749168,94.51475075392636,8.709161369880984,14.902252825593742,1,1,0
11.772094279393581,57.50733672276183,10.269664053661973,6.835700477352425,0,0,0
19.75255619334422,52.10081689546732,4.035552084234357,10.709140668110665,0,0,0
11.552986693432102,85.07892568207699,24.22281095575721,11.888867102948163,0,0,0
18.150860620648615,61.36637030081259,27.194914957886994,7.411506236376591,0,0,0
18.142129782512555,87.33397124088177,25.7172483264304,12.854757085670636,1,0,0
11.320196882804831,81.67715001655318,34.44520972179125,8.192318868107947,0,0,0
16.976410679389588,92.5553091672862,19.45703340104287,6.174761952024471,1,0,0
12.219961975826298,68.40172560905023,5.378281630682578,1.6173551077792054,0,0,0
26.164704200184442,79.78864277527853,11.576205228176505,5.901203645256363,0,1,0
28.953760519289414,70.91846513659718,26.497198936854073,11.009046820999263,0,1,1
11.446329505158772,78.37649137888445,24.524878949662394,13.81929617520161,0,0,0
29.10230414583403,70.23195077034818,21.240125189718498,3.7751910579046544,0,1,1
20.451531986734903,58.48845108908337,27.31857674754749,5.32853275995754,0,0,1
15.991313559077478,72.85538372015213,25.495634014931973,2.3094149115663933,1,0,0
11.53724150552327,73.78628906468491,35.25299557859807,10.360843413434532,0,0,0
20.012485361408356,86.47717317170725,23.440655099131863,14.40282645014888,1,1,1
25.890310889814973,83.09843176071115,31.14405434802226,9.614283297722633,0,1,1
24.141729545333963,79.87062307736498,9.948286238658714,9.256147950093395,1,1,0
11.004520229279475,55.102419299865765,27.12730338356272,8.30234895750651,0,0,0
11.45803670735807,82.42773307986718,36.087764735307026,1.3268361102830477,0,0,0
18.05746565265274,72.51373203595317,15.42929311599333,10.942557396440755,1,0,0
15.905809880958866,90.23447912477717,31.164167493545865,9.030743153240262,1,0,0
14.647686461120957,91.39419203587443,28.991572047817414,9.922151532844305,0,0,0
15.620089978174272,52.48204657708035,2.381047874872899,13.482166395411323,0,0,0
26.069654865937693,86.92887021595155,23.260332384962894,11.759411805915269,0,1,1
28.58456107263708,51.69638256902018,5.207573968032095,11.71372878231789,0,0,0
18.10205389055133,66.52263315627602,38.69276688922365,13.907756533190215,0,0,0
28.122220042649943,74.40349890294856,32.45630010802625,14.849024271944995,0,1,1
16.42991402495764,56.66453593822074,4.3889520498848045,8.719240979415893,0,0,0
19.528739726875834,83.58412156560846,4.8700799059071365,1.6332242404674862,1,0,0
14.520579956319995,50.37596168774623,23.778954196504756,6.886948616631546,0,0,0
22.80952084351688,57.58695717953166,13.795566966927332,11.814017196924665,0,0,0
29.57962230349618,76.1358573434064,1.3962343629243712,0.41587987142773786,0,1,0
22.069861920867574,82.14744029167815,21.665660313322125,0.853311575342236,1,1,1
17.15628168227098,91.24893962122623,15.513803987433876,1.00736673574232,1,0,0
22.956348919810566,81.74734933705807,4.043059694869706,10.965536374924662,1,1,0
12.458413569307751,80.23006716146897,32.07681569023931,7.517499428447581,0,0,0
27.773181605307972,67.7453515857799,36.60307061115224,5.5334691528089035,0,1,1
20.061679015596727,50.05779914870607,30.2637573605652,1.5842556789260398,0,0,1
18.98699484079284,55.40716664310299,32.89689240065109,10.983603753088337,0,0,0
21.717295769070383,74.05495451402176,8.659622690644696,4.815297158263495,1,1,0
22.49567725578805,80.38084486299888,10.542918036744041,3.979861050970008,1,1,0
11.43551612453026,68.78517277534081,8.34110161196751,9.784788023303264,0,0,0
23.652344424468048,82.88055551877756,30.60253725462256,8.385163388952627,1,1,1
14.83863360631059,73.48380328994804,37.91668315737988,5.436159627199524,0,0,0
24.279052650131796,53.33792880174405,28.673488269356106,9.622312062083822,0,0,1
26.450695887683935,58.6407312935577,35.25867059518224,4.068322805761772,0,0,1
26.079170151050405,87.79992004597743,25.5479637953269,11.922453924064902,0,1,1
21.050019348157782,82.62107359809977,15.506396022351963,3.4397842546148087,1,1,0
20.40339784621502,90.26428941556227,17.03046459721221,2.3825654307302346,1,1,0
12.857519226788234,55.290076210442145,3.0128572866961933,11.736591142483125,0,0,0
25.506923008062714,94.56001405767833,1.2582878098410433,10.618380460468998,0,1,0
15.428187608934287,59.423302127747014,27.819024167563096,2.7395846355269766,0,0,0
19.93390845635893,50.53009443289889,17.537155680447224,1.7436862903490695,0,0,0
15.685481858550334,94.88403225740993,22.08860272218518,12.575986327300381,1,0,0
12.676567259993863,62.64832484503009,22.306449904896652,11.64897723295032,0,0,0
22.591153937834733,80.0608753630652,11.095032533332056,4.908860605494963,1,1,0
11.086640696458076,57.950704137933734,19.035700433179628,9.8729611232005,0,0,0
24.972904682524,76.11028394896138,18.83040886670809,1.862402798217162,1,1,0
16.351735905222334,90.68157439045517,15.53708884911428,7.605714885715172,1,0,0
10.002693860089707,64.40815253427974,32.82701533604282,0.2809543809062981,0,0,0
20.222582784744596,80.16142892199616,18.046560147503836,5.8740282138233315,1,1,0
10.937038170552063,58.455661495928744,24.145780980239515,1.1226423220710764,0,0,0
15.52339115641799,78.11579294234264,35.820804815233046,7.127207702353237,1,0,0
24.139529749114324,65.14026583178796,34.6493449143569,6.325224702793415,0,1,1
11.253792432437317,59.504371636457826,35.616888151166606,6.66577539957084,0,0,0
26.78676984712005,64.09319228166358,10.800199858600559,0.6799695307199111,0,1,0
10.076398453171663,58.04784808285097,1.3992995323225133,5.424245119227486,0,0,0
14.936477384038046,90.58622485270473,10.442671995813168,11.347257736498747,0,0,0
24.81808112304143,67.8734098842708,11.148293824828347,5.533715600304301,0,1,0
16.325402994586135,61.03756872384653,36.37441306899872,10.72757928914371,0,0,0
12.03784776132027,70.17835284571697,25.969709313518827,5.5421808545059985,0,0,0
17.20467837600856,64.4241275062923,3.2681583840891504,6.348591622352797,0,0,0
15.40786572769051,83.49886642159967,5.4151438404440455,8.45838169243899,1,0,0
26.854238043211097,93.70489603484725,6.227045021679016,14.260229052106236,0,1,0
16.26695835170286,69.7115145513941,25.216869926756928,1.6329066996998276,0,0,0
25.778649435520144,88.74650299875083,29.416561020280124,0.4937065299176052,0,1,1
27.837442896214696,75.46383831018288,34.38575642261584,9.119357757150677,0,1,1
18.67634839153059,57.075604929240505,37.62546203224972,14.236456333926396,0,0,0
28.19886287708784,81.07802339366037,8.068182295457671,14.845846988320723,0,1,0
17.546361079263857,73.1045523706619,12.390899388961962,7.262463710880027,1,0,0
29.281568329802163,79.27729354634465,9.612915229793227,7.021224316276476,0,1,0
11.78579049051146,90.03593356572492,14.35046269864551,9.674456561177943,0,0,0
23.740385330064854,69.81955567952207,36.58660429694998,8.334521358074547,0,1,1
19.876280809138574,90.552993044781,23.00450267757446,9.511320864211772,1,0,0
17.752976109112943,83.78010564267447,29.527675892979964,13.109991383068413,1,0,0
22.65423757497202,71.98722166450932,19.60476944507128,11.19459254231414,1,1,0
24.077141832686625,77.14499610460837,1.1543165334449812,7.453160875301934,1,1,0
10.08726539300618,64.65115096335552,2.567819439912573,6.927966885002544,0,0,0
13.339061774943975,94.26187848824483,21.51692125071543,9.594026227696741,0,0,0
24.260921012686374,80.03080233726782,28.751561392801026,6.835594266304462,1,1,1
23.327708271564127,51.97310836234835,8.61322110114926,6.8666902689845974,0,0,0
29.320950102573544,64.6979857586604,28.87638295969216,0.24458852679757226,0,1,1
25.22075580501566,78.0491495191576,32.4266309393405,2.6109620611096265,0,1,1
29.01545415462676,52.534997500965794,16.47589913448445,7.327704599936295,0,0,0
24.05081003069614,51.07478860936143,29.856769313764197,12.339801885755538,0,0,1
15.961044172788863,70.25109077875112,16.161198013138396,4.1809051009068625,1,0,0
12.107298445017129,64.97105808617015,27.1340251782008,7.839651496967235,0,0,0
25.636477266898712,69.72343736149247,30.55988197278172,5.174431271388483,0,1,1
22.882984429518316,61.82119894460023,39.67706473232443,1.5720598430938355,0,1,1
10.963720247865925,57.41229861243414,13.815866482543843,14.374477246069508,0,0,0
17.201009318019565,81.01145106411519,16.44163122298446,12.820108053754526,1,0,0
29.135996309685723,73.15570023205102,6.624802376406853,1.1773863670035962,0,1,0
20.008022914204027,59.00693950622151,8.162922336072276,10.79680893702427,0,0,0
18.654582720394092,64.38152418169992,27.73580010393511,5.2136985653625025,0,0,0
19.153992103185878,76.63135584484967,36.681823606179044,14.92274710592689,1,0,0
14.177654480103275,53.2503206722615,15.784198066449623,4.535977797434666,0,0,0
17.374143417295905,56.63538541697808,7.1937778734216495,3.581076680438999,0,0,0
17.396265119743532,53.296052184832554,11.403979975319762,8.518358224581078,0,0,0
11.047100403749448,86.55427997213535,18.202068192325545,12.526892450148061,0,0,0
25.351352570358365,83.85841549454042,11.626013174614735,2.88778307729697,0,1,0
18.33008863807758,83.89908193456657,9.34316332487465,10.64104154578997,1,0,0
26.443597736328467,82.23464045642126,29.43937955028318,0.9210987471168253,0,1,1
27.00696002239791,80.12234406514412,0.3137968496249277,13.784021146657459,0,1,0
14.23988109397316,71.46463619201788,21.569221093459326,1.2161237422094817,0,0,0
23.14706964340257,78.90251735782017,31.750672281190155,13.713470645162438,1,1,1
19.445636083259636,51.72626996545886,10.649131452698729,7.362108741790542,0,0,0
27.6031347584297,77.96589901955531,24.131660424480692,6.7213666919387975,0,1,1
14.314813583529082,85.00449674915947,26.75600422474471,14.599606192505648,0,0,0
23.556264006200884,72.51612621729755,26.2009878562036,14.855762665473286,1,1,1
22.155042445054452,66.08809977922566,17.833985367948706,9.75267188941518,0,1,0
15.906029551436657,62.48420306604406,13.863119515031169,1.9067893778557277,0,0,0
12.732018073023452,78.9260922572937,33.43696292111254,7.592551284828037,0,0,0
23.032795209545533,81.17605393834589,30.33783827999457,7.937446514334937,1,1,1
24.771949162646614,89.19354199381442,12.8502069365565,7.716696422029646,1,1,0
16.312546875267,65.40503371074459,4.120767777688243,8.542377577800146,0,0,0
22.896652080446277,84.63975383235135,2.8723018178187676,0.28087070691586,1,1,0
17.902618152230065,75.2610120885202,3.771039115957442,10.668409222057536,1,0,0
24.264137665652356,89.72764208051356,23.314774447681714,10.68591452929482,1,1,1
13.984305497881062,73.75154487330293,2.0664870331595875,1.7320466276683189,0,0,0
27.804300052723487,73.29334227790852,13.477074998561536,8.553591636687012,0,1,0
15.748191929311595,76.00446866484091,30.127988076569174,8.52541773653662,1,0,0
17.355719755123058,83.71919098140955,11.773926660615125,10.236756302856001,1,0,0
11.161839041606996,93.41107154728074,30.532323087205192,1.2809653820262161,0,0,0
12.230244246425528,53.31035093970945,29.818681528282212,9.397549608991445,0,0,0
20.317238054246562,52.40455710759577,9.833085305328652,4.211279261195118,0,0,0
15.35185353455943,92.18976518333022,29.152887203709817,7.605044857442579,1,0,0
26.70960451484389,73.84440314831927,29.91106553088403,11.59985329056115,0,1,1
10.293867773099077,77.67063565551211,15.898157026681075,10.5846890454452,0,0,0
17.58188097343872,71.7090620717628,8.416819349660729,1.7835452651699009,1,0,0
16.746910935381855,54.214585367336355,20.850832275674765,8.867771806741098,0,0,0
10.38655261835202,84.56402202883999,36.85590352000786,14.536747964111079,0,0,0
12.487367980010205,83.6251090289864,25.584669297282478,2.351541560025034,0,0,0
18.272853498372704,64.02664946717654,6.916899905090448,12.793606315881224,0,0,0
19.857291688948933,63.78076603527802,27.310276989340796,10.538221208306654,0,0,0
18.085794945097383,87.70286214074832,17.088121091273383,11.610049693646395,1,0,0
20.61875356824188,53.2560765983597,23.66115189421492,4.229374907139682,0,0,1
21.90263349811363,89.64973167604546,29.362561400924317,4.318333940697637,1,1,1
10.198476422556713,61.54977604531615,20.597894060577794,13.590291836647323,0,0,0
19.28190318907008,76.68431364899723,32.559358982932345,5.39748048138838,1,0,0
29.269984817751766,92.11973805508,28.88622317266511,0.9452308603921572,0,1,1
20.380645602590974,80.51551256914908,24.60293360074043,9.00895055369175,1,1,1
23.550845349179063,68.64934156101666,6.03171263329406,1.87226503562764,0,1,0
16.237277158337662,81.02903940074368,33.437964436462735,11.948943621118623,1,0,0
25.479827563055252,65.47908363423666,37.43622341279264,9.62619663751586,0,1,1
25.4584296375223,62.476628735713376,5.478604952371793,13.120897578318123,0,1,0
20.42592095308278,94.85074750706059,19.529645177337223,11.772558746739529,1,1,0
29.52027646558427,83.78556040309044,10.355549678820179,1.6817047250729422,0,1,0
12.511004295253068,79.0123989821818,30.180932297022586,5.716060146516334,0,0,0
10.338953297791619,65.98803394486934,28.865185440188,11.618403748718809,0,0,0
25.40316423514192,52.21223731197717,5.635404822815948,6.260122098994886,0,0,0
26.14311074729765,51.397559421582,35.081090850465486,14.585482271699675,0,0,1
12.404144582411526,74.93815649519595,7.238922559120091,11.036106748401739,0,0,0
15.311656659172122,84.2914724467573,31.8903610259243,0.23249875035481538,1,0,0
10.351047267332579,74.18206356997348,18.279214385120195,13.199785373412546,0,0,0
15.866172215611293,87.83532823726016,13.13089174232605,1.512071773028364,1,0,0
25.46283747837343,51.504193989194974,6.32957050696854,2.107855862701288,0,0,0
20.35921055425158,66.5038434391673,6.704570245865176,11.017386009165763,0,1,0
16.961911863365764,60.66816760283801,26.475622188036013,12.974528391457204,0,0,0
17.434785898126606,70.12728356707049,22.01721551788482,8.04524441849334,1,0,0
10.027072514309364,53.25693769373551,4.883416866049308,4.335745994186688,0,0,0
15.996010551304717,92.93592387069828,4.507914417533008,5.269733178797633,1,0,0
22.929174832758612,60.04649304812124,2.8924229909116583,5.14333994394084,0,1,0
29.483888876327143,91.50384989676132,29.750693894941765,4.900171557142683,0,1,1
26.94121653967799,69.16519197665068,28.475283409171567,3.643645077324747,0,1,1
10.471899292910582,94.34858599648481,2.337239634183006,9.133006419438496,0,0,0
27.97121209349679,74.93262725570949,22.41080302387892,13.506079778476009,0,1,1
25.66396826597252,91.88747888791133,3.387046209707596,4.6062361962501175,0,1,0
25.607522471419607,50.24070449124003,36.149830824357664,2.8004144619211813,0,0,1
19.15991518007143,83.67074627814051,36.2846967672053,12.578664995571373,1,0,0
17.960105859090056,90.63727938961318,27.929319592525204,11.12674996334555,1,0,0
16.058314576663854,56.287425514052934,37.047556857578,13.962555473398657,0,0,0
11.313897179087316,54.32566332794681,32.458121216547624,2.4827960340736444,0,0,0
14.564707269873981,69.105767323368,33.14154303708197,2.163769711748873,0,0,0
14.932072699560493,92.01555077598208,22.78831402279733,8.12144091457495,0,0,0
19.681541394204032,74.40739520856974,12.242367928647035,9.21650482252643,1,0,0
24.948888131933877,73.73554086747795,8.711964604656863,7.202601627893843,1,1,0
19.476196567958933,56.35067532346948,13.088000881557168,8.984499544858132,0,0,0
11.156888988943212,50.03552799919485,25.139817203562483,2.70569653312607,0,0,0
29.15579601976408,86.45630408354575,6.906261433295957,7.19420631246125,0,1,0
28.854486381882246,53.94085533438072,10.345609465492863,9.871388414095017,0,0,0
25.70379086296817,78.52324184308958,18.722434511818577,6.490596738730556,0,1,0
29.82655803128441,91.1577404531836,9.322003940984622,10.191710037248969,0,1,0
20.889646656005258,59.3893360921294,23.545746788642465,6.767869208307594,0,0,1
29.255367005064123,79.93727763066099,36.927041138253195,5.003993712634159,0,1,1
11.512100812335015,53.541435951837926,29.92357462812506,4.554075706306385,0,0,0
17.313614965227426,77.16898147269258,26.65706456595652,6.16353088482882,1,0,0
14.507625360135316,57.37692744289412,23.30885903935115,0.3463443402330124,0,0,0
13.916661682685401,83.117910223183,19.517916370282595,10.027877076691706,0,0,0
12.816058977853523,63.55540826572587,7.4625543853863885,12.676584614703929,0,0,0
22.448272831319933,70.85259539620908,35.78841821707462,5.319406416646778,1,1,1
25.6264371149461,76.97437439124297,9.941440080513452,0.6904970421257783,0,1,0
21.565967988407213,57.70730347998078,3.65235510312643,14.801633960783365,0,0,0
12.939254191764194,83.37370183779294,30.00060716914781,3.955473831766004,0,0,0
26.222475398669417,63.61881532865665,7.024621373246656,1.8993168253615949,0,1,0
22.719094143274567,79.8067336960739,14.87583998164704,5.546287619595419,1,1,0
17.76331412253991,57.122737281471814,1.131397131639189,11.07835560950335,0,0,0
23.48260591072126,80.96529466428576,5.482717701617923,4.408748953358486,1,1,0
15.198099584856656,55.768463276470776,6.928145230396483,8.620548058792318,0,0,0
16.90384416988421,69.14104233214925,2.176405110007118,6.233399916557133,0,0,0
28.349716862639806,61.12427331824946,26.266278264913808,1.7664598841492773,0,1,1
15.810090113428409,83.67688622426822,33.48031183212469,4.954305187381653,1,0,0
19.399765363158732,61.791575202809355,14.932616254637638,10.873057585710999,0,0,0
27.802822747920292,89.67727878779283,34.983059068728025,9.180058459971685,0,1,1
24.15442700535055,90.13190951329759,8.533862982405061,1.7966756982534149,1,1,0
11.244064523294055,58.83985918502536,13.01561694244958,2.4498361457146283,0,0,0
12.946060885579406,77.6230675253476,6.0294797212467355,9.611000389611682,0,0,0
10.156831815438336,53.947293877398394,24.822367816759943,12.201231214813033,0,0,0
22.618435804583267,67.61916948207332,16.794783634812273,5.242117439372539,0,1,0
18.953468508208367,82.09947782755725,24.531333873675948,8.929661277651753,1,0,0
12.68549701804551,79.67404610824623,30.466996215767345,2.559653831281579,0,0,0
29.15868242113541,78.11153012329736,21.828120641317938,4.670645053579857,0,1,1
20.593194478912398,62.71433886480996,25.105214196071515,0.304053085095789,0,1,1
14.837865882257784,67.01112272454809,37.410012575773315,11.524139216992838,0,0,0
20.01207142309415,54.63257651151288,11.962572384353724,6.015147296594502,0,0,0
23.592406654702156,82.35602691951205,14.366557545358125,12.241883604809308,1,1,0
11.52478435947129,72.6749958556073,28.708134468373476,10.625594940340894,0,0,0
15.49407630095784,81.89445345555445,24.45222068221547,12.431163985927153,1,0,0
26.139309817679873,61.20245861585927,7.141316181588593,4.284880043743241,0,1,0
19.193297408053226,64.59972028857798,15.045892400419607,2.7766309564176788,0,0,0
20.931542840645896,65.03969017670516,18.7135205249886,14.578585239775059,0,1,0
18.656320044189385,51.15840843862473,16.775593518735576,10.759916805613043,0,0,0
10.877998852860102,65.34715427737805,7.130992332881632,12.510634018900056,0,0,0
13.314995596403119,86.14870580831152,36.97720367137049,0.1970006056490059,0,0,0
18.910832774837818,90.37843230873824,30.492750467759034,5.316924304438299,1,0,0
14.183709308158557,73.31982420361673,19.25423328431409,11.142250358659975,0,0,0
10.999580573193574,70.4975762848649,27.202441132273464,1.16974249484975,0,0,0
26.872993281036475,51.38710784147166,35.891306885420875,8.510098943534034,0,0,1
29.623850583282316,89.56419519134222,5.446965694462849,6.436091511825048,0,1,0
25.86285747993479,50.58545960416427,10.014922028279107,0.26424760711660944,0,0,0
27.07569843409334,92.51375360945953,21.7080498902658,3.5396336567917706,0,1,1
14.839542606340908,72.01473119096408,31.960414854094346,4.271879836000713,0,0,0
29.212539510263994,65.38705221086269,1.4501958176610952,1.6778991951948368,0,1,0
13.938514089068567,91.58982956791971,39.360726007854424,9.473053646139906,0,0,0
29.028596207236646,51.097594689954356,18.196264115295886,3.635968143778335,0,0,0
29.89638587931902,76.16412026910892,14.36924562486892,4.164292494290826,0,1,0
24.234456114920974,74.70196360247019,11.708977513590874,13.47357897300221,1,1,0
29.62287463583644,59.869418054512195,6.974268306034865,7.006846390397092,0,0,0
21.390795591342073,69.29993441075948,31.662956357201114,5.8819222045390855,0,1,1
15.190835663521806,79.35188026746965,38.216566589843865,10.858065574720758,1,0,0
18.739917713312416,82.72090385968673,16.54579019381593,13.644206953243682,1,0,0
21.87121870757572,50.03225864179609,38.09682779013825,0.3755450435616575,0,0,1
11.4616312405403,92.1584043540957,32.95190461740137,6.723582698330947,0,0,0
22.446865292344924,57.40364175767656,19.24204509905273,9.16172034116921,0,0,0
29.62355673524589,60.51111954000616,26.961047165045308,4.778446471889844,0,1,1
13.802152995674552,61.85630505622317,17.399367166818518,11.586115831848625,0,0,0
25.851902325767668,51.70190614484159,22.348936328502095,14.572156054054108,0,0,1
28.15797587559239,55.53734556156462,2.3218534807401525,14.151410493754248,0,0,0
28.874031856404414,94.38574653248729,27.850539012021326,3.989738090699128,0,1,1
29.202712088108946,64.18475318197787,2.1129857793654683,3.39507417656229,0,1,0
20.42919277442944,55.18854906525722,32.68339787678598,14.362357965318315,0,0,1
29.546158159830075,54.81460675285805,32.9978771784223,6.879427311471988,0,0,1
25.146204142688777,82.37569854514874,9.483091502248584,3.1244658462703763,0,1,0
13.233428724739237,88.45558988146884,12.94651124143201,10.604954454456273,0,0,0
19.5380021293594,61.56285347788115,19.25241514233173,4.2663048585568735,0,0,0
24.36662350744008,50.94092805508557,23.866516277299258,4.008704626065785,0,0,1
14.946806316381666,60.03905083004101,11.494146469679869,13.188735646166771,0,0,0
22.812303670977748,52.54320608585408,23.699456185277,2.4371873006535516,0,0,1
23.332009580932386,54.65277214835187,11.911482929171955,0.9658941969935458,0,0,0
13.253994876171317,69.4178653931439,2.219628842842427,4.037796602575309,0,0,0
21.301706249055126,60.346326688773466,0.10110199327635794,9.104181192573057,0,1,0
25.43253821957215,73.21756453364405,4.046042316737144,1.8463178010490582,0,1,0
19.97791329071884,61.40721889657357,31.69002800656073,7.073920084151906,0,0,0
10.24206233552215,92.32417854963265,38.457252495333485,9.410056656379798,0,0,0
10.180769381585844,90.76747855668191,17.07864797124877,12.731054888897608,0,0,0
17.140586879400246,75.50627472547097,20.507358137997713,3.4480438680338157,1,0,0
28.52388136863564,65.94907963943237,5.873926762937045,12.260194850741842,0,1,0
14.573535592072176,67.1516096915631,22.04125410720628,3.523593916968579,0,0,0
22.687273777433745,68.53335274150237,5.7861960802790735,10.151498118594608,0,1,0
14.44151741386641,82.74106949607248,24.448573247953203,6.460103572236827,0,0,0
16.433399793190972,70.32375479834771,37.330346703234156,1.7202186356800526,1,0,0
26.96084179202968,88.55284759276537,7.827941572121584,10.71395194232773,0,1,0
24.57722884539894,92.4842653668664,30.58254872228408,3.266439278235267,1,1,1
11.907985546264213,65.11757690205202,0.9400969127329617,2.649351390368872,0,0,0
18.57404041972867,75.2312516619056,15.01988965286484,5.374843928840748,1,0,0
10.583395272905289,54.2775441574654,4.429940313220362,9.799353671392252,0,0,0
19.61780293206018,59.021107149486156,14.099017663827977,3.509947181859417,0,0,0
23.24868023402136,68.6059595019572,6.9414767855553405,2.754923081728286,0,1,0
12.370052471963032,59.279122215580045,14.932199604915496,0.149304385700465,0,0,0
15.777698778183314,89.44522208549229,16.700912244301215,7.074646456525854,1,0,0
17.95673251004314,57.12288152265941,12.023644911236735,6.4296835397277405,0,0,0
28.390620493120995,70.50473696988914,26.264877978925163,3.5080161545606443,0,1,1
29.86510030845928,77.2564658206944,36.75408205035639,0.8047824601453613,0,1,1
10.898225979912317,81.133875867238,16.023814964210892,6.438838118937554,0,0,0
25.22015846990784,67.2381216376928,7.693726259000857,11.823076666074469,0,1,0
17.434481328046864,89.10945809261278,10.828910327839335,10.729231969907655,1,0,0
17.8491637245896,75.57436179850664,34.16003293985476,12.911923347902555,1,0,0
25.085299466940455,69.77785012013983,22.865588930805917,0.14374031569733436,0,1,1
28.368528642908174,53.02582853234165,18.200441292278292,14.496289752068977,0,0,0
29.018571890050968,70.91102608003243,5.985468860357068,5.121183789411726,0,1,0
21.542451720766415,86.93311283670786,17.989092332951277,14.85596694137947,1,1,0
17.142423186010056,77.65434581995919,11.139680134295467,3.7892919090266197,1,0,0
25.750981717175584,87.44731041781033,37.72652511413397,7.073045813673672,0,1,1
15.020027665246005,72.23052517696875,35.36280437662925,5.308915148629555,1,0,0
21.281480576670354,55.33077672925168,3.3561016731279203,5.336410724914539,0,0,0
17.17156923049746,50.61379306261465,20.666139570449715,12.634231481223237,0,0,0
23.132621474157524,63.6448796023366,9.002333820586884,11.196284096060081,0,1,0
14.807978257870138,81.40957121740067,16.431083580971624,14.882271528450723,0,0,0
13.831858914696515,85.56169567737622,35.07391993005826,9.202720240762687,0,0,0
28.364781733508742,63.308877557914826,21.10058079554179,6.94884906591754,0,1,1
12.036073658990738,72.30442643974612,13.368611734830393,1.3511079442033669,0,0,0
20.11915815469863,68.95035069953367,8.315534164199882,14.948421292707852,0,1,0
14.417055659260178,68.47352529581426,32.01299437625957,8.272959793984244,0,0,0
10.77859926651335,60.41069209400677,24.980720614573887,10.507162045352127,0,0,0
10.720376365828528,56.136699726325624,18.722618417049247,6.101135807869671,0,0,0
13.504435442116547,58.85098512040459,8.699374154519122,8.215735622688538,0,0,0
27.335407090120004,52.48995742235057,13.369854966285253,14.138665978393307,0,0,0
15.649574879540534,58.91588338206097,38.39373706954074,2.496291568974041,0,0,0
29.009183411505916,50.41404039314207,20.803597504233373,4.385588764953819,0,0,1
21.63244585978387,78.22662802861902,16.02797124973012,2.280895916670485,1,1,0
18.732283795375324,64.23689333244573,20.856881693932955,11.883238557071621,0,0,0
21.60177669338909,93.7915120142109,31.159540235984345,0.9306789063274434,1,1,1
20.333967704525357,58.717267284933406,13.604357460114752,1.2244747477700746,0,0,0
25.175525075146503,65.56228566393173,7.148244837304354,4.477411691810531,0,1,0
15.649921319457045,66.102852138869,23.397444733561912,7.712822713815169,0,0,0
17.061007832006048,50.380317322810725,26.60816413924269,6.094122008393798,0,0,0
27.881886050665013,87.76435788677566,28.508720118341984,0.672244660062109,0,1,1
28.92913026300811,51.439750706494614,35.27950363064519,14.362373368064272,0,0,1
27.85116454972949,92.30809256281586,14.846964827564522,14.293042805371256,0,1,0
18.38895987914627,90.14334579921294,3.014195849155672,4.190344848611398,1,0,0
25.607310060137635,74.09848622386836,38.333943345237685,10.972884229028722,0,1,1
19.526714666021974,74.46180087100814,17.400477097499007,8.678631170748357,1,0,0
19.950797042922044,79.42000653302703,24.930300386925254,3.562150425084361,1,0,0
14.093602181145679,67.41725053706992,26.652212925131693,3.9325732761242316,0,0,0
21.82260606517033,79.1250027529035,21.86054834804814,7.367297614656757,1,1,1
13.722717955066958,52.01457749098191,8.210301189450803,6.288554122460402,0,0,0
16.631293981343873,52.432143230737694,30.205722004645658,4.368439923468964,0,0,0
27.100604032398703,70.5753688828795,32.150078972163264,12.112673944577233,0,1,1
14.141516184217105,74.73300354977157,22.119023440697593,7.221943764560773,0,0,0
11.423165703468657,89.95179381511186,19.542446423393663,9.822720935836918,0,0,0
11.380151852256326,54.70972852585533,4.557527325119413,2.839102502518132,0,0,0
28.815690410062157,87.01915672372502,3.3580664599913534,8.002614937747301,0,1,0
20.138408759236693,59.45213017814313,13.582593822541149,4.769640741699322,0,0,0
18.188241436340366,67.73376418295143,12.433846220695731,7.896204155923173,0,0,0
26.217571620158367,64.24710956723358,38.146258038530846,11.712387501163922,0,1,1
26.71651855821032,68.00698727894296,31.34490969773719,11.533698151368926,0,1,1
16.64382066231209,56.77229741326635,26.3969718103624,5.313310170514139,0,0,0
23.872361149475907,72.66065334815997,20.705923560704203,10.414156756194586,1,1,1
25.42245631703773,86.07391654241152,6.6947012290660535,14.119349255914155,0,1,0
23.09301373731909,69.86903046705037,39.13826688737136,9.385039948873596,0,1,1
13.031901496001987,72.07761091541896,15.0016279296084,2.2261518507395572,0,0,0
27.51766167034114,88.19454133765913,4.277024097889792,10.195629439186428,0,1,0
20.781891054720173,81.77261515871139,19.751955828629843,1.5735657952396698,1,1,0
15.649448527400073,72.07044838339031,34.95992046452333,13.081656131895407,1,0,0
18.504563708753878,61.596304168513086,35.49164007109318,7.749907437029105,0,0,0
10.751421807978147,89.8217036080235,0.43863664225789023,5.777111044673693,0,0,0
12.55733602444835,75.96591807607513,35.45182979005599,0.8550989197453857,0,0,0
25.310935010317216,59.951642454981204,10.859368699994342,5.711756018881645,0,0,0
10.000232695107323,62.110388868710466,1.558894558736923,13.548100018736841,0,0,0
18.331316569645843,86.14098900213106,33.91161081451497,0.3147449442945477,1,0,0
20.45020362171177,51.986550293935494,34.554670239528335,7.119722366727074,0,0,1
11.092688400019446,94.6441484162969,23.849243193694,13.967371366659334,0,0,0
29.461563259446656,55.86582558716563,22.977350291854336,5.922614996475316,0,0,1
14.522506624993438,85.82308364286217,32.52481090485678,6.422635311932256,0,0,0
16.083974392725615,67.76488925472573,31.452382108411193,8.678400827986799,0,0,0
16.078850245100547,72.14972824793601,35.60421893770816,6.944060003657752,1,0,0
14.608333242346998,89.629275985906,22.109897903868138,2.5290253685632864,0,0,0
10.029476441726228,68.5810035315146,38.705883709312346,0.2783330860479061,0,0,0
24.58689588175993,74.18721891529555,39.845873237333535,9.147174869680525,1,1,1
29.336909995985707,52.21848480841265,4.6617843999453035,13.812098805117182,0,0,0
14.485869665700902,50.105636324035395,33.98175038216488,1.5954619954074845,0,0,0
23.26094383606845,61.01599428507767,19.99289030994356,3.164290788791301,0,1,0
24.8379265391743,80.62623918134453,15.502653531993285,5.553442287374603,1,1,0
26.968507581810496,55.456920201161154,24.5228923953086,12.131133435316796,0,0,1
18.452583940272184,55.119288146204724,2.238622290480281,4.038904747064664,0,0,0
16.058618112808585,68.49322736161565,20.258444750683196,13.230816064181527,0,0,0
16.505902680460622,79.1526667373702,34.83562280106667,0.8243681197509961,1,0,0
24.252426661970254,82.04323965115688,8.538460645558752,14.114349318884024,1,1,0
26.33558933011272,58.03028033442686,17.055595790777005,8.411206168106473,0,0,0
13.632279355132052,53.58146663174191,37.57923550859502,9.881665177315568,0,0,0
17.418820163155303,92.31786652754948,17.14255351222789,5.515342838045297,1,0,0
28.038803934983,61.72998721529458,14.334705293295933,11.729914282665904,0,1,0
26.133870393894785,88.40059239239258,17.62146592493513,2.498493751266091,0,1,0
29.697168055249517,88.85711527082682,20.778110660702254,0.7336773791773055,0,1,1
25.084965193641615,84.7635166293145,25.279653765258754,5.932754146613357,0,1,1
17.863904020558444,57.597512299365654,32.02771203666924,12.805435709715592,0,0,0
21.812756679892757,86.98106566643901,18.08408823057257,11.32390254956542,1,1,0
23.220285084946404,84.6162751658714,32.699237403605615,7.75733955733437,1,1,1
11.56911632634248,76.85253455477977,21.348826454083223,8.582066207480302,0,0,0
20.889939182077303,65.17409158260287,13.539220414719107,1.9483923944813313,0,1,0
24.18641656945219,61.812887191994484,26.31803312477657,12.610222629263733,0,1,1
13.346426080021207,55.48501454361615,28.708890189739655,11.804395244462954,0,0,0
25.612634348511143,72.93906801053922,22.321959025179503,9.84705590830414,0,1,1
21.675455610282235,76.33673939794309,2.2645989253889365,6.992865544934077,1,1,0
29.04443571395189,66.17025457321043,6.795315006432996,14.466889024192687,0,1,0
10.848445964137834,71.39115804563909,11.411908835609129,13.185479578147067,0,0,0
15.30652275110934,66.358150581617,11.305024238059724,9.666457402719278,0,0,0
22.03107758599648,78.84527257943157,26.936832009874824,5.577014965759319,1,1,1
15.931198244118614,90.55666435084535,0.7339464669453033,9.270334180222687,1,0,0
24.288483281424845,57.37641179211252,30.227271081980795,8.63161389795998,0,0,1
25.18010565043862,67.16339644564056,10.613698992277328,5.913629817523746,0,1,0
12.05031928132949,56.339087177788755,12.400873848644096,4.600109575321142,0,0,0
20.277089284135354,78.12246966835244,21.11639311775697,6.105161883559836,1,1,1
20.177811111821118,82.79917292698681,8.637024037558302,8.608671090500968,1,1,0
17.38561540431082,91.93607296688552,35.378852543021104,6.422022670666417,1,0,0
28.65849725139344,62.54923668174342,3.4147511730626112,3.9536173230207576,0,1,0
26.550126397464425,92.75950426394436,17.775294492042594,11.414449766412131,0,1,0
23.944187638192737,52.846820231930366,33.976890778195596,7.972012439361194,0,0,1
24.286532714699952,77.13562385140646,24.63375577684943,1.0151274483839994,1,1,1
19.234322876262382,52.57097237044985,11.693180633705339,5.524747584391882,0,0,0
28.419890421931516,90.21983844928752,16.830408311058427,13.273701858179903,0,1,0
23.891908545065707,73.84140756815243,28.267775213700585,11.32854796799928,1,1,1
24.579621233116328,80.12067578432583,38.93042973455597,4.8487017591601065,1,1,1
27.233818075746903,87.42082666597037,35.72554873517734,14.072747280667636,0,1,1
15.481431786843821,56.76397801177859,13.69731233529507,1.1490436253731522,0,0,0
26.14141807733406,51.73662028721602,39.9279151715143,14.418520558382834,0,0,1
13.90481205912984,89.54965156607835,0.14018654124233088,3.685576387270135,0,0,0
16.906839044897758,64.17199523565196,1.1051902323366036,0.13641270453628895,0,0,0
16.712209085396854,55.80405085672244,32.95362060684775,6.5071205477749015,0,0,0
29.57050936778281,71.0807556689189,7.978507473322081,5.38455644530513,0,1,0
27.130744474958536,76.92377340632085,2.4307707358496344,8.086335078101907,0,1,0
24.023397231805195,51.393677154012956,9.485922929460088,11.951592908547681,0,0,0
24.541135232307802,62.37030462156895,17.044006159234407,12.636462032256706,0,1,0
21.24145588805142,51.47599434246032,29.222650817336195,6.018449994175377,0,0,1
28.94181334217038,68.91509251379745,24.97342106204822,6.447686155595253,0,1,1
19.92517505764723,90.279501307981,9.504848702416817,2.222665954942105,1,0,0
17.61035419739789,94.21935851721062,20.130817924023376,0.7132141332174524,1,0,0
13.26070673863182,78.66713990766324,37.04856421594275,9.618224853525371,0,0,0
25.72411304522116,57.27369622030663,32.600311079350305,0.9665643832903842,0,0,1
24.688878641511828,90.76322254996876,12.927591393271737,11.00745179132184,1,1,0
17.687100770482697,73.23115204400273,39.29058245422785,8.086352175333712,1,0,0
10.503868279184587,56.91871904463132,28.34481601740524,2.978744673391251,0,0,0
26.779946554360215,91.47770012532476,2.4979742266712712,8.092844152689745,0,1,0
10.228359669081472,84.08610728253964,1.4064285315455471,2.7449657490314827,0,0,0
24.07399559258102,82.92673727254183,6.736317960401199,6.58105811265618,1,1,0
29.40514219452114,81.91313167074821,29.11423472200587,11.993404743633434,0,1,1
18.75322656296407,59.015291949339904,7.349557033697116,6.928789401159562,0,0,0
14.699468099919056,59.49530112683867,20.45947076835334,2.2304897744632237,0,0,0
24.097420200867635,80.97318492922648,3.7304048072332696,10.857430227344176,1,1,0
26.342562840311704,59.88752375496786,36.835446313207804,2.8015262440501325,0,0,1
20.92860632155695,69.7402263561372,13.758424543342702,11.078248115551641,0,1,0
29.340705505122923,85.19008215172735,36.32528226242523,7.1902843382374995,0,1,1
11.033374433159223,85.27786331440285,37.79502567642177,6.806126386414524,0,0,0
20.09591196609056,70.39677976366369,0.24514589254723163,12.771525567862122,1,1,0
24.369078946451,85.64854722238603,18.56540748794928,10.629052865110031,1,1,0
27.252809422983578,87.73798082891255,0.9862422282757155,0.4936619543240889,0,1,0
13.585112238155801,79.46490880779172,36.347710652116234,4.442614719024036,0,0,0
26.00006963527363,60.27916335387891,20.736301789383035,13.063809912748479,0,1,1
21.054141514370905,62.33053011734964,2.997760507939873,0.2748925281779796,0,1,0
17.931073639799266,64.16785199339309,4.411069131062675,8.178801693929556,0,0,0
12.634300571581871,55.25618484802784,15.340360979709562,10.917385037609158,0,0,0
27.30591517817825,62.29218291664753,37.60936771491558,9.327841282268638,0,1,1
13.145464163594307,59.42836509406395,27.716366062723235,11.407983031566546,0,0,0
16.195757184181986,70.4897937413871,34.704754647565295,10.885377733721187,1,0,0
15.800910639248738,90.87968965425192,14.658265853599186,10.3804604272967,1,0,0
27.428280683817086,54.70161425392811,1.7285479819999328,12.323097913884782,0,0,0
23.45405988417796,82.4120565776328,38.972705488176565,9.685360026743076,1,1,1
25.933627943827446,80.92773519859075,0.6869196264947819,6.036277413854731,0,1,0
15.00935797584998,54.308938939851096,37.90606612324356,7.078636648718813,0,0,0
22.497481992139978,91.515758220761,14.747096953965787,10.750871740221758,1,1,0
21.434919662874975,75.58124909705688,0.40361620087526084,13.14459044500191,1,1,0
26.65660753576542,66.3676484511058,27.56628926898033,4.083282012596635,0,1,1
28.12174120962521,84.0442362572888,39.221612161254164,5.131151939566061,0,1,1
10.243135429547737,61.58144562807353,38.6250289135037,13.96109094543619,0,0,0
23.480398381175853,81.20794266708441,6.437480448096737,8.67767688614168,1,1,0
11.03671598239458,51.787004340751125,7.249912242646199,2.6844272570250154,0,0,0
20.97717330154712,87.77336169241724,22.621556584786404,9.955427083685741,1,1,1
15.752654580873564,70.16768811595934,25.492193057132976,14.861432333090695,1,0,0
16.135531990442825,78.65118114610738,29.576716546634625,12.351803467056001,1,0,0
17.05917006904713,59.95570189130076,7.2420144188859,11.186117048271042,0,0,0
22.425848980992203,80.46831706963016,38.36028347057738,3.1206998139940385,1,1,1
16.680999313375384,84.75081241519744,25.549570251569516,13.142096770260109,1,0,0
24.65398101180561,71.29459340979794,33.881876754822194,7.8868326530331965,1,1,1
18.09054771147739,77.79771158278075,21.60262861136687,13.339350331079334,1,0,0
11.367064006199172,70.53466657200794,16.571073903595305,4.94741744137319,0,0,0
25.675196849682145,90.23411161660304,39.087316263799835,0.9307657895314914,0,1,1
15.71516649185412,72.40411312314436,23.284854832793442,7.139639529896192,1,0,0
18.65533759198525,87.88139190629684,34.674943311967155,4.047564072268165,1,0,0
23.70887766443803,86.06084262216119,38.131695854651596,10.728439346644473,1,1,1
16.64912314297424,68.47271696067605,27.01418508034637,14.356598292840486,0,0,0
11.131713122934313,60.35380213358638,21.957547140746996,10.364612267273458,0,0,0
17.47842094025627,68.27369596518969,0.1404340364260248,13.304008945638053,0,0,0
28.888971653886067,87.17978190988491,1.6007856295602396,6.795360204018095,0,1,0
22.83468794597116,60.243464111872655,8.034048642044652,11.574611057929525,0,1,0
23.42958297334414,73.59963556359872,7.44033727423981,12.645651550075552,1,1,0
22.645643072752797,86.27435365823364,10.190351807993814,10.663134413753136,1,1,0
13.979842779188736,65.90648638077704,12.197385507906432,7.61665929104347,0,0,0
18.3666772820456,78.89943366512138,14.402619742029131,9.387991644230521,1,0,0
25.018795967266364,61.05342083219665,16.821507602755062,10.507604935183204,0,1,0
12.027457951063184,54.9175750415672,3.9546535382405867,3.7962660483214035,0,0,0
15.557055521794245,85.74729012917854,1.6944772781112816,12.143688913724771,1,0,0
15.526382169317072,54.453588053391805,26.957777962920936,14.2548680845091,0,0,0
18.64037855189012,62.21216277858131,21.49339299372311,6.97858972769904,0,0,0
29.607374818843702,88.47992398988481,17.765768088804784,10.51600774664816,0,1,0
11.350050933676439,65.59111791854002,25.377597646734095,11.05538858685531,0,0,0
20.3740198876119,93.78704072813724,33.107176288141616,9.933713212822205,1,1,1
13.587293640244209,94.08804506482369,17.107716364648184,8.206726624929534,0,0,0
29.413530908194883,62.07242092041005,25.644778602079175,13.224719318622158,0,1,1
12.266070094549285,51.84402000124507,38.14288895340635,6.733900639033417,0,0,0
18.072020047231824,81.72784778924206,33.58497983446243,0.9165443472990537,1,0,0
24.75769969669212,70.29439261917547,17.040032420096377,12.668345635682403,1,1,0
24.091088560548904,54.53387797818093,25.788673512589718,10.10971908474826,0,0,1
18.454572737878646,81.83852685401193,7.08283687663759,12.7388793974947,1,0,0
16.930483359054364,51.402870910036455,22.420887395803597,2.0782116366704146,0,0,0
17.952247571057413,89.1588510721509,39.253131645537714,0.46129410764574497,1,0,0
15.285525263172786,56.239363810098666,20.732604608100893,14.01561810573752,0,0,0
14.106658774135996,55.72903454360262,37.10553196760589,2.2159245877586145,0,0,0
19.6607939511778,57.905253408586304,16.29339682013043,12.144784981056777,0,0,0
15.370675121352146,93.211986132143,39.95379308738525,12.348149132709537,1,0,0
15.749233297945002,81.19262121142307,23.168801409102315,10.630578008235045,1,0,0
23.13512126949114,86.06171909586365,1.6907597694373822,1.9689331663930643,1,1,0
29.370746633997843,67.89357435797389,23.470191867655522,10.010979368412114,0,1,1
22.072744011187503,65.134072737723,10.982907827183865,13.336298749902985,0,1,0
11.539589341299326,60.551780305242644,1.2992528814357884,6.3829746720132485,0,0,0
11.51167227708134,71.6291612740584,32.83413218778654,6.202752815678983,0,0,0
29.02846441691132,74.83229300903758,11.029185479230236,6.642874643691286,0,1,0
15.945815806146673,78.429867964374,31.86194216185994,1.2340783601430965,1,0,0
11.841339721649508,61.57033267994125,11.52870331823468,13.380383535449601,0,0,0
21.980891743007632,92.68943364063458,7.773054154950971,13.037742959707655,1,1,0
22.47297556580532,57.639132419321115,38.9574229641771,14.968639826854293,0,0,1
22.970096402373763,93.45439286448855,14.465813110200783,8.777747122476201,1,1,0
15.348040557150826,50.66852551283767,24.055048457726418,11.267874546770786,0,0,0
10.302213684289502,71.65065613175805,24.39925971257886,3.0400785946095703,0,0,0
29.300307389089436,65.00155271524532,22.418939286940073,10.012932273362543,0,1,1
15.01786091382205,70.21055362686128,36.58782974084858,9.745992731360861,1,0,0
23.520525761050948,75.6799060541355,26.97764285467474,13.518131037624187,1,1,1
24.13259739757419,69.6015121105719,16.149320164197206,12.461890842586111,0,1,0
22.200148341589713,68.66810826357178,34.49521538097096,14.076996939266447,0,1,1
16.258147884272965,82.9725536935988,7.242515964638576,13.032502090524112,1,0,0
15.421925075281315,80.86443237889091,21.7694703044167,13.030408423482779,1,0,0
21.95336565405406,87.49720769161316,38.02201487775025,0.9558499003307741,1,1,1
27.32191267223383,61.2481541557773,25.015905195216508,12.689429290439339,0,1,1
28.934674578467913,77.42878293893287,32.67873801899505,9.112175917546772,0,1,1
12.118116088075153,76.33376534267842,26.142429021807715,5.706666776489418,0,0,0
13.096572251954397,66.638201489271,33.574834541515614,0.8477193658209348,0,0,0
28.89472517566159,71.87258938562064,37.77951519380974,10.1651066215207,0,1,1
24.730704566695852,64.1201964487578,10.916869101309473,4.923026258064262,0,1,0
27.659876496595462,56.38299789276434,6.786443250268754,7.016643974790521,0,0,0
14.052652682706864,59.62105447982297,19.359630013301597,10.225926555827014,0,0,0
21.751717422188037,54.74811408805405,28.074497072968633,13.676618205362143,0,0,1
24.022791888349474,80.73813088355558,9.087650127288644,12.381553734074977,1,1,0
23.602237708939455,79.73273268991181,0.164058017206683,6.758956936553997,1,1,0
18.16303381733396,92.77728672109427,13.717404633468213,5.8167473616956835,1,0,0
10.30789783382617,82.83552861412585,38.75437341871154,3.5966960826607117,0,0,0
21.658521136085263,52.34206274402592,27.79869842423387,5.586401267639523,0,0,1
15.062030783592174,89.79103282680293,16.05301775764896,1.6656958093784746,1,0,0
19.005084922857804,88.82038233255766,7.703043893873613,14.566582625471318,1,0,0
29.151620301676346,69.94941443477144,14.24358695018988,8.608761659393684,0,1,0
17.980706352848692,76.36383727375647,6.793577332049918,1.9170876419281935,1,0,0
26.796032133288534,93.92352496126335,4.252232852518056,5.292090138988587,0,1,0
13.770812114985024,73.95369637316747,36.26969490290215,8.205587154309839,0,0,0
23.449209960500575,90.73948227692404,39.90601353501894,7.993284549613044,1,1,1
29.54013908877887,53.73674410145839,6.564577583831612,0.5325505307794853,0,0,0
12.037862017458735,58.59733409189073,2.180902355131189,14.262615513436671,0,0,0
10.16639884454384,69.8339724548593,13.189244285848494,4.13063522212417,0,0,0
18.671655852652286,76.31405637517871,18.466367230456612,0.24277003397836783,1,0,0
11.852509661027344,86.73025333382601,8.192849883034178,1.146660134254237,0,0,0
24.967686993524627,94.47179518144341,12.056996471942337,8.702923548719655,1,1,0
28.29097327697118,67.49831734133524,8.034829427666308,2.066782810126453,0,1,0
18.680419454175176,52.13370362630382,30.97042273729805,0.6258718928025492,0,0,0
15.174232843108818,86.05271764828962,28.50311772989043,5.694396996190671,1,0,0
18.688066380132195,77.19713235872636,25.398060630439268,9.341417885102828,1,0,0
24.46895635700002,58.934428649069076,15.48871428316819,1.6775970726241858,0,0,0
10.18108323160742,72.2672805479639,36.36163765256944,4.699917482269733,0,0,0
21.789079789693943,83.4039610490176,38.7813016614008,6.2664100743681335,1,1,1
22.26583369774758,84.66853041808898,6.94557250501648,2.3919014668015075,1,1,0
22.75376493791871,72.4828285399443,8.920505656475122,7.5911084770006525,1,1,0
14.840441599617545,63.73465385579866,21.025241120014787,1.2782113035265636,0,0,0
24.281054467562534,93.81841619173221,3.6500227712898115,0.6977774451760299,1,1,0
11.827829726635528,79.85131749304217,17.45793595292451,7.797530507327021,0,0,0
13.985406729336017,68.37068837058344,23.271650591108404,3.7184545912631344,0,0,0
27.54940093308964,62.62084508920936,20.882942845493325,1.4306071184704128,0,1,1
24.774463014531328,82.8996342351603,13.236343323121043,6.358688812314484,1,1,0
10.274911080226905,60.898255051719545,21.69783224308827,13.727111092760921,0,0,0
14.967525207396005,57.726949503815966,38.352038170353914,10.862886699812325,0,0,0
14.28812965986329,73.84252500329316,8.240696171655042,12.234238730205414,0,0,0
15.416126560739452,63.049432668986384,26.193254335760145,13.078709831379546,0,0,0
14.951195405597728,78.30073152156268,1.735867766242074,14.589416120946284,0,0,0
11.250525914856915,55.307240369340505,2.6566561792573973,11.448698602712595,0,0,0
19.178810331936408,79.47234970552947,22.0731289689434,9.126118829092196,1,0,0
24.654669495723304,62.7483437598966,4.197567213117979,5.481388204533708,0,1,0
22.134634494348727,50.01093204955307,0.8938715370742933,2.7246485483657414,0,0,0
23.457433371961596,55.71212259533794,6.860519905920888,10.299898109749414,0,0,0
11.622983570724783,92.01269200257923,22.593966839982976,14.924249791829128,0,0,0
29.029814203535743,89.03095876019111,28.133638180757295,7.010380269283786,0,1,1
26.769836676860496,60.51240644163066,8.0991425656552,10.855190521392114,0,1,0
26.101806369913255,85.02673570454711,26.73037748832698,7.426386749897342,0,1,1
26.45967610083535,77.38572169282884,7.2990532439691735,6.479001350452149,0,1,0
28.654210162655225,93.69071201524412,24.538297065250283,6.154584203398727,0,1,1
20.885079322273953,66.81225467903266,16.478387195831953,7.569370243975464,0,1,0
14.005640357352519,80.66572756327271,26.15198037334467,5.503434927980625,0,0,0
22.335672157050823,52.85910750907634,39.802110099169894,11.231599827327116,0,0,1
24.857629873358782,67.83113060673827,37.512678609302476,13.11408039887275,0,1,1
24.75834786708051,93.37179475346812,0.17127031344414512,13.243279599677763,1,1,0
20.428980483337604,74.25413935025543,35.41755057449223,3.4154807013873887,1,1,1
11.369174386671562,62.954577650068,2.659631806990661,13.438637080972363,0,0,0
17.422258768602557,55.41219334078731,38.121863446393796,5.123268477826576,0,0,0
28.415332169267145,81.65877530816887,11.273027163987388,4.639614982279465,0,1,0
21.688978195148522,79.0185219543377,15.281393216450837,10.901340860973539,1,1,0
20.766638865114267,66.82724211216986,3.665528207029114,4.570445101294341,0,1,0
15.377070287643871,92.79236083396253,4.490910333156384,0.7944960841456516,1,0,0
17.368978398331578,50.999126584453265,29.069622609172786,5.604266584654621,0,0,0
27.906921783063385,63.667573323432165,37.773289429931665,10.821984005375235,0,1,1
23.329260950536714,91.44812688348117,24.42993979817238,4.904376304052648,1,1,1
25.747740535046656,64.44209472437481,28.634000621072442,9.443385839927197,0,1,1
19.086908461353104,61.35137752348267,30.47878978388614,9.901791663946955,0,0,0
22.60494438912316,74.03991844690613,10.51257098211767,11.006040175895343,1,1,0
14.96767217486415,87.0710787464242,1.809185236808597,13.456956994664045,0,0,0
24.109216605669726,54.641604239526245,0.07490975676674339,6.488467489026472,0,0,0
18.552026674066745,92.43593193405812,14.025971318160746,2.496481149936856,1,0,0
18.850910296294913,85.77827965315238,9.658569127968644,4.783885731478341,1,0,0
22.986446491537635,58.156261499819834,2.492709001967426,6.482508827609789,0,0,0
28.725612429378533,82.04035825391732,7.18113169974667,10.708372039921697,0,1,0
11.280126932172418,67.32314251869008,4.979955930717912,0.19683188342450253,0,0,0
26.494864746940152,68.10326051343435,36.595135224694815,4.736780751598184,0,1,1
15.847662208243863,85.24805415974899,5.610688538366757,11.697638715289752,1,0,0
18.878389090127556,93.32531635913296,21.505938559507168,10.062865549960431,1,0,0
10.43826657550018,55.69951427812373,23.724238204486582,10.976099603784078,0,0,0
16.02092155668626,68.92836065954687,21.73957830834535,12.177161541587921,0,0,0
20.05262485260261,71.64237236379365,3.962257368639519,11.748535783169434,1,1,0
11.12352154694878,66.9340317629749,12.751934470022048,10.23274749229167,0,0,0
19.8219145876633,66.34351056723013,2.0508132985261307,6.594922985558859,0,0,0
28.542212577168545,52.35209004027185,15.82679656385264,14.753974933172309,0,0,0
12.107864362156104,80.84923792531805,7.54395725086368,8.536097933851106,0,0,0
25.288814561510087,69.62964877040204,22.46530133137519,3.041538140532587,0,1,1
18.193421067519854,58.76572111897671,27.71233575396402,4.392192826571765,0,0,0
23.10347429048676,86.72150760359307,21.284794408188258,10.403436839557049,1,1,1
15.204731959704587,86.11523366682326,17.369467864455828,13.871093477991954,1,0,0
13.189845250827165,71.88762326400023,15.493336834267698,2.6808019380884627,0,0,0
13.20925228542453,63.43027975164922,33.66767072388015,1.235197436186795,0,0,0
11.409838912862893,78.71417266084036,8.774722602610803,13.222965720630091,0,0,0
13.71293409802486,62.96684610998314,29.368733581154753,13.729169683692515,0,0,0
23.284387699779366,60.62035686456704,30.29929298960476,4.145690179738492,0,1,1
27.63381223687016,82.87315943118469,16.768000290829377,5.659285865568598,0,1,0
26.282513711823235,51.81463578744278,11.892023969025573,9.902819962467875,0,0,0
23.702686197489683,54.264581196556726,18.82165944183901,4.948950312637122,0,0,0
12.208637268222054,50.30546783106154,3.72855703570794,13.157380624050795,0,0,0
15.783748925918996,56.882443391394176,1.8372012891635991,1.6136805407079406,0,0,0
16.19613750644938,53.104550391970676,4.4641279780756715,0.5697333144029282,0,0,0
14.999138927952425,94.81110655009633,7.4858012584890465,3.1272931011418423,0,0,0
20.300113194194463,62.99644864793403,20.16707281352172,4.291316673074535,0,1,1
20.71107629759345,56.717060570116125,33.96546544644488,1.6938988693331258,0,0,1
17.137719503422204,60.84483160981631,9.42569327998748,0.9853564401097009,0,0,0
17.07578317472872,92.12565071930607,37.406480429871124,11.334115702526974,1,0,0
26.571111958121627,73.40721003609781,38.196316357400136,2.4641484885338603,0,1,1
25.785856966393712,66.41681433385355,38.35618419380821,13.70883298599456,0,1,1
16.155916633614915,89.30261560591487,33.50250938705295,5.519994921721441,1,0,0
28.275768877465186,67.77456217470646,14.553001631908824,10.05908714582018,0,1,0
29.05630034005012,65.07538564809632,2.9073564401049223,3.3810317215320036,0,1,0
16.534850840600818,59.3277135147381,22.752749270659795,3.6048415273780026,0,0,0
17.088498975861096,67.00085707592352,22.34725775748935,8.62063804301363,0,0,0
20.112683068439175,64.25079602076167,33.999030684383825,8.409643877189792,0,1,1
28.82241625067347,80.47867816841634,39.83964203784421,11.53093842018122,0,1,1
27.52638866284623,63.03122171018272,20.326292262405904,11.367199585413989,0,1,1
12.051359251671796,75.97398858901526,13.808161241591371,10.060316469954916,0,0,0
17.854614865428324,52.96514742643877,7.43606846225068,6.736958488402365,0,0,0
21.067423794995435,58.608012051343145,0.1919929926948294,13.359605794209257,0,0,0
20.0626494510308,68.33323722251069,20.364547699555168,9.338677353319481,0,1,1
13.877261358737854,92.16271642589129,22.22074666810383,14.852977356935359,0,0,0
27.176335423363092,66.97633935720629,32.997539192695896,12.290547269015379,0,1,1
23.538815659936745,79.88333545399254,20.183078715712025,0.6646471685748934,1,1,1
26.758167497036073,61.47892500896292,36.65873394664226,4.808908606204766,0,1,1
27.175285586989443,55.71651091879543,25.12333906285742,8.578135747064275,0,0,1
24.967117073314796,52.63414700360226,33.613449528843326,10.822043068072308,0,0,1
18.784212024994346,63.74360743442381,5.932069392309884,8.255047466429122,0,0,0
22.21093510030849,57.09474620586086,34.21344521209259,11.791956336932726,0,0,1
13.207308122394863,57.83047016072559,27.005754177753936,4.2398347913601695,0,0,0
23.472908349498155,84.23416887741274,6.809321297533222,2.758680768492376,1,1,0
13.585065114785614,50.71271319251934,7.590542325840435,0.8087502568465516,0,0,0
23.878991810203136,75.10145565809455,37.06002476176885,8.599706168572832,1,1,1
14.591963215079373,67.07576212670591,1.288614418014915,10.328992810132428,0,0,0
12.3510260030044,72.79474999588463,18.501397731828245,4.892245756790424,0,0,0
13.305689802859149,75.32736067465713,12.539011597364063,9.20376277283815,0,0,0
10.039842704381405,64.10154625057751,26.603097599937122,0.7823584627999386,0,0,0
24.374792357070604,63.27989870829283,33.58517550275968,1.4894001944520547,0,1,1
24.648020981167583,83.00308322007075,14.415124862262783,10.526321583877476,1,1,0
20.29866699826519,89.20746446545206,17.076083492913487,5.521045578259481,1,1,0
13.227256021107674,58.66617346063376,39.27671138005657,10.070010466545083,0,0,0
11.671086750213796,54.3928442240817,31.356660387168112,12.475816804198772,0,0,0
10.38257932874574,90.40081128764118,35.88816523727166,12.789336562141752,0,0,0
13.314963539304415,65.74529586413294,17.55048882606519,2.5825146819667646,0,0,0
27.817110699662933,74.80928257982663,9.36304815936461,7.294283585270198,0,1,0
14.830736834033635,66.17944150340016,16.474538615458066,11.008900854487297,0,0,0
17.085426544344315,55.661105135572306,28.64367671326054,11.609708944003657,0,0,0
12.106909689626663,76.51992402264776,4.377216193439173,11.770139710933163,0,0,0
14.447226094963405,73.63133832963334,10.818764224660352,3.4225100157087667,0,0,0
20.384491415604103,59.13471016360388,1.8654360184636154,2.8880222658566,0,0,0
22.15505366191305,70.33410700935251,17.293909533525262,8.85018702410544,1,1,0
14.90704628332422,85.86263768070407,33.09782943918453,11.116286966073295,0,0,0
11.154643184502344,76.5691746398551,0.986547531920432,4.7870927330129,0,0,0
17.82065738254797,54.36127971801477,27.01294107228664,1.5705773529363232,0,0,0
14.684067418526682,74.66096737531107,37.29983498054958,10.751195743651163,0,0,0
14.391078464596038,81.62322346803141,9.477114460447291,4.495467470700067,0,0,0
29.197256054269104,85.67165326013381,27.745393629105926,2.4954408646758273,0,1,1
22.32600971851448,78.310291038542,39.004076044008016,2.215852925956975,1,1,1
21.137568863441917,56.869617404335266,38.491122406098526,4.723643212900744,0,0,1
18.315502070466437,81.95779699655724,9.397167721165731,8.890170988706183,1,0,0
18.578886668602884,80.48038307366824,4.013242128482748,5.376033580407249,1,0,0
20.818100076761617,51.0992097323285,5.931301515836638,0.30992777390147386,0,0,0
23.928596140722146,68.52864504156094,28.081426739285686,1.453626520167166,0,1,1
24.04292192363659,64.9827611133068,29.030355018131022,4.357548707979286,0,1,1
13.433878154108992,80.12354289141396,26.96946246512796,9.895567232206378,0,0,0
20.00225504153254,59.72611155399143,13.443135509689522,1.4777261020280075,0,0,0
18.23916190068204,76.58923653384163,6.7910775903248854,8.409852802510228,1,0,0
27.410539325387685,91.09426828163775,23.230443678090126,1.7982880623600639,0,1,1
22.628378424367526,85.90110674938734,19.347217830314662,3.1742299102407223,1,1,0
20.650081328319636,91.46559812974387,29.15336588489214,2.582827913336441,1,1,1
12.307892843578347,94.03276851197106,17.65440314742486,1.0084295335621574,0,0,0
22.11275778646823,50.48015571527733,13.545587787458736,10.069947260798854,0,0,0
12.344078113604668,78.02335743698649,11.739143094360575,6.951053210790517,0,0,0
16.74413151131504,68.57777289915079,8.458812801989861,12.465801613460073,0,0,0
12.856839296286637,88.69345206508048,10.629855047466457,1.4833625997347544,0,0,0
23.841472940487378,61.331661590410924,3.7932175537640545,2.170994000071084,0,1,0
14.125042276723052,94.14632701017842,13.874280437155582,4.59686597025676,0,0,0
17.83718746376052,77.61685862946862,1.462792494518328,11.487989804082122,1,0,0
27.913495552375572,85.7091831002974,7.456553886653072,4.586382347335482,0,1,0
14.086327667979406,53.851979877024576,29.870817784777163,6.126280612480389,0,0,0
20.15610127917558,58.255604814148924,13.018759547064906,4.524053494457468,0,0,0
18.38543322332044,84.12816528653914,26.729480679093754,1.2033643770154496,1,0,0
10.362480820914595,50.98939349176956,28.675367023891095,14.09150434344281,0,0,0
25.855162271456255,86.75950936522023,23.24741370928454,8.228084881067833,0,1,1
11.380918126291995,50.62770584113601,38.34790965461594,11.817497822782451,0,0,0
19.485100419539073,79.5703477577573,0.8575946649245303,9.87535638277944,1,0,0
21.213565898779,66.42922641043127,29.546106023525684,7.7138141859296265,0,1,1
22.568529132291744,77.51726837236396,38.351465757616324,1.3451738498907018,1,1,1
23.772632586157513,81.32141331451012,34.49086917411757,9.641003179054564,1,1,1
15.0654476704543,65.41138486338369,6.715707672200533,2.330555339052482,0,0,0
10.199575533168987,54.8583101649876,13.072812250069283,6.215747540344149,0,0,0
24.468873247098237,53.13406404867195,6.898073595058616,9.436697152206456,0,0,0
20.713131986951574,76.50212101531466,24.052334552588164,11.733435007081852,1,1,1
26.722354064144977,73.42949091803501,28.487519279179693,10.275677635629293,0,1,1
26.427767258013887,83.39904541045097,12.682950774522329,10.073002935819432,0,1,0
26.866523355757664,72.93809795017717,21.58026295937182,2.2356331376281124,0,1,1
19.701893199590803,69.01006055138956,27.6368228028478,5.1919281010738185,0,0,0
16.672567916737314,67.91392302063039,16.853592664441933,0.6436840899029123,0,0,0
25.8311640518274,51.19011061689503,34.160621218218374,10.792153397646969,0,0,1
19.0258822605851,65.10007407634957,30.861997411512686,14.288789719761287,0,0,0
13.66884392806869,93.92090708860223,2.5866217540228265,3.9616558526861367,0,0,0
27.099480391229488,89.31000093021899,24.845011963633162,1.3154506374346397,0,1,1
27.651197535446947,64.8220130165398,9.413022038389984,7.133551151304804,0,1,0
19.3261951228034,76.45079322798675,22.30073058669101,12.850473346913532,1,0,0
11.51399454619575,88.12835354909723,38.27553770531865,8.279612929076695,0,0,0
17.756521798338625,69.85734515375309,35.16248018209001,0.7016572528516996,0,0,0
26.070753189252066,50.808103868756795,16.180656124605267,14.614083607919191,0,0,0
28.035480570924573,53.352970781838806,11.660554333774137,12.429748649439011,0,0,0
14.069454849951917,72.9676724606918,9.37622977633036,1.9739111557726523,0,0,0
11.33947224050543,93.62477190541452,21.300594790260803,13.826966347552634,0,0,0
27.547009062656773,81.19442939984904,4.569938130322253,6.760324329077829,0,1,0
17.788098779577506,53.19122861473563,21.971000325129943,5.578469858624119,0,0,0
20.835219285351265,58.521239410633825,0.05334557963168063,6.915799957907823,0,0,0
29.361316241015178,84.70954144475826,12.953985229833794,12.518579353064208,0,1,0
11.331294558284457,87.86478919803102,8.797372553223251,9.892195174301786,0,0,0
22.96636014904191,77.79625637848659,38.84875159843128,0.888726785995913,1,1,1
11.482108451497341,78.99904263334174,29.08969278279916,14.364065566742564,0,0,0
17.509378569330007,51.27518526725231,13.986135218489508,2.2167620021747663,0,0,0
26.076290903868934,87.28386168116788,3.7138034612248205,11.183519276030266,0,1,0
18.669444655112688,85.47238436768734,20.67202378762496,9.542047956421966,1,0,0
29.94364707805901,61.65658148465062,8.537915253041692,2.812920719198413,0,1,0
21.181185698932044,81.89045239844782,21.45718183593431,2.5609811416957444,1,1,1
16.42324305271907,59.668457289124916,33.4144941671557,13.05491390557038,0,0,0
14.402226518095063,51.81485724731809,24.631702084055416,6.295423852493957,0,0,0
17.010410685723237,59.05114441656698,25.35153678180009,9.818647712612078,0,0,0
17.450665475191016,58.03829945394348,21.64121156251246,7.561065057850099,0,0,0
11.37427355447922,65.19865985306812,37.09062530525637,10.910302756139393,0,0,0
17.391483988535462,68.83022737289562,37.27610737682413,7.188635625589958,0,0,0
19.2847703947845,72.88425011739686,20.508928042942088,4.3106987288335255,1,0,0
24.454755044776093,71.45392439787477,12.230379485740176,5.450750564947446,1,1,0
23.134589694432158,62.18035726843802,18.383480235177757,12.88616541675514,0,1,0
24.175313104583083,51.31268008583335,7.462316487824627,7.020520393840906,0,0,0
10.167273637537143,77.22957300067178,25.453772612723572,3.201739983669139,0,0,0
14.353347991610722,67.80851734313094,20.003693431289328,14.019080821158798,0,0,0
23.23368576799713,63.44024708243974,4.132019112531196,11.949006847475655,0,1,0
19.679787363594944,89.01234692737304,7.905911244784614,0.8349921908429869,1,0,0
10.106269513366918,83.60344885091719,19.185278247981074,14.984144429707767,0,0,0
26.089892848636445,88.5994496767599,35.50355962875433,10.423900446601534,0,1,1
25.456191465806747,72.27422576206075,22.655628825243895,2.403998985608804,0,1,1
20.968383259871253,55.89190634570499,27.261400008338832,3.5575152194789466,0,0,1
11.329266515525443,81.32996462545725,13.56114198975639,10.386682218623204,0,0,0
25.330300990651693,59.273320097172885,22.856455721769372,11.69641582918683,0,0,1
21.674271754627277,69.85533510912725,17.8951929055227,3.585539147247092,0,1,0
25.639199543159183,52.925035502699984,26.365196504926427,3.854532808489062,0,0,1
25.03493984791681,87.13887810903421,2.023022643160415,4.606810423080913,0,1,0
26.06004143915674,55.667328847137526,19.732008649558367,8.97027547254955,0,0,0
20.360161328092495,90.63938781721893,11.839705005758677,2.577242674519154,1,1,0
12.8064903638703,88.89037710177007,13.047402451116369,1.5636479832716628,0,0,0
23.423149467593774,70.90622439976607,38.436697262322454,10.182961336282704,1,1,1
22.409475701039412,83.49656919367958,7.307792508455311,11.686469096897552,1,1,0
24.845063743981743,77.8750283218169,12.449810103143877,7.513941066247582,1,1,0
13.397620121014706,86.13840390519852,20.39570302923487,5.457490654025781,0,0,0
13.899503998005784,69.43122953536604,34.52107792598495,6.480640702897146,0,0,0
27.80819034438657,85.36138179099575,16.66680332825482,5.826117508079278,0,1,0
24.999555969041417,70.81055676793166,29.75461123552684,14.399773623565128,1,1,1
28.16456977400646,92.34346045292573,34.2549639285921,11.521348578287103,0,1,1
25.174306423278416,71.88674453713165,12.400654232873958,3.1213082227516544,0,1,0
21.94310611980604,70.81786723701782,15.710007341548398,5.762837280809701,1,1,0
23.082654740557473,85.32823377035808,14.26224894753425,8.160184370446647,1,1,0
27.782558478800198,86.9709961292377,33.31423234471684,9.194787930955327,0,1,1
21.57613509023881,74.95201014445269,1.7738744781440463,7.022758440431506,1,1,0
22.647826486567748,58.0909016072784,12.336843553147201,12.151899525179386,0,0,0
13.129534320072011,71.04912039309107,27.176342303805193,11.514090291873476,0,0,0
19.478424402322055,93.56326263093553,22.617739982613706,7.577368779422501,1,0,0
24.327942239161978,83.88437868676334,17.45157437174777,12.816440801725957,1,1,0
15.418853966327308,86.50231717456094,21.597929088855373,11.266342956635789,1,0,0
14.045083610490698,51.47714744686581,7.903383433132731,11.67872773080965,0,0,0
16.276536164488313,71.05367581853719,17.228664864320415,14.34601169150125,1,0,0
14.83001255985667,79.09795101459,20.068119367053963,3.9970041181380402,0,0,0
14.298252740727918,87.35147076326336,36.04756487818407,4.014722435502738,0,0,0
18.49701685736174,52.21731441122471,10.433406512159053,13.334283835359601,0,0,0
28.15677027767068,88.3597498538843,34.713140086597306,11.583395600785192,0,1,1
20.141192934774367,74.67804215338603,25.769656033039276,13.89818312153441,1,1,1
13.75840761630646,58.8791286759227,0.8136332427040394,0.946952404866796,0,0,0
11.539433387617482,64.2764847402365,28.985253475975746,9.416356158923948,0,0,0
23.923122902758504,62.68682982882024,1.4220751019622035,2.1694250718517116,0,1,0
17.655975288727756,73.88865654298141,39.89524507255253,7.558457974388739,1,0,0
26.436618931707187,52.325855596000935,34.90546750764791,2.3362039778016634,0,0,1
23.190215372815402,57.13412713249656,11.893749901601826,1.921177634773189,0,0,0
25.92482901082737,86.5711869519102,10.296449207868218,0.18252518073049728,0,1,0
15.438920788368975,55.967179583606494,15.257643284224356,9.453582185743565,0,0,0
23.84717844922116,60.50283212561571,14.246678612577721,5.385339250351291,0,1,0
15.281239693874376,70.40167725218708,14.893512735415243,1.5778242731845755,1,0,0
28.78136958900583,73.27043996509987,12.731061844779216,4.842566665969647,0,1,0
22.727485630667488,84.36247158263714,24.845336273933256,2.5341613717737745,1,1,1
16.490236003506844,70.12995919997846,6.570546548824958,14.125422472524892,1,0,0
15.390237245845453,85.54390794659925,33.839251697840524,4.800073286420222,1,0,0
13.818531701432871,77.82558381704558,32.49609936125261,5.009302849340848,0,0,0
23.892819177874557,55.08948827407201,19.059328314210816,12.597870050993784,0,0,0
14.374312259958547,57.03491472767774,34.109198611141906,9.716336419290062,0,0,0
21.906065318549782,69.66651764523968,9.885802801211732,10.65257411104502,0,1,0
15.292700538507146,67.86002268900678,0.7026182281586779,9.540027059834408,0,0,0
23.239378895877373,83.45949213367825,24.76831700119292,14.192944259228481,1,1,1
26.298794570810784,76.13317129088084,18.316376278588614,3.105012473370677,0,1,0
25.560504862893062,67.46598864510122,22.686581851834827,14.835588626336936,0,1,1
25.217026618615634,57.68421275526735,35.97357636073612,12.464342663347697,0,0,1
13.754448113845042,60.20766960464728,38.79702294263774,8.834588833145133,0,0,0
11.767698939690375,75.89754583110765,25.378125590224123,9.935574365943735,0,0,0
23.97897656974771,69.05474622049066,30.562223594097535,9.73238814750921,0,1,1
17.366944275887025,73.17173789873024,3.3523373394865708,0.8759433608873085,1,0,0
18.646924528066947,57.680484588600514,6.428623395660225,3.270247477979079,0,0,0
10.62298185586782,79.83078135550547,29.328192198119062,14.422063267871238,0,0,0
15.191528985500984,88.36424333851852,17.25461825552008,8.015466432890689,1,0,0
10.67352807748928,61.607277805410526,17.838610816176228,5.67530404892868,0,0,0
27.583715452024954,72.1181401624322,12.344307265417465,11.430576950836125,0,1,0
14.867933664370609,93.89872980594058,24.294255339109753,7.867784139837143,0,0,0
21.146743391460163,64.99587832478275,7.406601816648104,0.19744157147846386,0,1,0
10.779586413222608,76.77708552156926,25.076651172555824,11.043563950726769,0,0,0
23.33694782611316,54.058806509011,6.951954285409587,10.98326340079292,0,0,0
16.460546915081878,77.27067511157495,2.553041388388544,2.477230681649616,1,0,0
27.958383739153316,54.03342979870781,13.214307547962441,14.3499013263632,0,0,0
27.762363778680715,93.165594589572,9.245613680393907,3.358621973116715,0,1,0
16.505812367234956,82.20481934325402,35.55966554225329,6.86624051073299,1,0,0
28.019217913809356,85.46719046610679,2.198138154745064,1.7210394189137201,0,1,0
29.923153469975578,81.68469623472366,7.064547702964914,9.049234791758826,0,1,0
26.508313282478962,76.53780662344096,21.94878422332198,5.631766800858188,0,1,1
26.897426955104578,70.24607514884774,19.242687633898946,5.297601933145582,0,1,0
14.980174722181799,88.6268020892478,1.8340807349880617,12.40465315831421,0,0,0
21.534047977155126,93.05760503943785,0.29009712060577897,0.14342569275717365,1,1,0
11.345118279347357,72.45662778068366,39.52271767844599,11.969201563386337,0,0,0
11.898358736433394,91.91907721198679,26.353388014353527,8.57172848622118,0,0,0
29.97785224066581,76.24998094948329,14.616245236062273,14.791477702202986,0,1,0
16.53278498851822,74.2272884103395,18.817289906529652,8.841648309063736,1,0,0
24.963678240976925,70.45172298299104,10.662004818171479,0.8306870122193688,1,1,0
26.13330106053633,59.417949268855395,13.79495134772839,0.7596798966558949,0,0,0
27.160465420144583,50.167384736812664,25.961778690728558,13.24729479557748,0,0,1
29.95256594804313,60.86778020852276,35.31247195469483,12.618212182665797,0,1,1
14.829929705137356,72.93754272216043,7.365200923247395,5.1883511337303485,0,0,0
10.807016537193995,67.09819785168887,33.61446021541275,9.270487262717058,0,0,0
18.22383035989172,70.18183526011852,4.862265180730763,7.343870355834005,1,0,0
12.601613396578939,94.12916988038222,8.599688943535648,14.507460827040783,0,0,0
10.448517783241103,65.76225668011975,1.4870115219858393,14.249413513153373,0,0,0
17.208536542829723,70.34823227120485,5.632474483719978,14.757585128111618,1,0,0
25.67476502150473,56.00819981087688,36.69212581856202,12.996731709513963,0,0,1
21.323613824501418,52.158097959664445,18.377549864735144,13.643273861626518,0,0,0
16.25555978420708,84.89342815666225,3.106634471134142,3.2591816815070462,1,0,0
23.086840109854393,75.68074287823904,38.38907352155845,12.465101834846617,1,1,1
14.640363606176214,84.23171627197527,35.159692310346,10.63285669806412,0,0,0
10.287628921441701,56.74382594989483,30.18730083472565,14.441797632421052,0,0,0
25.287067728728548,75.7322947032211,37.33891167790232,8.568927426639291,0,1,1
22.474861697280183,61.413911345361896,8.805176833430565,1.2775075006583454,0,1,0
25.2460524900192,60.2627817605009,33.45477172040346,8.960983367807295,0,1,1
10.778760333753311,50.518670632384335,27.599647854172247,10.298713920319317,0,0,0
26.742392556613044,55.86533256060824,34.79036998270753,3.304815430686425,0,0,1
22.390524000726067,63.917065017486294,31.87646262970519,5.911700752690926,0,1,1
21.267907014252803,55.259544226592254,13.859802527073,8.9775512107752,0,0,0
22.492280962290632,94.36362981849219,30.975941480690224,5.611586059747583,1,1,1
27.288664937367283,63.88846918357778,10.498252119395612,5.624215758579959,0,1,0
21.73873013117814,55.864577601604765,13.143686521122193,1.996299587591961,0,0,0
21.619007597763584,58.9587040772581,4.316228688919046,14.11120084616499,0,0,0
29.813583141315316,76.44664527536645,37.40306463921875,11.257415767426448,0,1,1
25.13460334137136,52.88195857391548,11.640134536011262,0.018651582991530136,0,0,0
18.845876109022704,88.80953585635206,20.824898606858074,11.484199260332478,1,0,0
24.147940000658554,93.26748556567162,15.653313458647705,11.096924889867882,1,1,0
17.78460943383577,61.10363393003214,38.397124823340064,0.1459644023328449,0,0,0
14.57750924966998,70.25428708658868,13.401966837539296,5.5440644642064685,0,0,0
21.937037537755188,50.99605029632737,31.141832856907563,9.10121535488296,0,0,1
28.56364196227903,78.83196011272497,34.2166461852472,6.791259777870538,0,1,1
28.582790400309253,68.62667261236649,17.424259899238635,11.669791780807609,0,1,0
16.838105562109806,62.15263097457001,15.12687257811725,6.38187498951651,0,0,0
20.5535493244339,59.30766997774738,29.909832837305117,2.3079445418075557,0,0,1
14.232717971397225,79.43103849464421,36.51583921224936,14.646234364107428,0,0,0
29.912622189977668,68.72976639645415,30.197269322889532,3.630599891640699,0,1,1
29.622358157358715,58.08466800634604,9.085054623674624,10.765384658119984,0,0,0
22.990178594148947,81.00990866690708,35.53230989750821,2.1473446749610794,1,1,1
26.088281193549467,75.42825273665122,15.503266697473324,4.93518920675899,0,1,0
24.302003225674,88.64024247182732,23.04917647111737,6.6304141264563565,1,1,1
21.863164380789364,55.28641544944218,33.25742477170844,2.8834800679059587,0,0,1
11.066959939777954,85.35499708750052,7.5357906960196885,6.749393645529143,0,0,0
19.09528685105322,80.30825540677665,31.380405427102126,2.35744234487625,1,0,0
23.49572604334821,55.1754921572644,23.8465119164271,8.385098084788352,0,0,1
23.550632277673692,81.26693284422743,35.733665673104326,9.955698787802909,1,1,1
17.46245236844767,69.86962799959237,6.878816073741718,0.9365142604201615,0,0,0
28.833839733160612,92.52431535001294,16.827289481637138,13.066981816232522,0,1,0
13.347140644735621,56.372510777805466,33.3137237146735,2.7771132756305326,0,0,0
20.00718892431121,78.92750258670821,0.769268138270407,3.380436379804857,1,1,0
23.817679531016456,67.18910204583257,4.488054670625714,9.920247601245945,0,1,0
23.942716117836184,93.0566601765895,39.62260851026939,7.031265906516211,1,1,1
22.97277913537631,64.84887028806244,11.215767143614022,7.4909339875659855,0,1,0
15.505764269037204,93.29836592713102,39.021727748958135,1.9223247684469902,1,0,0
13.124131373732439,90.56686329953371,7.301262040346956,12.086037328146123,0,0,0
22.718806536534217,62.16724558897953,14.443777720293426,9.25581369156315,0,1,0
21.986042322788755,86.15937995718924,30.114777780142823,2.0307306496418405,1,1,1
13.587120205784819,94.80218908115776,26.31113628952714,5.60999050538394,0,0,0
24.102782911411268,61.36983509770771,23.244895997162224,12.156148991025452,0,1,1
19.10343983467313,69.65497261954938,21.1959670322003,8.52532568979931,0,0,0
23.35521183206306,73.40813314550418,33.737617746589606,1.629731686993957,1,1,1
26.747341595403014,63.2719011111739,9.397942513335709,5.591655686839301,0,1,0
13.394568571538464,50.68691778407134,17.698837079740738,3.640415976836019,0,0,0
10.382897359936734,59.9058159888887,6.218091686258291,7.761983304805896,0,0,0
25.582051727915736,62.68715979537913,23.837663829228177,12.650416933079843,0,1,1
22.19394850305232,69.96198655931842,10.021776970852807,6.544007022066297,0,1,0
23.992791392442435,57.699611528603086,13.353682573735433,6.500130455524847,0,0,0
26.76309949977285,89.29644605112526,18.850028664941124,13.580263534905555,0,1,0
26.05621869649001,81.72100097291013,1.0708234281251139,8.642781187609087,0,1,0
29.218402938576492,53.83402149018479,3.677517436833506,8.492866310961103,0,0,0
20.718701577042363,79.2541603012969,27.437168828328783,3.928648378130841,1,1,1
19.769912653198105,79.41454143825291,17.15879922870029,9.115841217556895,1,0,0
18.0377439978146,93.02995281396325,34.59160887999582,8.638657011260946,1,0,0
13.07382085688409,50.13593921102726,27.786880145767977,5.9527720551279595,0,0,0
21.45214465764045,61.156960241261324,0.32403766589289784,14.860433488487708,0,1,0
15.540250486519575,91.7506165718892,24.668493230685392,13.228364474221301,1,0,0
28.42615024425951,91.94602619292274,3.7489946423886567,11.243794351152234,0,1,0
21.663816085541953,82.42638887167868,31.23732719161977,8.060183826195008,1,1,1
21.856803610162203,84.45934944713929,39.66030753114008,6.930897028419453,1,1,1
17.098493217540202,54.11673310683412,21.24795176966046,2.7734609283479905,0,0,0
11.039787039554149,73.12441256502052,27.311180007765216,4.5860621102193555,0,0,0
10.634875307459772,60.42123460800497,9.492566435790062,11.609411997348152,0,0,0
18.466702883063952,58.154811962612776,17.50390975015174,6.806234309063272,0,0,0
11.691307561944758,86.46364846054996,34.243813289455346,13.234042748542521,0,0,0
22.136939110802782,56.076716150624634,6.696917909850049,2.2186670451829316,0,0,0
27.61946011279315,71.08932366483734,10.621424224550484,7.625206440204547,0,1,0
27.658296330374444,92.23602078137148,17.817347011441207,9.70448526031963,0,1,0
23.18090820264465,58.362442500440416,28.48995567376056,7.7527268446188895,0,0,1
14.22463662945862,94.00970406822056,15.035358191826953,13.338403373774806,0,0,0
27.259936627177442,94.74295935924766,37.10929119132015,14.843449227437096,0,1,1
27.721868706264164,75.00277196070813,3.778282050748767,1.737519875120546,0,1,0
13.933071699059173,57.656423307972105,14.8321679017939,1.949323561153815,0,0,0
24.748521715413546,64.2247199573403,28.358164937136877,1.954861703401816,0,1,1
15.73039097854246,69.10217747044408,9.039470626459698,10.217656441057914,0,0,0
26.052806247058594,63.91959009612003,26.256525369186917,5.5901414324375684,0,1,1
29.944757998072053,62.62860109444321,6.568678329093838,10.99971991898859,0,1,0
10.600520106587856,93.7503369147361,2.239211394467455,6.082072093304681,0,0,0
27.947317315818637,56.90141723370856,4.840628669945954,9.414100819980954,0,0,0
22.45261067197316,82.9997558922588,37.19939132536539,11.547870085183403,1,1,1
29.467652383296425,50.018463024762866,22.070035317582054,8.223238659823808,0,0,1
19.300190350528553,76.82822012310696,31.85383101918596,8.09255385675009,1,0,0
26.947758611427474,91.21743517793236,13.306180036202049,1.323514879284517,0,1,0
11.247881371965544,62.95703423419486,23.706345915417867,6.1617261436415225,0,0,0
16.705581001565914,58.348668886597366,19.798085348199663,8.186657298374064,0,0,0
11.3403307550242,79.32559076952921,37.82951837609176,6.929712384996149,0,0,0
29.50686266958141,82.0670633284277,29.902985442164415,13.511730002826383,0,1,1
26.339478145436736,80.96137335283916,29.221705259863164,13.59795948179234,0,1,1
27.05094842491941,64.36925960096183,1.8541307773711813,12.328760708831426,0,1,0
28.759304628677885,61.34910809716989,21.986786760147645,5.6294711305968,0,1,1
11.702069722395708,93.016345998292,18.679658156072595,10.759487275313015,0,0,0
17.711951850266665,91.54847787214683,37.113690664247784,5.929326916044147,1,0,0
11.420697780880042,70.57924744517692,10.29367952758129,3.4889039846363854,0,0,0
14.215862031000572,88.0787239769468,10.793338131643772,5.1435396532632245,0,0,0
14.587315540753448,70.35455649354333,16.453849955260015,1.0644694992830321,0,0,0
19.382144220951574,69.09750581326297,9.734788536255042,4.976662635069708,0,0,0
15.371243349072852,57.05433264196826,5.16735671234998,6.911133258917574,0,0,0
12.019562136355223,69.18827254213878,34.29659386603203,14.33221342171245,0,0,0
13.349821781882154,74.18376223699131,22.331060976156635,4.701158793294374,0,0,0
12.945511271041818,51.01269473429089,34.45450875826267,13.53680308808281,0,0,0
29.461535958245967,69.98508523289328,33.24539061614784,3.4328741373524556,0,1,1
25.185850138369474,85.161029827784,11.281694191586844,2.864533466388741,0,1,0
29.35522930539124,80.60207253684214,21.90949777297096,7.784931846482474,0,1,1
18.79480973015817,78.58206449887707,3.328708109602818,10.08767053946109,1,0,0
15.567369633253133,90.9299942796741,36.61007536123034,0.6649837620342214,1,0,0
25.965863944183734,50.81144044213535,16.170508602606123,3.3159879757082504,0,0,0
16.525078360822935,75.06714137865053,15.747047355560856,6.835254997519746,1,0,0
15.987667474106965,85.43069817843681,12.110214824718128,4.965065039747722,1,0,0
14.650119844156624,74.36009222155703,18.426549788428154,10.689316190224828,0,0,0
12.593579564484706,64.57529986611706,10.070375461817921,7.667408940619752,0,0,0
15.12926122033532,56.131275429139,14.994090911872181,2.405386584058503,0,0,0
17.106394969477755,89.94033823172862,31.997881943395274,13.416980689726358,1,0,0
23.47988416291461,71.18430765744213,33.370220143406875,4.393585132250394,1,1,1
11.251296844389032,89.51518386435657,12.167299105140646,10.966966634466353,0,0,0
14.210138793306859,76.36334550949258,18.760577222111515,11.698736686581148,0,0,0
26.180472805833528,80.33864524767503,34.95279105120209,14.447365503841532,0,1,1
12.938438471675415,86.19175194703024,2.1069332731878854,7.477611997861521,0,0,0
16.85290293045043,79.66199950700604,35.565798479831415,9.237532731966482,1,0,0
27.2931784371628,67.9124678305522,8.767373826093268,5.023144402193006,0,1,0
13.098506222868853,73.11350227678929,27.14156976857503,10.172689401180998,0,0,0
11.654736712363798,86.1370486104146,23.30206785538401,6.950752287994796,0,0,0
19.690759901600217,66.8142633367843,22.117629927570086,6.564785470866334,0,0,0
16.048390225570728,67.46546555458237,34.374408990112855,12.832012936741583,0,0,0
21.26816728967708,54.306055222610055,4.062885745786451,0.75253265248033,0,0,0
26.076097809669502,91.15629958497865,13.881121013025442,13.229436417478027,0,1,0
12.742969763054862,54.09663417254488,21.530109853790623,12.781047567428354,0,0,0
21.613981691085698,79.16941298518502,32.45155415784159,7.595493803426836,1,1,1
20.110175207797276,68.5937515461259,8.65772333646686,7.353042813084424,0,1,0
12.881575720263992,68.25287256149491,32.11719365497105,5.427110520532353,0,0,0
22.47996971057965,80.57983264577078,15.98553929975743,14.912606875226015,1,1,0
15.472808357215433,53.01921796834454,7.556554257347816,1.6675399913076183,0,0,0
19.75668637088025,76.71676023281455,30.359457617739306,8.853228534429105,1,0,0
11.645446485541237,84.74143036875597,3.635956058981913,10.225223851686255,0,0,0
19.19168114427246,87.26957410489675,20.590694963017718,14.014950123254167,1,0,0
16.129269360856405,57.67386752271989,2.5550313544755365,11.703052452851422,0,0,0
26.447624223707088,90.38385725351782,14.256714206311504,9.657708042173203,0,1,0
11.139574539947365,79.5265741331349,24.043071960255705,1.75218475218184,0,0,0
18.3721454983666,89.68346603693072,22.244621659488523,5.606002752472011,1,0,0
19.168628482628762,71.83763226995893,16.18621671618666,2.082624638219779,1,0,0
24.500121525982372,74.3915005293741,17.16191975888463,13.218190986982705,1,1,0
21.48575150180422,91.3567224662902,9.070782134030662,11.244317333454644,1,1,0
23.344246743883623,90.49592945096023,18.235303536964118,11.363051801958438,1,1,0
25.540985713035123,70.1672393016051,38.13019422883337,9.783847766603161,0,1,1
27.244059473163777,62.34856842360568,34.01811671135162,7.605653054050645,0,1,1
16.277509934449412,67.69266955539189,5.809314763053752,2.249565891952458,0,0,0
20.760454107278058,67.44939478383874,1.1912314928368373,4.945423300575777,0,1,0
26.802161568783998,62.909009374225725,37.340972508665224,2.0537368871533586,0,1,1
29.78902261930113,62.0860821949835,21.069989995229903,10.873697142785147,0,1,1
27.790386220875263,88.74783214158737,21.513512925972307,2.4034316403300755,0,1,1
17.429345252487536,53.143786430809776,31.228719828260893,10.531703252575284,0,0,0
13.903330344373009,80.49250319448174,12.587558954853062,10.38383084393857,0,0,0
19.787850748131774,57.776902315540354,19.276302753440085,6.889567184869334,0,0,0
24.832829036720845,65.50276520273285,38.7465165258695,2.0284298117707844,0,1,1
19.85138141506595,52.76943653606766,26.885947477296284,4.722012392010551,0,0,0
19.66361726627337,62.14881365849579,6.149801279831437,4.801396636133272,0,0,0
26.764608421636012,84.5789482002759,5.329069919374132,10.505776997149402,0,1,0
17.228075581343727,89.82568960462663,8.170590333320217,1.706145291205865,1,0,0
27.195893496232912,59.968721835606516,30.6684669768287,12.436029693241363,0,0,1
18.136096019034472,70.85965276665148,11.815080153624642,11.41510935278871,1,0,0
16.56466211356679,71.1645821571743,0.8555538670031915,2.7946037726141086,1,0,0
19.07979822399398,89.31088875918803,37.76697454022647,10.787465726683342,1,0,0
25.24893917349737,84.32595737941125,6.788536655796427,10.027697722017328,0,1,0
12.520040557279886,73.08847482656225,0.38232744592274326,11.221812001663894,0,0,0
13.928384317440347,80.1836240212298,9.48526409533292,2.833928331730417,0,0,0
29.028896513261838,88.13097742592151,9.401151484725347,2.3638548323470294,0,1,0
13.509832547627148,50.42925293114952,16.880210033828924,3.547259788841313,0,0,0
21.354546358621093,68.13005139725219,36.81559326000147,5.488075547234635,0,1,1
21.586289333238756,90.82594252746854,35.16739671116392,11.904974715537017,1,1,1
19.792489241004894,83.31408638797781,18.27578219929712,11.06885906218275,1,0,0
22.89490497153637,74.42786184503336,16.43599619967226,13.881773884177997,1,1,0
14.596534515952369,73.83400371658101,22.20036345899405,0.8794433864792317,0,0,0
21.053245355534962,65.6496543921997,9.738160478870629,0.17334421521278398,0,1,0
17.443465104937943,73.42342401386816,2.0873996786545135,10.487082445511987,1,0,0
23.23334519258378,79.49224397585539,37.56896544684827,4.189312436912485,1,1,1
12.824470867462988,68.82633672929569,7.467959395086909,5.011183433007263,0,0,0
21.417548336789523,82.13689158764782,7.936029169828656,8.202030388717683,1,1,0
13.705407107666474,88.75545022671736,18.898413154157904,1.5361968469019778,0,0,0
15.572861262300728,56.96081816831875,19.664533793613227,9.640416248220745,0,0,0
14.374196006471664,70.3196160267841,0.7373683880296777,4.877211693467253,0,0,0
13.656755597376343,68.36090410782865,5.918189550958828,9.490726864514874,0,0,0
26.51421903121334,80.93591618223776,15.12619274242967,12.510103696100787,0,1,0
15.714151353217806,61.24403593660682,27.34922774042156,2.5666700000614453,0,0,0
28.542475637288987,78.81129117285244,9.136738273277434,13.963096393717803,0,1,0
29.398530506903818,89.48701587791696,16.920577849670508,7.960322115936656,0,1,0
21.42520939874195,68.81592199071302,22.29380258865867,13.843916477609525,0,1,1
12.860022453314528,90.99570649906491,35.54369978493168,3.115951233026672,0,0,0
17.490964867591625,94.69236825200653,13.042820093084933,9.068439969063563,1,0,0
25.95464526696428,54.77414224765784,5.342330634539341,6.058306759854071,0,0,0
17.34781457394141,60.48739345931864,19.57088903590433,11.613332867340198,0,0,0
11.740344366055774,92.76708881669418,29.868864067362484,9.088634148199445,0,0,0
21.13569821856376,93.1247458916624,4.394390282109337,7.417731854374777,1,1,0
26.902417029920695,54.396827392404134,16.987339667878416,13.69478109646513,0,0,0
25.918527742870047,50.674932516971154,0.7114056504993371,5.656755962575203,0,0,0
13.502462802607065,57.249501046539,1.3423672658900454,3.299703073472722,0,0,0
23.455292288249332,94.82057525220117,19.318134528666626,9.121517802781375,1,1,0
14.410085268712942,58.09998274748091,11.927891926037177,9.360426557592206,0,0,0
14.364150691043445,72.61464230249103,33.80429196021649,6.586419323578131,0,0,0
27.481435466103704,88.178797689373,24.086172245058172,7.299150655340735,0,1,1
14.993379054804603,50.918072480969286,18.157318469719613,14.393301214498498,0,0,0
15.264946930360225,77.20200420163067,16.317414842171853,10.99028537095202,1,0,0
10.013067815225991,62.466145199133095,19.88981920758253,1.659026272238655,0,0,0
27.413380682510354,88.80507123978792,1.6175532485064537,3.1819510630591648,0,1,0
25.851896264182695,62.755751716883566,35.7117342568264,14.633649516533385,0,1,1
22.54657870181356,80.9040074126859,39.93212622935833,10.89698330690297,1,1,1
25.005315278776845,80.33988346013285,7.259484994347947,13.725676892169798,0,1,0
13.040971348489837,59.9672096986838,4.8153185909847895,4.55792195983083,0,0,0
19.16647189175151,51.56596399407576,5.743098537943809,11.128002901298885,0,0,0
17.02438774697562,68.41623082034288,26.441082329374687,10.710040627852672,0,0,0
11.87553052514033,63.01369183846414,26.45763353803099,4.420349781590626,0,0,0
19.72260970429848,86.40399873261688,33.916966491136435,8.26224488176058,1,0,0
28.414793006852708,86.01638848049055,30.07305553705013,9.411226669054429,0,1,1
10.80118238101389,70.56607784866814,17.98758693477359,7.216977162411975,0,0,0
15.829218269875877,77.29305013954485,24.514214462612752,12.407680599870192,1,0,0
14.15081872411407,77.19167821941163,27.531386814720314,12.493035626969842,0,0,0
14.762933073313926,87.22211667924304,20.509458811409008,12.75900822452335,0,0,0
28.168691037587507,69.12510863554388,19.026039378065466,12.051353536472442,0,1,0
19.361381084685803,62.39510059057291,25.80389782570613,7.321252157957169,0,0,0
19.325988258796375,61.92657131632464,22.29898195902615,5.721574472235108,0,0,0
25.211512849105645,74.12865256769919,25.757692213436414,12.470644255715559,0,1,1
13.089844080098516,70.21166912294956,24.514190958534556,7.353021878344003,0,0,0
19.745307082001016,69.80543469432213,28.767862420546187,3.6955709794197276,0,0,0
18.599704282421193,54.10118025903682,25.712140351315043,7.6101529848332445,0,0,0
21.93821381093312,82.3371683310588,20.78969945749069,2.1277473287886317,1,1,1
29.99115406500877,59.61815095918598,27.27187245137546,10.374442358981982,0,0,1
25.38897788164094,58.862913359392465,17.979278607417122,5.038819224358595,0,0,0
17.957314060348544,68.5741244124827,9.666849038904042,3.909881976711815,0,0,0
26.55106104548094,60.25002537280106,0.056728805356618395,14.347631193521176,0,1,0
13.414167266249603,76.2736220288607,22.398565885833726,11.653214936374614,0,0,0
10.609273726179202,66.71585027005122,23.62620906434564,11.806042540858975,0,0,0
14.08896744928546,70.20102751667555,38.88195859102857,9.355829539187752,0,0,0
16.808231122285193,74.1726194721813,14.459133363771022,12.587592157654457,1,0,0
20.211615149191196,59.15909851168122,15.76532971313247,11.387437217450719,0,0,0
22.302582810823996,57.00882302894884,8.071983253687609,8.981605562004248,0,0,0
28.212114344288434,89.61898562931222,2.8213718094928764,14.41686602777576,0,1,0
20.197080191009153,69.51756662741394,30.912179714469623,2.8739242452663456,0,1,1
20.025512892514588,68.54421243346427,9.987242573573,14.150695784921265,0,1,0
11.004860196459642,51.60254676227787,24.356194441201517,6.0215724299829745,0,0,0
10.698231053124477,72.40893361643269,27.510921421819262,7.925984751022299,0,0,0
21.023199238327443,74.937637472495,18.84946749166591,1.8410897931646342,1,1,0
18.76357226496689,75.14783919295999,35.05408452108767,8.101611583826864,1,0,0
26.783607899605972,81.8164026195298,17.751793639189152,9.168101277872902,0,1,0
13.213591694236904,57.986682574595534,11.396344921670604,14.96552312712786,0,0,0
10.499433242340992,61.350041040377846,35.84062091846489,14.627886166072898,0,0,0
18.980775358602518,86.48287093536857,34.46257136999826,14.495959378114309,1,0,0
14.74957113504515,92.62267775795273,6.56159788305652,5.22582090153086,0,0,0
10.992287466776748,56.116973631529426,1.038440734156838,14.868997481175652,0,0,0
24.49196573695258,72.39422995273482,3.5994222539848275,6.832172273926663,1,1,0
12.23185999914495,59.637931373281404,11.461895942152683,12.777543881428507,0,0,0
22.166390000155435,52.70329257597421,38.89039206966843,3.2447995352845798,0,0,1
15.620995003337782,64.6476502156761,22.340646126433,7.587497694849035,0,0,0
13.46992100710044,56.46594313328957,14.930469281170753,14.490181441914082,0,0,0
17.595030458386347,81.94698830454108,35.548643784509856,14.205470953851412,1,0,0
26.028915524459073,74.01764361521501,18.125453259139984,10.2560231673214,0,1,0
17.841871538091453,56.47255119456399,12.609545136040845,11.967214838295897,0,0,0
25.015392984221116,50.41587147824815,37.6487811498263,2.646400449036021,0,0,1
12.509725935983013,86.36706720608957,33.98070664770712,10.824878242262361,0,0,0
25.45542839330158,57.928748277391136,33.746735016777635,9.270762125030584,0,0,1
14.738666498132973,77.27974889993448,20.491389722008524,1.3732760362686913,0,0,0
23.547862597777456,65.16148608845356,31.5775359526182,1.6973850988451438,0,1,1
21.315631096819928,76.3468672241766,7.174134370582075,1.626654266268928,1,1,0
28.582894344233747,64.20441321420458,22.928918302249745,10.865354022447535,0,1,1
17.74645035950628,53.912280231151435,39.35383691390183,2.1257281237135865,0,0,0
11.323303776688808,60.03275038509891,11.638337220718466,7.015984066717057,0,0,0
10.383109711025059,58.4626354915584,31.774093169907008,5.354727088166366,0,0,0
26.53717121945506,69.26087085978398,19.61913628832269,8.257562111553266,0,1,0
20.494712753228644,79.62277025417708,1.5922273288834932,10.597147308291042,1,1,0
25.504881036698986,61.87127337258609,30.520775912626696,10.270838058319981,0,1,1
14.688512000230293,50.54314708852781,6.742765775684512,7.732798738715649,0,0,0
16.901674910264674,73.35218139191406,25.258942685310007,6.965023104155782,1,0,0
10.602077444226378,77.25917702115375,3.426567761878916,5.967233926833881,0,0,0
29.229846491482242,93.32917223008144,37.87469589983859,12.92864922456569,0,1,1
23.357358134016266,76.52618613919611,11.668955487214436,4.962777073089675,1,1,0
28.664101755186124,71.20276517201638,9.058587667095797,3.890487317512423,0,1,0
15.309928148581447,75.80307316539667,5.165456162653372,11.14973240482907,1,0,0
22.229272224513217,91.75552834379121,37.84008773356191,5.396451925450897,1,1,1
23.569999365852755,87.27701655207409,28.476149697652207,12.704978996359026,1,1,1
16.35099400515177,64.53404300137136,29.66643554872355,4.918330779557171,0,0,0
26.9621847003126,60.67644636457118,19.976182455209784,10.529172368618823,0,1,0
28.943229258004955,61.818512556473316,18.989111410819337,0.6766350942800414,0,1,0
27.697102353920087,72.69894678718458,4.400849719659066,5.7834432016548005,0,1,0
24.78133951878745,83.482225305286,22.39364382335967,5.148452624513272,1,1,1
15.54929359449908,72.64486432323329,9.876659804351618,12.25018108913885,1,0,0
15.632320842112634,53.050837812265065,39.085813312016235,14.505831048424652,0,0,0
29.267206408920757,82.56113151979915,31.863237600605892,6.913219150394421,0,1,1
10.20568991871384,86.26865579019292,16.519682407715504,12.372544157306372,0,0,0
24.32099946484289,63.027403930387386,6.053650347661321,10.495420514360475,0,1,0
24.124923251105244,79.88565826775077,31.413267645551358,14.510789814955398,1,1,1
22.453790818995948,69.1966355474477,4.88215068325264,12.16662771514237,0,1,0
29.802176921737317,90.01037100773493,7.57335013988282,1.1621709894559578,0,1,0
16.237588715274505,88.03515011723329,8.460820709769097,10.699225835733543,1,0,0
16.799437275864964,73.6444399239339,22.275625530923776,8.032495731335604,1,0,0
11.57878805893111,81.11774956161176,31.482266159614653,0.24654086898490746,0,0,0
18.85596273087475,89.75073654599467,12.572595148987688,3.7696943808816554,1,0,0
15.220970524696963,72.3072654535224,3.3867925710115765,13.826328675403396,1,0,0
16.867734043552886,64.09628332199699,18.581538540976766,13.890920591801294,0,0,0
26.691435805112555,83.91497620593115,29.92440964639742,11.982756903009516,0,1,1
28.709690270549913,59.90298146531113,8.866553723495532,14.726694049169842,0,0,0
13.714661440103713,67.4839016602719,8.796981921574968,12.098178369363072,0,0,0
17.450178631069317,88.95772566980571,37.889081093868434,0.15306280927867788,1,0,0
28.572611242307882,82.59900531211917,38.16614908476711,4.317515104522677,0,1,1
11.236169213784454,68.17149523613747,39.618629282463054,0.45936273356644297,0,0,0
11.84721056222757,59.663502608376085,32.30638406299121,1.4116195310633917,0,0,0
13.255819784124586,66.01857758745064,7.527366766717822,3.282612254261641,0,0,0
21.904256682537493,62.784686715234486,8.479260831970453,7.5533781948828365,0,1,0
13.009445420119949,57.924017957473424,13.60900966089568,12.712980051930266,0,0,0
29.36152762901467,83.44998111045456,12.725301253339634,12.929501342356621,0,1,0
18.934290545170406,61.34314490825772,38.26110996312036,9.243027878359447,0,0,0
20.03035920700333,70.43753615754937,31.562959315267744,13.922639085993524,1,1,1
14.93317231610813,67.36367510762491,28.960351686462154,7.500934898853122,0,0,0
19.41920504869467,94.19348203860338,7.438528962325273,13.335540661998024,1,0,0
23.23827265274023,67.59915098666993,36.381022374493185,6.810978844980181,0,1,1
25.023542739080856,53.59921172585396,33.11481518024695,4.158375111328234,0,0,1
25.07736165419826,54.04215886574378,6.545673653116948,13.746193771506416,0,0,0
21.557822253881767,76.58391746088792,34.8468132784389,5.81902613518304,1,1,1
28.087195499877144,76.97135982822195,10.889901454818851,7.551061632666924,0,1,0
26.348156946122188,68.84415457171947,3.2347898332842417,4.932909487960158,0,1,0
25.140962293972507,69.43296615404134,26.2728922605684,9.942564004360946,0,1,1
11.112110433609212,52.4269662278392,26.152186375373226,14.925468375090531,0,0,0
10.137559244392985,73.24459296751681,3.7972803826247237,0.3827032329715446,0,0,0
14.248945543909459,72.71327639211583,12.754072357463295,13.497720090106522,0,0,0
23.270471878269046,56.729719335062505,39.712578490221546,0.058890854838981044,0,0,1
18.223949777650915,54.67277237499174,27.137066680349477,5.4634182171931664,0,0,0
18.048125185986237,55.56076207697707,29.203006664133166,2.5291020943427145,0,0,0
27.691737764592276,54.546271092106636,8.516691424172226,11.36012671008827,0,0,0
27.911256962636774,77.43686879915418,3.151282840156573,0.7591626113576022,0,1,0
28.183505281071714,58.841719358131336,11.076067589637507,8.30227430376492,0,0,0
16.277561530300545,61.31435684843586,9.95593540772768,4.423892007679689,0,0,0
23.821116254785235,57.810746486814786,9.381764029922124,2.005053732970532,0,0,0
15.432663625487393,93.10258870018264,7.710172875481582,11.577273181539612,1,0,0
13.812196661488995,88.45778584183259,22.990227626216175,3.2612525138288504,0,0,0
13.692649146947385,60.37226768081844,13.12413903367287,3.3551281808240834,0,0,0
16.84215241727188,64.74048322649567,32.81380060190122,4.126151777068845,0,0,0
18.599152395596434,59.44517790372487,7.35789671389536,8.801501457420411,0,0,0
26.61898342110137,72.13441817573707,18.58508283474178,9.894988975361224,0,1,0
12.397821869454242,50.88247396134141,0.5463134570431993,0.26403785552017445,0,0,0
24.698516947897886,80.21156040035581,19.267292898207682,3.6280445417068545,1,1,0
20.629098283786107,73.54211674179388,2.2335288350589755,6.464562637579243,1,1,0
15.75890685351985,90.43875177354965,39.108940474905744,4.979654282418497,1,0,0
19.856391690656494,57.397670794778634,31.623685146016513,13.262559877663291,0,0,0
15.998841395540452,86.18491607275092,19.604459065458215,11.815630963296282,1,0,0
21.921639104766122,85.63824565100221,3.4634943271740104,9.388353233082412,1,1,0
18.676878457104884,55.723153514759915,23.697817631616573,5.070636239955596,0,0,0
13.288110581577575,67.93516508648574,30.3505500280751,10.510085172692397,0,0,0
12.331661491113934,57.65686885150326,7.628690120189812,12.654570192686917,0,0,0
20.9339136414426,61.4624225205897,22.728333631499634,8.9224556603848,0,1,1
28.04826066572207,61.8460778673745,32.56843593531472,11.766922003400687,0,1,1
16.87915373115371,75.03063773115977,30.729911105852654,11.236574420996217,1,0,0
24.660002144452463,68.51349192922095,32.11968071468612,8.576059667404833,0,1,1
23.173227098795337,92.64797618028373,35.17293699478879,4.682748252322664,1,1,1
28.63109828618962,55.68665638761523,37.50728408637881,11.186732370019076,0,0,1
26.419620345982818,93.81614606825894,16.220846208141438,3.101945495364097,0,1,0
21.33210517810926,60.378738809641874,22.75076410091509,11.692325197073007,0,1,1
23.140609964682145,84.77932713718339,31.626381041824434,12.068200382137995,1,1,1
27.967729331680697,65.25364667777697,27.885592557831327,12.332173193555596,0,1,1
17.990375691738695,56.43866279377912,39.82080913057515,7.093739564676865,0,0,0
16.535894117155546,88.60501333608079,0.5471060441857656,2.887211516556325,1,0,0
10.216221672703927,63.89874046564084,14.205328612631627,1.4958540009910308,0,0,0
26.531021483829285,79.6484931902079,11.241117050808098,11.150418757318864,0,1,0
26.019614008067297,75.48996582889819,10.492634006621383,13.293920767947197,0,1,0
12.089090362003027,71.22903392258934,8.901191299955432,9.7625753825536,0,0,0
21.537147622654004,72.31187626918427,28.36495363260916,2.162400905825544,1,1,1
19.279633963337748,82.95070613415294,3.390378931012874,14.023446727763611,1,0,0
12.37418191018223,53.94978113555483,29.664353357733532,14.836530218089793,0,0,0
29.61136454121447,80.06812978810574,27.73703368065094,6.50067914902383,0,1,1
14.29391774926711,90.31154456293604,10.032165300035857,8.922379339106568,0,0,0
11.344683601811223,52.60046886589389,10.11335132660645,11.658427800024867,0,0,0
21.89694759003819,56.329400265515005,25.154423413780087,11.04584685075067,0,0,1
24.777333542660653,82.24843715159142,30.486844219347113,14.516807879001737,1,1,1
10.64886892094374,69.6776741710078,35.05942452349462,1.7232463661818338,0,0,0
23.174352774540445,68.15968793661598,34.08558255417903,8.710872992142086,0,1,1
20.645837519029087,56.163498554490616,38.59531976655413,10.378971295096381,0,0,1
12.06530017750097,72.80465183230046,23.255395813460446,13.35147636281505,0,0,0
13.450477538927242,55.69453900383698,36.34622245361439,13.111644415772261,0,0,0
21.359485946321612,71.44792053397433,32.340530930416435,14.66999690341935,1,1,1
15.927152270265768,84.36268845327456,35.78670497256054,7.681176809065185,1,0,0
28.76631457302632,61.62189610492236,0.46506405141466534,12.461413002198398,0,1,0
26.374804589681016,71.63537756808773,38.63611967463244,6.409225621909915,0,1,1
29.671344130273262,94.6407186228576,18.941206513859132,6.334708167840484,0,1,0
15.19341677900828,80.89926905093168,31.927319582993718,3.8002254670928854,1,0,0
29.39447265595954,87.86105470873395,5.0881647735112345,12.273559305288448,0,1,0
18.624677395831156,68.66814229522456,15.837643832558964,14.787226587202735,0,0,0
16.95037590627509,84.55374154066348,10.858426520839636,3.845125925208868,1,0,0
11.006990539387065,51.82291278235948,11.666350820037481,0.8419738203160848,0,0,0
11.055305157192052,55.531003214401025,4.93022479803527,12.23313656128511,0,0,0
23.840225118933095,59.1381766814028,32.23055330172028,9.303450788021342,0,0,1
19.158579888680556,68.08783660768488,0.36969258324312637,14.395482008265066,0,0,0
14.530432520722114,88.05851952465935,12.500218279408099,3.7835882861542833,0,0,0
22.279406126504654,65.58197228545687,6.976421728656601,1.0654148700192163,0,1,0
15.057162365002224,79.45795370819583,23.56155762433362,7.386633912997524,1,0,0
21.55263508688845,81.91914326615675,10.170096104581754,1.2819903444772125,1,1,0
17.184174939653808,76.37820593397537,10.359938181123987,3.9268500165406115,1,0,0
26.47104453223638,66.07588856765614,19.533525759812747,1.8896679122875244,0,1,0
26.413923215335586,75.9674003771095,26.107561573637028,3.3619826949011804,0,1,1
19.547007962448028,65.40195167553858,4.852188182606545,1.5921697923208777,0,0,0
17.016382186700312,53.77431823484054,7.020458098619846,14.308589991409281,0,0,0
17.25119593118189,94.67617901837065,9.886989783780704,4.178440701746032,1,0,0
26.11429051336436,55.72321041346299,38.94992856471842,6.658463789888482,0,0,1
16.563589655952242,53.25567727262258,15.886099997716814,13.479177114513336,0,0,0
14.18118747413692,89.53388371432202,23.95960362524106,10.159823819422115,0,0,0
11.693766837506136,63.58255974018028,9.661712508639116,9.270562208426615,0,0,0
19.333862417688167,79.26336383330784,19.618381006299515,10.583447855412556,1,0,0
19.64264197839684,64.80525783480047,2.964766975438322,12.432333856580728,0,0,0
26.818174208058142,67.6154421857512,1.3896858368930776,13.165039017776413,0,1,0
14.42477392892128,61.79508374075584,18.749341072858407,9.639595059975397,0,0,0
17.619825473367996,65.43698026068546,15.946371500736483,13.350109120410865,0,0,0
26.168114777873818,68.48151802639444,5.475212787673107,8.030962911382153,0,1,0
26.47247221497947,82.41872310915542,27.504057156829347,4.159362844026352,0,1,1
17.692221519575362,73.01912874056563,39.71613963597058,13.201150633257665,1,0,0
19.18248046573362,92.46043477206396,15.8258728478685,8.122092411196306,1,0,0
16.06571781698566,51.8846177227449,24.98234543669578,13.592063813508513,0,0,0
28.65109756838624,72.63807451844127,38.519037694579424,0.6025172092587183,0,1,1
12.372875314831607,76.29011549742731,33.26139889787501,5.962736273118533,0,0,0
28.6749884600294,91.40886437334233,18.54208893210743,14.217075275437024,0,1,0
23.677329036706865,52.21213356296424,29.499579378396774,3.744751391374541,0,0,1
20.631443053734625,75.80748132208473,5.125401610020961,14.12304369057739,1,1,0
10.653181215689917,88.41334678375807,20.484154218551968,14.308536916938749,0,0,0
19.511923836440168,60.88674776536565,11.162411087197462,13.232134713387914,0,0,0
18.154962100054647,89.43315568357718,6.446547515846444,8.455020676399482,1,0,0
13.224376239502451,50.856953417343135,17.051236250181393,9.704091736209577,0,0,0
23.12819207001314,82.96045831101785,5.240582177344577,13.044254976748038,1,1,0
29.423018147365717,91.99009495258939,27.959404326979424,11.638456235837767,0,1,1
21.243776221290503,79.5738947738028,18.24960176213342,9.451407741831174,1,1,0
24.295065528878915,69.75631597912016,21.245785302586555,14.733891118060539,0,1,1
11.369009051320337,52.01964574127231,5.8550375467262805,10.285149545005412,0,0,0
18.353339916339895,91.4051215995183,5.590866443739779,14.632229886716416,1,0,0
12.327169703289918,71.16333002112086,23.336617410404962,0.860827119106361,0,0,0
22.255916710730208,51.30485349511766,39.400389913177854,2.084405561133187,0,0,1
28.769643164283092,81.04194820979428,3.8500233295090247,6.7718826900073585,0,1,0
23.23555464943277,71.68267641093162,11.42925714263125,5.773191913264727,1,1,0
11.536060966288431,55.59553928490848,34.7783646615155,11.741022620355416,0,0,0
17.093324099701658,59.64223141896168,2.8908804902094776,2.4092103970380565,0,0,0
21.01326758881703,52.90208062051308,35.03542885467805,14.641427686672328,0,0,1
18.064155122665042,75.84320928688581,20.97143933499005,4.72598812891371,1,0,0
26.672880209503447,77.99132656634042,16.330670957057034,6.433855616102392,0,1,0
26.293420094199785,72.758403425995,12.387222574058235,4.121175486600343,0,1,0
22.23662040206443,86.76959598511766,11.884686325113677,8.690454259898209,1,1,0
17.469158902654105,88.74539695886061,12.232103297979151,0.8794305063387592,1,0,0
15.106727475264883,77.7030978507407,35.392123238407834,2.245162583556732,1,0,0
12.117486364262586,50.574041586834376,28.95180920699142,11.186965551280863,0,0,0
17.09795366973108,81.2853345086481,26.788920313246024,2.7975087510720584,1,0,0
18.263450344154393,68.80996476141581,31.949965958080032,3.5327167733499425,0,0,0
23.51645850208147,75.4500867451874,10.2845865201658,11.894733535872566,1,1,0
23.16319648595147,79.2086270908498,24.721712483270228,1.399517675358804,1,1,1
11.40216279282514,65.76064764471846,18.40264955831804,6.562107341562614,0,0,0
17.905186308623158,91.26943273273073,31.297665408007735,0.3459508049584048,1,0,0
13.635577344347238,56.028869003740155,12.37024441893142,5.202110989768557,0,0,0
13.136254106336114,80.21803132764668,25.72714467479583,10.484721039161316,0,0,0
26.54604299474492,50.19618109804612,35.288496472692536,1.3515491957584247,0,0,1
10.838304334325152,91.60929974323314,16.086019047797148,13.3250194016814,0,0,0
18.383657518042426,55.06268599571412,2.664883494698458,13.64248564411074,0,0,0
13.364073115330363,54.26979035664086,20.64203289367171,1.5748556268770264,0,0,0
27.58660431356948,64.98534348735099,13.838899512281039,14.860986545636651,0,1,0
21.140810265500704,66.81048287175862,26.889015221887,4.462943300932334,0,1,1
14.62761272753696,59.643503254529534,38.04131698994424,1.2615250669740907,0,0,0
20.04854574332753,76.33047474172061,19.42433271987388,0.07600671745893406,1,1,0
24.629727194062315,69.93113441188837,18.647609206221354,6.127843436457939,0,1,0
29.162360178388674,51.53790150684893,26.183392007658412,9.447149785591765,0,0,1
14.40892008490838,64.38434280148853,4.139900143742707,4.982688748549699,0,0,0
27.723635442586904,86.46948111079267,10.140247557000585,12.55076048211934,0,1,0
28.686082283349805,81.03656906878409,36.75917302001594,10.74909413347575,0,1,1
28.328410890641326,82.61918841109463,26.79770453455065,5.252422979520491,0,1,1
22.708287137238194,81.41526158375856,0.5377617593366502,11.01464499912907,1,1,0
22.596413088694156,63.9937859622365,8.185018902360795,14.107316054538748,0,1,0
18.064212663676457,54.48487649345491,27.313490641155962,1.3964399781452563,0,0,0
25.04795764607576,62.26102328148932,30.57596810250297,4.591559402364253,0,1,1
20.625880367018638,87.43033850833217,33.59438290696168,6.9498890867503995,1,1,1
23.54876142456589,94.1211859002382,11.687072135281795,7.469851916321529,1,1,0
18.56915807697591,72.22311566337027,37.24114385110251,8.132934673291105,1,0,0
24.629929280862783,50.4365159715369,22.117875743115697,4.509403598079728,0,0,1
26.48943035209098,56.302016546040306,27.861560895515716,10.008894689735236,0,0,1
12.928725132056321,64.49362588923196,23.86955451119632,9.676267552947445,0,0,0
26.65859431148456,76.03634068668273,4.909602186984818,8.667322594074209,0,1,0
20.805930635806146,53.379214061239125,38.524586375395195,1.7064258256631493,0,0,1
26.893318181804485,92.45107844194467,4.915023195766106,7.154518366439167,0,1,0
18.626034126820294,66.42876529779804,10.195278256447345,5.343403312340634,0,0,0
17.5808097076607,91.06628980661704,32.545115208919206,7.365577047571839,1,0,0
28.30121465034445,85.12348112406599,24.74387846004406,13.82799653272539,0,1,1
15.023385350968026,83.99467726320114,33.52596661505428,7.207970147376124,1,0,0
26.884246505722864,77.30238109020044,20.629447534961795,0.20971187759267762,0,1,1
19.680411450188082,78.205271767333,15.079729414665394,6.582551071261964,1,0,0
20.281908851025193,78.71014558473117,36.873819981911396,12.309722700740732,1,1,1
16.16936562978968,78.2924624161512,1.450092700591794,11.700913848272524,1,0,0
21.460844012380313,74.91777041292626,34.24520881412184,7.700851102922715,1,1,1
16.504223925524226,94.38863083173,9.232711407511264,3.7465351928897297,1,0,0
10.785388284833047,82.95307553415633,33.949453110158714,6.976329943718176,0,0,0
15.43997210688712,84.96258747766345,5.567864536675424,8.455533291272875,1,0,0
10.127580868131814,89.26082667876534,23.20875854762162,14.998071574112007,0,0,0
29.567095741137134,59.70378932266321,35.52431676045888,9.66267135254066,0,0,1
29.31494419639495,53.77118715927774,18.94158587595562,10.413973950939202,0,0,0
17.9031059494461,71.73024964693694,29.86266695213572,7.3718121535207795,1,0,0
24.567417086792922,73.13363130286729,32.18686471422234,5.317343261737948,1,1,1
16.9161219682085,87.3131800977463,29.45976834867117,12.19429475470809,1,0,0
23.42186314171952,69.97026106770511,37.01318947498393,7.423984865088543,0,1,1
26.10860086091958,75.68838614949408,17.873369220797144,14.920351949467877,0,1,0
28.935124893844815,73.71819223310563,6.925017566606231,6.856808614020661,0,1,0
18.00424551699344,51.719125269082596,1.9124425480991913,1.0200042547136605,0,0,0
25.665959659120954,77.68467034686113,9.858394785500204,10.238672056351241,0,1,0
15.318569012642376,87.26194785984134,5.727900155209684,0.699621763887166,1,0,0
29.806646075872965,57.08752466341117,22.31794965737922,3.7575239532705496,0,0,1
10.515391975287024,76.74492802669681,7.39781348846928,5.30607379169855,0,0,0
22.070576130022417,76.71247450008865,1.557348291574847,11.092253784319915,1,1,0
23.19011963302654,57.38832338253614,1.4395931547467145,7.413538896114193,0,0,0
23.760911141482577,55.55586081788312,33.26277993459446,0.4296889696538492,0,0,1
12.40775157578178,94.10233743394181,23.657997257720993,9.252747769138832,0,0,0
28.770595669462608,67.71736263438669,14.323412075735128,6.171543561399935,0,1,0
13.623665581001656,60.23397779255882,35.76912170960988,13.827517649506607,0,0,0
22.45506806479682,57.70960450044687,2.807864456308544,7.493434667103531,0,0,0
14.453521582461699,80.04207711124558,39.212882909113034,10.634627189090084,0,0,0
16.144328340425417,77.42503837972754,24.65167161017844,3.283027384943203,1,0,0
20.929170834562488,78.95984553443378,7.338570158753939,11.414603467974798,1,1,0
18.343868371291528,53.96027123801535,27.16276395907874,10.814329657255085,0,0,0
13.204512019530126,90.20905625742967,30.535250391342505,13.561225628119622,0,0,0
13.418728048416966,67.51698785640717,17.17371133483098,0.5073246257879882,0,0,0
18.36289576325599,64.1016232893661,34.4653042498219,6.712510464261767,0,0,0
25.145659565510016,70.80626512614826,6.029296291858812,10.187331041094453,0,1,0
27.95929293695577,67.55297295864327,11.153503343104333,1.4274585012032253,0,1,0
11.682553245187657,88.86096514126157,3.7396944633595908,6.159061007233686,0,0,0
17.862078151188022,91.81674388390515,8.435113624294086,14.13219904599293,1,0,0
12.004911274457532,63.65539474023228,9.549152476445801,6.5390173633669235,0,0,0
10.331849612651958,88.87711133569798,36.705327636868404,14.78107175220947,0,0,0
23.234373652879132,85.16854082898803,3.124387550046248,0.8525859161972943,1,1,0
22.048988839331756,91.88634525551427,17.096604807508378,10.767446642113368,1,1,0
13.260382276297724,61.05876404836495,21.295947489076518,8.715243543724043,0,0,0
14.676256661861283,75.96316175544406,35.947722152086435,7.508095156981882,0,0,0
10.474155072890367,62.35450631332001,39.907848746448536,14.56271102227514,0,0,0
26.698944113888075,87.08425207179684,30.13552459679343,1.9447560073669297,0,1,1
29.49381192097103,50.239588575697894,38.83163962276118,13.4399842752137,0,0,1
12.709190735893817,75.41686232988782,31.48404530143495,10.368606167049155,0,0,0
14.629504275305962,65.2641544072363,38.528105638856665,3.8849410994944904,0,0,0
27.36819047893868,64.52076681850191,28.290829037778206,13.5250371844844,0,1,1
28.529275959123698,79.02078457392126,3.1905370180428427,6.439423767915199,0,1,0
18.39254765613621,88.31680021912973,16.07680747970706,12.213409921096062,1,0,0
11.012449445381483,77.41379261269968,25.863891352098815,5.8325477557109995,0,0,0
10.787836673856388,88.39278403910251,14.028740378170038,12.763962411498614,0,0,0
21.47899732138021,61.906870034646346,10.935356724551145,9.54943677667573,0,1,0
17.85790217786358,73.37758346442415,23.09597068532364,2.1156995037559074,1,0,0
10.57304855155309,70.27414425801842,37.3400750680974,9.744947452042913,0,0,0
21.665047846251134,50.52402047763933,1.3992749406461424,2.870171440528089,0,0,0
10.22605073178045,75.05654644133331,30.769248141657506,6.17883941841244,0,0,0
25.747439162985458,79.76859458657788,28.909091121785085,2.554433763780506,0,1,1
16.128656454067432,76.63614819885815,38.558137015531486,0.3302417350067788,1,0,0
10.805160060184642,83.13259544525397,37.228448893301746,3.1782980917493626,0,0,0
21.767044419663065,75.71027878038848,30.489302481767716,8.045580355861887,1,1,1
17.953688288661095,53.00376146828406,20.816350587303948,7.22341451666019,0,0,0
29.47600826714299,55.24004858381201,8.170702129340794,7.522456433040955,0,0,0
20.883973250074042,76.84135598947786,21.809428733022976,3.7153031766990194,1,1,1
15.504783620740167,62.37406363881381,30.614079756786154,10.277418009212793,0,0,0
24.188777292679497,53.58403080656446,35.82676850551572,10.563949302305186,0,0,1
15.429840050854226,69.3321234551846,31.588480368421962,5.369517383394983,0,0,0
28.0848658281513,74.94451691376449,7.810677407642159,13.217551327112615,0,1,0
17.49443941014753,64.7935694757323,23.987452569122375,9.660348249533218,0,0,0
20.997371255524104,82.41951660016001,13.28693838125428,10.695589128879476,1,1,0
11.011462076484577,78.969677364556,0.36822669562571964,4.160098769084091,0,0,0
18.522424759044615,64.97682624912524,8.008837431546642,0.009174527333805638,0,0,0
26.6472707932199,83.96926380088523,4.528825997337971,12.980634181531643,0,1,0
26.11297610726684,79.1912769139866,33.70876494157874,12.336365768697128,0,1,1
14.486371177070525,78.6850420423056,10.34025008591248,1.8478783206424532,0,0,0
14.521581420211254,74.90424653541805,11.38791875550222,5.611577024344597,0,0,0
26.346106244264735,50.51253506398488,38.39746287195537,9.920089625828739,0,0,1
28.60796840338651,81.34282325646001,15.163468921954086,9.781662858280923,0,1,0
11.907218425460071,66.92188059991204,0.38342560577578233,12.905255022128348,0,0,0
19.001172788524507,92.4174369571395,11.353845933845461,2.1040224245314283,1,0,0
16.74908557928458,86.80931469847424,4.771983224072498,6.449096216776782,1,0,0
27.413769109148788,76.44625112890905,4.112342469434158,1.4583662688963717,0,1,0
11.670498293600374,61.34818918186713,3.0994916054299804,5.843928726579422,0,0,0
14.222518851160748,59.167282697495,23.730378807015093,0.22661168381556573,0,0,0
25.049366751729885,65.3173176954897,7.573908945194345,13.474095976651904,0,1,0
11.02587697962431,71.44555746110083,14.449711761640419,7.9056599524302165,0,0,0
19.850707614285785,63.32294795175262,34.48070864520067,12.747033912035304,0,0,0
18.842140693594402,73.17182729266173,16.973525591851025,0.8985705150504564,1,0,0
16.688023579774974,57.44166914809337,36.627654002065505,3.4118716570938097,0,0,0
17.891446306378477,93.9970765771475,19.91752213582425,3.890699928317709,1,0,0
20.59881173860466,54.85660497342472,15.95346459359023,5.800372419581821,0,0,0
13.227347167767663,91.93748628444675,30.015557083628064,12.042995585963192,0,0,0
21.439917565671855,91.11101051312127,2.927003950720084,5.79836810597239,1,1,0
26.108646585999725,73.64122168187741,3.5791353192966957,3.0698029446949047,0,1,0
25.20321859580318,82.6209622326238,26.078948556918427,0.9748539050815264,0,1,1
13.077998093875474,69.62217340876646,19.47762852956993,1.192376225290312,0,0,0
12.984989394829478,78.35155598940972,31.616610012768408,11.40070808941466,0,0,0
15.363487354898266,65.32591718395034,36.65083349374126,6.672044865549495,0,0,0
17.221494526820745,63.55215589034504,15.5346751068619,10.892716830000229,0,0,0
18.169111628169652,76.02034037762812,23.85640106338585,10.234306826455462,1,0,0
23.593944336666905,72.41583533827912,20.027865111812396,2.030436926403867,1,1,1
11.133608643316709,76.07913661174915,39.264426225697314,2.143319012884008,0,0,0
10.693454084521328,62.899726157916035,33.243376294263804,11.330130231512008,0,0,0
17.838211258878182,66.51310243176479,36.46950833109414,10.819024402281258,0,0,0
23.94327384275961,53.77540822830092,10.173603503104168,5.670461503114655,0,0,0
13.868706859129652,52.35243675224926,30.901056926503774,1.1613339499926012,0,0,0
22.830089625125034,61.40557083528573,10.618928999905958,0.181470325476783,0,1,0
15.196562758805989,53.34110866987456,8.349701337135595,4.322354241926173,0,0,0
27.721722176270326,54.66986188856333,37.77064638622203,0.13833410380840405,0,0,1
27.91379888533233,86.58177824272717,0.7721766687146658,3.451089316555551,0,1,0
15.94574408562653,51.74931636575102,38.615548146537186,6.292511103170078,0,0,0
14.59987507926481,79.65242572706342,5.970475879552248,1.821236479679313,0,0,0
18.226079441324625,62.26509869669302,32.77752327173073,1.5641663674731938,0,0,0
14.810631703602974,89.21955563186569,11.036902122724124,13.446561535781049,0,0,0
23.447676865834072,71.82465280598748,14.028093097229096,8.782050435343338,1,1,0
26.52129369096571,63.750940669752154,8.670308452879398,14.016835301441722,0,1,0
23.46184261822434,73.29375210602456,23.420561699243187,5.187392456785188,1,1,1
26.48700894498699,67.18811085703709,13.923821900314962,10.157174059937446,0,1,0
17.939843244149483,75.39354791014236,26.29572157978653,3.070375119326856,1,0,0
13.126339414177217,55.15397907468567,0.625892717682639,9.275104759199118,0,0,0
24.759018947951844,94.86457262656481,2.5749953406015846,1.943785950149766,1,1,0
17.209490102831076,69.15001449635228,3.986446109249946,0.031209587644286385,0,0,0
23.42541650458265,65.67037878683159,16.759747412409244,13.972977021143686,0,1,0
15.412878839635313,81.95944317423192,32.59184690639904,8.32341564262814,1,0,0
11.624592696133453,66.37547329228997,35.52711641513531,13.904109941730592,0,0,0
29.851635909755267,87.4973437262941,9.79242960243603,5.007472855531081,0,1,0
13.124030158611985,70.44218259621914,22.97478896956056,4.916791037426352,0,0,0
29.768419879269622,82.38012859694457,30.73459970770402,6.009825026595475,0,1,1
29.545598651328945,54.8353947398849,11.553177196784347,10.590614759372524,0,0,0
25.876362078160792,88.07536334998002,16.36030946945093,8.487129512792613,0,1,0
23.18845924163995,83.10730940501495,20.958968107428557,13.880323606486769,1,1,1
21.556141005021694,59.52725503078845,5.394993856321908,0.3816135169865903,0,0,0
27.322030907556695,56.5378704385604,1.0392917490312126,10.622939069588046,0,0,0
15.788790432389758,64.2331556926531,6.11223237273133,4.954915340498315,0,0,0
19.35362424969754,93.92317637143569,25.074144850141337,2.7035047772769176,1,0,0
22.387799387330038,61.557420855517634,2.944730461347267,7.655934337801485,0,1,0
18.22380951738982,70.5257244025985,7.587854594005132,7.575956762699939,1,0,0
18.54972908180536,51.35091015728013,13.514155427812149,2.055165430326426,0,0,0
16.60569335004169,67.87523883048047,3.1148025722546535,3.0284408419933477,0,0,0
21.28463633369072,75.70940069448963,7.667970846465377,6.122469973523323,1,1,0
27.01149056030232,92.89060756285843,36.450791559340445,6.13217118588473,0,1,1
14.030567560126258,73.2531220223029,0.7719652890793904,4.763372094295271,0,0,0
28.68866077506883,86.85982967799595,26.137276966974486,2.228177272649714,0,1,1
23.78175307496459,74.62074391560053,15.376357236607397,0.06560518651469283,1,1,0
26.465464253600604,51.83532560459832,26.905949577294844,14.553525936420309,0,0,1
21.123813852600232,64.17537238353984,23.54766881453618,14.152488445558905,0,1,1
25.59033402848127,75.89972785239965,8.939950174185771,7.254755687642028,0,1,0
10.324007946789344,92.7767284669006,33.88837950293554,14.925776299125086,0,0,0
26.367608495590705,88.6608661888055,19.677615304374267,10.104814961733648,0,1,0
10.80277718170733,60.27600263804814,32.90144075653887,1.0328630641131231,0,0,0
27.79826752725725,59.904942350862356,16.240501447528768,1.7657729862394107,0,0,0
29.839254944772865,59.05278352012553,39.38742215660956,13.741662658044566,0,0,1
15.881349243535556,91.51245033361263,30.81957434005185,9.450783032244427,1,0,0
14.206371125715872,88.36997688957743,38.63800820450294,12.647754399860267,0,0,0
25.307267277160815,84.8697544513827,20.573059156394354,13.474044744507664,0,1,1
15.060526818405064,67.67308014009024,18.94764529162802,6.719130169235791,0,0,0
27.31124766344407,72.6971316934445,30.218152373010312,0.7278892736503956,0,1,1
12.056851843149534,70.89492851578188,35.211650520537205,2.8242052334598307,0,0,0
12.519103927587166,61.40291484017177,38.56583183462232,0.9985792095365265,0,0,0
29.583031102012313,72.72626207669451,12.982076241299989,2.83109768547761,0,1,0
23.476777965400093,51.37234465337395,31.948182953705558,6.157993896838152,0,0,1
26.937744488579057,55.93146680738566,8.425823905421467,1.7729521577247813,0,0,0
16.48658754703036,89.89653182760259,21.822973869817808,2.500998717080149,1,0,0
23.52967499041209,83.82558951641406,7.193925936367966,6.6873267310751885,1,1,0
21.884836546171943,69.02907840765891,13.895894470013555,5.102564255827343,0,1,0
22.06300240245894,73.27176630277448,37.25433468825837,7.014871862820614,1,1,1
23.650649190754432,66.64994986819899,5.843627990923443,6.437580416385931,0,1,0
21.50718346258197,83.33509402223027,25.29603580540786,9.667170389698253,1,1,1
18.58124738605332,85.28842306544358,23.71817091709613,14.057843233137817,1,0,0
15.518453887610937,84.34783355914216,4.829534108359459,1.617965076663637,1,0,0
25.371626618264038,82.51752761755023,13.039161750752486,1.4889022396379237,0,1,0
14.525448600063724,59.20269524117581,22.51926018061063,12.792091666363529,0,0,0
23.847086123088282,65.20864906582155,7.48714435953961,7.595950569786886,0,1,0
14.666656452986533,71.14304457426537,32.024946256512614,11.496075353526633,0,0,0
22.50660339908908,64.8856846142445,38.886260381389995,3.231328554109221,0,1,1
24.941565342580578,83.9723090071248,8.590375998498882,12.432938597513276,1,1,0
14.374277778130784,64.82090859124796,7.476478591623037,13.85769936289044,0,0,0
11.198866017226166,56.220443905340176,18.197402871897786,9.532245233197324,0,0,0
12.619474859883482,67.95682034217369,29.910611085601285,1.5881853221070337,0,0,0
22.11993934542051,94.09614947520711,11.264024409410055,13.429422212345083,1,1,0
26.98892812451471,60.16466358201092,0.7951963478912161,11.88731591055107,0,1,0
10.899936424708487,77.54713965244531,21.64882512131576,11.263166647717348,0,0,0
24.683025180832924,69.48378724278678,38.2640227106923,0.5509228335887334,0,1,1
16.82637291900104,53.1961055442197,15.651074216277824,11.984437878854568,0,0,0
19.570567398390452,71.95444726991268,16.805382167324016,2.069265157025355,1,0,0
28.577190996911312,81.59739478917406,38.75606868456152,3.335792642953326,0,1,1
16.639430094716907,73.09489891225184,27.784304465069134,8.657022523038863,1,0,0
19.30673867878972,89.24477286859616,28.766876913685007,3.974711593753246,1,0,0
10.273648295213622,63.00216574959122,22.508080214842707,9.920223094678796,0,0,0
11.631974400096768,53.88121270867842,38.984368434529664,9.121056715486224,0,0,0
15.17183182269568,92.14545252461028,27.554659377022244,1.6222439701989395,1,0,0
10.557044816421488,67.01883572876986,35.80131006420678,9.840218693872595,0,0,0
22.62750652096502,75.9382498154135,27.97515462932885,13.85932364737395,1,1,1
18.52796713603245,85.64014067585882,29.404632993615838,2.416648577787497,1,0,0
20.96290405456044,64.59411487440113,11.616436885689861,8.95593031414331,0,1,0
13.492943717926591,82.2274042179925,12.139147920552759,5.127980579050411,0,0,0
15.918640588732323,56.09384824180226,31.31938598304117,6.89417507660406,0,0,0
23.276489497054502,63.10821862424774,11.868251566795983,4.305002686184548,0,1,0
29.306054472607997,56.511978626143396,22.510802832061266,5.311959545215429,0,0,1
11.008335472044184,86.5053751280611,9.974092436268078,0.4336773489983592,0,0,0
27.807686417105323,60.019215585205345,32.679335232362774,14.72327606875831,0,1,1
21.53762402622417,82.28315999323446,4.4200540491076,9.371998831091224,1,1,0
21.278391335112474,92.44842787605437,33.17786559046658,7.51058385740828,1,1,1
20.005570704155208,73.74974940809946,24.10919202030407,5.7557302425049,1,1,1
11.387881718083667,74.30131365173095,7.476381393083091,8.090618382360415,0,0,0
11.797537034723213,70.74651056440155,21.681415420244726,5.70158998073706,0,0,0
22.018240113181722,64.66505645271393,11.299953473893618,5.398618912405099,0,1,0
16.819171428711165,71.40447639162127,12.938693389219864,6.959198125830197,1,0,0
28.34536133155361,77.12633895200418,14.061121663875213,4.139745505067863,0,1,0
18.131810747189444,94.36962074767968,2.5327698788928377,2.7007484995017816,1,0,0
12.865629174052822,92.19940516932009,39.43846737605669,8.349088472704402,0,0,0
24.29437667004072,88.79688312319048,1.2613851252489638,12.641481542254516,1,1,0
15.867068428820197,90.01087410671863,26.49987492737114,2.2924226658883846,1,0,0
20.509406147117865,71.05321324814193,14.849105910297222,0.4910151090632797,1,1,0
23.9566557101034,79.58499472298593,25.84041163786796,3.702176177310542,1,1,1
28.00528222404141,90.27800253212963,14.24993012350335,14.695809651807162,0,1,0
25.84382389603352,67.68278442461089,26.95002585035435,12.43137110615009,0,1,1
23.527221357454483,93.27931152554609,29.169420378734433,8.93799080292895,1,1,1
23.59266364790287,68.71037279311324,27.62210561598579,13.938733728647039,0,1,1
28.91849288064173,77.0487199426947,4.558479254326091,6.679186752558669,0,1,0
15.91648194993072,81.94121209725674,26.275729386187386,14.749209038627608,1,0,0
10.022241883923748,92.77664058841722,11.199501978163893,4.4445306767892605,0,0,0
15.439091187963975,61.00773233235197,1.1520548227733407,3.604586242739086,0,0,0
14.35782759253488,83.5758940207389,16.59322687555816,9.570723017205164,0,0,0
23.236691702279963,73.4367013764837,17.341724112152043,5.672309519255406,1,1,0
22.67423199531058,62.085071327928844,18.68696533409786,9.395483129643868,0,1,0
21.869227654094477,84.94730779083758,28.19296661562865,4.574932774540287,1,1,1
10.324868864189074,74.8500026078231,12.353752365698366,9.268773852569867,0,0,0
24.57556108901295,79.74382192923541,12.611220524156902,4.136193908775546,1,1,0
16.47060824970983,64.53054808600555,2.4220902496504237,0.7645810322833491,0,0,0
23.301119780132623,71.65732783224223,27.47284863969184,13.682038528847752,1,1,1
21.131568570043065,77.78094129446302,22.71304365598336,13.248078028101933,1,1,1
16.854618508558143,68.22098664214298,13.977004507751523,14.561972239090078,0,0,0
12.691525342082155,58.92676429314656,28.207559156694188,10.74790764332107,0,0,0
11.88837795320962,93.27382215418868,21.494309969075086,10.240817666029544,0,0,0
26.63036666224447,73.01603930191779,18.76979783482159,8.385046051122462,0,1,0
28.36795084163116,83.02641666294653,20.452981746445058,1.8891362452878402,0,1,1
22.995760935285993,68.49712371002262,25.453925010682262,2.8385296642390507,0,1,1
12.068682297209667,65.98092938115724,26.40010418298398,4.342045330088043,0,0,0
18.040544337764814,68.32239343102063,11.558312765628687,13.352345438600915,0,0,0
24.578784002103145,68.41384897035424,5.629734535646129,2.594542869046127,0,1,0
25.596417680201363,74.48810521738791,6.26536724762075,13.84309761731836,0,1,0
12.364372445821772,74.45614414916135,25.575635436120066,7.841785995771257,0,0,0
10.000614376907649,72.37192171472923,34.91493143068504,10.733544532096083,0,0,0
24.2427409176121,56.065360321284714,16.379851133822072,1.6536673002084978,0,0,0
17.13192351972411,72.3233965325239,6.780806413178495,4.035503231638663,1,0,0
15.089626632365205,57.609675518929315,30.264099931754185,14.377779122721394,0,0,0
10.257949395790508,55.676110383309435,33.299578976777944,3.9922492039459705,0,0,0
20.805988135229995,91.96905728035256,35.22329772483866,4.447825805867192,1,1,1
27.023014708519636,77.22275059164669,24.273257156549327,2.963960772616192,0,1,1
29.15263292545176,79.6770526156063,34.429142375523384,1.9361049796024425,0,1,1
21.314899012265784,68.08071516500137,0.6165983379363071,3.4988646218099695,0,1,0
20.289226554797885,90.90414013616889,4.289432070780941,9.634903379261976,1,1,0
11.701127709784823,78.70687203108494,3.70304268208395,6.830516002553453,0,0,0
20.977456030851997,84.61264412856144,28.50418737018932,8.306337545068478,1,1,1
17.599581579307895,66.58531110624712,2.783271341743161,1.835472431490364,0,0,0
22.142705617671538,93.20053463686065,19.85457489865228,12.031746707443501,1,1,0
17.774526957530934,86.92075805712417,18.908275945451564,11.76142050869772,1,0,0
14.805982469007335,88.42768083565446,12.428140942329637,0.32384866714013083,0,0,0
11.89930550456753,57.748742034158944,34.81620679768399,5.752726417654575,0,0,0
16.298368891777915,62.19334435420488,6.81732807519984,1.0315590295672172,0,0,0
11.932896685755045,62.85319698576097,14.098511375969593,11.88158669122437,0,0,0
13.53793901647968,62.190915046109204,30.966860000917166,11.059045246885566,0,0,0
29.74672317159092,88.49336729469296,1.2168925757313698,13.529821414397341,0,1,0
18.882071138132375,51.43481578438664,26.918016009854746,3.5460593842967194,0,0,0
20.63743533010033,53.42449950413484,32.655909054462825,6.844438246916983,0,0,1
27.472370574744307,62.326169178345666,37.290713553526686,2.767318157465966,0,1,1
29.911378009813756,58.994283859224964,35.051865619659395,5.568524017111792,0,0,1
21.654288986893633,60.43368262472818,12.775364673347408,7.83364877350326,0,1,0
26.249476420883433,85.9074435163985,23.454565652918102,0.7999618475788345,0,1,1
16.538820486733506,75.34069672514211,3.091739726018634,10.723056160160779,1,0,0
16.11487914894582,50.25967975818356,10.314800141920344,8.149400405566128,0,0,0
18.054074419891204,69.31952445668878,3.7688951499002954,12.4343852581601,0,0,0
23.450145253472982,68.35482170826614,12.607491606158554,4.076707517867958,0,1,0
23.643833785101975,55.12753712500446,35.00748853834916,13.549816579038817,0,0,1
16.304788692989014,80.42638048706557,13.886673586971705,14.98041379545665,1,0,0
12.664198482732573,81.5943734770771,22.475924120057055,13.789476575665116,0,0,0
22.64792512931017,82.4401948573444,17.33523392459763,11.668387137497312,1,1,0
12.56651724377529,82.78119255013664,18.356660971949413,12.185532043106711,0,0,0
21.5698501645866,50.00237721195336,38.78288207346233,8.606163638168796,0,0,1
23.86844256112618,92.9264361731025,11.846178730554318,2.8523079436891576,1,1,0
24.01222992788903,86.63939451745983,25.092978780926853,10.155610277215759,1,1,1
25.069442213191934,90.67917634651783,16.802506783177883,10.691295030898972,0,1,0
27.45718843131329,50.70394828883454,2.4458472419074484,14.780777104018586,0,0,0
19.99917983929577,92.02364581035827,19.57323326496944,8.119519743844828,1,0,0
24.604983790591426,86.44048379096472,32.533733161804335,4.070535225375846,1,1,1
22.383454707316734,87.67486143314144,3.9501187472675348,10.255087826092602,1,1,0
13.732798795953652,54.19793231248858,2.783673895852359,14.690637294996819,0,0,0
10.513792897388164,83.24501130133689,6.1452608157306665,2.6582086240364102,0,0,0
15.690827713538676,93.1962510338941,30.576004455572242,4.88996877803404,1,0,0
18.860674126752386,80.53463036381723,28.959815365789517,8.128214306590216,1,0,0
22.342118888573125,75.6752632081073,22.60071075624442,2.5532195232300725,1,1,1
26.999186610064108,92.55333549870485,18.729056163705295,0.33330959279907535,0,1,0
13.924914334123313,69.93217047804961,35.53303258810488,5.054746836618759,0,0,0
12.510995797969542,76.96821048397155,30.6679129533393,12.98056202251587,0,0,0
29.26959894948655,71.43522320724648,32.477690052072205,0.6520259898557224,0,1,1
12.160891187528142,91.97807996121347,32.53049205402617,6.433935885253762,0,0,0
19.569821402143784,53.423812704447826,25.70868618982232,11.433011593891237,0,0,0
21.711274575866035,72.55038653714067,18.320584972637835,14.297738953663279,1,1,0
20.827488418148764,80.91285986234473,34.58711010342601,14.782130985066484,1,1,1
11.720643140658865,85.63579422900065,37.04029670413003,6.329540709131125,0,0,0
11.140538280072388,76.23583913498614,0.9522417303337205,14.255764415686762,0,0,0
12.109668549220714,90.90129848546543,2.062194930650052,0.5312845992129561,0,0,0
21.71175367745225,92.38961510977423,38.34973187633749,11.188754069978344,1,1,1
20.886897752686423,52.89436504371126,11.086424553767792,9.641190519504194,0,0,0
14.674815840734885,68.10667427936184,34.93477758597675,3.7428278637922845,0,0,0
22.75548283691183,51.05565597745195,15.551804758456104,7.609777510194734,0,0,0
26.401350041112988,64.82374958184994,4.764002304374224,1.9433060664074342,0,1,0
10.831579196931875,74.15906980867709,3.2177280083733706,13.073957264273414,0,0,0
19.962598870960846,90.98577187294771,6.260315963218259,5.36847128318472,1,0,0
23.786208242053807,88.09494451094312,9.995727794694588,9.390667056985748,1,1,0
15.046238541393741,55.737487700239356,19.540734157233047,2.3816442943089338,0,0,0
16.15541810586298,54.186366863340304,28.05991602263134,3.0924726694681066,0,0,0
22.272758059787677,76.51703024405002,39.455943059412,14.87934556204728,1,1,1
27.958705868874738,73.94530876064522,17.660269731566842,11.29629591661994,0,1,0
26.198488406057987,61.98699386435107,20.727397693724395,14.429578046611061,0,1,1
21.66260438199167,90.47538880492259,20.872628055330225,4.437767478180662,1,1,1
24.604434355144985,91.7314884257699,21.57737421951744,2.468443149297306,1,1,1
17.29644940415597,68.11751472530732,20.70962628417849,7.546026952182464,0,0,0
22.819310561975154,90.06361507010841,0.3509902024767131,7.4200242334101505,1,1,0
19.32363182255114,67.27770024183377,0.06899288439362827,2.624197706369818,0,0,0
13.79872272915122,83.1567574323365,3.906652725044917,10.998293543721154,0,0,0
24.034765477545143,71.41739978964759,4.062264137167153,5.426663016581011,1,1,0
21.12929274697644,55.51624204282324,28.195876358191843,2.795478463957759,0,0,1
17.172431639071828,91.75703905566597,8.19664130063999,4.9797509181493265,1,0,0
28.226783801572616,70.43434670198914,35.78856419022451,8.454880494525227,0,1,1
10.418682356534665,83.05191681450816,37.14425318308078,10.897063982706648,0,0,0
16.31546302498992,66.52282164940814,39.03573351583595,7.228363290862268,0,0,0
11.137627955552931,50.84963953593056,37.56325219548081,7.883924847425602,0,0,0
25.330546324432543,54.523866141132615,10.875532876740985,2.084189039141226,0,0,0
24.042149082275852,72.3298765770466,20.3910737881405,13.720363870623482,1,1,1
16.62704437472634,81.04839607068631,7.01819880787764,13.930862969880666,1,0,0
23.51325804414146,65.06308969606756,32.24838620689732,10.251398856270056,0,1,1
17.918744523918996,81.29698066299426,35.537268205763844,0.2644711340103706,1,0,0
25.125075828448686,81.43860152443801,34.0515535719006,8.05611323854989,0,1,1
19.083673254734123,81.67711582975238,17.334677947873395,9.438284581329203,1,0,0
18.24559455663331,72.16348343092288,30.34695538747124,14.91981334437165,1,0,0
28.694598309766018,91.16987675546767,3.9031667830507777,14.941004327921952,0,1,0
15.017581997814005,72.01384330912771,1.6097908247700277,12.864168529883361,1,0,0
12.408946799931309,70.26193370734872,30.129456572350435,0.957464880391703,0,0,0
21.690862265189164,58.97213685547821,17.01421097314735,14.29914586168095,0,0,0
29.386436245683576,63.84447893103514,39.82197058958277,9.189918707279986,0,1,1
17.556784274543734,51.90505216332365,3.890168634221296,12.013301557187692,0,0,0
11.24073527257563,78.50908821272766,34.22510726140935,6.107892745287804,0,0,0
16.78610534619135,61.18410847671918,19.19932262115967,4.795042068518846,0,0,0
20.11863308639117,63.686986451845925,33.08600782015508,6.94866218225712,0,1,1
13.238460132644274,84.68665347489446,32.68509128680579,2.203117694532404,0,0,0
23.16204436112984,64.72495324226543,36.639680054483094,5.355992081299591,0,1,1
29.95498778020401,60.898815140591395,11.91400045144411,12.86426249652418,0,1,0
19.034789519628877,57.607598711016756,37.991974138480124,0.5692572939132223,0,0,0
17.09457113460425,84.86862809818803,6.066678414304811,2.2631707023690675,1,0,0
18.014083336689332,55.83678160955121,3.278751103739621,1.876742394742283,0,0,0
12.302923567904022,70.41891921126592,17.264620694893967,6.046133140503421,0,0,0
27.665472028524476,72.81185522347374,33.132918745673706,14.954803513362926,0,1,1
18.29651311042704,80.93254607085716,18.936845225337823,2.60036895317074,1,0,0
17.745488228496825,78.4977567049848,33.171467101220564,2.1822397439889025,1,0,0
23.193805458609486,86.48243028253287,29.187472231772208,13.725835946642317,1,1,1
18.84066841862247,52.01381452668072,8.377135445557343,13.230757754489485,0,0,0
22.96466937615692,63.33983261507287,37.95526499597855,0.4836055499483166,0,1,1
11.22892580261575,62.60603534489209,2.4312467451761366,11.275589402689725,0,0,0
26.27446687444455,56.57076075164487,35.931188301751796,9.831985522146443,0,0,1
28.81007905758805,63.01302142353994,12.17773795961496,11.516112147790635,0,1,0
22.97530772318772,63.93943913643065,20.00592332657597,7.417536821938832,0,1,1
29.091318577176214,73.48480078673651,16.89407490802938,14.870688276724433,0,1,0
13.028646287399265,79.86670155168153,6.873382276676647,0.6577052806644479,0,0,0
19.548323789607075,67.14952311253163,14.325874656067725,3.515573796057086,0,0,0
22.036134678908944,82.37616040910216,7.717377451711811,5.948189804604226,1,1,0
21.634732948423732,65.1274402360811,8.155459018420954,6.746669123485548,0,1,0
18.029235581780867,63.06276547916421,7.482273441055214,13.82051104049278,0,0,0
16.761688187325227,74.3534625135661,19.56069521386377,8.400065461158883,1,0,0
12.536480451008376,51.06723621376058,31.917254700452624,0.6766649328059082,0,0,0
17.834849011245563,53.59051056353002,22.75880135044964,6.117944451384928,0,0,0
13.253216302109703,68.80862946139372,35.72826354203367,6.247356185536049,0,0,0
24.687313529844367,92.43107201262904,25.461779543068968,14.482364076566771,1,1,1
14.1766187098918,82.46803009295407,27.573604625304178,8.987956365316624,0,0,0
11.171306105690677,53.9656956275251,26.704289189080125,9.534766067384082,0,0,0
21.047322756344684,88.08431057513931,17.978367727349646,10.698795468769063,1,1,0
21.90459465438803,82.95353467736814,27.573552888003313,11.55058973523185,1,1,1
27.43826122561011,77.49259365661939,2.7883098587584465,9.525766053037337,0,1,0
21.539632248353637,86.91318322741299,34.394058876626524,3.5579152670090326,1,1,1
16.909617074468915,68.18494314843306,31.112485737756693,13.110688715117464,0,0,0
26.06023763052641,59.967547288423376,9.809198329267153,10.981797006159454,0,0,0
20.80557786374842,73.04105250989417,30.721298170163294,11.128057276454339,1,1,1
11.585605692623835,74.69787900170633,0.5057040560007398,14.948351088521237,0,0,0
21.317011206264933,74.22468674044605,8.689862899235216,12.037898022949738,1,1,0
28.160370908433247,75.42832061660474,2.6054895468358374,12.437271047327298,0,1,0
17.92625250996441,92.69172132076314,31.209076664715788,14.271082735652376,1,0,0
15.926516037996002,90.60105303933041,30.234966047135487,2.2670099977334077,1,0,0
12.8693891403604,89.40726664515228,32.54544095207323,7.465910647171018,0,0,0
13.028910438707147,86.06375649088822,0.1792677330211534,8.708505353861813,0,0,0
18.655429686836378,92.45426482693784,20.04930906713632,4.9391359383368645,1,0,0
21.91359648323059,54.43225887557315,28.19344790069346,12.591050158417584,0,0,1
11.612308103392035,61.93054676505828,6.216045149560618,11.436294324685852,0,0,0
28.791371780503315,72.27751755445632,25.991629100504987,10.81324611762186,0,1,1
25.10267234890392,88.09405219055324,3.3644039723874286,14.957241596372503,0,1,0
21.732478365673252,72.73245701852296,7.253034244172527,3.8907206011258575,1,1,0
26.568773418779816,83.66156327037149,19.03187259978404,11.031858775131319,0,1,0
11.603735136242266,56.25319573620123,26.14260610724408,8.271067123588509,0,0,0
19.536777554662486,61.35862158394521,5.8347650781558436,4.694837737408141,0,0,0
22.601862537233266,82.92992427669526,7.408933233237516,2.4088030608468873,1,1,0
26.573058122365786,57.41303039994758,8.17785468262652,13.438257556013207,0,0,0
25.669391200985352,65.81101705947171,9.548032187959139,8.93183224061768,0,1,0
15.541384994267993,61.91898160161071,9.06215394105165,12.374007564611919,0,0,0
28.817603391184086,65.74377624001153,15.805964339905469,8.180174760023172,0,1,0
12.486916828617407,81.87458220850866,26.151586033468917,3.2996562098102933,0,0,0
27.502672372423042,66.55312315142605,17.521271325378788,5.063232196504879,0,1,0
29.418804992092372,74.98684951735731,31.038956349995527,5.7230826371031975,0,1,1
13.543070464452512,54.49693446744843,28.770740237944594,14.594022187555534,0,0,0
24.441321284075705,86.22579619555825,5.061076561963027,0.08449917572073751,1,1,0
10.805710375559968,66.64498815416562,1.9536649328297573,14.784990345367605,0,0,0
18.1084565027831,79.18403715650041,35.11766255998425,14.706924526647459,1,0,0
20.32566598395348,82.64253207478247,3.193242662514937,14.942261857952047,1,1,0
21.612904518192682,59.434741495026515,5.933567228788523,7.148822683794521,0,0,0
28.71874496497119,89.81037432290074,0.8853310223247224,14.457134544314995,0,1,0
23.445013745883895,77.73009132231289,25.13345461194615,5.93398772774741,1,1,1
19.625559024384742,69.29263137881667,23.29482252633394,0.39441661002580064,0,0,0
26.193500725317787,58.20508326101988,39.476146657410226,3.365207795576468,0,0,1
29.01065641908818,92.4035422055543,35.47729585268688,14.179443674060769,0,1,1
10.441322973645818,83.97806918592313,16.43372709923639,0.2064704000309997,0,0,0
29.650425445120774,59.361105322996195,14.8634336365014,8.189912031344626,0,0,0
11.722642781273606,65.1969848625901,11.874081371199402,1.1340238334201858,0,0,0
26.287735585375227,86.43534161396329,6.096276801515255,4.295948676413677,0,1,0
15.60669505102825,81.30549484469026,5.523346264080362,1.3213927606782998,1,0,0
12.643593155077435,84.4602931722076,5.291348320384217,12.892929316695845,0,0,0
18.7971127942767,69.85404959958196,4.564590287471142,8.866060644715587,0,0,0
22.87913158895227,82.24143181889751,9.620481696221477,13.531596985774692,1,1,0
17.6190369004695,67.39221752887612,12.266745212524658,10.325297993103424,0,0,0
11.09130816565398,59.50683126221884,38.463158841556634,14.565436968676496,0,0,0
21.98922279317433,78.4704665678612,23.13893004007543,7.648164821406099,1,1,1
28.048065522213495,93.92062665194574,39.50383098053124,9.580658726443119,0,1,1
17.664307318945035,63.977043712789836,14.89867791302693,8.644632298335848,0,0,0
14.32665555261654,70.74363164956428,18.305065303577642,7.263906441699191,0,0,0
18.851546918656307,80.33006169814341,12.983146366611166,12.689390481345189,1,0,0
10.967254220975617,74.36778269551195,7.315506035862107,9.667877035055403,0,0,0
26.409751689605496,87.95425080690723,5.726588311103167,12.019683972832093,0,1,0
26.526816219003734,84.27842179112821,37.80316791231328,11.795459049036198,0,1,1
21.76000926859257,52.62337417380607,39.47242727195023,2.8656774098294298,0,0,1
17.062057778767787,94.92895552656984,1.796379860349262,9.752452987764656,1,0,0
25.99566728891567,83.85811041737603,6.013834989270661,2.994720287720012,0,1,0
21.093740495767342,88.8756492332351,16.940963692040903,8.749807173656563,1,1,0
26.518646171000324,79.30389704429058,7.453339053776293,10.161520266694508,0,1,0
22.629175851660413,88.53283076210431,14.555215745075332,14.958526073813802,1,1,0
25.688109464255945,55.05723387179192,5.1638539943853345,0.45812967224607537,0,0,0
21.971259864355197,65.6482026001692,18.260470268871607,1.3686359117058138,0,1,0
18.282821364313325,89.43894246220216,10.867784646770371,1.1554004455684725,1,0,0
29.15891719852275,59.074484507010155,14.076202230346432,5.975419294001101,0,0,0
20.822276497576894,53.520894436101024,3.7725060585099035,12.323825422287205,0,0,0
22.101790370810768,85.46535229753485,17.12512202840567,12.660844991807036,1,1,0
14.409752788294984,87.59687700394832,39.33030443846279,11.054693935817275,0,0,0
22.51301578854553,57.319349818545525,13.153321875247613,13.453173627449216,0,0,0
21.432152989658878,88.44556922522219,35.057170993697405,4.842899162541788,1,1,1
13.696767958940498,80.90455080187263,33.727965664947405,1.322319663784487,0,0,0
11.191741947062875,73.40372074474628,38.082336731888425,0.8722954198477517,0,0,0
22.087186394295422,87.36125867516233,31.60438049068378,12.781990794290795,1,1,1
25.27384538700641,68.86621621935346,26.383873082352597,10.95654441530537,0,1,1
20.468027418440165,58.729728030052875,34.263377769098305,10.479229590166813,0,0,1
14.535452506392915,62.81837044747761,3.0257872262939856,5.095145078185032,0,0,0
23.330439533860698,72.73238082319916,18.51322628795231,5.698577829273393,1,1,0
11.602114532192045,73.90988567029291,39.570249544602355,14.371702933489788,0,0,0
18.83667409603909,86.25113718985551,30.78400605178929,0.9570711614690253,1,0,0
13.267335167968405,85.61087256435505,38.483015121488926,11.60597605406689,0,0,0
13.689181021197667,76.16149507420587,31.185374245339162,4.644499855625897,0,0,0
14.045878983164073,85.13534675144643,34.99527869768577,0.5858192761883413,0,0,0
17.734141140879558,58.62980562321519,28.26118529212764,11.138551661136841,0,0,0
11.023004112407953,52.252903719198244,30.42008017668959,4.963678285175619,0,0,0
17.955868818581962,89.31352201856151,20.927120393580026,10.83221278114195,1,0,0
20.234148942294016,53.39995221932463,36.969508032565315,10.614815746771802,0,0,1
19.665885699326502,61.100979338479874,33.00155642493446,8.021803131496727,0,0,0
17.65568200806081,81.2893527330973,33.755398626625286,11.660596938158232,1,0,0
26.78293216141505,68.42515719322891,26.920364038522095,8.715574862568651,0,1,1
12.906533848410081,89.4341286461979,12.18319788348996,4.29955279272391,0,0,0
20.11393487562748,63.409090759802126,1.4251918156055732,11.011729515966286,0,1,0
11.240828339131086,50.53421060012117,37.426205176381785,8.837097238165853,0,0,0
11.423113577558194,63.52950382523348,23.444813952219874,0.19090922534880816,0,0,0
21.477316993541926,76.01337721331743,11.92571884592561,13.52466266655464,1,1,0
21.32036849775642,66.9172268931482,5.965404313901512,8.184654274864702,0,1,0
27.56067025688914,74.06927400914398,33.180926620030185,13.029408982192976,0,1,1
21.157473513201463,89.44691534757584,33.460807777903156,13.24105258473367,1,1,1
29.195820408097003,91.06182744036659,32.58031872522126,6.674499851026328,0,1,1
10.973896967998595,61.968832909435044,25.80330767867145,7.614899946768464,0,0,0
11.960153695614821,70.79632129714554,14.640615503675036,6.236315815134029,0,0,0
10.881317231407628,74.7114806858653,12.16281139121028,6.741551629620682,0,0,0
13.7055370066708,92.71006055997111,0.3421908047268074,13.427207384575917,0,0,0
20.82540221883356,94.93777936239731,33.34430234752961,11.822160209518666,1,1,1
22.91144362854856,60.5933261978687,3.4973078997456986,1.8978851447336698,0,1,0
10.911703158973376,82.7140942105617,25.230199921630707,9.154616723101439,0,0,0
28.919417796911986,67.01139780049378,20.162997873603533,14.938599605795133,0,1,1
26.84330753300762,50.36486885987959,21.067574357054045,8.933260518487286,0,0,1
15.932249643141862,50.41636350961561,37.06851381231093,11.788074383896582,0,0,0
11.54375060452936,70.72547034030151,1.2646004508496844,11.535922100717563,0,0,0
13.397741464381145,71.97507108519505,30.935688985150893,5.254762888084929,0,0,0
12.538888275099453,51.01563634580492,2.082095934692285,5.577739540559383,0,0,0
12.465675585978937,80.91173375484361,1.526144237415088,10.861146326856048,0,0,0
20.371233773314678,63.230152486772894,17.192707925655277,7.499752974072527,0,1,0
14.916948849868007,75.19518956911773,2.523006973718669,8.55856063695582,0,0,0
17.16279433058289,63.541358292443846,31.565758051716482,10.693586855472564,0,0,0
29.790106667686448,57.521044169118824,21.182523745933487,11.663625405585753,0,0,1
23.686284978506897,68.32281823694939,1.1615513063909777,4.0727486659960705,0,1,0
28.979613340940027,60.452301415572535,1.6200274592767805,2.201906391554444,0,1,0
12.851131100662311,74.06604396136257,24.506741189579174,4.376919700855878,0,0,0
17.642789496651385,58.947283862891595,32.2444727063362,7.613074876381133,0,0,0
21.094636065647087,72.87826894900822,17.511981250990942,5.132119759455587,1,1,0
11.53516123777476,57.08203316909904,22.183226861424977,8.525441382713908,0,0,0
10.083748872559157,80.19386192686032,31.993178161996063,0.8019858618844267,0,0,0
23.40868667593835,83.92719579986408,24.420246961672767,7.646256174206508,1,1,1
22.836390336028707,54.96774054124702,8.99040950635278,5.519773604065619,0,0,0
18.215776199992234,71.05110854168026,24.522081034779145,8.020001323393236,1,0,0
19.792881520640652,53.18922652946931,25.13117836260854,6.338000323274652,0,0,0
18.308860011841794,76.91821004939011,29.364279235245068,4.263387759563137,1,0,0
10.480100896897778,61.89819340683404,24.83496750227205,13.561618581864536,0,0,0
16.707432124349246,73.74310055774185,38.76968521832152,2.771474826320354,1,0,0
13.541645107945797,73.2857454222931,7.891532348682739,10.220483633708394,0,0,0
11.968483782027375,91.59594557872103,38.04362718268305,13.869670688736212,0,0,0
29.134408677786997,74.70874501559253,21.53357961400065,8.080049395281495,0,1,1
21.987194500843312,76.23493158732421,26.87824561979648,13.14612732869223,1,1,1
24.573125684732055,68.07439065939711,3.978463898087594,1.8727721764992655,0,1,0
16.30727486532235,92.70858214322675,15.22303765512428,7.406831553846121,1,0,0
17.862942589880305,84.97336592478243,30.775165858526904,6.85537920721409,1,0,0
14.73847987793447,62.84323806362787,28.276440603959614,0.12178210555492286,0,0,0
11.939313419308494,87.98943135993045,1.6055755266164073,6.648860120390017,0,0,0
13.580632748831675,69.45783620832904,21.863770539889785,5.5354463457389675,0,0,0
25.950280905929716,87.29002145901173,3.5311277187363777,10.04698091661923,0,1,0
23.55091610367552,87.0299630732076,39.834257167126495,14.074946678647779,1,1,1
20.93857751970954,58.49915840432845,35.89186354133179,1.2868663239305478,0,0,1
19.50179745733536,81.55135091226096,0.8432264171414783,4.912145800719347,1,0,0
28.44868567312249,63.0789336187939,34.345983156105234,6.660971060913779,0,1,1
11.454698955573368,63.38717014967007,36.77718402233631,6.827780670515749,0,0,0
15.612016264758319,63.33566345962613,14.141928902538204,11.622145812633807,0,0,0
16.998757071414282,82.65057114019767,28.780066201910635,6.650934987501612,1,0,0
25.648516244255756,60.342171880664125,17.684149848311158,0.40741952180480046,0,1,0
29.850292403239425,50.04076258607406,26.209299383053764,10.65156141889247,0,0,1
14.813410295143061,82.18565840671849,13.61269617192766,13.272445427185074,0,0,0
27.486146682741612,57.70331347258064,12.902369465330734,7.708570688245093,0,0,0
26.612455208635826,54.70170778885256,16.977355554303163,8.71662782547758,0,0,0
14.493147952835333,60.68822542673271,5.822710346100046,2.444046584535691,0,0,0
17.986651603984452,67.09552350452168,33.2455585774153,3.3096891701843556,0,0,0
18.193457385850383,71.41578473629403,13.947915814465466,3.5275535868691765,1,0,0
29.564413370531167,52.00565183206839,16.005982156233806,6.4611296232194295,0,0,0
13.617838027577967,93.67579996823122,35.76218450808578,13.922178313434632,0,0,0
25.98315942209564,82.2228374038801,19.864952562526852,7.826771500723291,0,1,0
16.683854283462196,64.54373293959513,21.770156374034517,2.8814646780202895,0,0,0
24.61740691552321,64.34137657784288,38.25992499108394,3.9913160380342445,0,1,1
18.400220085913258,70.18441472158068,35.469055325799566,5.760225445907764,1,0,0
21.5671952623308,78.18101702433648,6.77866835553758,9.348884635391991,1,1,0
26.652235466522622,56.586787996503546,18.928601196724202,6.60049729506008,0,0,0
26.083311299677682,58.501841619422855,38.85184909714182,5.886672662653874,0,0,1
27.328463670794005,88.67455622750978,14.894651929144107,8.470929005984921,0,1,0
11.19234650689318,61.53147157500827,14.862924340648004,3.6275249243169823,0,0,0
23.841011060794898,67.10877490888299,7.801209271566174,1.1835490887687328,0,1,0
12.799747534435257,89.20723329275526,4.5729245647650085,0.36621472233333174,0,0,0
18.31637136036822,79.84165232299202,29.61219163023927,3.768887452006906,1,0,0
20.971768301093768,65.37703457037597,30.80121874806066,1.3738805121670306,0,1,1
18.054789694936616,80.76647955760794,38.760518540119996,5.045109577811502,1,0,0
20.392233516060152,50.88574469216362,30.93672843621452,11.594003105396334,0,0,1
29.930526175972382,83.10391970051143,9.734099761343948,10.744414957302574,0,1,0
12.704346274257095,71.91572182323077,1.604663131540618,9.163914341820432,0,0,0
23.509120906728512,86.59319662780075,39.41749537478641,12.78750365819218,1,1,1
17.920019327712303,92.95869434029107,13.61802782174423,4.231014368164151,1,0,0
12.660195978146575,91.66048472725558,12.47886169729683,13.275806295449485,0,0,0
13.174735267486192,90.91692695549034,36.2382083899753,5.988587545037688,0,0,0
28.98546212491234,73.04764801702493,23.403995941799444,6.0133997739993985,0,1,1
27.592029934235242,66.20639513625221,8.594846953965384,6.080274204382823,0,1,0
28.140839208300438,70.92658961288028,35.563849708649585,1.4714154936147217,0,1,1
29.83065551654773,81.04532014910123,39.73443420218973,14.632357474965836,0,1,1
14.166307800170358,89.7798999592034,3.467142446033229,2.0776016673773876,0,0,0
17.108786747281236,59.31438363500538,34.49006513209949,5.113285867037768,0,0,0
23.384380598497334,91.31869213077664,15.62062790737576,4.789504804901357,1,1,0
19.676050797212945,86.683110438645,20.962897860268175,1.1201914922506444,1,0,0
18.36779066756667,94.04852068302056,36.59263903059923,2.28390195167815,1,0,0
17.156224986711862,89.61132979767592,38.93516783100469,0.6728750427807872,1,0,0
21.875612638869043,62.5971798361358,10.486556416351975,4.386067403407702,0,1,0
21.51186857280164,54.76801601048214,8.51403083839655,12.999853860433598,0,0,0
13.229156681284802,55.05084823962149,3.220662343660474,5.091633086060767,0,0,0
19.434796750368783,63.105049336022425,22.47191410648552,1.8553774810106882,0,0,0
21.069435524196997,77.63826757930427,0.5441758180267309,9.68540802575877,1,1,0
21.40573877462781,86.19441467437277,16.475931904397463,14.949013680823658,1,1,0
14.202143858247036,90.46626381417042,2.935360666080342,3.4848568429789135,0,0,0
24.845427845045734,78.06890229661548,16.20903131717336,4.193565080558542,1,1,0
10.503981896421394,50.25340907366242,1.5972875706243705,14.577705814211829,0,0,0
17.096637110863252,58.38425494333401,33.40869042435075,2.681644313257307,0,0,0
25.604252970712672,54.48767917340156,8.389559757542635,7.668211011887458,0,0,0
21.277858421108046,66.34960140060545,13.132348414316478,3.5947819952414233,0,1,0
15.223248650217204,72.56079471351856,34.80191986425567,13.985278468518658,1,0,0
23.899062386860955,51.952873036035236,29.850642453288202,14.72281521864441,0,0,1
21.34781888312147,65.6815089108045,8.761534465682338,12.22046769180023,0,1,0
25.924872189127743,58.06308535813952,2.875976746299842,4.721757237192159,0,0,0
24.700503723796466,79.11815748164932,28.62695107421358,6.052312129207575,1,1,1
22.202158440724695,70.8922566195953,15.628102027524374,3.6345852549963205,1,1,0
19.76355350621628,72.2892941120259,30.64319996472885,13.361369505134872,1,0,0
12.663642513350467,69.24613046150574,17.811790895008418,13.718374165322372,0,0,0
15.226660357707676,93.02088697189552,13.840096518891055,6.283059933690708,1,0,0
18.381989458341707,59.66308063047035,18.04821632849586,9.847996048545028,0,0,0
21.985985740127774,73.24989169297434,29.942359426827068,2.483297696620408,1,1,1
20.2741571043061,83.12078157644012,36.088811461614966,6.524038505451135,1,1,1
15.76369051919059,75.05799859105531,1.9906878635430214,9.472486600102464,1,0,0
10.129287155794211,91.80593985725605,20.964461649078206,5.781046777770293,0,0,0
19.924784438016278,67.00857600385778,1.313417163355104,5.3639928852968985,0,0,0
15.712519771244862,70.865411259793,18.73638180097435,0.014984884004139998,1,0,0
24.692166014210702,53.98350418466278,35.41131316387602,12.064401956656711,0,0,1
10.47892530540967,77.40495999733679,14.463610656812387,13.340064180321724,0,0,0
21.696556226115817,62.96953858016477,37.29801684322573,14.541952943187482,0,1,1
28.82948475012131,57.213906778200595,25.224338866024375,10.789070776038233,0,0,1
13.48818534222999,74.50390818070287,37.36621375172025,8.231884685548268,0,0,0
19.432989815011908,73.95396185209597,30.286665016500788,4.03926779713064,1,0,0
11.828439836342763,53.41422385508214,4.137406665950492,14.989492139452476,0,0,0
22.513638245227053,81.41969540725128,9.246054702507083,8.846292817981583,1,1,0
21.01063361192451,78.06974857928839,15.766818183340249,10.217311084956693,1,1,0
18.147310484256646,58.505777723592374,6.804275280483041,10.236092429329766,0,0,0
20.427540429474824,71.12456879693198,19.79646419106642,12.678776936357721,1,1,0
27.931493169380204,82.4145312415352,18.854726228059626,0.14508808270378815,0,1,0
13.92588604622134,73.82460832435744,38.25036792109525,3.3037041064705774,0,0,0
10.451290234106946,67.79700842826065,17.34911531583911,9.983010002550209,0,0,0
27.23329769398202,64.50523061364247,31.42507217151991,13.427186052368517,0,1,1
21.54234164775813,77.46772399898241,37.676421794059195,10.280081728820344,1,1,1
27.81316910923685,92.25989142396082,35.07955323895942,6.202369372405202,0,1,1
21.938904468263452,80.22851782148675,8.346704980463674,5.423332438053924,1,1,0
26.20322179919405,53.3635656636342,19.84119577014177,11.069220124249807,0,0,0
18.59346726710296,70.73082380669602,13.909591291837028,11.118565457057901,1,0,0
24.997198625765375,90.08708591797824,15.99434780548862,9.105869887585355,1,1,0
28.26082933779712,54.250809161048906,14.432273049830048,4.372005361460055,0,0,0
21.442459274444126,94.49940704618945,33.05436840700017,13.877322275858154,1,1,1
13.615703011247591,92.70812271404395,18.085562204897897,8.278199131779587,0,0,0
15.375952300603963,53.52235163284441,20.947773289787527,11.857385343724959,0,0,0
13.972891537948115,92.00359942022997,39.29789428188299,3.2146239324274744,0,0,0
14.93714055191466,66.3409665616758,2.3991708876606577,5.160611829220918,0,0,0
16.128308987020727,88.01191251841382,19.518305591629954,13.118692745810137,1,0,0
21.10267573506377,68.82725019709721,30.962468277844643,0.7516054490995261,0,1,1
21.759832589276655,69.83848007161322,6.046478327529061,7.684729668849931,0,1,0
18.52999494483722,78.54093909398942,24.461263784590955,7.2255821976601355,1,0,0
22.308415596416708,84.85148386741925,9.57859118137867,11.268452833621232,1,1,0
11.631498512227319,51.520511792671186,34.696164528982706,4.228406558989986,0,0,0
11.7557647411632,76.69201979872105,13.083986616003171,3.286002327893992,0,0,0
13.436589207153169,58.4029847343817,13.162512676036382,13.891992581598506,0,0,0
20.361549960806897,65.56772830384413,23.92775514071574,8.575644779376972,0,1,1
14.279893573966271,65.65858997698474,7.342516324796349,1.5703435242548176,0,0,0
15.665688069851546,71.10771530995191,11.395545556122443,2.895542433214816,1,0,0
18.00625672345988,65.0361385344278,16.66527400477646,14.982390892713724,0,0,0
26.237322480207595,54.83125033028005,14.145514525604415,2.9341349437828863,0,0,0
10.277242718257202,56.55329323364531,20.995088720223297,9.157132670305181,0,0,0
22.987576404732447,51.50470935024939,23.985605762758652,6.301921184934272,0,0,1
23.377530620813708,71.16120883979394,22.66669815000658,13.28398642274753,1,1,1
25.97311560713273,92.95014626838449,26.16673247967729,11.327528884429917,0,1,1
28.655058781206264,55.20538506416524,12.30998066431281,8.954270943927238,0,0,0
10.402756978985796,92.58190218513869,5.057049086201122,0.1610847269697374,0,0,0
13.075674110264323,83.0012681629442,30.432301657243084,13.196928112401894,0,0,0
27.723425881119862,78.68744613203734,34.03121530522728,6.670012062580744,0,1,1
19.170371243740306,79.03749898956033,10.28024928889729,13.973664795278648,1,0,0
21.291812778669268,87.2027441778327,16.28367824632079,7.433085192813018,1,1,0
23.26054407446295,54.81139389709196,19.942768678542212,10.413367337740883,0,0,0
23.58133208991275,72.71394456044938,21.333073710117457,1.0393897419996323,1,1,1
28.634808066330166,81.36910122173413,26.379606843506075,11.177274802901787,0,1,1
29.938988348233394,76.40692002831037,1.6641293342128538,5.069940469678843,0,1,0
24.403149218618804,87.47505819604825,28.85908330936068,5.270385214976713,1,1,1
15.744424184103016,53.25222690551082,2.478840279176411,1.7798376706408492,0,0,0
27.595048045886873,81.08154677746246,18.731542706914716,2.202857229603034,0,1,0
10.984418290815231,74.0312478673123,33.10684542276776,2.786385843093152,0,0,0
14.621617057489924,67.06223887909745,18.048612531135852,4.923092528571336,0,0,0
27.947714349274296,65.3123742005314,5.963589950729911,13.379548691634081,0,1,0
15.123830288787099,77.93746847483868,39.40135380023839,5.523903573451207,1,0,0
14.41302119243497,90.09479185899193,35.57141848297053,10.865440598448277,0,0,0
12.762505862804945,72.32791667455018,30.85254532900056,1.2412125583480709,0,0,0
27.18223515293833,87.1125423834614,16.460464115968417,8.866481989079888,0,1,0
20.001165183821733,68.09703718297854,7.353829075571912,7.228368469056593,0,1,0
23.497864061083096,54.607750825692946,37.65644725674005,14.669369204317569,0,0,1
14.781327681500594,52.76775814063873,21.294045060685562,12.693116548184445,0,0,0
25.160808420224328,52.31004670956549,34.094218415499405,6.822446586579746,0,0,1
25.20011089924197,67.10675638809515,13.683800230377031,11.627141460680082,0,1,0
16.251960498166003,65.17569878761289,13.411532683178823,2.8955811194066627,0,0,0
18.213652660205657,82.30716606301563,39.42161922696157,8.435044910876671,1,0,0
14.193805548604017,83.42696757131895,20.873321939793993,1.1192858335306228,0,0,0
29.531220466458088,52.28842859751829,5.627816954429852,5.221335483775246,0,0,0
22.912051541168232,59.95054683000568,8.786987119788296,3.3879327243325545,0,0,0
28.69087761431031,62.34178325715049,19.277771175708832,10.783647229878163,0,1,0
16.067710872582666,74.64253928642643,1.6988364195364536,7.351360368215421,1,0,0
25.637818259937795,56.50318507581276,18.50135941513202,11.266057182720157,0,0,0
25.31717287769484,56.027354873000014,16.757633683205103,7.729431564471684,0,0,0
23.833113037330833,92.47050001435811,31.17345061277948,1.297266632274578,1,1,1
29.31277950533601,86.18913082840015,14.19767857956967,11.030514745987901,0,1,0
17.87110672212631,58.12947059410266,39.30195046158397,12.498438959817085,0,0,0
12.614346471795146,68.2955513557471,7.2307967720361255,13.552968388691887,0,0,0
23.434177184881214,66.00298996659045,23.639467398725394,8.579879179600622,0,1,1
24.586196009544125,85.59518333294332,3.587971880330185,11.303780384992427,1,1,0
21.501211469176294,72.9595812415155,29.35455935975928,11.280665053239407,1,1,1
14.136357862667925,55.75323816470602,39.79014752247886,2.336246396984165,0,0,0
20.089118833387108,83.25464284203098,32.76554551006529,2.463310311893561,1,1,1
16.243794731382586,67.85995902012135,22.22814162881205,1.0632825871368916,0,0,0
18.549330563333783,61.831591143446616,19.389654295987683,4.798704527104522,0,0,0
22.904371516893278,66.8974379909324,33.401198450673874,7.102628816115968,0,1,1
24.90429485381669,72.39904536231033,37.438963388428974,14.968467791313254,1,1,1
14.644493818026863,65.44019823876542,39.56826103192372,6.464900131022543,0,0,0
18.106507212939068,60.8857597666291,15.861569102579365,10.893638827610562,0,0,0
15.383231419832583,67.93259129617911,39.63669899178049,10.400955394088019,0,0,0
13.972632277237382,50.862780983745424,6.23705008695326,3.067229253758694,0,0,0
25.667744399916767,84.76240307433412,10.141991037276368,0.8776072717415462,0,1,0
28.185053888739848,57.69252021054136,3.560644989355848,8.190101273003812,0,0,0
17.404643713691534,51.975707613378674,10.869540659379267,10.50458388471714,0,0,0
25.025578487475336,79.41644118072857,30.717502064720446,14.97377685279384,0,1,1
27.93990578728822,84.82712579706525,34.11697432713799,5.379165784217561,0,1,1
26.92248421060463,86.62231092167795,31.15570580410287,13.445468431216451,0,1,1
13.656267770784519,72.207913219727,25.24263112670785,5.728986838037796,0,0,0
29.125837630267227,59.241568311049335,20.558660500905823,10.341175626457693,0,0,1
17.53352880858925,83.1752454762422,28.348171568545858,8.97379395775578,1,0,0
16.784813223476725,81.48708847194517,15.633341970688871,0.7946818995389537,1,0,0
11.248626545555606,61.082183034642796,33.65233405998807,1.1758264045538773,0,0,0
19.723473082097662,90.65334901382568,27.087603759071417,0.31146134586691465,1,0,0
12.180272312818573,54.69671561372731,27.91218793977634,5.562511268909843,0,0,0
14.97079641854852,94.22097078160965,21.43743972516285,11.187015731490161,0,0,0
16.33885243534563,88.71115149398591,35.4091593684469,2.5913309098608406,1,0,0
26.176526469833682,80.95543904655838,10.0805893471621,9.087794525758436,0,1,0
27.50977300791793,92.24374497259248,15.245906134442029,4.332416700466169,0,1,0
16.049326349229393,82.50400257456684,31.105702787107564,11.954889359686081,1,0,0
27.173962424891478,58.570564866352065,19.709955845173507,11.975942235044863,0,0,0
27.14461874739582,69.89702621507652,35.56856053696763,11.631217724496354,0,1,1
25.29301900769747,53.21763609492359,13.855972790514093,7.872502707020652,0,0,0
12.93390228030363,67.53458400296519,14.77320675278579,4.268500651197775,0,0,0
23.80645693801458,83.3721358881744,35.549431575465015,12.141660658179518,1,1,1
28.900481291611374,67.38995079188678,18.574812807281642,2.7915084290886227,0,1,0
23.65080957534314,64.86323789606604,20.64498336809947,4.34639403042984,0,1,1
16.63233698215668,76.79100751296403,13.310548613427176,2.7592155924093245,1,0,0
20.011586348616625,89.24920380495027,11.066797687163277,10.113152405814715,1,1,0
22.914500867021072,52.14124366457506,26.23794843353568,10.293540421737271,0,0,1
20.21140817457007,67.3461695614881,4.793626461648155,9.787649891801296,0,1,0
12.399058834619396,57.12083338168682,35.170905647316374,6.2340220029700175,0,0,0
16.24128089304041,81.29094128293414,31.168125470604316,1.5025651080214986,1,0,0
26.04792061107265,54.75760521940107,7.629930548232111,13.667543767725318,0,0,0
27.228360921910348,79.91634913611101,27.760797832982615,7.615964460183572,0,1,1
12.746000654311405,62.87813918590583,24.105316851425393,6.1045829236663725,0,0,0
29.04773504797449,58.95125661817511,7.3814020294657645,8.832373398724398,0,0,0
16.576452356972187,92.13586510212434,10.928140242009299,2.8918565372865874,1,0,0
23.2462747746144,50.83360595356801,16.359460149353374,1.988231686573116,0,0,0
25.036502919133625,69.6999772350306,27.969709409818954,6.082878321869154,0,1,1
26.238924692757667,50.97321466078072,25.548936352680236,3.408310411498658,0,0,1
28.914994044518604,71.7616871646948,21.289393907067918,3.664354418057468,0,1,1
16.258390960576452,72.54713200074882,30.736421724561367,13.387672316677941,1,0,0
27.17012909103109,64.47481121276361,30.317509584246636,7.961387657787373,0,1,1
12.63373806872414,55.947279988626065,24.714366162490236,7.252035964850267,0,0,0
24.100818127071854,66.9374391980514,31.47960333539301,10.34219390592896,0,1,1
24.839554590279718,80.25183229696547,13.370534991168368,14.273221705151094,1,1,0
23.55446482402641,85.20781138900065,35.249981132904225,1.6829784670584613,1,1,1
15.04629472270306,73.8837771074664,24.59640343207763,12.503018506638858,1,0,0
27.460862940304068,76.54254774978901,32.89454055249722,8.760287698017688,0,1,1
13.3771692674079,59.02773670060937,21.85116419161136,2.1924803071775587,0,0,0
11.072695830416617,62.92986499524422,8.737529799547215,4.4572397803348744,0,0,0
24.349299812238243,57.28530245235613,21.696405147132346,7.235421246971093,0,0,1
19.509514304654672,61.21829075020751,14.844466551063524,10.367657168661344,0,0,0
26.98196039917352,60.11990511014893,27.899961441483782,3.639105254301783,0,1,1
17.667942821165177,73.37519538760569,19.031751669389433,8.023182232013848,1,0,0
13.365571770154256,75.32099401058282,33.44451219710751,10.270074411237927,0,0,0
26.728843849397393,92.52263393696771,27.122900492876667,6.731111262712593,0,1,1
20.978192632801434,58.800679119568535,27.381777321252958,12.945389416802637,0,0,1
13.783915847807098,78.87540695726732,8.686213339642599,13.041886542606067,0,0,0
24.407679971728914,86.77666710443853,39.36999065965161,7.060368264606686,1,1,1
20.22227276979001,75.21086587023737,33.66700837085955,14.593885656133494,1,1,1
22.086259644806397,61.475164362548405,31.560195382427786,1.1337763860817096,0,1,1
19.21796676413164,61.81476035090001,13.208609006401097,0.050435674844049316,0,0,0
26.574179676360128,51.766387388195,21.425266113889275,5.710023957058786,0,0,1
26.591254313660997,63.74499019468168,5.484127522973146,9.016455920587639,0,1,0
24.187776436487724,83.50716555515211,21.539039066508238,9.438002361744912,1,1,1
12.108027547929245,52.13829907431997,5.835569859331491,7.146686044407429,0,0,0
26.777077238081375,59.868287712717375,22.121513759584047,1.8732496986096925,0,0,1
23.420259610658196,81.78046243393018,25.948875206196224,2.5574628268184134,1,1,1
23.94048332008599,85.21932032702945,15.607838689996093,12.782219757780137,1,1,0
17.25965680807743,70.48932845278678,19.94179513325173,13.01866697608892,1,0,0
27.585591123140134,81.4133452315392,35.02613550698344,10.108478067910802,0,1,1
24.50743200469715,67.45784758947013,4.342525788112375,9.963269584183235,0,1,0
12.251809330583889,57.19609602608574,31.669315719986116,8.965231920417112,0,0,0
18.155560688123252,67.9167272085308,6.830182039847856,3.0438882855298233,0,0,0
27.727607239202833,76.09855190914143,1.4683193121851357,6.4237605038985475,0,1,0
10.94393403394758,92.66239768338006,7.422984109801911,10.43841977195068,0,0,0
29.22833239284099,53.09379284399048,30.601727598819586,8.05878408005008,0,0,1
23.583251366391256,72.83273422302322,16.205042933474402,0.2787050108264877,1,1,0
22.627519552867533,64.8013900194826,34.90082067384728,14.303352100801476,0,1,1
15.411185129759827,72.87402624245125,20.988301647290633,12.672240788582151,1,0,0
14.97583577478354,51.07889513194392,0.8900140770532383,3.9081752116460677,0,0,0
28.841164389771908,64.08614096157116,28.66854438407707,9.246884027494442,0,1,1
15.965449084682454,86.89406663871523,4.409316348849308,13.848590755922816,1,0,0
25.510105934379986,74.92737802345869,31.575185338476977,1.4401651817047707,0,1,1
17.862435964141582,70.27621217672528,6.724101992207201,7.545442211950509,1,0,0
12.78508141569408,62.84862822719028,13.817855432220538,6.843645387694417,0,0,0
10.214305953907179,63.41191352561101,30.450857185014414,6.153075079252985,0,0,0
20.885146740305018,67.2395645115763,38.16925429905687,12.533829133393874,0,1,1
29.515576370978653,87.60068194840522,14.857358025869294,5.70969220046186,0,1,0
17.382723876184087,93.52459430637208,33.17600880795743,0.9549499986151139,1,0,0
17.143846679860896,69.73949216076686,7.631690619033549,0.9875661324645374,0,0,0
16.88183235698884,67.70087774364929,32.287190808099645,0.6411690978691348,0,0,0
20.410876746097166,88.09478491189383,26.299762370250043,6.137181328110558,1,1,1
18.813297668485873,69.21073942863366,7.7097402884947375,10.7760941654754,0,0,0
27.59829253454029,74.84081775330431,12.100158414056462,3.055836928957732,0,1,0
20.110415834469805,60.3923749069435,5.27083554388144,9.697027806473242,0,1,0
20.155156763771377,83.45761411005839,15.318680442572532,10.306327081555562,1,1,0
12.767431894411132,73.93947432218519,8.145945644931096,3.828031860233969,0,0,0
29.65479081820772,86.40655476081537,25.75991814521894,9.008364840909438,0,1,1
14.999457817376594,85.13297285129013,39.78020416882235,10.27302510040271,0,0,0
11.467281349192053,59.67521457215128,0.4803665233705656,6.999204342031885,0,0,0
23.262924979504177,82.2035997750993,21.636792531491945,5.050748959201426,1,1,1
21.90732740313745,86.00244835781172,22.946663901960388,9.28727327361491,1,1,1
18.302913079854914,65.57482583520778,36.56835158723248,14.667706309920854,0,0,0
18.443844677613562,57.76741008060235,20.240213390677503,6.402621140534671,0,0,0
25.701278420928624,50.11844700108147,21.7480567857967,5.876026444276816,0,0,1
13.914252801992982,70.29066438919168,18.866112053135545,6.9640035363917,0,0,0
26.405066378897793,65.85947291924788,10.756172182459256,1.1432759016757232,0,1,0
22.97494227790036,74.9709425221434,2.241165329956547,8.29744919507085,1,1,0
18.37939547559049,58.461849166495355,16.346307288393444,4.930460808258954,0,0,0
19.160572331677372,88.68494964499138,2.1036588496271413,1.8213318349689374,1,0,0
15.132944143721916,61.59898470326493,22.019698778636712,6.993851116760601,0,0,0
25.042286653939495,60.18933222894425,12.291745729691726,0.0507597986096614,0,1,0
20.257494846105356,71.63213254179601,21.34409606101711,6.026778677441384,1,1,1
16.41709085499687,72.44829606849234,5.371878575807467,1.5860290188967574,1,0,0
21.921002315219006,59.67883529532918,37.305198629574384,0.36439055099670437,0,0,1
29.91468904102646,62.23373270266621,35.78084974199739,12.367125693667532,0,1,1
18.705245593131075,57.636735761986024,7.59986036809138,13.743732049239522,0,0,0
28.413828015572392,82.3307080245425,13.737771331760396,3.1151197253865996,0,1,0
16.900336798491324,84.6540064064337,24.539710874079184,8.089473957513919,1,0,0
11.094654138499717,70.80478238566772,3.8274482922362507,4.169372356964774,0,0,0
14.084842127368578,82.13391602082578,14.182712844646034,7.403661580082733,0,0,0
18.373902866553685,83.11709263718504,10.044491472760244,6.549469813412403,1,0,0
14.39269857189138,56.22239874550139,36.620669148667865,4.035765826207285,0,0,0
10.00454076436511,93.47801111755416,34.100425451568206,10.505903694529465,0,0,0
28.300030754950544,86.9464376193394,23.19330965067455,1.8973643898038133,0,1,1
26.87758822461858,59.20175575381206,20.813853474862967,0.7960917325705069,0,0,1
24.84584462973894,58.37742660857316,37.229031781815884,11.515131495559187,0,0,1
13.356291912920572,55.654751551081226,37.29711131915261,9.988950468310197,0,0,0
12.407271524199722,56.22703531438633,38.77320501406642,7.477891862195969,0,0,0
11.352094989447663,83.66728095629134,5.015155364327506,7.016846557088123,0,0,0
24.480583775458424,71.13444156282306,6.422312430526809,7.461170692371393,1,1,0
28.576159213757705,85.23203777329402,27.069467947195463,6.555361141480093,0,1,1
18.61071641826074,83.58147024575925,21.657379064393794,5.893384437467687,1,0,0
12.382813439920962,77.20757210773498,0.7386361957294385,7.4953590432918045,0,0,0
20.24785641464213,80.88649729604057,2.4790014395807747,7.927727567396406,1,1,0
16.9766381491726,50.826007597061384,35.523215290352205,10.378534711254314,0,0,0
17.496498486999954,64.02999410622598,34.75483182157545,10.668107411010338,0,0,0
22.426612483114145,78.70199806667345,14.290836879841805,5.664436202102169,1,1,0
24.374362265244045,50.42052290688099,35.642024677221386,6.203107841152331,0,0,1
12.212071977463218,51.4839624657167,23.74700297591607,5.605457546043345,0,0,0
10.711804616129527,88.33495921116725,32.23622588075607,8.048036604385656,0,0,0
29.886606053714296,80.78111877614323,17.09724284640857,6.80030306871293,0,1,0
14.654566978311037,61.94163799041548,4.535933093796349,13.343946947042904,0,0,0
11.076610498169181,80.95832780534191,17.34908250584065,10.445419003747089,0,0,0
13.7975065819184,85.66055011126684,18.291991919875915,13.479845756316683,0,0,0
10.779156926969284,63.80574273995455,22.03776775362412,10.637054873391383,0,0,0
17.836217892343434,51.62168198746343,4.22330851617712,14.564882227857211,0,0,0
26.048035689026484,91.97506061094805,39.65607452198446,9.536051673829036,0,1,1
16.82488899515441,65.53309272330337,9.765472832276254,14.45325207244582,0,0,0
18.88366813756733,54.79167934781179,7.942096141483717,2.372548356141391,0,0,0
23.511735471348775,72.13355921269164,21.072116754237463,0.7871652124410577,1,1,1
20.177881401397606,84.58105080488602,21.488327175795547,8.68687777805789,1,1,1
27.228913720426483,59.97412915779016,17.59282951332977,14.752398086996623,0,0,0
27.32071350091513,62.12705225600135,30.87568585301018,6.264078709535951,0,1,1
10.198213909823073,60.922174405936246,20.666176029144108,3.180650432894394,0,0,0
25.560926129663983,94.62528737742551,24.387818205799366,7.82312173790271,0,1,1
19.214672004833478,58.88316801787441,28.949855416311422,9.731979368683328,0,0,0
29.776810826073262,75.89840976347558,1.0010040625546646,4.727680432738334,0,1,0
19.664641517508702,91.6369088745634,22.82576730180179,10.721540377488893,1,0,0
29.737918907765952,56.610345599500064,35.36777884913477,14.626717605685887,0,0,1
25.091387224114733,93.6884389040465,0.6955497170173564,13.454446825659254,0,1,0
14.972097692266127,92.63647554780312,16.207284152038444,4.373780602682929,0,0,0
20.76789958573915,89.80573941762182,37.0490980082332,4.900855247168975,1,1,1
29.842712789571657,59.655043459850106,14.126176091301513,5.573118366743829,0,0,0
27.150612155038473,78.53247752049425,18.349152968009633,5.91829167590468,0,1,0
11.947337875824422,84.24011628325582,39.26165572177251,1.5047924878991914,0,0,0
24.12743993619992,94.37125676883934,7.972954358022952,11.42944258333934,1,1,0
16.91159171741626,58.11907199366167,2.6102075650002377,5.480088954160507,0,0,0
10.139645237606963,84.47116547836833,34.37690363445218,13.197299650581783,0,0,0
18.06961938053999,65.24605264672009,34.73861364849474,13.904109346801631,0,0,0
14.695088434499425,57.9031909505601,18.883113387200527,0.36646963961532164,0,0,0
26.37738541040943,68.96196235462347,20.56828697909145,14.827546048923093,0,1,1
16.74661217691531,85.72261604668773,33.43225478471344,10.650340972502768,1,0,0
26.550473879076343,70.91824116668235,29.542379924631806,7.805883389894435,0,1,1
10.011958776695906,74.18853950913719,10.605960088680426,5.842914125588299,0,0,0
16.156383000522382,94.78217345900546,0.6757342028607383,7.777771989145694,1,0,0
14.823304286155238,67.95991848008417,19.18800650134183,4.869370859676667,0,0,0
14.67134722137222,77.69303396191579,34.35649304382566,9.340317205448224,0,0,0
11.363732395309254,66.43598907269174,35.83338706760649,1.3947041466718684,0,0,0
13.742485408210035,67.67535408479172,38.24904788304615,9.316839043677152,0,0,0
21.110991397712397,81.30383390504336,35.18252950451125,4.130172752076662,1,1,1
15.82722145675489,92.20491392426976,23.201742211923936,0.2645224357851955,1,0,0
18.34789564658296,74.40615277215446,17.784223969444035,8.290586492443165,1,0,0
17.537337606943773,84.57799680269508,30.99399386136396,8.676716337790445,1,0,0
27.51809849999789,54.014295146763374,29.59286537462386,6.398535070673041,0,0,1
28.10597998021031,59.50211168443671,21.525737203258174,1.0842934882547528,0,0,1
19.8591394331172,72.59592384137896,3.4930949023387647,13.400144292062873,1,0,0
16.603119006312088,50.900527563294865,37.04325387147675,9.171462108418334,0,0,0
12.136014080047273,61.37847404431515,18.224101500066485,1.7356994935345438,0,0,0
29.0680575876419,73.28305804212347,14.533351276650572,7.663958648912215,0,1,0
11.20453889800595,50.67325392153353,25.182695806750868,7.458814739227072,0,0,0
15.953005551365608,61.90458288017187,26.953518446679077,0.9060280318939046,0,0,0
15.961324023400083,73.13138687641413,8.427516681212058,9.102895554044213,1,0,0
16.408025722804297,75.79171615915605,33.47755379239825,12.124895983823466,1,0,0
13.285736865448186,91.65882618748876,11.597483746495115,11.235120813727173,0,0,0
25.663228618473944,79.04055304627735,7.467357036572668,3.0445412124627502,0,1,0
12.449957239319785,68.66311111384972,16.2559941141799,12.93438794331317,0,0,0
22.698133183063256,91.86580297098806,29.22240323589861,5.138132484890264,1,1,1
12.47692053411635,85.31973425245074,38.61832713759214,14.19762567437912,0,0,0
11.410712751859132,59.00040145007364,32.37125057485733,1.0762194633857058,0,0,0
28.18859007371753,55.88790626069689,37.61393510680767,7.29313032779764,0,0,1
13.802575326374114,80.41152360842298,5.624232163061071,8.956865657663238,0,0,0
26.425003091194085,75.19474245096427,2.8470719545470713,3.714751477119071,0,1,0
20.892617422142717,85.535312620674,22.308190476266848,11.570702830803416,1,1,1
11.557130392175392,83.2462272535409,11.611899321761374,9.403435197160755,0,0,0
29.10896382876135,78.13451902358818,33.12219891877091,0.2716415593193333,0,1,1
14.93922333983785,94.38719772330015,26.879514856093042,9.125528860443538,0,0,0
27.19290690705213,74.0115378549684,38.82912655943178,7.372173516276696,0,1,1
13.376200115691283,55.08975904257739,10.191694229252168,2.9404380255526155,0,0,0
27.078857642837058,87.27231041671948,19.431364574209297,14.936223405892944,0,1,0
10.26457625810588,61.333401305556905,20.04961909701413,13.457432922414224,0,0,0
20.235609131389616,84.97859666647632,9.567071794295048,4.3876154254359525,1,1,0
25.388851588431137,93.06981932000231,23.60373597952031,8.116063811979245,0,1,1
28.695910349855666,81.35579812839535,17.73143944316958,4.747532098654361,0,1,0
28.18404272412974,76.82135724274104,17.868862239594947,11.63243627454117,0,1,0
26.392497390952897,70.71737790537682,14.509465918899345,13.954971497946826,0,1,0
27.763826993226083,66.39844396979315,0.6771740970214024,5.3824291037157534,0,1,0
13.984393716741529,65.88521379373263,20.88380947659156,12.083763737154412,0,0,0
15.683685914234575,78.63677175693158,13.409913428013244,7.476113140698073,1,0,0
15.77937049842117,83.80729026219856,0.052794759373187006,5.9486784196736595,1,0,0
17.54107862003398,80.53326812679865,12.31774830647728,14.076327781481547,1,0,0
17.866413407703774,58.928454553710324,11.14513332359028,7.656070330785472,0,0,0
20.89110649309351,72.2294231064571,15.737926128945432,7.011157503861973,1,1,0
13.197595267328827,85.62380324823783,5.274079585735878,10.086516029435145,0,0,0
23.824933275719786,71.40668351850753,20.307352985403377,3.918513015274266,1,1,1
13.35133078609013,74.14804758809723,27.697614100725197,4.8718930618247365,0,0,0
16.20616964209095,84.701122167687,25.207422762182897,13.980687543579341,1,0,0
20.06690261212308,79.75693878192912,32.15019790276762,10.177947681554135,1,1,1
25.928811230469545,68.42052143970767,18.080331519483245,12.399557216565084,0,1,0
24.789384664774545,90.29357200373985,20.76366921358913,4.066676429031444,1,1,1
22.910687128210444,57.31551808985654,32.41607763435933,8.15685284894808,0,0,1
13.115465211603404,94.79824018656461,17.108046832769542,14.570944004842474,0,0,0
20.940906912311554,55.34836603143067,28.06397399598388,4.780558485423264,0,0,1
11.74893003599771,50.67274869969075,17.384094748719676,2.407147144755628,0,0,0
17.547263535933016,90.05085055169441,16.709447780462504,7.66329012336996,1,0,0
18.27033060579918,61.022907876468025,30.408224981166413,5.817316330873143,0,0,0
10.796228788915077,82.83648323510243,6.9934766186484465,2.393658491800703,0,0,0
15.479761989399437,86.49569187194312,13.543438877662943,13.32827074055052,1,0,0
29.112989345329787,88.65438759644525,8.96689106987607,14.860858658306668,0,1,0
29.07265215659379,94.62174060488749,14.364397718703884,8.528732710349967,0,1,0
17.046541085050784,63.23178695179996,9.214992894640961,11.62015152560181,0,0,0
10.862002178966481,81.96095038672667,23.176225243466185,12.885575543194493,0,0,0
13.581898786563631,55.19299362263727,31.92683210471381,10.514730090327404,0,0,0
17.844355868670803,68.30641811105822,31.464522448716075,0.6623407366759682,0,0,0
28.955593959384597,88.15872619906656,14.580038581951698,2.3645134757522666,0,1,0
12.823981270743698,66.54461207265987,39.55041623577047,1.064837867270797,0,0,0
25.270316873364244,76.59929212410263,23.754174588232033,0.1481940996308484,0,1,1
12.173650787493841,72.66980496760853,15.976012071131791,4.589946131358548,0,0,0
29.62515154782554,79.06781890004203,33.42157116965702,5.885339407223396,0,1,1
17.6323299821827,93.78024752244627,29.194960505705634,3.615445985038886,1,0,0
25.50469077798112,52.508098692563095,29.971013472964177,0.9690697212948141,0,0,1
16.851821656222636,75.82826828757334,7.845573989354864,7.947946362550164,1,0,0
22.553377543176175,88.8362950662628,18.732972294742204,4.099789799357125,1,1,0
13.840321694800735,71.66222202867924,34.47312523298411,11.940557322953435,0,0,0
12.92042038593925,53.533723367370776,20.16152030515029,0.12078932437921797,0,0,0
28.761282791362625,75.22427085875469,27.338109736842014,12.637905769314154,0,1,1
28.35294555808867,64.94332508707191,23.51734932137058,14.321305184189354,0,1,1
27.749378804257645,56.97238034020712,33.694271508735284,10.742025947303544,0,0,1
22.508669003331867,88.20655309775628,11.382433590464105,11.004660978938498,1,1,0
26.165364224325565,73.47197808460047,23.019011115454596,14.003434674040998,0,1,1
11.380738738227498,91.99743855705799,4.929386720392159,3.1360692795052367,0,0,0
16.695780837813583,86.27074270713811,27.608431067978714,14.91848352312865,1,0,0
16.274062495143124,81.18373071981503,29.278713534108483,11.602218050678129,1,0,0
22.712906439052265,50.226147651439035,1.7134928475599365,10.898560624916906,0,0,0
17.11915546941281,69.25205554872124,27.031638545119403,5.416358684929391,0,0,0
12.970135632873616,58.88688267434145,16.587606166631453,8.186662281084159,0,0,0
21.929341508270873,90.98590599719904,4.963875044387294,9.808766824100205,1,1,0
26.28767841338163,57.856279310436214,16.796301907938705,9.30514291975824,0,0,0
17.642469889199464,62.87270232466785,7.769317187823268,10.57476957716371,0,0,0
12.645374301969634,73.25765454805246,16.62238128493266,1.2357260861761592,0,0,0
13.93376394625646,61.85136285491357,15.373561118341108,5.334726492475451,0,0,0
14.74966610338768,59.44391047756045,29.5356654774423,6.510000248932157,0,0,0
15.997951859890724,76.95946962962387,30.96862232665435,3.9094394681244973,1,0,0
22.855901410126183,54.00182852397607,24.281146175381867,2.5894090540383563,0,0,1
22.01890969075438,52.61754914244161,0.9074736872979017,2.083912198692942,0,0,0
23.921597231340783,66.75103828337322,37.24089116283976,5.4957508838487765,0,1,1
17.250039690630263,82.42990045285381,27.44933120385791,7.401625508438488,1,0,0
26.479953037599564,74.96630412232766,1.3678179968475535,0.9446466021999106,0,1,0
14.081753223115205,69.02944108100505,32.75331596856471,14.196871418858242,0,0,0
19.380814950363078,75.45882039010621,8.010646188719846,11.478649842911375,1,0,0
26.018774430828607,66.44531680939731,23.168847582844272,10.962776597781998,0,1,1
13.603172954652385,92.12658509444509,18.665374798007484,2.592907874830904,0,0,0
12.197262274815659,52.47072009098484,16.793551294203066,9.057011520182835,0,0,0
27.673679353759795,80.30261655634258,35.5885488049759,7.945874202130011,0,1,1
16.85859325518392,90.10771991724877,17.494451662504588,14.737032686800408,1,0,0
23.67740249818064,86.1748118930864,3.0137647029260295,11.215076551202369,1,1,0
10.50697208527877,58.2818465669651,37.8655490885981,8.636428255743468,0,0,0
23.800937768188994,63.31668570411298,36.8214092495851,12.762189997051832,0,1,1
16.32202623093941,82.26715724181972,27.37730758326395,2.3264140629106422,1,0,0
11.114817071748835,53.79217516313445,18.715701125281,0.22824794536465798,0,0,0
22.19625523096234,86.53377649246627,3.7143789177408504,10.353500001217848,1,1,0
14.816076321463465,82.35081250721557,31.629924743099046,1.474671903558562,0,0,0
17.7361448410376,82.83229921559041,3.0191165769611583,1.731504599752638,1,0,0
11.611616245730271,54.51086166204161,2.7440393958058262,11.170210896367958,0,0,0
12.943265021898906,82.29922451673039,21.495353697574725,4.0580226620098365,0,0,0
15.959544709916875,80.59181563489865,6.405129607385609,9.429468233533393,1,0,0
11.795190011203143,87.39151208698328,0.30921069361395936,13.761103891391226,0,0,0
28.216525293726306,51.871818031541125,16.92453723983145,4.747117974567875,0,0,0
10.120940863679568,51.03998008105065,5.4886892644026375,3.257162367598782,0,0,0
19.67720437728623,66.78531949453523,6.42061661122765,1.5984432561157758,0,0,0
12.46494916265103,56.69547277321188,3.0764255494133863,1.9569354212958916,0,0,0
16.15358178955897,75.12730149065999,8.203750148944398,0.9333404306826409,1,0,0
28.521191196365308,91.2807005678037,28.619367190975574,1.3146356824461018,0,1,1
13.233891065479737,67.61658786503071,32.357092288711655,6.480068832137309,0,0,0
29.316646394366654,88.0227669772672,18.101345761172027,4.812975675359546,0,1,0
14.115887539788435,50.01083935330399,20.262152635256708,10.59841221484497,0,0,0
24.83132216933659,57.58315895566329,1.3062013837681041,13.053624873705028,0,0,0
20.933545297946235,51.36905928443385,2.7726504548526743,11.771598047135765,0,0,0
27.689574551935184,64.76662312317809,10.302709025980676,7.959558849984783,0,1,0
21.07986511006262,90.86853180634262,21.7559368285259,1.5366317434898014,1,1,1
20.691184383126174,54.36284556195445,29.582045949399717,10.646509259123302,0,0,1
13.909160007367998,77.28843995347101,24.200122453521324,5.442430870903103,0,0,0
13.324587241033175,70.31731726037499,15.685114199471531,1.2847559087311526,0,0,0
28.329783022310284,92.23106955646156,4.732962920125527,12.636996108189384,0,1,0
16.55676397700068,55.513361414169225,31.23092939548758,5.073247757737583,0,0,0
17.44164509925792,59.5412532726003,14.551442063962284,3.2737324876735703,0,0,0
25.196473168567767,51.3293885875172,29.442160579311583,13.071780969282647,0,0,1
16.776469648456146,69.52708623341182,20.519153676573673,13.532008026705075,0,0,0
29.041248932780054,62.502480480409446,29.54648214247301,5.084562557873397,0,1,1
24.758555379976006,89.14576702506443,36.29158245810287,5.322021289220602,1,1,1
21.9485848514684,77.22233659389897,36.84118064215208,8.69442791374716,1,1,1
27.61790321089505,77.63408320890657,21.404271200024137,11.001622407159871,0,1,1
10.992118166989655,73.93598135965861,20.46033459062555,0.9472380286029519,0,0,0
15.141253843784174,54.133265175314044,10.62713862011349,8.900154857827076,0,0,0
19.3007266844182,70.02584076764099,37.431993261171655,14.292300926753724,1,0,0
14.539570789430421,94.97773353688325,18.316766687984835,3.9314084576993054,0,0,0
24.87810374604304,87.58531808807066,5.103649571495086,13.632408211454006,1,1,0
28.384160621074503,90.20565743752022,17.308196585061996,14.252525111446404,0,1,0
18.475402398618467,87.04518616609248,5.082130009520158,4.037304614566346,1,0,0
16.842652002237898,54.63687620439422,20.101267370283004,11.313027988280258,0,0,0
29.231014642751326,60.23517143291598,22.451020594248487,3.5816251247934,0,1,1
18.897048656550815,50.14047431103843,13.510230459743413,11.06416742598199,0,0,0
19.780968008985663,63.657955619515015,2.8660245692593866,11.96129956933239,0,0,0
17.03299744683811,54.88733310559216,37.74014142532956,3.7080855556597414,0,0,0
28.19096946024277,71.27570053857124,30.934124539337184,10.738043153748524,0,1,1
21.379109665637017,80.47073698582558,33.555243220204844,12.181568082961348,1,1,1
25.243491743632894,89.35273827671347,14.674735771449177,5.378683081603676,0,1,0
26.236134367017726,83.71477242909042,30.43324120077802,2.515541639845904,0,1,1
16.836980838345163,92.23635181003274,19.41491580676777,1.3794685097627035,1,0,0
18.6738866264076,52.425423067720494,8.043339536241838,8.630725554149128,0,0,0
26.969435488125292,50.548092593744364,4.976935076288531,14.671471789735698,0,0,0
17.265107033516205,79.76021512262957,13.802034772882275,12.344254800333243,1,0,0
25.878702669037025,63.02085846000108,5.502084459005587,6.537594584018292,0,1,0
28.819846451488743,61.40754572475979,39.93075904816274,8.049313542824379,0,1,1
22.46420746136014,64.88991894622075,1.9675596092808822,4.192918281177284,0,1,0
24.832545749037777,62.14082260515639,17.64574397476306,2.4459880104009537,0,1,0
26.1019462408227,73.01463828357143,18.083740895615364,7.231217373484099,0,1,0
26.900792977932852,69.80668012508596,12.025277143267022,6.952523492507778,0,1,0
17.90106675713592,73.05928481194954,22.854062628277813,7.828949292056403,1,0,0
11.025269183519963,80.27211251751963,5.999080966061787,14.292068783459111,0,0,0
18.03752542473479,67.42087290370168,31.356495223489347,9.058429502171583,0,0,0
23.475124595681795,61.30884592139706,13.297908729905533,9.086577549335606,0,1,0
19.007007715615856,57.47902415639355,23.65370359194567,1.9203714429161516,0,0,0
24.97926301720797,65.72633537896814,28.625569442678373,14.947332992652306,0,1,1
17.139648589373277,83.38129138607775,35.561684707606446,11.592674163520028,1,0,0
22.69488282208059,84.05172095501612,33.431497458088,13.158050161410072,1,1,1
13.728396097079491,80.01074240078947,24.332361124142384,6.214506177464911,0,0,0
24.987388732899138,60.53126788880935,15.535727215355477,7.531921436784374,0,1,0
20.913919376260516,76.4638810634614,20.128186802998556,7.8312571374341475,1,1,1
14.081287770932011,75.68103477095816,30.749391735152102,2.9114180893440778,0,0,0
15.838223469956144,71.79197891493764,35.10182170237892,10.342337344904358,1,0,0
24.972174171636645,74.74905438727389,4.151277127066875,13.54465085426185,1,1,0
19.652024713230414,72.13057846806507,15.39425049972214,2.455587272076285,1,0,0
14.320628807861445,75.44553647333487,31.044663936540022,1.2947741022924675,0,0,0
29.345423807405954,82.19776795795079,17.26607050375844,11.073283583105132,0,1,0
24.30250039633776,54.93326874815479,13.289110562651354,4.098027475094731,0,0,0
29.142696650795923,83.73315884670606,16.452907872930783,9.35793812425994,0,1,0
18.542100907206866,56.11487675574174,24.11378987145403,10.43637506988271,0,0,0
19.50200681383441,52.998259928466865,39.99220576535206,4.828661453727327,0,0,0
27.959104323700384,93.92358587996604,19.71969716418127,12.227168961386766,0,1,0
20.500986804907694,93.06462959916986,8.339778998170422,8.249834731713253,1,1,0
24.145578238113345,52.71964452232538,6.51386301116379,13.034991119277041,0,0,0
15.043457549910599,69.9464048663733,1.6939898990565716,11.449403288384213,0,0,0
18.93452937405281,58.381022223489865,22.35268939673286,13.028634480561808,0,0,0
12.468997316207101,71.84052037104881,21.78288365955337,0.30242073176841133,0,0,0
14.119600717539234,87.35797593498143,8.209357071212366,3.6525939110789207,0,0,0
10.018868305352623,92.77752986343006,27.81317625810268,1.3501191066890794,0,0,0
10.785301032973205,78.54136940531919,29.64428166518723,6.631245257840238,0,0,0
29.545676463538587,65.92575502453177,10.36392821528445,13.349401824229773,0,1,0
14.847073902735247,77.14965045400693,13.76399056118946,7.013103934003038,0,0,0
23.26621419008004,64.04005877488026,39.618866893890264,12.745695668705912,0,1,1
26.78199397599223,90.94206383744272,14.970578714029369,4.907673570289768,0,1,0
21.013209184731284,89.16802083976266,30.43206687024407,5.093551092078786,1,1,1
13.062890001679124,75.12042876258474,18.109017065197598,13.433425954903164,0,0,0
24.562328746723328,64.61595119211623,31.733793114439038,6.387257197675523,0,1,1
22.00502820199166,63.20253540123403,30.760929551305914,11.846482316919996,0,1,1
24.625011786947503,51.50380976172767,26.710241007941423,3.54965321822852,0,0,1
25.394932457141742,86.71193829613829,34.19113385182317,14.232012445164532,0,1,1
29.508207353694903,70.26724458675535,37.568739795107405,8.618673697958567,0,1,1
21.4712656005342,64.6309817780119,23.199332818083356,11.389853528676028,0,1,1
16.832822253812036,71.19996597489893,9.498756288909828,1.3427354969232823,1,0,0
22.969291138004742,86.84320957045935,15.945158465763,7.3899633874579305,1,1,0
11.368814184852523,55.607639346838454,30.33222854053173,13.515577466010349,0,0,0
27.947946366431726,88.59451947088223,26.03533940495478,13.155579435649567,0,1,1
12.387620226763936,90.38789757987593,7.1119335426099495,0.7022093585134132,0,0,0
16.556856757716364,92.60185617652496,2.049581645856988,4.5554770369342,1,0,0
26.31490761252242,67.88695965901825,27.318463741682596,6.649800097186201,0,1,1
21.946247566614236,59.771318181695236,10.043160961173815,2.583972215336823,0,0,0
